parent,specific,generic
110101001,东华门,街道
110101002,景山,街道
110101003,交道口,街道
110101004,安定门,街道
110101005,北新桥,街道
110101006,东四,街道
110101007,朝阳门,街道
110101008,建国门,街道
110101009,东直门,街道
110101010,和平里,街道
110101011,前门,街道
110101012,崇文门外,街道
110101013,东花市,街道
110101014,龙潭,街道
110101015,体育馆路,街道
110101016,天坛,街道
110101017,永定门外,街道
110102001,西长安街,街道
110102003,新街口,街道
110102007,月坛,街道
110102009,展览路,街道
110102010,德胜,街道
110102011,金融街,街道
110102012,什刹海,街道
110102013,大栅栏,街道
110102014,天桥,街道
110102015,椿树,街道
110102016,陶然亭,街道
110102017,广安门内,街道
110102018,牛街,街道
110102019,白纸坊,街道
110102020,广安门外,街道
110105001,建外,街道
110105002,朝外,街道
110105003,呼家楼,街道
110105004,三里屯,街道
110105005,左家庄,街道
110105006,香河园,街道
110105007,和平街,街道
110105008,安贞,街道
110105009,亚运村,街道
110105010,小关,街道
110105011,酒仙桥,街道
110105012,麦子店,街道
110105013,团结湖,街道
110105014,六里屯,街道
110105015,八里庄,街道
110105016,双井,街道
110105017,劲松,街道
110105018,潘家园,街道
110105019,垡头,街道
110105021,南磨房,乡
110105022,高碑店,乡
110105023,将台,乡
110105024,太阳宫,乡
110105025,大屯,街道
110105026,望京,街道
110105027,小红门,乡
110105028,十八里店,乡
110105029,平房,乡
110105030,东风,乡
110105031,奥运村,街道
110105032,来广营,乡
110105033,常营|回族,乡
110105034,三间房,乡
110105035,管庄,乡
110105036,金盏,乡
110105037,孙河,乡
110105038,崔各庄,乡
110105039,东坝,乡
110105040,黑庄户,乡
110105041,豆各庄,乡
110105042,王四营,乡
110105043,东湖,街道
110105400,首都机场,街道
110106001,右安门,街道
110106002,太平桥,街道
110106003,西罗园,街道
110106004,大红门,街道
110106005,南苑,街道
110106006,东高地,街道
110106007,东铁匠营,街道
110106008,六里桥,街道
110106009,丰台,街道
110106010,新村,街道
110106011,长辛店,街道
110106012,云岗,街道
110106013,方庄,街道
110106014,宛平,街道
110106015,马家堡,街道
110106016,和义,街道
110106017,卢沟桥,街道
110106018,花乡,街道
110106020,成寿寺,街道
110106021,石榴庄,街道
110106022,玉泉营,街道
110106023,看丹,街道
110106024,五里店,街道
110106025,青塔,街道
110106100,北宫,镇
110106101,王佐,镇
110107001,八宝山,街道
110107002,老山,街道
110107003,八角,街道
110107004,古城,街道
110107005,苹果园,街道
110107006,金顶街,街道
110107009,广宁,街道
110107010,五里坨,街道
110107011,鲁谷,街道
110108001,万寿路,街道
110108002,永定路,街道
110108003,羊坊店,街道
110108004,甘家口,街道
110108005,八里庄,街道
110108006,紫竹院,街道
110108007,北下关,街道
110108008,北太平庄,街道
110108010,学院路,街道
110108011,中关村,街道
110108012,海淀,街道
110108013,青龙桥,街道
110108014,清华园,街道
110108015,燕园,街道
110108016,香山,街道
110108017,清河,街道
110108018,花园路,街道
110108019,西三旗,街道
110108020,马连洼,街道
110108021,田村路,街道
110108022,上地,街道
110108023,海淀,镇
110108024,东升,镇
110108025,曙光,街道
110108026,温泉,镇
110108027,四季青,镇
110108028,西北旺,镇
110108029,苏家坨,镇
110108030,上庄,镇
110109001,大峪,街道
110109002,城子,街道
110109003,东辛房,街道
110109004,大台,街道
110109005,王平,镇
110109006,永定,镇
110109007,龙泉,镇
110109101,潭柘寺,镇
110109104,军庄,镇
110109105,雁翅,镇
110109106,斋堂,镇
110109107,清水,镇
110109108,妙峰山,镇
110111001,城关,街道
110111002,新镇,街道
110111004,向阳,街道
110111005,东风,街道
110111006,迎风,街道
110111007,星城,街道
110111008,良乡,镇
110111009,周口店,镇
110111010,琉璃河,镇
110111011,拱辰,街道
110111012,西潞,街道
110111101,阎村,镇
110111103,窦店,镇
110111104,石楼,镇
110111105,长阳,镇
110111107,河北,镇
110111108,长沟,镇
110111109,大石窝,镇
110111110,张坊,镇
110111111,十渡,镇
110111112,青龙湖,镇
110111115,韩村河,镇
110111208,霞云岭,乡
110111209,南窖,乡
110111210,佛子庄,乡
110111211,大安山,乡
110111212,史家营,乡
110111213,蒲洼,乡
110112001,中仓,街道
110112002,新华,街道
110112003,北苑,街道
110112004,玉桥,街道
110112007,潞源,街道
110112008,通运,街道
110112009,文景,街道
110112010,九棵树,街道
110112011,临河里,街道
110112012,杨庄,街道
110112013,潞邑,街道
110112104,宋庄,镇
110112105,张家湾,镇
110112106,漷县,镇
110112109,马驹桥,镇
110112110,西集,镇
110112114,台湖,镇
110112117,永乐店,镇
110112119,潞城,镇
110112120,永顺,镇
110112121,梨园,镇
110112209,于家务|回族,乡
110113001,胜利,街道
110113002,光明,街道
110113003,仁和,镇
110113004,后沙峪,镇
110113005,天竺,镇
110113006,杨,镇
110113007,牛栏山,镇
110113008,南法信,镇
110113009,马坡,镇
110113010,石园,街道
110113011,空港,街道
110113012,双丰,街道
110113013,旺泉,街道
110113101,高丽营,镇
110113104,李桥,镇
110113105,李遂,镇
110113106,南彩,镇
110113108,北务,镇
110113109,大孙各庄,镇
110113110,张,镇
110113111,龙湾屯,镇
110113112,木林,镇
110113113,北小营,镇
110113115,北石槽,镇
110113116,赵全营,镇
110114001,城北,街道
110114002,南口,镇
110114003,马池口,镇
110114004,沙河,镇
110114005,城南,街道
110114007,东小口,镇
110114008,天通苑北,街道
110114009,天通苑南,街道
110114010,霍营,街道
110114011,回龙观,街道
110114012,龙泽园,街道
110114013,史各庄,街道
110114104,阳坊,镇
110114110,小汤山,镇
110114111,南邵,镇
110114112,崔村,镇
110114113,百善,镇
110114115,北七家,镇
110114116,兴寿,镇
110114118,流村,镇
110114119,十三陵,镇
110114120,延寿,镇
110115001,兴丰,街道
110115002,林校路,街道
110115003,清源,街道
110115004,亦庄,镇
110115005,黄村,镇
110115006,旧宫,镇
110115007,西红门,镇
110115008,瀛海,镇
110115009,观音寺,街道
110115010,天宫院,街道
110115011,高米店,街道
110115012,荣华,街道
110115013,博兴,街道
110115103,青云店,镇
110115104,采育,镇
110115105,安定,镇
110115106,礼贤,镇
110115107,榆垡,镇
110115108,庞各庄,镇
110115109,北臧村,镇
110115110,魏善庄,镇
110115111,长子营,镇
110116001,泉河,街道
110116002,龙山,街道
110116003,怀柔,镇
110116004,雁栖,镇
110116005,庙城,镇
110116102,北房,镇
110116103,杨宋,镇
110116105,桥梓,镇
110116106,怀北,镇
110116107,汤河口,镇
110116108,渤海,镇
110116109,九渡河,镇
110116110,琉璃庙,镇
110116111,宝山,镇
110116211,长哨营|满族,乡
110116213,喇叭沟门|满族,乡
110117001,滨河,街道
110117002,兴谷,街道
110117003,平谷,镇
110117004,峪口,镇
110117005,马坊,镇
110117006,金海湖,镇
110117101,东高村,镇
110117102,山东庄,镇
110117104,南独乐河,镇
110117105,大华山,镇
110117106,夏各庄,镇
110117108,马昌营,镇
110117110,王辛庄,镇
110117111,大兴庄,镇
110117112,刘家店,镇
110117114,镇罗营,镇
110117213,黄松峪,乡
110117214,熊儿寨,乡
110118001,鼓楼,街道
110118002,果园,街道
110118003,檀营|满族|蒙古族,乡
110118100,密云,镇
110118101,溪翁庄,镇
110118102,西田各庄,镇
110118103,十里堡,镇
110118104,河南寨,镇
110118105,巨各庄,镇
110118106,穆家峪,镇
110118107,太师屯,镇
110118108,高岭,镇
110118109,不老屯,镇
110118110,冯家峪,镇
110118111,古北口,镇
110118112,大城子,镇
110118113,东邵渠,镇
110118114,北庄,镇
110118115,新城子,镇
110118116,石城,镇
110119001,百泉,街道
110119002,香水园,街道
110119003,儒林,街道
110119100,延庆,镇
110119101,康庄,镇
110119102,八达岭,镇
110119103,永宁,镇
110119104,旧县,镇
110119105,张山营,镇
110119106,四海,镇
110119107,千家店,镇
110119108,沈家营,镇
110119109,大榆树,镇
110119110,井庄,镇
110119200,大庄科,乡
110119201,刘斌堡,乡
110119202,香营,乡
110119203,珍珠泉,乡
120101001,劝业场,街道
120101002,小白楼,街道
120101003,五大道,街道
120101004,新兴,街道
120101005,南营门,街道
120101006,南市,街道
120102001,大王庄,街道
120102002,大直沽,街道
120102003,中山门,街道
120102004,富民路,街道
120102005,二号桥,街道
120102006,春华,街道
120102007,唐家口,街道
120102008,向阳楼,街道
120102009,常州道,街道
120102010,上杭路,街道
120102011,东新,街道
120102012,鲁山道,街道
120102013,天津铁厂,街道
120103001,大营门,街道
120103002,下瓦房,街道
120103003,桃园,街道
120103004,挂甲寺,街道
120103005,马场,街道
120103006,越秀路,街道
120103007,友谊路,街道
120103008,天塔,街道
120103009,尖山,街道
120103010,陈塘庄,街道
120103011,柳林,街道
120103012,东海,街道
120103013,梅江,街道
120103014,太湖路,街道
120104001,长虹,街道
120104002,鼓楼,街道
120104003,兴南,街道
120104004,广开,街道
120104005,万兴,街道
120104006,学府,街道
120104007,向阳路,街道
120104008,嘉陵道,街道
120104009,王顶堤,街道
120104010,水上公园,街道
120104011,体育中心,街道
120104012,华苑,街道
120105001,光复道,街道
120105002,望海楼,街道
120105003,鸿顺里,街道
120105004,新开河,街道
120105005,铁东路,街道
120105006,建昌道,街道
120105007,宁园,街道
120105008,王串场,街道
120105009,江都路,街道
120105010,月牙河,街道
120106001,西于庄,街道
120106003,咸阳北路,街道
120106004,丁字沽,街道
120106005,西沽,街道
120106006,三条石,街道
120106008,邵公庄,街道
120106009,芥园,街道
120106010,铃铛阁,街道
120106012,和苑,街道
120110001,张贵庄,街道
120110002,丰年村,街道
120110003,万新,街道
120110004,无瑕,街道
120110005,新立,街道
120110006,华明,街道
120110007,金钟,街道
120110008,军粮城,街道
120110009,金桥,街道
120110010,东丽湖,街道
120110011,华新,街道
120111001,西营门,街道
120111002,李七庄,街道
120111003,赤龙南,街道
120111004,赤龙北,街道
120111005,津门湖,街道
120111100,中北,镇
120111101,杨柳青,镇
120111102,辛口,镇
120111103,张家窝,镇
120111104,精武,镇
120111105,大寺,镇
120111106,王稳庄,镇
120112001,双新,街道
120112002,双林,街道
120112003,海棠,街道
120112100,咸水沽,镇
120112101,葛沽,镇
120112102,小站,镇
120112103,双港,镇
120112104,辛庄,镇
120112106,双桥河,镇
120112107,八里台,镇
120112108,北闸口,镇
120113001,果园新村,街道
120113002,集贤里,街道
120113003,普东,街道
120113004,瑞景,街道
120113005,佳荣里,街道
120113006,青源,街道
120113007,广源,街道
120113008,双环邨,街道
120113100,天穆,镇
120113101,北仓,镇
120113102,双街,镇
120113103,双口,镇
120113104,青光,镇
120113106,宜兴埠,镇
120113107,小淀,镇
120113108,大张庄,镇
120113111,西堤头,镇
120114001,杨村,街道
120114002,下朱庄,街道
120114003,东蒲洼,街道
120114004,黄庄,街道
120114005,徐官屯,街道
120114006,运河西,街道
120114101,梅厂,镇
120114102,大碱厂,镇
120114103,崔黄口,镇
120114104,大良,镇
120114105,下伍旗,镇
120114106,南蔡村,镇
120114107,大孟庄,镇
120114108,泗村店,镇
120114109,河西务,镇
120114110,城关,镇
120114111,东马圈,镇
120114112,黄花店,镇
120114113,石各庄,镇
120114114,王庆坨,镇
120114115,汊沽港,镇
120114116,河北屯,镇
120114117,上马台,镇
120114118,大王古庄,镇
120114119,陈咀,镇
120114120,白古屯,镇
120114121,曹子里,镇
120114122,大黄堡,镇
120114123,豆张庄,镇
120114124,高村,镇
120115001,海滨,街道
120115002,宝平,街道
120115003,钰华,街道
120115004,周良,街道
120115007,朝霞,街道
120115008,潮阳,街道
120115101,大口屯,镇
120115103,王卜庄,镇
120115104,方家庄,镇
120115105,林亭口,镇
120115106,八门城,镇
120115107,大钟庄,镇
120115108,新安,镇
120115111,霍各庄,镇
120115113,新开口,镇
120115115,大唐庄,镇
120115119,牛道口,镇
120115120,史各庄,镇
120115121,郝各庄,镇
120115123,牛家牌,镇
120115124,尔王庄,镇
120115125,黄庄,镇
120115126,口东,镇
120115127,大白庄,镇
120116005,杭州道,街道
120116006,新河,街道
120116007,大沽,街道
120116008,新北,街道
120116009,北塘,街道
120116011,胡家园,街道
120116012,泰达,街道
120116021,汉沽,街道
120116022,寨上,街道
120116033,古林,街道
120116034,海滨,街道
120116036,塘沽,街道
120116037,茶淀,街道
120116038,大港,街道
120116039,新港,街道
120116040,新村,街道
120116100,新城,镇
120116102,杨家泊,镇
120116105,太平,镇
120116106,小王庄,镇
120116107,中塘,镇
120117001,芦台,街道
120117002,桥北,街道
120117101,宁河,镇
120117102,苗庄,镇
120117103,丰台,镇
120117104,岳龙,镇
120117105,板桥,镇
120117106,潘庄,镇
120117107,造甲城,镇
120117108,七里海,镇
120117109,大北涧沽,镇
120117110,东棘坨,镇
120117111,俵口,镇
120117112,廉庄,镇
120117113,北淮淀,镇
120118001,华康,街道
120118002,朝阳,街道
120118100,静海,镇
120118101,唐官屯,镇
120118102,独流,镇
120118103,王口,镇
120118104,台头,镇
120118105,子牙,镇
120118106,陈官屯,镇
120118107,中旺,镇
120118108,大邱庄,镇
120118109,蔡公庄,镇
120118110,梁头,镇
120118111,团泊,镇
120118112,双塘,镇
120118113,大丰堆,镇
120118114,沿庄,镇
120118115,西翟庄,镇
120118200,良王庄,乡
120118201,杨成庄,乡
120119001,文昌,街道
120119100,渔阳,镇
120119101,洇溜,镇
120119102,官庄,镇
120119103,马伸桥,镇
120119104,下营,镇
120119105,邦均,镇
120119106,别山,镇
120119108,尤古庄,镇
120119109,上仓,镇
120119111,下仓,镇
120119112,罗庄子,镇
120119113,白涧,镇
120119115,侯家营,镇
120119116,桑梓,镇
120119117,东施古,镇
120119118,下窝头,镇
120119119,杨津庄,镇
120119120,出头岭,镇
120119121,西龙虎峪,镇
120119122,穿芳峪,镇
120119123,东二营,镇
120119124,许家台,镇
120119125,礼明庄,镇
120119126,东赵各庄,镇
120119127,州河湾,镇
120119203,孙各庄|满族,乡
130102001,建北,街道
130102002,青园,街道
130102003,广安,街道
130102004,育才,街道
130102005,跃进,街道
130102007,河东,街道
130102010,长丰,街道
130102011,谈固,街道
130102012,中山东路,街道
130102013,阜康,街道
130102014,建安,街道
130102015,胜北,街道
130102100,西兆通,镇
130102101,南村,镇
130102102,高营,镇
130102103,桃园,镇
130104001,东里,街道
130104002,中山,街道
130104004,南长,街道
130104005,维明,街道
130104007,友谊,街道
130104008,红旗,街道
130104009,新石,街道
130104010,苑东,街道
130104011,西里,街道
130104012,振头,街道
130104013,留营,街道
130104014,长兴,街道
130104015,东华,街道
130104016,休门,街道
130104017,彭后,街道
130104018,东风,街道
130104019,汇通,街道
130105001,革新,街道
130105003,新华路,街道
130105004,宁安,街道
130105005,东焦,街道
130105006,西苑,街道
130105007,合作路,街道
130105008,联盟,街道
130105009,石岗,街道
130105011,天苑,街道
130105012,北苑,街道
130105013,赵陵铺路,街道
130105014,赵佗路,街道
130105015,大郭,街道
130105016,西三庄,街道
130105017,杜北,街道
130107001,矿市,街道
130107002,四微,街道
130107100,贾庄,镇
130107101,凤山,镇
130107200,横涧,乡
130108001,裕兴,街道
130108002,裕强,街道
130108003,东苑,街道
130108004,建通,街道
130108005,槐底,街道
130108006,裕华路,街道
130108007,裕东,街道
130108008,长江,街道
130108009,太行,街道
130108010,裕翔,街道
130108011,建华南,街道
130108100,宋营,镇
130108101,方村,镇
130109100,廉州,镇
130109101,兴安,镇
130109102,贾市庄,镇
130109103,南营,镇
130109104,梅花,镇
130109105,岗上,镇
130109106,丘头,镇
130109107,南董,镇
130109108,张家庄,镇
130109109,南孟,镇
130109110,增村,镇
130109111,常安,镇
130109112,西关,镇
130109200,九门|回族,乡
130110100,获鹿,镇
130110101,铜冶,镇
130110102,寺家庄,镇
130110103,上庄,镇
130110104,李村,镇
130110105,宜安,镇
130110106,黄壁庄,镇
130110107,大河,镇
130110108,山尹村,镇
130110200,石井,乡
130110201,白鹿泉,乡
130110202,上寨,乡
130111100,栾城,镇
130111101,郄马,镇
130111102,冶河,镇
130111103,窦妪,镇
130111104,楼底,镇
130111200,南高,乡
130111201,柳林屯,乡
130111202,西营,乡
130121100,微水,镇
130121101,上安,镇
130121102,天长,镇
130121103,秀林,镇
130121104,南峪,镇
130121105,威州,镇
130121106,小作,镇
130121107,南障城,镇
130121108,苍岩山,镇
130121109,测鱼,镇
130121200,吴家窑,乡
130121201,北正,乡
130121202,于家,乡
130121203,孙庄,乡
130121204,南陉,乡
130121205,辛庄,乡
130121206,南王庄,乡
130123001,诸福屯,街道
130123002,三里屯,街道
130123100,正定,镇
130123102,新城铺,镇
130123103,新安,镇
130123104,南岗,镇
130123105,曲阳桥,镇
130123106,南牛,镇
130123201,南楼,乡
130123202,西平乐,乡
130125100,龙州,镇
130125101,南桥,镇
130125102,上碑,镇
130125103,口头,镇
130125104,上方,镇
130125200,独羊岗,乡
130125201,安香,乡
130125202,只里,乡
130125203,市同,乡
130125204,翟营,乡
130125205,城寨,乡
130125207,玉亭,乡
130125208,北河,乡
130125209,上阎庄,乡
130125210,九口子,乡
130126100,灵寿,镇
130126101,青同,镇
130126102,塔上,镇
130126103,陈庄,镇
130126104,慈峪,镇
130126105,岔头,镇
130126200,三圣院,乡
130126201,北洼,乡
130126202,牛城,乡
130126203,狗台,乡
130126204,南寨,乡
130126205,南燕川,乡
130126206,北谭庄,乡
130126207,寨头,乡
130126208,南营,乡
130127100,高邑,镇
130127101,大营,镇
130127102,富村,镇
130127103,万城,镇
130127104,中韩,镇
130128100,深泽,镇
130128101,铁杆,镇
130128102,赵八,镇
130128103,大桥头,镇
130128200,白庄,乡
130128201,留村,乡
130129100,赞皇,镇
130129101,院头,镇
130129102,南邢郭,镇
130129103,嶂石岩,镇
130129104,西龙门,镇
130129105,西阳泽,镇
130129106,许亭,镇
130129202,南清河,乡
130129204,土门,乡
130129205,黄北坪,乡
130129208,张楞,乡
130130100,无极,镇
130130101,七汲,镇
130130102,张段固,镇
130130103,北苏,镇
130130104,郭庄,镇
130130105,大陈,镇
130130106,里城道,镇
130130107,东侯坊,镇
130130200,高头|回族,乡
130130201,郝庄,乡
130130204,南流,乡
130131100,平山,镇
130131101,东回舍,镇
130131102,温塘,镇
130131103,南甸,镇
130131104,岗南,镇
130131105,古月,镇
130131106,下槐,镇
130131107,孟家庄,镇
130131108,小觉,镇
130131109,蛟潭庄,镇
130131110,西柏坡,镇
130131111,下口,镇
130131200,西大吾,乡
130131201,上三汲,乡
130131202,两河,乡
130131203,东王坡,乡
130131204,苏家庄,乡
130131205,宅北,乡
130131207,北冶,乡
130131209,上观音堂,乡
130131210,杨家桥,乡
130131211,营里,乡
130131212,合河口,乡
130132100,槐阳,镇
130132101,殷村,镇
130132102,南佐,镇
130132103,宋曹,镇
130132104,南因,镇
130132105,姬村,镇
130132106,北褚,镇
130132107,马村,镇
130132201,东张,乡
130132202,赵同,乡
130132204,苏村,乡
130132205,苏阳,乡
130132206,北正,乡
130132207,前仙,乡
130132208,黑水河,乡
130133100,赵州,镇
130133101,范庄,镇
130133102,北王里,镇
130133103,新寨店,镇
130133104,韩村,镇
130133105,南柏舍,镇
130133106,沙河店,镇
130133107,王西章,镇
130133108,谢庄,镇
130133200,前大章,乡
130133202,高村,乡
130181100,辛集,镇
130181101,旧城,镇
130181102,张古庄,镇
130181103,位伯,镇
130181104,新垒头,镇
130181105,新城,镇
130181106,南智丘,镇
130181107,王口,镇
130181200,天宫营,乡
130181201,前营,乡
130181202,马庄,乡
130181203,和睦井,乡
130181204,田家庄,乡
130181205,中里厢,乡
130181206,小辛庄,乡
130183100,晋州,镇
130183101,总十庄,镇
130183102,营里,镇
130183103,桃园,镇
130183104,东卓宿,镇
130183105,马于,镇
130183106,小樵,镇
130183107,槐树,镇
130183108,东里庄,镇
130183201,周家庄,乡
130184001,长寿,街道
130184101,化皮,镇
130184102,承安,镇
130184103,正莫,镇
130184104,南大岳,镇
130184105,杜固,镇
130184106,邯邰,镇
130184107,东王,镇
130184108,马头铺,镇
130184200,协神,乡
130184201,木村,乡
130184202,彭家庄|回族,乡
130202001,学院南路,街道
130202002,友谊,街道
130202003,广场,街道
130202004,永红桥,街道
130202005,小山,街道
130202006,文化北后街,街道
130202007,钱家营矿区,街道
130202008,惠民道,街道
130202009,梁家屯路,街道
130202100,稻地,镇
130202101,女织寨,镇
130203001,乔屯,街道
130203002,文化路,街道
130203003,钓鱼台,街道
130203004,东新村,街道
130203005,缸窑,街道
130203006,机场路,街道
130203007,河北路,街道
130203008,龙东,街道
130203009,大里,街道
130203010,光明,街道
130203011,翔云道,街道
130203012,高新技术开发区,街道
130203100,韩城,镇
130203101,果园,镇
130204001,林西,街道
130204002,唐家庄,街道
130204003,古冶,街道
130204004,赵各庄,街道
130204005,京华,街道
130204100,范各庄,镇
130204101,卑家店,镇
130204201,王辇庄,乡
130204202,习家套,乡
130204203,大庄坨,乡
130205001,马家沟,街道
130205002,开平,街道
130205003,税务庄,街道
130205005,陡电,街道
130205006,荆各庄,街道
130205100,开平,镇
130205101,栗园,镇
130205102,越河,镇
130205103,双桥,镇
130205104,郑庄子,镇
130205105,洼里,镇
130207001,青年路,街道
130207002,新华路,街道
130207003,振兴,街道
130207100,胥各庄,镇
130207103,小集,镇
130207104,黄各庄,镇
130207105,西葛,镇
130207106,大新庄,镇
130207107,钱营,镇
130207108,唐坊,镇
130207109,王兰庄,镇
130207110,柳树𨟠,镇
130207111,黑沿子,镇
130207113,大齐各庄,镇
130207114,海北,镇
130207115,汉丰,镇
130207116,岔河,镇
130207117,南孙庄,镇
130207118,东田庄,镇
130207203,尖字沽,乡
130208001,太平路,街道
130208002,燕山路,街道
130208003,浭阳,街道
130208100,丰润,镇
130208101,老庄子,镇
130208102,任各庄,镇
130208103,左家坞,镇
130208104,泉河头,镇
130208105,王官营,镇
130208106,火石营,镇
130208109,新军屯,镇
130208110,小张各庄,镇
130208111,丰登坞,镇
130208112,李钊庄,镇
130208113,白官屯,镇
130208114,石各庄,镇
130208115,沙流河,镇
130208116,七树庄,镇
130208117,杨官林,镇
130208118,银城铺,镇
130208119,常庄,镇
130208120,姜家营,镇
130208205,欢喜庄,乡
130208208,刘家营,乡
130209001,希望路,街道
130209002,垦丰,街道
130209003,中山路,街道
130209100,唐海,镇
130209101,柳赞,镇
130209102,滨海,镇
130209103,孙塘庄,镇
130209104,双井,镇
130224001,友谊路,街道
130224100,倴城,镇
130224101,宋道口,镇
130224102,长凝,镇
130224103,胡各庄,镇
130224104,坨里,镇
130224105,姚王庄,镇
130224106,司各庄,镇
130224107,安各庄,镇
130224108,扒齿港,镇
130224109,程庄,镇
130224110,青坨营,镇
130224111,柏各庄,镇
130224114,南堡,镇
130224115,方各庄,镇
130224116,东黄坨,镇
130224117,马城,镇
130225001,乐安,街道
130225100,乐亭,镇
130225101,汤家河,镇
130225102,胡家坨,镇
130225103,王滩,镇
130225104,闫各庄,镇
130225105,马头营,镇
130225106,新寨,镇
130225107,汀流河,镇
130225108,姜各庄,镇
130225109,毛庄,镇
130225110,中堡,镇
130225111,大相各庄,镇
130225201,庞各庄,乡
130225203,古河,乡
130227001,栗乡,街道
130227100,兴城,镇
130227101,金厂峪,镇
130227102,洒河桥,镇
130227103,太平寨,镇
130227104,罗家屯,镇
130227105,东荒峪,镇
130227106,新集,镇
130227107,三屯营,镇
130227108,滦阳,镇
130227109,汉儿庄,镇
130227110,新庄子,镇
130227111,东莲花院,镇
130227112,白庙子,镇
130227113,上营,镇
130227203,渔户寨,乡
130227204,旧城,乡
130227205,尹庄,乡
130229001,无终,街道
130229100,玉田,镇
130229101,亮甲店,镇
130229102,鸦鸿桥,镇
130229103,窝洛沽,镇
130229104,石臼窝,镇
130229105,虹桥,镇
130229106,散水头,镇
130229107,林南仓,镇
130229108,林西,镇
130229109,杨家板桥,镇
130229110,彩亭桥,镇
130229111,孤树,镇
130229112,大安,镇
130229113,唐自头,镇
130229114,郭家屯,镇
130229115,杨家套,镇
130229116,陈家铺,镇
130229201,林头屯,乡
130229203,潮洛窝,乡
130229205,郭家桥,乡
130281001,华明路,街道
130281002,文化路,街道
130281100,遵化,镇
130281101,堡子店,镇
130281102,马兰峪,镇
130281103,平安城,镇
130281104,东新庄,镇
130281105,新店子,镇
130281106,党峪,镇
130281107,地北头,镇
130281108,东旧寨,镇
130281109,铁厂,镇
130281110,苏家洼,镇
130281111,建明,镇
130281112,石门,镇
130281113,崔家庄,镇
130281114,西留村,镇
130281115,兴旺寨,镇
130281116,西三里,镇
130281117,团瓢庄,镇
130281118,娘娘庄,镇
130281119,侯家寨,镇
130281203,西下营|满族,乡
130281204,汤泉|满族,乡
130281205,东陵|满族,乡
130281206,刘备寨,乡
130281211,小厂,乡
130283001,永顺,街道
130283002,兴安,街道
130283003,滨河,街道
130283004,杨店子,街道
130283101,夏官营,镇
130283102,杨各庄,镇
130283103,建昌营,镇
130283104,赵店子,镇
130283105,野鸡坨,镇
130283106,大崔庄,镇
130283108,蔡园,镇
130283109,马兰庄,镇
130283110,沙河驿,镇
130283111,木厂口,镇
130283112,上射雁庄,镇
130283113,太平庄,镇
130283114,扣庄,镇
130283115,大五里,镇
130283116,五重安,镇
130283117,彭店子,镇
130283118,阎家店,镇
130284001,滦河,街道
130284002,古城,街道
130284003,滦城路,街道
130284004,响嘡,街道
130284100,东安各庄,镇
130284101,雷庄,镇
130284102,茨榆坨,镇
130284103,榛子,镇
130284104,杨柳庄,镇
130284105,油榨,镇
130284106,古马,镇
130284107,小马庄,镇
130284108,九百户,镇
130284109,王店子,镇
130302001,文化路,街道
130302002,海滨路,街道
130302003,北环路,街道
130302004,建设大街,街道
130302005,河东,街道
130302006,西港路,街道
130302007,燕山大街,街道
130302008,港城大街,街道
130302009,东环路,街道
130302010,白塔岭,街道
130302011,珠江道,街道
130302012,黄河道,街道
130302013,腾飞路,街道
130302100,东港,镇
130302101,海港,镇
130302102,西港,镇
130302103,海阳,镇
130302104,北港,镇
130302105,石门寨,镇
130302106,驻操营,镇
130302107,杜庄,镇
130303001,南关,街道
130303002,东街,街道
130303003,西街,街道
130303004,路南,街道
130303005,船厂路,街道
130303100,第一关,镇
130303101,石河,镇
130303102,孟姜,镇
130303200,渤海,乡
130304001,西山,街道
130304002,东山,街道
130304003,南戴河,街道
130304100,海滨,镇
130304101,戴河,镇
130304102,牛头崖,镇
130306001,骊城,街道
130306100,抚宁,镇
130306101,留守营,镇
130306102,榆关,镇
130306103,台营,镇
130306104,大新寨,镇
130306105,坟坨,镇
130306200,茶棚,乡
130321001,都阳路,街道
130321100,青龙,镇
130321101,祖山,镇
130321102,木头凳,镇
130321103,双山子,镇
130321104,马圈子,镇
130321105,肖营子,镇
130321106,大巫岚,镇
130321107,土门子,镇
130321108,八道河,镇
130321109,隔河头,镇
130321110,娄杖子,镇
130321111,龙王庙,镇
130321112,茨榆山,镇
130321113,凉水河,镇
130321200,凤凰山,乡
130321202,三星口,乡
130321203,干沟,乡
130321206,大石岭,乡
130321208,官场,乡
130321210,平方子,乡
130321211,安子岭,乡
130321212,朱杖子,乡
130321213,草碾,乡
130321217,三拨子,乡
130322100,昌黎,镇
130322101,靖安,镇
130322102,安山,镇
130322103,龙家店,镇
130322104,泥井,镇
130322105,大蒲河,镇
130322106,新集,镇
130322107,刘台庄,镇
130322108,朱各庄,镇
130322109,荒佃庄,镇
130322110,茹荷,镇
130322201,团林,乡
130322202,葛条港,乡
130322203,马坨店,乡
130322206,两山,乡
130322207,十里铺,乡
130324100,卢龙,镇
130324101,潘庄,镇
130324102,燕河营,镇
130324103,双望,镇
130324104,刘田各庄,镇
130324105,石门,镇
130324106,木井,镇
130324107,陈官屯,镇
130324108,蛤泊,镇
130324109,印庄,镇
130324200,下寨,乡
130324201,刘家营,乡
130402001,火磨,街道
130402002,陵园路,街道
130402003,光明路,街道
130402004,滏东,街道
130402005,罗城头,街道
130402006,渚河路,街道
130402007,浴新南,街道
130402008,农林路,街道
130402009,贸东,街道
130402010,贸西,街道
130402011,盛和路,街道
130402100,北张庄,镇
130402101,马头,镇
130402102,河沙镇,镇
130402103,高臾,镇
130402104,光禄,镇
130402201,南堡,乡
130402202,代召,乡
130402203,辛庄营,乡
130402204,花官营,乡
130402205,台城,乡
130403001,丛台西,街道
130403002,联纺西,街道
130403003,联纺东,街道
130403004,光明桥,街道
130403005,丛台东,街道
130403006,四季青,街道
130403007,和平,街道
130403008,中华,街道
130403009,人民路,街道
130403010,柳林桥,街道
130403100,黄粱梦,镇
130403101,尚璧,镇
130403102,南沿村,镇
130403200,苏曹,乡
130403201,南吕固,乡
130403202,兼庄,乡
130403203,三陵,乡
130403204,小西堡,乡
130403205,姚寨,乡
130404001,胜利桥,街道
130404002,百家村,街道
130404003,铁路大院,街道
130404004,化林路,街道
130404005,庞村,街道
130404006,二六七二,街道
130404007,石化,街道
130404100,户村,镇
130404101,林坛,镇
130404200,彭家寨,乡
130404201,康庄,乡
130404202,南城,乡
130406001,滏阳东路,街道
130406100,临水,镇
130406101,峰峰,镇
130406102,新坡,镇
130406103,大社,镇
130406104,和村,镇
130406105,义井,镇
130406106,彭城,镇
130406107,界城,镇
130406108,大峪,镇
130406200,西固义,乡
130407100,肥乡,镇
130407101,天台山,镇
130407102,辛安镇,镇
130407103,大寺上,镇
130407104,东漳堡,镇
130407105,毛演堡,镇
130407106,西吕营,镇
130407107,元固,镇
130407108,北高,镇
130408100,临洺关,镇
130408101,大北汪,镇
130408102,张西堡,镇
130408103,广府,镇
130408105,永合会,镇
130408106,刘营,镇
130408107,东杨庄,镇
130408108,讲武,镇
130408109,西苏,镇
130408110,刘汉,镇
130408111,界河店,镇
130408112,小龙马,镇
130408204,正西,乡
130408206,曲陌,乡
130408207,辛庄堡,乡
130408211,西河庄,乡
130408213,西阳城,乡
130423100,临漳,镇
130423101,南东坊,镇
130423102,孙陶集,镇
130423103,柳园,镇
130423104,称勾集,镇
130423105,邺城,镇
130423106,章里集,镇
130423107,张村集,镇
130423108,砖寨营,镇
130423109,习文,镇
130423110,柏鹤集,镇
130423111,杜村集,镇
130423200,狄邱,乡
130423202,西羊羔,乡
130424100,成安,镇
130424101,商城,镇
130424102,漳河店,镇
130424103,李家疃,镇
130424104,北乡义,镇
130424105,道东堡,镇
130424200,辛义,乡
130424201,柏寺营,乡
130424204,长巷,乡
130425100,大名,镇
130425101,杨桥,镇
130425102,万堤,镇
130425103,龙王庙,镇
130425104,束馆,镇
130425105,金滩,镇
130425106,沙圪塔,镇
130425107,大街,镇
130425108,铺上,镇
130425109,孙甘店,镇
130425110,北峰,镇
130425111,黄金堤,镇
130425112,西付集,镇
130425113,张铁集,镇
130425201,王村,乡
130425205,旧治,乡
130425206,西未庄,乡
130425209,埝头,乡
130425212,红庙,乡
130425213,营镇|回族,乡
130426001,平安,街道
130426101,河南店,镇
130426102,索堡,镇
130426103,西戌,镇
130426104,井店,镇
130426105,更乐,镇
130426106,固新,镇
130426107,西达,镇
130426108,偏城,镇
130426200,神头,乡
130426201,辽城,乡
130426202,偏店,乡
130426203,龙虎,乡
130426204,木井,乡
130426205,关防,乡
130426206,合漳,乡
130426207,鹿头,乡
130427100,磁州,镇
130427103,讲武城,镇
130427104,岳城,镇
130427105,观台,镇
130427107,白土,镇
130427108,黄沙,镇
130427109,路村营,镇
130427110,时村营,镇
130427207,陶泉,乡
130427208,都党,乡
130427209,北贾璧,乡
130430100,新马头,镇
130430101,邱城,镇
130430102,梁二庄,镇
130430103,香城固,镇
130430104,古城营,镇
130430201,南辛店,乡
130430204,陈村|回族,乡
130431100,鸡泽,镇
130431101,小寨,镇
130431102,双塔,镇
130431103,曹庄,镇
130431104,浮图店,镇
130431105,吴官营,镇
130431202,风正,乡
130432100,广平,镇
130432101,平固店,镇
130432102,胜营,镇
130432103,南阳堡,镇
130432104,东张孟,镇
130432105,十里铺,镇
130432106,南韩,镇
130433100,馆陶,镇
130433101,房寨,镇
130433102,柴堡,镇
130433103,魏僧寨,镇
130433104,寿山寺,镇
130433105,王桥,镇
130433202,南徐村,乡
130433203,路桥,乡
130434100,魏城,镇
130434101,德政,镇
130434102,北皋,镇
130434103,双井,镇
130434104,牙里,镇
130434105,车往,镇
130434106,回隆,镇
130434107,张二庄,镇
130434108,东代固,镇
130434109,院堡,镇
130434110,南双庙,镇
130434111,棘针寨,镇
130434112,边马,镇
130434113,泊口,镇
130434114,仕望集,镇
130434115,沙口集,镇
130434116,大兴庄,镇
130434203,野胡拐,乡
130434205,前大磨,乡
130434209,大马村,乡
130434212,北台头,乡
130435100,曲周,镇
130435101,安寨,镇
130435102,侯村,镇
130435103,河南疃,镇
130435104,第四疃,镇
130435105,白寨,镇
130435106,槐桥,镇
130435107,南里岳,镇
130435203,大河道,乡
130435204,依庄,乡
130481100,武安,镇
130481101,康二城,镇
130481102,午汲,镇
130481103,磁山,镇
130481104,伯延,镇
130481105,淑村,镇
130481106,大同,镇
130481107,邑城,镇
130481108,矿山,镇
130481109,贺进,镇
130481110,阳邑,镇
130481111,徘徊,镇
130481112,冶陶,镇
130481113,上团城,镇
130481114,西土山,镇
130481201,北安庄,乡
130481202,北安乐,乡
130481204,西寺庄,乡
130481205,活水,乡
130481206,石洞,乡
130481207,管陶,乡
130481208,马家庄,乡
130502001,南长街,街道
130502002,北大街,街道
130502003,西大街,街道
130502004,西门里,街道
130502005,火炬,街道
130502006,泉东,街道
130502007,留村,街道
130502008,豫让桥,街道
130502100,东郭村,镇
130502101,王快,镇
130502102,沙河城,镇
130502103,晏家屯,镇
130502104,祝村,镇
130502105,东汪,镇
130502200,大梁庄,乡
130503001,钢铁路,街道
130503002,中兴路,街道
130503003,达活泉,街道
130503004,张宽,街道
130503005,章村,街道
130503006,中华大街,街道
130503007,团结路,街道
130503008,泉西,街道
130503100,南大郭,镇
130503101,李村,镇
130503102,南石门,镇
130503103,羊范,镇
130503104,皇寺,镇
130503105,会宁,镇
130503106,西黄村,镇
130503107,路罗,镇
130503108,将军墓,镇
130503109,浆水,镇
130503110,宋家庄,镇
130503202,太子井,乡
130503203,龙泉寺,乡
130503204,北小庄,乡
130503205,城计头,乡
130503206,白岸,乡
130503207,冀家村,乡
130505100,任城,镇
130505101,邢家湾,镇
130505102,辛店,镇
130505103,天口,镇
130505104,西固城,镇
130505201,永福庄,乡
130505202,大屯,乡
130505203,骆庄,乡
130506100,和阳,镇
130506101,贾宋,镇
130506102,郝桥,镇
130506103,三思,镇
130506104,河郭,镇
130506105,阎里,镇
130506200,东三召,乡
130506203,史召,乡
130522100,临城,镇
130522101,东镇,镇
130522102,郝庄,镇
130522103,西竖,镇
130522104,黑城,镇
130522201,鸭鸽营,乡
130522203,石城,乡
130522205,赵庄,乡
130523100,内丘,镇
130523101,大孟村,镇
130523102,金店,镇
130523103,官庄,镇
130523104,柳林,镇
130523200,五郭店,乡
130523203,南赛,乡
130523204,獐獏,乡
130523205,侯家庄,乡
130524100,柏乡,镇
130524101,固城店,镇
130524102,西汪,镇
130524103,龙华,镇
130524200,王家庄,乡
130524203,内步,乡
130525100,隆尧,镇
130525101,魏家庄,镇
130525102,尹村,镇
130525103,山口,镇
130525104,莲子镇,镇
130525105,固城,镇
130525106,东良,镇
130525200,北楼,乡
130525202,双碑,乡
130525203,牛家桥,乡
130525204,千户营,乡
130525205,大张庄,乡
130528001,宁北,街道
130528100,凤凰,镇
130528101,河渠,镇
130528102,北河庄,镇
130528103,耿庄桥,镇
130528104,东汪,镇
130528105,贾家口,镇
130528106,四芝兰,镇
130528107,大陆村,镇
130528108,换马店,镇
130528109,苏家庄,镇
130528110,唐邱,镇
130528111,大曹庄,镇
130528112,侯口,镇
130528113,纪昌庄,镇
130528205,北鱼,乡
130528206,徐家河,乡
130529100,巨鹿,镇
130529101,王虎寨,镇
130529102,西郭城,镇
130529103,官亭,镇
130529104,阎疃,镇
130529105,小吕寨,镇
130529106,苏家营,镇
130529107,观寨,镇
130529200,堤村,乡
130529201,张王疃,乡
130530100,新河,镇
130530101,寻寨,镇
130530200,白神首,乡
130530201,荆家庄,乡
130530202,西流,乡
130530203,仁让里,乡
130531100,广宗,镇
130531101,冯家寨,镇
130531102,北塘疃,镇
130531103,核桃园,镇
130531200,葫芦,乡
130531201,大平台,乡
130531202,件只,乡
130531204,东召,乡
130532001,中华路,街道
130532101,平乡,镇
130532102,河古庙,镇
130532103,田付村,镇
130532104,节固,镇
130532201,油召,乡
130532203,寻召,乡
130533100,洺州,镇
130533101,梨园屯,镇
130533102,章台,镇
130533103,侯贯,镇
130533104,七级,镇
130533105,贺营,镇
130533106,方家营,镇
130533107,常庄,镇
130533108,第什营,镇
130533109,赵村,镇
130533110,贺钊,镇
130533111,固献,镇
130533112,枣园,镇
130533206,张家营,乡
130533207,常屯,乡
130533209,高公庄,乡
130534100,葛仙庄,镇
130534101,连庄,镇
130534102,油坊,镇
130534103,谢炉,镇
130534104,王官庄,镇
130534105,坝营,镇
130535100,临西,镇
130535101,河西,镇
130535102,下堡寺,镇
130535103,尖冢,镇
130535104,老官寨,镇
130535105,吕寨,镇
130535106,大刘庄,镇
130535200,东枣园,乡
130535203,摇鞍镇,乡
130581001,凤岗,街道
130581002,南杜,街道
130581003,北胡,街道
130581004,西丁,街道
130581100,苏村,镇
130581101,大高村,镇
130581102,垂杨,镇
130581103,明化,镇
130581104,段芦头,镇
130581105,紫冢,镇
130581200,大村,乡
130581201,南便村,乡
130581202,大屯,乡
130581203,王道寨,乡
130581204,薛吴村,乡
130582001,褡裢,街道
130582002,桥东,街道
130582003,桥西,街道
130582004,赞善,街道
130582005,周庄,街道
130582101,新城,镇
130582102,白塔,镇
130582103,十里亭,镇
130582104,綦村,镇
130582107,刘石岗,镇
130582108,册井,镇
130582203,柴关,乡
130582204,蝉房,乡
130602001,先锋街,街道
130602002,新市场,街道
130602003,东风路,街道
130602004,建设南路,街道
130602005,韩村北路,街道
130602006,惠阳,街道
130602100,大激店,镇
130602101,一亩泉,镇
130602200,颉庄,乡
130602201,富昌,乡
130602202,韩村,乡
130602205,大马坊,乡
130606001,和平里,街道
130606002,五四路,街道
130606003,西关,街道
130606004,中华路,街道
130606005,东关,街道
130606006,联盟路,街道
130606007,红星路,街道
130606008,裕华路,街道
130606009,永华路,街道
130606010,南关,街道
130606100,百楼,镇
130606101,焦庄,镇
130606102,五尧,镇
130606200,韩庄,乡
130606201,东金庄,乡
130606203,杨庄,乡
130606204,南大园,乡
130607100,满城,镇
130607101,大册营,镇
130607102,神星,镇
130607103,南韩村,镇
130607104,方顺桥,镇
130607105,于家庄,镇
130607106,石井,镇
130607203,要庄,乡
130607204,白龙,乡
130607206,坨南,乡
130607207,刘家台,乡
130607208,贤台,乡
130608100,清苑,镇
130608101,冉庄,镇
130608102,阳城,镇
130608103,魏村,镇
130608104,温仁,镇
130608105,张登,镇
130608106,大庄,镇
130608107,臧村,镇
130608108,望亭,镇
130608109,东闾,镇
130608110,白团,镇
130608111,石桥,镇
130608112,何桥,镇
130608201,北店,乡
130608203,李庄,乡
130608204,北王力,乡
130608207,孙村,乡
130608208,阎庄,乡
130609100,安肃,镇
130609101,崔庄,镇
130609102,大因,镇
130609103,遂城,镇
130609104,高林村,镇
130609105,大王店,镇
130609106,漕河,镇
130609107,留村,镇
130609108,东史端,镇
130609109,正村,镇
130609203,户木,乡
130609204,瀑河,乡
130609205,东釜山,乡
130609206,义联庄,乡
130623100,涞水,镇
130623101,永阳,镇
130623102,义安,镇
130623103,石亭,镇
130623104,赵各庄,镇
130623105,九龙,镇
130623106,三坡,镇
130623107,一渡,镇
130623108,娄村,镇
130623109,王村,镇
130623110,明义,镇
130623111,东文山,镇
130623205,其中口,乡
130623206,龙门,乡
130623207,胡家庄,乡
130624100,阜平,镇
130624101,龙泉关,镇
130624102,平阳,镇
130624103,城南庄,镇
130624104,天生桥,镇
130624105,王林口,镇
130624106,砂窝,镇
130624107,北果园,镇
130624202,台峪,乡
130624203,大台,乡
130624204,史家寨,乡
130624206,吴王口,乡
130624207,下庄,乡
130626100,定兴,镇
130626101,固城,镇
130626102,贤寓,镇
130626103,北河,镇
130626104,天宫寺,镇
130626105,小朱庄,镇
130626106,姚村,镇
130626107,杨村,镇
130626108,高里,镇
130626109,内章,镇
130626110,东落堡,镇
130626202,张家庄,乡
130626204,肖村,乡
130626205,柳卓,乡
130626208,北南蔡,乡
130626209,李郁庄,乡
130627100,仁厚,镇
130627101,王京,镇
130627102,高昌,镇
130627103,北罗,镇
130627104,白合,镇
130627105,军城,镇
130627106,川里,镇
130627107,长古城,镇
130627108,罗庄,镇
130627109,北店头,镇
130627110,齐家佐,镇
130627111,黄石口,镇
130627201,都亭,乡
130627202,南店头,乡
130627205,雹水,乡
130627206,大洋,乡
130627207,迷城,乡
130627209,羊角,乡
130627210,石门,乡
130627212,倒马关,乡
130628001,锦华,街道
130628101,庞口,镇
130628102,西演,镇
130628103,邢家南,镇
130628104,晋庄,镇
130628105,小王果庄,镇
130628106,蒲口,镇
130628107,庞家佐,镇
130628204,龙化,乡
130629100,容城,镇
130629101,小里,镇
130629102,南张,镇
130629103,大河,镇
130629104,晾马台,镇
130629200,八于,乡
130629201,贾光,乡
130629203,平王,乡
130630100,涞源,镇
130630101,银坊,镇
130630102,走马驿,镇
130630103,水堡,镇
130630104,王安镇,镇
130630105,杨家庄,镇
130630106,白石山,镇
130630107,南屯,镇
130630108,泉坊,镇
130630109,北石佛,镇
130630202,南马庄,乡
130630204,金家井,乡
130630205,留家庄,乡
130630206,上庄,乡
130630207,东团堡,乡
130630208,塔崖驿,乡
130630209,乌龙沟,乡
130631100,望都,镇
130631101,固店,镇
130631102,贾村,镇
130631103,中韩庄,镇
130631104,寺庄,镇
130631105,赵庄,镇
130631106,高岭,镇
130631202,黑堡,乡
130632100,安新,镇
130632101,大王,镇
130632102,三台,镇
130632103,端村,镇
130632104,赵北口,镇
130632105,同口,镇
130632106,刘李庄,镇
130632107,安州,镇
130632108,老河头,镇
130632200,圈头,乡
130632201,寨里,乡
130632202,芦庄,乡
130633100,易州,镇
130633101,梁格庄,镇
130633102,西陵,镇
130633103,裴山,镇
130633104,塘湖,镇
130633105,狼牙山,镇
130633106,良岗,镇
130633107,紫荆关,镇
130633108,高村,镇
130633109,西山北,镇
130633110,高陌,镇
130633200,桥头,乡
130633201,白马,乡
130633202,流井,乡
130633205,大龙华,乡
130633206,安格庄,乡
130633207,凌云册|满族|回族,乡
130633209,尉都,乡
130633210,独乐,乡
130633211,七峪,乡
130633212,富岗,乡
130633213,坡仓,乡
130633214,牛岗,乡
130633215,桥家河,乡
130633216,甘河净,乡
130633217,蔡家峪,乡
130633218,南城司,乡
130634100,恒州,镇
130634101,灵山,镇
130634102,燕赵,镇
130634103,羊平,镇
130634104,文德,镇
130634105,晓林,镇
130634106,邸村,镇
130634107,齐村,镇
130634108,孝墓,镇
130634109,产德,镇
130634110,下河,镇
130634111,嘉禾,镇
130634112,党城,镇
130634113,郎家庄,镇
130634200,路庄子,乡
130634202,庄窠,乡
130634212,范家庄,乡
130634213,北台,乡
130635100,蠡吾,镇
130635101,留史,镇
130635102,大百尺,镇
130635103,辛兴,镇
130635104,北郭丹,镇
130635105,万安,镇
130635106,桑园,镇
130635107,南庄,镇
130635108,大曲堤,镇
130635109,鲍墟,镇
130635110,小陈,镇
130635201,林堡,乡
130635202,北埝头,乡
130636100,蒲阳,镇
130636101,高于铺,镇
130636102,腰山,镇
130636103,蒲上,镇
130636104,神南,镇
130636105,安阳,镇
130636106,白云,镇
130636202,河口,乡
130636204,台鱼,乡
130636205,大悲,乡
130637100,博野,镇
130637101,小店,镇
130637102,程委,镇
130637103,东墟,镇
130637104,北杨,镇
130637105,城东,镇
130637106,南小王,镇
130638100,雄州,镇
130638101,昝岗,镇
130638102,大营,镇
130638103,龙湾,镇
130638104,朱各庄,镇
130638105,米家务,镇
130638203,双堂,乡
130638204,张岗,乡
130638205,北沙口,乡
130681001,双塔,街道
130681002,桃园,街道
130681003,清凉寺,街道
130681100,松林店,镇
130681101,码头,镇
130681102,东城坊,镇
130681103,高官庄,镇
130681104,百尺竿,镇
130681105,东仙坡,镇
130681106,义和庄,镇
130681107,刁窝,镇
130681108,豆庄,镇
130681109,林家屯,镇
130681204,孙家庄,乡
130682001,南城区,街道
130682002,北城区,街道
130682003,西城区,街道
130682004,长安路,街道
130682100,留早,镇
130682101,清风店,镇
130682102,庞村,镇
130682103,砖路,镇
130682104,明月店,镇
130682105,叮咛店,镇
130682106,东亭,镇
130682107,大辛庄,镇
130682108,东旺,镇
130682109,高蓬,镇
130682110,邢邑,镇
130682111,李亲顾,镇
130682112,子位,镇
130682113,息冢,镇
130682114,周村,镇
130682116,开元,镇
130682117,大鹿庄,镇
130682203,东留春,乡
130682204,号头庄|回族,乡
130682205,杨家庄,乡
130682208,西城,乡
130683001,药都,街道
130683002,祁州路,街道
130683101,伍仁桥,镇
130683102,石佛,镇
130683103,郑章,镇
130683104,大五女,镇
130683105,西佛落,镇
130683106,西城,镇
130683200,明官店,乡
130683201,南娄底,乡
130683204,北段村,乡
130684001,和平,街道
130684002,军城,街道
130684003,东盛,街道
130684004,北城,街道
130684005,兴华路,街道
130684100,方官,镇
130684101,新城,镇
130684102,泗庄,镇
130684104,辛立庄,镇
130684105,东马营,镇
130684106,白沟,镇
130684107,辛桥,镇
130684108,张六庄,镇
130684109,肖官营,镇
130684110,梁家营,镇
130702001,红旗楼,街道
130702002,胜利北路,街道
130702003,五一路,街道
130702004,花园街,街道
130702005,工业路,街道
130702006,南站,街道
130702007,马路东,街道
130702100,老鸦庄,镇
130702101,姚家庄,镇
130702102,大仓盖,镇
130702202,东望山,乡
130703001,明德南街,街道
130703002,大境门,街道
130703003,明德北街,街道
130703004,新华街,街道
130703005,堡子里,街道
130703006,南营坊,街道
130703007,工人新村,街道
130703100,东窑子,镇
130703102,沈家屯,镇
130703103,沙岭子,镇
130703104,姚家房,镇
130705001,天泰寺街,街道
130705002,皇城,街道
130705003,南关,街道
130705004,南大街,街道
130705005,大北街,街道
130705006,工业街,街道
130705007,建国街,街道
130705100,庞家堡,镇
130705101,洋河南,镇
130705102,深井,镇
130705103,崞村,镇
130705104,贾家营,镇
130705105,顾家营,镇
130705106,赵川,镇
130705107,江家屯,镇
130705108,河子西,镇
130705109,侯家庙,镇
130705201,春光,乡
130705203,王家湾,乡
130705204,塔儿村,乡
130705206,李家堡,乡
130706001,城镇,街道
130706002,煤矿,街道
130706200,花园,乡
130706201,辛庄子,乡
130706202,定方水,乡
130706203,段家堡,乡
130708100,孔家庄,镇
130708101,万全,镇
130708102,洗马林,镇
130708103,郭磊庄,镇
130708104,宣平堡,镇
130708200,膳房堡,乡
130708201,北新屯,乡
130708203,高庙堡,乡
130708204,旧堡,乡
130708205,安家堡,乡
130708206,北沙城,乡
130709100,西湾子,镇
130709101,高家营,镇
130709200,四台嘴,乡
130709201,红旗营,乡
130709202,石窑子,乡
130709203,驿马图,乡
130709204,石嘴子,乡
130709205,狮子沟,乡
130709206,清三营,乡
130709207,白旗,乡
130722100,张北,镇
130722101,公会,镇
130722102,二台,镇
130722103,大囫囵,镇
130722104,沙沟,镇
130722105,小二台,镇
130722106,油篓沟,镇
130722107,大河,镇
130722200,台路沟,乡
130722202,馒头营,乡
130722203,二泉井,乡
130722204,单晶河,乡
130722206,海流图,乡
130722207,两面井,乡
130722208,大西湾,乡
130722209,郝家营,乡
130722210,白庙滩,乡
130722212,战海,乡
130722213,三号,乡
130722214,宇宙营,乡
130723100,康保,镇
130723101,张纪,镇
130723102,土城子,镇
130723103,邓油坊,镇
130723104,李家地,镇
130723105,照阳河,镇
130723106,屯垦,镇
130723200,阎油坊,乡
130723201,丹清河,乡
130723202,哈咇嘎,乡
130723203,二号卜,乡
130723204,芦家营,乡
130723205,忠义,乡
130723206,处长地,乡
130723207,满德堂,乡
130724100,平定堡,镇
130724101,小厂,镇
130724102,黄盖淖,镇
130724103,九连城,镇
130724200,高山堡,乡
130724201,小河子,乡
130724202,二道渠,乡
130724203,大二号|回族,乡
130724204,闪电河,乡
130724205,长梁,乡
130724206,丰源店,乡
130724207,西辛营,乡
130724208,莲花滩,乡
130724209,白土窑,乡
130725100,南壕堑,镇
130725101,大青沟,镇
130725102,八道沟,镇
130725103,红土梁,镇
130725104,小蒜沟,镇
130725105,三工地,镇
130725106,满井,镇
130725200,大营盘,乡
130725201,大苏计,乡
130725202,石井,乡
130725205,七甲,乡
130725206,套里庄,乡
130725207,甲石河,乡
130725208,下马圈,乡
130726100,蔚州,镇
130726101,代王城,镇
130726102,西合营,镇
130726103,吉家庄,镇
130726104,白乐,镇
130726105,暖泉,镇
130726106,南留庄,镇
130726107,北水泉,镇
130726108,桃花,镇
130726109,阳眷,镇
130726110,宋家庄,镇
130726200,下宫村,乡
130726202,南杨庄,乡
130726203,柏树,乡
130726204,常宁,乡
130726205,涌泉庄,乡
130726206,杨庄窠,乡
130726207,南岭庄,乡
130726208,陈家洼,乡
130726209,黄梅,乡
130726210,白草村,乡
130726211,草沟堡,乡
130727100,西城,镇
130727101,东城,镇
130727102,化稍营,镇
130727103,揣骨疃,镇
130727104,东井集,镇
130727200,要家庄,乡
130727201,东坊城堡,乡
130727202,井儿沟,乡
130727203,三马坊,乡
130727204,高墙,乡
130727205,大田洼,乡
130727206,辛堡,乡
130727207,马圈堡,乡
130727208,浮图讲,乡
130728100,柴沟堡,镇
130728101,左卫,镇
130728102,头百户,镇
130728103,怀安城,镇
130728200,渡口堡,乡
130728201,第六屯,乡
130728202,西湾堡,乡
130728203,西沙城,乡
130728204,太平庄,乡
130728205,王虎屯,乡
130728206,第三堡,乡
130730100,沙城,镇
130730101,北辛堡,镇
130730102,新保安,镇
130730103,东花园,镇
130730104,官厅,镇
130730105,桑园,镇
130730106,存瑞,镇
130730107,土木,镇
130730108,大黄庄,镇
130730109,西八里,镇
130730110,小南辛堡,镇
130730200,狼山,乡
130730203,鸡鸣驿,乡
130730205,东八里,乡
130730207,瑞云观,乡
130730208,孙庄子,乡
130730210,王家楼|回族,乡
130731100,涿鹿,镇
130731101,张家堡,镇
130731102,武家沟,镇
130731103,五堡,镇
130731104,保岱,镇
130731105,矾山,镇
130731106,大堡,镇
130731107,河东,镇
130731108,东小庄,镇
130731109,温泉屯,镇
130731110,大河南,镇
130731111,蟒石口,镇
130731112,辉耀,镇
130731113,卧佛寺,镇
130731201,栾庄,乡
130731204,黑山寺,乡
130731206,谢家堡,乡
130731400,赵家蓬,区公所
130732100,赤城,镇
130732101,田家窑,镇
130732102,龙关,镇
130732103,雕鹗,镇
130732104,独石口,镇
130732105,白草,镇
130732106,龙门所,镇
130732107,后城,镇
130732108,东卯,镇
130732200,炮梁,乡
130732201,大海陀,乡
130732202,镇宁堡,乡
130732203,马营,乡
130732204,云州,乡
130732205,三道川,乡
130732206,东万口,乡
130732207,茨营子,乡
130732208,样田,乡
130802001,西大街,街道
130802002,头道牌楼,街道
130802003,潘家沟,街道
130802004,中华路,街道
130802005,新华路,街道
130802006,石洞子沟,街道
130802007,桥东,街道
130802100,水泉沟,镇
130802101,狮子沟,镇
130802102,牛圈子沟,镇
130802103,大石庙,镇
130802104,冯营子,镇
130802105,双峰寺,镇
130802106,上板城,镇
130803001,钢城,街道
130803002,元宝山,街道
130803003,秀水,街道
130803100,双塔山,镇
130803101,滦河,镇
130803102,大庙,镇
130803103,偏桥子,镇
130803104,西地,镇
130803105,陈栅子,镇
130804001,铁北路,街道
130804100,鹰手营子,镇
130804101,北马圈子,镇
130804102,寿王坟,镇
130804103,汪家庄,镇
130821100,下板城,镇
130821102,甲山,镇
130821103,六沟,镇
130821104,三沟,镇
130821105,头沟,镇
130821106,高寺台,镇
130821107,三家,镇
130821108,鞍匠,镇
130821109,上谷,镇
130821110,磴上,镇
130821111,新杖子,镇
130821112,石灰窑,镇
130821200,东小白旗,乡
130821202,刘杖子,乡
130821204,孟家院,乡
130821205,大营子,乡
130821206,八家,乡
130821208,满杖子,乡
130821210,五道河,乡
130821211,岔沟,乡
130821212,岗子|满族,乡
130821214,两家|满族,乡
130821216,仓子,乡
130822100,兴隆,镇
130822101,半壁山,镇
130822102,挂兰峪,镇
130822103,青松岭,镇
130822104,六道河,镇
130822105,平安堡,镇
130822106,北营房,镇
130822107,孤山子,镇
130822108,蓝旗营,镇
130822109,雾灵山,镇
130822110,李家营,镇
130822111,大杖子,镇
130822112,三道河,镇
130822113,大水泉,镇
130822114,蘑菇峪,镇
130822200,南天门|满族,乡
130822202,八卦岭|满族,乡
130822203,陡子峪,乡
130822204,上石洞,乡
130822211,安子岭,乡
130824001,中兴路,街道
130824100,滦平,镇
130824101,长山峪,镇
130824102,红旗,镇
130824103,金沟屯,镇
130824104,虎什哈,镇
130824105,巴克什营,镇
130824106,张百湾,镇
130824107,付营子,镇
130824108,大屯,镇
130824109,火斗山,镇
130824110,两间房,镇
130824111,小营,镇
130824112,安纯沟门,镇
130824200,平坊|满族,乡
130824206,西沟|满族,乡
130824207,邓厂|满族,乡
130824208,五道营子|满族,乡
130824209,马营子|满族,乡
130824210,付家店|满族,乡
130825001,安州,街道
130825101,韩麻营,镇
130825102,中关,镇
130825103,七家,镇
130825104,汤头沟,镇
130825105,张三营,镇
130825106,唐三营,镇
130825107,蓝旗,镇
130825108,步古沟,镇
130825109,郭家屯,镇
130825110,茅荆坝,镇
130825111,苔山,镇
130825112,荒地,镇
130825113,章吉营,镇
130825114,偏坡营,镇
130825203,尹家营|满族,乡
130825204,庙子沟|蒙古族|满族,乡
130825206,山湾,乡
130825207,八达营|蒙古族,乡
130825208,太平庄|满族,乡
130825209,旧屯|满族,乡
130825210,西阿超|满族|蒙古族,乡
130825212,碱房,乡
130825213,韩家店,乡
130825214,湾沟门,乡
130826001,新丰路,街道
130826100,大阁,镇
130826101,大滩,镇
130826102,鱼儿山,镇
130826103,土城,镇
130826104,黄旗,镇
130826105,凤山,镇
130826106,波罗诺,镇
130826107,黑山嘴,镇
130826108,天桥,镇
130826109,胡麻营,镇
130826110,将军营,镇
130826200,万胜永,乡
130826201,四岔口,乡
130826202,苏家店,乡
130826203,外沟门,乡
130826204,草原,乡
130826205,窟窿山,乡
130826206,小坝子,乡
130826207,五道营,乡
130826209,选将营,乡
130826210,西官营,乡
130826211,王营,乡
130826212,北头营,乡
130826214,石人沟,乡
130826215,汤河,乡
130826216,杨木栅子,乡
130827100,宽城,镇
130827101,龙须门,镇
130827102,峪耳崖,镇
130827103,板城,镇
130827104,汤道河,镇
130827105,桲罗台,镇
130827106,碾子峪,镇
130827107,亮甲台,镇
130827108,化皮溜子,镇
130827109,松岭,镇
130827201,塌山,乡
130827203,孟子岭,乡
130827204,独石沟,乡
130827207,铧尖,乡
130827208,东黄花川,乡
130827210,苇子沟,乡
130827211,大字沟门,乡
130827212,大石柱子,乡
130828100,围场,镇
130828101,四合永,镇
130828102,克勒沟,镇
130828103,棋盘山,镇
130828104,半截塔,镇
130828105,朝阳地,镇
130828106,朝阳湾,镇
130828107,腰站,镇
130828108,新拨,镇
130828109,龙头山,镇
130828110,御道口,镇
130828111,城子,镇
130828112,新地,镇
130828113,哈里哈,镇
130828200,道坝子,乡
130828203,黄土坎,乡
130828204,四道沟,乡
130828205,蓝旗卡伦,乡
130828206,银窝沟,乡
130828208,广发永,乡
130828209,育太和,乡
130828210,郭家湾,乡
130828211,杨家湾,乡
130828212,大唤起,乡
130828215,张家湾,乡
130828216,宝元栈,乡
130828217,山湾子,乡
130828218,三义永,乡
130828219,姜家店,乡
130828220,下伙房,乡
130828221,燕格柏,乡
130828222,牌楼,乡
130828224,老窝铺,乡
130828226,石桌子,乡
130828227,大头山,乡
130828228,南山嘴,乡
130828229,西龙头,乡
130881100,平泉,镇
130881101,黄土梁子,镇
130881102,榆树林子,镇
130881103,杨树岭,镇
130881104,七沟,镇
130881105,小寺沟,镇
130881106,党坝,镇
130881107,卧龙,镇
130881108,南五十家子,镇
130881109,北五十家子,镇
130881110,桲椤树,镇
130881111,柳溪,镇
130881112,平北,镇
130881113,青河,镇
130881114,台头山,镇
130881200,王土房,乡
130881201,七家岱|满族,乡
130881202,茅兰沟|满族|蒙古族,乡
130881205,道虎沟,乡
130902001,建设北街,街道
130902002,车站,街道
130902003,南大街,街道
130902004,东环中街,街道
130902005,道东,街道
130902100,小赵庄,镇
130903001,水月寺街,街道
130903002,南环中路,街道
130903003,南湖,街道
130903004,市场,街道
130903005,西环中街,街道
130903006,公园,街道
130903100,小王庄,镇
130903101,南陈屯,镇
130921100,旧州,镇
130921101,兴济,镇
130921102,杜生,镇
130921103,崔尔庄,镇
130921104,李天木,镇
130921105,纸房头,镇
130921106,姚官屯,镇
130921107,杜林,镇
130921108,汪家铺,镇
130921109,张官屯,镇
130921110,大官厅,镇
130921111,风化店,镇
130921112,捷地,镇
130921200,薛官屯,乡
130921208,刘家庙,乡
130921209,仵龙堂,乡
130921211,高川,乡
130921212,黄递铺,乡
130921213,大褚村|回族,乡
130922100,清州,镇
130922101,金牛,镇
130922102,新兴,镇
130922103,流河,镇
130922104,木门店,镇
130922105,马厂,镇
130922106,盘古,镇
130922107,曹寺,镇
130922200,上伍,乡
130922203,陈嘴,乡
130923100,东光,镇
130923101,连镇,镇
130923102,找王,镇
130923103,秦村,镇
130923104,灯明寺,镇
130923105,南霞口,镇
130923106,大单,镇
130923107,龙王李,镇
130923108,于桥,镇
130924100,苏基,镇
130924101,辛集,镇
130924102,高湾,镇
130924103,赵毛陶,镇
130924104,张会亭,镇
130924201,香坊,乡
130924202,小山,乡
130925100,盐山,镇
130925101,望树,镇
130925102,庆云,镇
130925103,韩集,镇
130925104,千童,镇
130925105,圣佛,镇
130925106,边务,镇
130925107,小庄,镇
130925108,杨集,镇
130925109,孟店,镇
130925201,小营,乡
130925204,常庄,乡
130926100,肃宁,镇
130926101,梁家村,镇
130926102,窝北,镇
130926103,尚村,镇
130926104,万里,镇
130926105,师素,镇
130926106,河北留善寺,镇
130926107,付家佐,镇
130926205,邵庄,乡
130927100,南皮,镇
130927101,冯家口,镇
130927102,寨子,镇
130927103,鲍官屯,镇
130927104,王寺,镇
130927105,乌马营,镇
130927106,潞灌,镇
130927107,刘八里,镇
130927108,大浪淀,镇
130928100,桑园,镇
130928101,铁城,镇
130928102,于集,镇
130928103,梁集,镇
130928104,安陵,镇
130928200,曹家洼,乡
130928201,宋门,乡
130928202,杨家寺,乡
130928203,沟店铺,乡
130928204,何庄,乡
130929100,乐寿,镇
130929101,淮镇,镇
130929102,郭庄,镇
130929103,河城街,镇
130929104,韩村,镇
130929105,陌南,镇
130929106,陈庄,镇
130929107,段村,镇
130929108,高官,镇
130929109,十五级,镇
130929110,南河头,镇
130929111,商林,镇
130929208,本斋|回族,乡
130929209,张村,乡
130929210,临河,乡
130929211,小平王,乡
130929213,垒头,乡
130929215,西城,乡
130930100,孟村,镇
130930101,新县,镇
130930102,辛店,镇
130930103,高寨,镇
130930104,牛进庄,镇
130930200,宋庄子,乡
130981001,解放,街道
130981002,河东,街道
130981003,鼓楼,街道
130981100,泊,镇
130981101,交河,镇
130981102,齐桥,镇
130981103,寺门村,镇
130981104,郝村,镇
130981105,富镇,镇
130981106,文庙,镇
130981107,洼里王,镇
130981108,四营,镇
130981109,营子,镇
130981201,王武庄,乡
130981204,西辛店,乡
130982001,新华路,街道
130982002,西环路,街道
130982003,永丰路,街道
130982004,中华路,街道
130982005,渤海路,街道
130982006,会战道,街道
130982007,油建路,街道
130982100,出岸,镇
130982101,石门桥,镇
130982102,吕公堡,镇
130982103,长丰,镇
130982104,鄚州,镇
130982105,苟各庄,镇
130982106,梁召,镇
130982107,辛中驿,镇
130982108,麻家坞,镇
130982109,北辛庄,镇
130982110,议论堡,镇
130982111,于村,镇
130982112,北汉,镇
130982204,青塔,乡
130982206,七间房,乡
130983001,骅东,街道
130983002,骅中,街道
130983003,骅西,街道
130983100,黄骅,镇
130983101,南排河,镇
130983102,吕桥,镇
130983103,旧城,镇
130983104,齐家务,镇
130983105,滕庄子,镇
130983106,常郭,镇
130983107,羊二庄,镇
130983204,官庄,乡
130983206,新村|回族,乡
130983207,羊三木|回族,乡
130984001,瀛州路,街道
130984002,城垣西路,街道
130984101,米各庄,镇
130984102,景和,镇
130984103,卧佛堂,镇
130984104,束城,镇
130984105,留古寺,镇
130984106,沙河桥,镇
130984107,诗经村,镇
130984108,尊祖庄,镇
130984109,兴村,镇
130984110,行别营,镇
130984111,故仙,镇
130984112,黎民居,镇
130984113,沙洼,镇
130984204,西九吉,乡
130984205,北石槽,乡
130984206,果子洼|回族,乡
130984209,时村,乡
130984212,龙华店,乡
131002001,银河南路,街道
131002002,光明西道,街道
131002003,永华道,街道
131002100,落垡,镇
131002101,码头,镇
131002102,葛渔城,镇
131002103,东沽港,镇
131002104,杨税务,镇
131002105,北史家务,镇
131002106,调河头,镇
131002107,仇庄,镇
131003001,银河北路,街道
131003002,爱民东道,街道
131003003,解放道,街道
131003004,新开路,街道
131003005,新源道,街道
131003006,云鹏道,街道
131003007,耀华道,街道
131003100,南尖塔,镇
131003101,万庄,镇
131003102,九州,镇
131003103,北旺,镇
131022100,固安,镇
131022101,宫村,镇
131022102,柳泉,镇
131022103,牛驼,镇
131022104,马庄,镇
131022105,东湾,镇
131022106,渠沟,镇
131022201,彭村,乡
131022203,礼让店,乡
131023100,永清,镇
131023101,韩村,镇
131023102,后奕,镇
131023103,别古庄,镇
131023104,里澜城,镇
131023105,刘街,镇
131023106,曹家务,镇
131023200,管家务|回族,乡
131023202,龙虎庄,乡
131023204,三圣口,乡
131024100,淑阳,镇
131024101,蒋辛屯,镇
131024102,渠口,镇
131024103,安头屯,镇
131024104,安平,镇
131024105,刘宋,镇
131024106,五百户,镇
131024107,钳屯,镇
131024108,钱旺,镇
131025100,平舒,镇
131025101,旺村,镇
131025102,大尚屯,镇
131025103,南赵扶,镇
131025104,留各庄,镇
131025105,权村,镇
131025106,里坦,镇
131025107,广安,镇
131025108,北魏,镇
131025109,臧屯,镇
131026100,文安,镇
131026101,新镇,镇
131026102,苏桥,镇
131026103,大柳河,镇
131026104,左各庄,镇
131026105,滩里,镇
131026106,史各庄,镇
131026107,赵各庄,镇
131026108,兴隆宫,镇
131026109,大留镇,镇
131026110,孙氏,镇
131026111,德归,镇
131026200,大围河|回族|满族,乡
131028001,北辰,街道
131028100,大厂,镇
131028101,夏垫,镇
131028102,祁各庄,镇
131028103,陈府,镇
131028104,邵府,镇
131081001,裕华,街道
131081100,霸州,镇
131081101,南孟,镇
131081102,信安,镇
131081103,堂二里,镇
131081104,煎茶铺,镇
131081105,胜芳,镇
131081106,扬芬港,镇
131081107,康仙庄,镇
131081108,王庄子,镇
131081200,岔河集,乡
131081202,东杨庄,乡
131081204,东段,乡
131082001,鼎盛东,街道
131082002,泃阳西,街道
131082004,行宫东,街道
131082005,迎宾北路,街道
131082006,燕顺路,街道
131082007,康城,街道
131082100,泃阳,镇
131082101,李旗庄,镇
131082102,杨庄,镇
131082103,皇庄,镇
131082104,新集,镇
131082105,段甲岭,镇
131082106,黄土庄,镇
131082107,高楼,镇
131082108,齐心庄,镇
131082109,燕郊,镇
131102001,河西,街道
131102002,河东,街道
131102003,路北,街道
131102004,中华大街,街道
131102100,郑家河沿,镇
131102101,赵家圈,镇
131102102,邓庄,镇
131102200,何家庄,乡
131102201,大麻森,乡
131102203,彭杜村,乡
131103100,冀州,镇
131103101,魏家屯,镇
131103102,官道李,镇
131103103,南午村,镇
131103104,周村,镇
131103105,码头李,镇
131103106,西王,镇
131103200,门家庄,乡
131103201,徐家庄,乡
131103202,北漳淮,乡
131103203,小寨,乡
131121100,枣强,镇
131121101,恩察,镇
131121102,大营,镇
131121103,嘉会,镇
131121104,马屯,镇
131121105,肖张,镇
131121106,张秀屯,镇
131121107,新屯,镇
131121108,唐林,镇
131121202,王均,乡
131121204,王常,乡
131122100,武邑,镇
131122101,清凉店,镇
131122102,审坡,镇
131122103,赵桥,镇
131122104,韩庄,镇
131122105,肖桥头,镇
131122106,龙店,镇
131122201,圈头,乡
131122203,大紫塔,乡
131123100,武强,镇
131123101,街关,镇
131123102,周窝,镇
131123103,东孙庄,镇
131123104,豆村,镇
131123105,北代,镇
131124100,饶阳,镇
131124101,大尹村,镇
131124102,五公,镇
131124103,大官亭,镇
131124104,王同岳,镇
131124105,东里满,镇
131124106,留楚,镇
131125100,安平,镇
131125101,马店,镇
131125102,南王庄,镇
131125103,大子文,镇
131125104,东黄城,镇
131125200,大何庄,乡
131125201,程油子,乡
131125202,西两洼,乡
131126100,郑口,镇
131126101,夏庄,镇
131126102,青罕,镇
131126103,故城,镇
131126104,武官寨,镇
131126105,饶阳店,镇
131126106,军屯,镇
131126107,建国,镇
131126108,西半屯,镇
131126109,房庄,镇
131126110,三朗,镇
131126200,辛庄,乡
131126201,里老,乡
131127100,景州,镇
131127101,龙华,镇
131127102,广川,镇
131127103,王瞳,镇
131127104,洚河流,镇
131127105,安陵,镇
131127106,杜桥,镇
131127107,王谦寺,镇
131127108,留智庙,镇
131127109,北留智,镇
131127110,梁集,镇
131127111,温城,镇
131127112,青兰,镇
131127200,刘集,乡
131127201,连镇,乡
131127204,后留名府,乡
131128100,阜城,镇
131128101,古城,镇
131128102,码头,镇
131128103,霞口,镇
131128104,崔家庙,镇
131128105,漫河,镇
131128201,建桥,乡
131128202,蒋坊,乡
131128203,大白,乡
131128204,王集,乡
131182100,唐奉,镇
131182101,深州,镇
131182102,辰时,镇
131182103,榆科,镇
131182104,魏家桥,镇
131182105,大堤,镇
131182106,前磨头,镇
131182107,王家井,镇
131182108,护驾迟,镇
131182109,大屯,镇
131182110,高古庄,镇
131182111,北溪村,镇
131182112,大冯营,镇
131182113,穆村,镇
131182200,兵曹,乡
131182202,东安庄,乡
131182206,乔家屯,乡
140105001,坞城,街道
140105002,营盘,街道
140105003,北营,街道
140105004,平阳路,街道
140105005,黄陵,街道
140105006,小店,街道
140105007,龙城,街道
140105008,学府,街道
140105009,唐槐,街道
140105100,北格,镇
140105200,西温庄,乡
140105201,刘家堡,乡
140106001,柳巷,街道
140106002,文庙,街道
140106003,庙前,街道
140106004,迎泽,街道
140106005,桥东,街道
140106006,老军营,街道
140106007,双塔,街道
140106100,郝庄,镇
140107001,巨轮,街道
140107002,三桥,街道
140107003,鼓楼,街道
140107004,杏花岭,街道
140107005,坝陵桥,街道
140107006,大东关,街道
140107007,职工新街,街道
140107008,敦化坊,街道
140107009,涧河,街道
140107010,杨家峪,街道
140107011,享堂,街道
140107100,中涧河,镇
140108001,尖草坪,街道
140108002,光社,街道
140108003,上兰,街道
140108004,南寨,街道
140108005,迎新街,街道
140108006,古城,街道
140108007,汇丰,街道
140108008,柴村,街道
140108009,新城,街道
140108100,向阳,镇
140108101,阳曲,镇
140108201,柏板,乡
140108202,西墕,乡
140109001,千峰,街道
140109002,下元,街道
140109003,和平,街道
140109004,兴华,街道
140109005,万柏林,街道
140109006,杜儿坪,街道
140109007,白家庄,街道
140109008,南寒,街道
140109009,西铭,街道
140109010,小井峪,街道
140109012,东社,街道
140109014,长风西街,街道
140109015,神堂沟,街道
140109016,王化,街道
140110001,义井,街道
140110002,罗城,街道
140110003,晋源,街道
140110100,金胜,镇
140110101,晋祠,镇
140110102,姚村,镇
140121100,清源,镇
140121101,徐沟,镇
140121102,东于,镇
140121103,孟封,镇
140121200,马峪,乡
140121201,柳杜,乡
140121202,西谷,乡
140121203,王答,乡
140121204,集义,乡
140122100,黄寨,镇
140122101,大盂,镇
140122102,东黄水,镇
140122103,泥屯,镇
140122200,高村,乡
140122201,侯村,乡
140122202,凌井店,乡
140122203,西凌井,乡
140122205,杨兴,乡
140123100,娄烦,镇
140123101,静游,镇
140123102,杜交曲,镇
140123201,马家庄,乡
140123202,盖家庄,乡
140123203,米峪镇,乡
140123204,天池店,乡
140181001,东曲,街道
140181002,西曲,街道
140181003,桃园,街道
140181004,屯兰,街道
140181100,河口,镇
140181101,镇城底,镇
140181102,马兰,镇
140181201,嘉乐泉,乡
140181202,梭峪,乡
140181203,岔口,乡
140181204,常安,乡
140181205,原相,乡
140181206,邢家社,乡
140212100,新荣,镇
140212101,古店,镇
140212102,花园屯,镇
140212200,破鲁堡,乡
140212202,郭家窑,乡
140212206,西村,乡
140212209,堡子湾,乡
140213002,北关,街道
140213009,大庆路,街道
140213013,古城,街道
140213014,新旺,街道
140213015,马军营,街道
140213016,白登山,街道
140213017,文瀛湖,街道
140213018,水泊寺,街道
140213019,小南头,街道
140213020,永泰,街道
140213021,清远,街道
140213022,武定,街道
140213023,鹿苑,街道
140213024,振华,街道
140213025,迎宾,街道
140213026,新华,街道
140213027,卧虎湾,街道
140213028,御河,街道
140213029,开源,街道
140214001,西花园,街道
140214002,老平旺,街道
140214003,新胜,街道
140214004,新平旺,街道
140214018,新泉路,街道
140214019,民胜,街道
140214020,口泉,街道
140214025,平泉路,街道
140214027,和瑞,街道
140214028,和顺,街道
140214029,玉龙,街道
140214030,云燕,街道
140214031,云武,街道
140214032,和旺,街道
140214033,新文,街道
140214034,玉泉,街道
140214035,平喜,街道
140214036,清泉,街道
140214037,平德,街道
140214038,平盛,街道
140214039,平源,街道
140214100,高山,镇
140214101,云冈,镇
140214200,口泉,乡
140214201,西韩岭,乡
140214202,平旺,乡
140214203,鸦儿崖,乡
140215100,西坪,镇
140215101,倍加造,镇
140215102,周士庄,镇
140215200,吉家庄,乡
140215201,峰峪,乡
140215202,杜庄,乡
140215203,党留庄,乡
140215205,聚乐,乡
140215206,许堡,乡
140221100,龙泉,镇
140221101,罗文皂,镇
140221102,大白登,镇
140221103,王官屯,镇
140221104,古城,镇
140221105,东小村,镇
140221106,友宰,镇
140221201,长城,乡
140221204,狮子屯,乡
140221209,下深井,乡
140221212,鳌石,乡
140222100,玉泉,镇
140222101,谷前堡,镇
140222102,米薪关,镇
140222103,逯家湾,镇
140222104,新平堡,镇
140222200,三十里铺,乡
140222204,贾家屯,乡
140222206,赵家沟,乡
140222208,南高崖,乡
140222209,张西河,乡
140222210,马家皂,乡
140223100,壶泉,镇
140223101,南村,镇
140223102,梁庄,镇
140223103,加斗,镇
140223104,作疃,镇
140223200,一斗泉,乡
140223202,蕉山,乡
140223206,宜兴,乡
140224100,武灵,镇
140224101,东河南,镇
140224102,上寨,镇
140224200,落水河,乡
140224205,赵北,乡
140224206,石家田,乡
140224207,柳科,乡
140224208,白崖台,乡
140224210,红石塄,乡
140224212,下关,乡
140224213,独峪,乡
140225100,永安,镇
140225101,西坊城,镇
140225102,蔡村,镇
140225103,沙圪坨,镇
140225104,王庄堡,镇
140225106,青磁窑,镇
140225201,东坊城,乡
140225203,裴村,乡
140225204,驼峰,乡
140225205,西留村,乡
140225206,下韩村,乡
140225208,南榆林,乡
140225210,吴城,乡
140225213,大仁庄,乡
140225215,千佛岭,乡
140225218,官儿,乡
140226100,云兴,镇
140226101,鹊儿山,镇
140226102,店湾,镇
140226200,管家堡,乡
140226201,张家场,乡
140226205,三屯,乡
140226206,马道头,乡
140226207,小京庄,乡
140302001,上站,街道
140302002,下站,街道
140302003,北大街,街道
140302004,南山路,街道
140302005,义井,街道
140303001,平潭街,街道
140303002,桥头,街道
140303003,蔡洼,街道
140303004,赛鱼,街道
140303005,沙坪,街道
140303006,贵石沟,街道
140311100,荫营,镇
140311101,河底,镇
140311102,义井,镇
140311103,平坦,镇
140311200,西南舁,乡
140311201,杨家庄,乡
140311202,李家庄,乡
140311203,旧街,乡
140321100,冠山,镇
140321101,冶西,镇
140321102,锁簧,镇
140321103,张庄,镇
140321104,东回,镇
140321105,柏井,镇
140321106,娘子关,镇
140321107,巨城,镇
140321200,石门口,乡
140321201,岔口,乡
140322100,秀水,镇
140322101,孙家庄,镇
140322102,路家村,镇
140322103,南娄,镇
140322104,牛村,镇
140322105,苌池,镇
140322106,上社,镇
140322107,西烟,镇
140322200,仙人,乡
140322201,北下庄,乡
140322202,下社,乡
140322203,梁家寨,乡
140322204,西潘,乡
140322205,东梁,乡
140403001,东街,街道
140403002,西街,街道
140403003,英雄南路,街道
140403004,英雄中路,街道
140403005,紫金街,街道
140403006,太行东街,街道
140403007,太行西街,街道
140403008,延安南路,街道
140403009,常青,街道
140403010,五马,街道
140403012,故县,街道
140403013,堠北庄,街道
140403014,老顶山,街道
140403015,大辛庄,街道
140403103,马厂,镇
140403104,黄碾,镇
140403105,西白兔,镇
140404001,韩店,街道
140404101,苏店,镇
140404102,荫城,镇
140404103,西火,镇
140404104,八义,镇
140404106,郝家庄,镇
140404107,南宋,镇
140404201,西池,乡
140404202,北呈,乡
140404203,东和,乡
140405001,麟绛,街道
140405101,上村,镇
140405102,渔泽,镇
140405103,余吾,镇
140405104,吾元,镇
140405105,张店,镇
140405106,丰宜,镇
140405200,李高,乡
140405201,路村,乡
140405202,河神庙,乡
140405203,西贾,乡
140406001,潞华,街道
140406002,成家川,街道
140406003,翟店,街道
140406100,店上,镇
140406101,微子,镇
140406102,辛安泉,镇
140406104,史回,镇
140406201,黄牛蹄,乡
140423100,古韩,镇
140423101,王桥,镇
140423102,侯堡,镇
140423103,夏店,镇
140423104,虒亭,镇
140423105,西营,镇
140423106,王村,镇
140423107,下良,镇
140423108,善福,镇
140425100,青羊,镇
140425101,龙溪,镇
140425102,石城,镇
140425103,苗庄,镇
140425104,玉峡关,镇
140425200,西沟,乡
140425201,东寺头,乡
140425202,虹梯关,乡
140425203,阳高,乡
140425204,北耽车,乡
140425206,北社,乡
140426101,东阳关,镇
140426102,上遥,镇
140426103,西井,镇
140426104,黄崖洞,镇
140426105,黎侯,镇
140426106,洪井,镇
140426107,西仵,镇
140426108,程家山,镇
140427100,龙泉,镇
140427101,百尺,镇
140427102,店上,镇
140427103,晋庄,镇
140427104,树掌,镇
140427105,大峡谷,镇
140427106,集店,镇
140427201,黄山,乡
140427202,东井岭,乡
140427203,石坡,乡
140428100,丹朱,镇
140428101,鲍店,镇
140428102,石哲,镇
140428103,大堡头,镇
140428104,慈林,镇
140428105,色头,镇
140428106,南漳,镇
140428107,宋村,镇
140428108,南陈,镇
140428201,碾张,乡
140428202,常张,乡
140429100,丰州,镇
140429101,洪水,镇
140429102,蟠龙,镇
140429103,监漳,镇
140429104,故城,镇
140429105,韩北,镇
140429202,大有,乡
140429203,贾豁,乡
140429205,上司,乡
140429206,石北,乡
140429207,涌泉,乡
140429208,分水岭,乡
140430100,定昌,镇
140430101,郭村,镇
140430102,故县,镇
140430103,新店,镇
140430104,漳源,镇
140430105,册村,镇
140430106,沁州黄,镇
140430107,南里,镇
140430108,松村,镇
140430200,段柳,乡
140430203,牛寺,乡
140430206,杨安,乡
140431100,沁河,镇
140431101,郭道,镇
140431102,灵空山,镇
140431103,王和,镇
140431105,王陶,镇
140431106,景凤,镇
140431200,中峪,乡
140431201,法中,乡
140431202,交口,乡
140431203,聪子峪,乡
140431204,韩洪,乡
140431207,赤石桥,乡
140502001,东街,街道
140502002,西街,街道
140502003,南街,街道
140502004,北街,街道
140502005,矿区,街道
140502006,钟家庄,街道
140502007,西上庄,街道
140502100,北石店,镇
140521100,龙港,镇
140521101,中村,镇
140521102,郑庄,镇
140521103,端氏,镇
140521104,嘉峰,镇
140521105,郑村,镇
140521106,柿庄,镇
140521201,土沃,乡
140521202,张村,乡
140521204,胡底,乡
140521205,固县,乡
140521206,十里,乡
140522100,凤城,镇
140522101,北留,镇
140522102,润城,镇
140522103,町店,镇
140522104,芹池,镇
140522105,次营,镇
140522106,横河,镇
140522107,河北,镇
140522108,蟒河,镇
140522109,东冶,镇
140522110,白桑,镇
140522111,演礼,镇
140522201,寺头,乡
140522202,西河,乡
140522205,董封,乡
140524100,崇文,镇
140524101,礼义,镇
140524102,附城,镇
140524103,西河底,镇
140524104,平城,镇
140524105,杨村,镇
140524106,潞城,镇
140524204,夺火,乡
140524206,马圪当,乡
140524207,古郊,乡
140524209,六泉,乡
140525100,南村,镇
140525101,下村,镇
140525102,大东沟,镇
140525103,周村,镇
140525104,犁川,镇
140525105,晋庙铺,镇
140525106,金村,镇
140525107,高都,镇
140525108,巴公,镇
140525109,大阳,镇
140525110,山河,镇
140525111,大箕,镇
140525112,柳树口,镇
140525113,北义城,镇
140525114,川底,镇
140525115,南岭,镇
140581001,北城街,街道
140581002,东城街,街道
140581003,南城街,街道
140581100,米山,镇
140581101,三甲,镇
140581102,陈区,镇
140581103,北诗,镇
140581104,河西,镇
140581105,马村,镇
140581106,野川,镇
140581107,寺庄,镇
140581108,神农,镇
140581202,建宁,乡
140581204,石末,乡
140581207,原村,乡
140602001,北城,街道
140602002,南城,街道
140602003,神头,街道
140602004,北旺庄,街道
140602005,文远,街道
140602100,神头,镇
140602101,利民,镇
140602200,下团堡,乡
140602201,小平易,乡
140602202,滋润,乡
140602204,南榆林,乡
140602205,贾庄,乡
140602206,沙塄河,乡
140602207,窑子头,乡
140602208,张蔡庄,乡
140603100,井坪,镇
140603101,凤凰城,镇
140603200,白堂,乡
140603201,陶村,乡
140603202,下水头,乡
140603203,双碾,乡
140603204,阻虎,乡
140603205,高石庄,乡
140603206,西水界,乡
140603207,下面高,乡
140603209,向阳堡,乡
140603210,榆岭,乡
140621100,玉井,镇
140621101,北周庄,镇
140621102,古城,镇
140621103,岱岳,镇
140621104,广武,镇
140621200,吴马营,乡
140621201,马营,乡
140621202,下喇叭,乡
140621203,合盛堡,乡
140621205,安荣,乡
140621206,薛圐圙,乡
140621209,马营庄,乡
140622100,金城,镇
140622101,南河种,镇
140622102,下社,镇
140622200,镇子梁,乡
140622201,义井,乡
140622202,臧寨,乡
140622203,大黄巍,乡
140622204,杏寨,乡
140622205,下马峪,乡
140622206,南泉,乡
140622207,大临河,乡
140622208,白马石,乡
140623100,新城,镇
140623101,右卫,镇
140623102,威远,镇
140623103,元堡子,镇
140623200,牛心堡,乡
140623202,高家堡,乡
140623204,杨千河,乡
140623205,李达窑,乡
140681001,云西,街道
140681002,云中,街道
140681003,云东,街道
140681101,吴家窑,镇
140681102,金沙滩,镇
140681103,毛家皂,镇
140681200,何家堡,乡
140681201,新家园,乡
140681202,亲和,乡
140681203,海北头,乡
140681205,河头,乡
140702001,北关,街道
140702002,锦纶,街道
140702003,新华街,街道
140702004,西南街,街道
140702005,路西,街道
140702006,经纬,街道
140702007,安宁,街道
140702008,新建街,街道
140702009,晋华,街道
140702100,乌金山,镇
140702101,东阳,镇
140702103,长凝,镇
140702104,北田,镇
140702105,修文,镇
140702200,郭家堡,乡
140702201,张庆,乡
140702202,庄子,乡
140702203,东赵,乡
140703101,胡村,镇
140703102,范村,镇
140703103,水秀,镇
140703200,侯城,乡
140703201,北洸,乡
140703203,阳邑,乡
140703204,小白,乡
140703205,任村,乡
140721100,箕城,镇
140721101,云簇,镇
140721102,郝北,镇
140721103,社城,镇
140721200,河峪,乡
140721201,北寨,乡
140721202,西马,乡
140722100,辽阳,镇
140722101,桐峪,镇
140722102,麻田,镇
140722103,芹泉,镇
140722104,拐儿,镇
140722200,石匣,乡
140722202,羊角,乡
140722203,寒王,乡
140723100,义兴,镇
140723101,李阳,镇
140723102,松烟,镇
140723103,青城,镇
140723104,横岭,镇
140723200,喂马,乡
140723201,平松,乡
140723203,马坊,乡
140724100,乐平,镇
140724101,皋落,镇
140724102,东冶头,镇
140724103,沾尚,镇
140724104,大寨,镇
140724201,李家庄,乡
140724202,界都,乡
140724203,三都,乡
140724204,赵壁,乡
140724205,孔氏,乡
140725100,朝阳,镇
140725101,南燕竹,镇
140725102,宗艾,镇
140725103,平头,镇
140725104,松塔,镇
140725105,西洛,镇
140725106,尹灵芝,镇
140725200,平舒,乡
140725201,解愁,乡
140725202,温家庄,乡
140725203,景尚,乡
140725205,羊头崖,乡
140727100,昭馀,镇
140727101,东观,镇
140727102,古县,镇
140727103,贾令,镇
140727104,城赵,镇
140727105,来远,镇
140727201,峪口,乡
140728001,古城,街道
140728002,城东,街道
140728003,城西,街道
140728100,古陶,镇
140728101,段村,镇
140728102,东泉,镇
140728103,洪善,镇
140728104,宁固,镇
140728200,南政,乡
140728201,中都,乡
140728202,岳壁,乡
140728203,卜宜,乡
140728205,朱坑,乡
140728206,襄垣,乡
140728207,杜家庄,乡
140728208,香乐,乡
140729101,翠峰,镇
140729102,静升,镇
140729103,两渡,镇
140729104,夏门,镇
140729105,南关,镇
140729106,段纯,镇
140729202,王禹,乡
140729203,坛镇,乡
140729204,梁家墕,乡
140729205,交口,乡
140781001,北关,街道
140781002,西关,街道
140781003,东南,街道
140781004,西南,街道
140781005,北坛,街道
140781100,义安,镇
140781101,张兰,镇
140781102,连福,镇
140781103,洪山,镇
140781104,义棠,镇
140781105,龙凤,镇
140781106,绵山,镇
140781200,城关,乡
140781201,宋𦙶,乡
140802001,中城,街道
140802002,东城,街道
140802003,西城,街道
140802004,南城,街道
140802005,北城,街道
140802006,安邑,街道
140802007,大渠,街道
140802008,姚孟,街道
140802100,龙居,镇
140802101,陶村,镇
140802102,东郭,镇
140802103,三路里,镇
140802104,北相,镇
140802105,泓芝驿,镇
140802106,解州,镇
140802200,席张,乡
140802201,金井,乡
140802202,冯村,乡
140802203,王范,乡
140802204,上郭,乡
140802205,上王,乡
140821100,猗氏,镇
140821101,嵋阳,镇
140821102,临晋,镇
140821103,七级,镇
140821104,东张,镇
140821105,孙吉,镇
140821106,三管,镇
140821107,牛杜,镇
140821108,耽子,镇
140821109,角杯,镇
140821200,楚侯,乡
140821201,庙上,乡
140821203,北辛,乡
140821205,北景,乡
140822100,解店,镇
140822101,通化,镇
140822102,汉薛,镇
140822103,荣河,镇
140822104,裴庄,镇
140822105,高村,镇
140822200,万泉,乡
140822201,里望,乡
140822202,西村,乡
140822203,南张,乡
140822205,皇甫,乡
140822206,贾村,乡
140822207,王显,乡
140822208,光华,乡
140823100,桐城,镇
140823101,郭家庄,镇
140823102,畖底,镇
140823103,薛店,镇
140823104,东镇,镇
140823105,礼元,镇
140823106,河底,镇
140823107,阳隅,镇
140823108,侯村,镇
140823109,裴社,镇
140823204,后宫,乡
140823205,石门,乡
140824100,稷峰,镇
140824101,西社,镇
140824102,化峪,镇
140824103,翟店,镇
140824104,清河,镇
140824200,蔡村,乡
140824201,太阳,乡
140825100,龙兴,镇
140825101,三泉,镇
140825102,泽掌,镇
140825103,北张,镇
140825104,古交,镇
140825105,万安,镇
140825106,阳王,镇
140825107,泉掌,镇
140825108,横桥,镇
140826100,古绛,镇
140826101,横水,镇
140826102,陈村,镇
140826103,卫庄,镇
140826104,磨里,镇
140826105,南樊,镇
140826106,安峪,镇
140826107,大交,镇
140826200,郝庄,乡
140826201,冷口,乡
140827100,新城,镇
140827101,历山,镇
140827102,古城,镇
140827103,王茅,镇
140827104,毛家湾,镇
140827105,英言,镇
140827200,蒲掌,乡
140827202,解峪,乡
140827203,华峰,乡
140827204,长直,乡
140827205,皋落,乡
140828100,瑶峰,镇
140828101,庙前,镇
140828102,裴介,镇
140828103,水头,镇
140828104,埝掌,镇
140828105,泗交,镇
140828106,禹王,镇
140828200,尉郭,乡
140828202,胡张,乡
140828203,南大里,乡
140828204,祁家河,乡
140829100,圣人涧,镇
140829101,常乐,镇
140829102,张店,镇
140829103,张村,镇
140829104,曹川,镇
140829105,三门,镇
140829106,部官,镇
140829107,洪池,镇
140829201,杜马,乡
140830100,古魏,镇
140830101,风陵渡,镇
140830102,陌南,镇
140830103,西陌,镇
140830104,永乐,镇
140830105,大王,镇
140830106,阳城,镇
140830107,南磑,镇
140830200,东垆,乡
140830202,学张,乡
140881001,城西,街道
140881002,城北,街道
140881003,城东,街道
140881100,虞乡,镇
140881101,卿头,镇
140881102,开张,镇
140881103,栲栳,镇
140881104,蒲州,镇
140881105,韩阳,镇
140881106,张营,镇
140882001,城区,街道
140882002,清涧,街道
140882003,赵家庄,街道
140882004,阳村,街道
140882100,樊村,镇
140882101,僧楼,镇
140882102,柴家,镇
140882200,小梁,乡
140882204,下化,乡
140902001,秀容,街道
140902002,长征街,街道
140902003,新建路,街道
140902004,云中路,街道
140902005,九原街,街道
140902006,旭来街,街道
140902007,桥西街,街道
140902008,和平街,街道
140902101,奇村,镇
140902102,三交,镇
140902103,庄磨,镇
140902104,豆罗,镇
140902105,董村,镇
140902106,西张,镇
140902107,忻口,镇
140902108,合索,镇
140902205,阳坡,乡
140902206,兰村,乡
140902209,东楼,乡
140902210,北义井,乡
140921100,晋昌,镇
140921101,河边,镇
140921102,宏道,镇
140921103,季庄,镇
140921104,蒋村,镇
140921201,南王,乡
140921203,神山,乡
140921205,受禄,乡
140922100,台城,镇
140922101,台怀,镇
140922102,耿镇,镇
140922103,豆村,镇
140922104,白家庄,镇
140922105,东冶,镇
140922106,石咀,镇
140922107,建安,镇
140922200,沟南,乡
140922201,东雷,乡
140922202,高洪口,乡
140922203,门限石,乡
140922204,陈家庄,乡
140922207,蒋坊,乡
140922209,阳白,乡
140922210,茹村,乡
140922212,金岗库,乡
140923100,上馆,镇
140923101,阳明堡,镇
140923102,峨口,镇
140923103,聂营,镇
140923104,枣林,镇
140923106,雁门关,镇
140923107,峪口,镇
140923200,新高,乡
140923202,上磨坊,乡
140924100,繁城,镇
140924101,砂河,镇
140924102,大营,镇
140924103,平型关,镇
140924201,下茹越,乡
140924203,光裕堡,乡
140924204,集义庄,乡
140924207,东山,乡
140924209,金山铺,乡
140924213,神堂堡,乡
140924215,岩头,乡
140925100,凤凰,镇
140925101,阳方口,镇
140925102,东寨,镇
140925103,石家庄,镇
140925104,宁化,镇
140925200,薛家洼,乡
140925201,余庄,乡
140925202,涔山,乡
140925204,西马坊,乡
140925206,迭台寺,乡
140925208,怀道,乡
140925209,东马坊,乡
140926100,鹅城,镇
140926101,杜家村,镇
140926102,康家会,镇
140926103,丰润,镇
140926104,双路,镇
140926105,王村,镇
140926204,段家寨,乡
140926205,辛村,乡
140926207,神峪沟,乡
140926208,娘子神,乡
140926209,娑婆,乡
140926210,赤泥窊,乡
140927100,龙泉,镇
140927101,义井,镇
140927102,八角,镇
140927200,东湖,乡
140927203,贺职,乡
140927204,长畛,乡
140927205,烈堡,乡
140927206,大严备,乡
140928100,砚城,镇
140928101,小河头,镇
140928102,三岔,镇
140928200,前所,乡
140928201,李家坪,乡
140928202,孙家坪,乡
140928204,胡会,乡
140928206,韩家楼,乡
140928207,东秀庄,乡
140928208,杏岭子,乡
140929100,岚漪,镇
140929101,三井,镇
140929102,宋家沟,镇
140929201,高家会,乡
140929203,李家沟,乡
140929204,水峪贯,乡
140929206,西豹峪,乡
140929208,温泉,乡
140929209,阳坪,乡
140929211,大涧,乡
140930100,西口,镇
140930101,楼子营,镇
140930102,刘家塔,镇
140930103,巡镇,镇
140930104,旧县,镇
140930105,沙泉,镇
140930200,鹿固,乡
140930201,前川,乡
140930202,单寨,乡
140930203,土沟,乡
140930205,沙坪,乡
140930206,社梁,乡
140931100,东关,镇
140931101,义门,镇
140931102,桥头,镇
140931103,杨家湾,镇
140931104,孙家沟,镇
140931200,腰庄,乡
140931201,韩家川,乡
140931202,林遮峪,乡
140931203,冯家川,乡
140931204,土崖塔,乡
140931208,南河沟,乡
140932100,新关,镇
140932102,老营,镇
140932103,万家寨,镇
140932104,水泉,镇
140932105,尚峪,镇
140932106,老牛湾,镇
140932200,窑头,乡
140932201,楼沟,乡
140981001,北城,街道
140981002,南城,街道
140981004,新原,街道
140981005,吉祥,街道
140981101,苏龙口,镇
140981102,崞阳,镇
140981103,大牛店,镇
140981104,阎庄,镇
140981106,轩岗,镇
140981107,云水,镇
140981108,同川,镇
140981202,子干,乡
140981203,中阳,乡
140981204,沿沟,乡
140981205,大林,乡
140981206,西镇,乡
140981208,王家庄,乡
140981210,段家堡,乡
141002001,解放路,街道
141002002,鼓楼西,街道
141002003,水塔,街道
141002004,南街,街道
141002005,乡贤,街道
141002006,辛寺,街道
141002007,路东,街道
141002008,车站,街道
141002009,汾河,街道
141002010,滨河,街道
141002100,屯里,镇
141002101,乔李,镇
141002102,大阳,镇
141002103,县底,镇
141002104,刘村,镇
141002105,金殿,镇
141002106,吴村,镇
141002107,土门,镇
141002108,魏村,镇
141002109,尧庙,镇
141002200,段店,乡
141002201,贾得,乡
141002203,一平垣,乡
141002204,枕头,乡
141021100,乐昌,镇
141021101,史村,镇
141021102,曲村,镇
141021103,高显,镇
141021104,里村,镇
141021200,北董,乡
141021201,杨谈,乡
141022100,唐兴,镇
141022101,南梁,镇
141022102,里砦,镇
141022103,隆化,镇
141022104,桥上,镇
141022105,西阎,镇
141022106,王庄,镇
141022200,中卫,乡
141022201,南唐,乡
141023100,新城,镇
141023101,赵康,镇
141023102,汾城,镇
141023103,南贾,镇
141023104,古城,镇
141023105,襄陵,镇
141023106,邓庄,镇
141023200,陶寺,乡
141023201,永固,乡
141023202,景毛,乡
141023203,西贾,乡
141023204,南辛店,乡
141023205,大邓,乡
141024100,大槐树,镇
141024101,甘亭,镇
141024102,曲亭,镇
141024103,苏堡,镇
141024104,广胜寺,镇
141024105,明姜,镇
141024106,赵城,镇
141024107,万安,镇
141024108,刘家垣,镇
141024109,辛村,镇
141024200,淹底,乡
141024201,兴唐寺,乡
141024202,堤村,乡
141024204,龙马,乡
141024207,山目,乡
141025100,岳阳,镇
141025101,北平,镇
141025102,古阳,镇
141025103,旧县,镇
141025104,三合,镇
141025202,南垣,乡
141026100,府城,镇
141026101,和川,镇
141026102,唐城,镇
141026103,冀氏,镇
141026104,良马,镇
141026105,马壁,镇
141026201,杜村,乡
141027100,天坛,镇
141027101,响水河,镇
141027102,北王,镇
141027103,张庄,镇
141027201,东张,乡
141027202,槐埝,乡
141027206,寨圪塔,乡
141028100,吉昌,镇
141028101,屯里,镇
141028102,壶口,镇
141028200,车城,乡
141028201,文城,乡
141028203,柏山寺,乡
141028204,中垛,乡
141029100,昌宁,镇
141029101,光华,镇
141029102,台头,镇
141029103,管头,镇
141029104,西坡,镇
141029200,双鹤,乡
141029201,关王庙,乡
141029202,尉庄,乡
141029203,西交口,乡
141029204,枣岭,乡
141030100,昕水,镇
141030101,曲峨,镇
141030102,太古,镇
141030200,三多,乡
141030201,太德,乡
141031100,龙泉,镇
141031101,午城,镇
141031102,黄土,镇
141031200,阳头升,乡
141031201,寨子,乡
141031203,下李,乡
141031204,城南,乡
141032100,芝河,镇
141032101,桑壁,镇
141032200,乾坤湾,乡
141032203,坡头,乡
141032204,楼山,乡
141032205,望海寺,乡
141033100,蒲城,镇
141033101,薛关,镇
141033102,黑龙关,镇
141033103,克城,镇
141033104,乔家湾,镇
141033200,山中,乡
141033201,古县,乡
141033204,太林,乡
141034100,永安,镇
141034101,对竹,镇
141034102,勍香,镇
141034103,和平,镇
141034104,僧念,镇
141034200,佃坪,乡
141034201,团柏,乡
141081001,路东,街道
141081002,路西,街道
141081003,浍滨,街道
141081004,上马,街道
141081005,张村,街道
141081200,新田,乡
141081201,高村,乡
141081202,凤城,乡
141082001,鼓楼,街道
141082002,北环路,街道
141082003,南环路,街道
141082004,开元街,街道
141082005,退沙,街道
141082100,白龙,镇
141082101,辛置,镇
141082102,大张,镇
141082103,李曹,镇
141082200,陶唐峪,乡
141082201,三教,乡
141082202,师庄,乡
141102001,凤山,街道
141102002,城北,街道
141102003,滨河,街道
141102004,莲花池,街道
141102005,田家会,街道
141102006,西属巴,街道
141102007,交口,街道
141102100,吴城,镇
141102104,信义,镇
141102201,枣林,乡
141102202,坪头,乡
141121100,凤城,镇
141121101,开栅,镇
141121102,南庄,镇
141121103,南安,镇
141121104,刘胡兰,镇
141121105,下曲,镇
141121106,孝义,镇
141121200,南武,乡
141121201,西城,乡
141121202,北张,乡
141121203,马西,乡
141121204,西槽头,乡
141122100,天宁,镇
141122101,夏家营,镇
141122102,西营,镇
141122103,水峪贯,镇
141122104,西社,镇
141122105,庞泉沟,镇
141122106,洪相,镇
141122202,东坡底,乡
141123100,蔚汾,镇
141123101,魏家滩,镇
141123102,瓦塘,镇
141123103,康宁,镇
141123104,高家村,镇
141123105,罗峪口,镇
141123106,蔡家会,镇
141123200,交楼申,乡
141123202,东会,乡
141123203,固贤,乡
141123204,奥家湾,乡
141123205,蔡家崖,乡
141123207,孟家坪,乡
141123208,赵家坪,乡
141123209,圪垯上,乡
141124100,临泉,镇
141124101,白文,镇
141124102,城庄,镇
141124103,兔坂,镇
141124104,克虎寨,镇
141124105,三交,镇
141124106,湍水头,镇
141124107,林家坪,镇
141124108,招贤,镇
141124109,碛口,镇
141124110,刘家会,镇
141124111,丛罗峪,镇
141124112,曲峪,镇
141124200,木瓜坪,乡
141124201,安业,乡
141124202,玉坪,乡
141124203,青凉寺,乡
141124204,石白头,乡
141124205,雷家碛,乡
141124206,第八堡,乡
141124207,大禹,乡
141124208,车赶,乡
141124209,安家庄,乡
141125100,柳林,镇
141125101,穆村,镇
141125102,薛村,镇
141125103,庄上,镇
141125104,留誉,镇
141125105,下三交,镇
141125106,成家庄,镇
141125107,孟门,镇
141125108,金家庄,镇
141125109,陈家湾,镇
141125200,李家湾,乡
141125201,贾家垣,乡
141125204,高家沟,乡
141125205,石西,乡
141125206,西王家沟,乡
141126100,灵泉,镇
141126101,罗村,镇
141126102,义牒,镇
141126103,小蒜,镇
141126104,辛关,镇
141126200,龙交,乡
141126201,和合,乡
141126203,曹家垣,乡
141126204,裴沟,乡
141127100,东村,镇
141127101,岚城,镇
141127102,普明,镇
141127103,界河口,镇
141127201,上明,乡
141127202,王狮,乡
141127203,梁家庄,乡
141127204,顺会,乡
141127206,社科,乡
141128100,圪洞,镇
141128101,马坊,镇
141128102,峪口,镇
141128103,大武,镇
141128104,北武当,镇
141128105,积翠,镇
141129100,宁乡,镇
141129101,金罗,镇
141129102,枝柯,镇
141129103,武家庄,镇
141129104,暖泉,镇
141129201,下枣林,乡
141130100,水头,镇
141130101,康城,镇
141130102,双池,镇
141130103,桃红坡,镇
141130104,石口,镇
141130105,回龙,镇
141130202,温泉,乡
141181001,新义,街道
141181002,中阳楼,街道
141181003,振兴,街道
141181004,崇文,街道
141181005,胜溪湖,街道
141181100,兑镇,镇
141181101,阳泉曲,镇
141181102,下堡,镇
141181103,西辛庄,镇
141181104,高阳,镇
141181105,梧桐,镇
141181106,柱濮,镇
141181107,大孝堡,镇
141181201,下栅,乡
141181202,驿马,乡
141181204,杜村,乡
141182001,文峰,街道
141182002,太和桥,街道
141182003,西河,街道
141182100,贾家庄,镇
141182101,杏花村,镇
141182102,冀村,镇
141182103,肖家庄,镇
141182104,演武,镇
141182105,三泉,镇
141182106,石庄,镇
141182107,杨家庄,镇
141182108,峪道河,镇
141182109,栗家庄,镇
141182110,阳城,镇
150102001,海拉尔东路,街道
150102002,锡林郭勒北路,街道
150102004,东街,街道
150102005,西街,街道
150102006,东风路,街道
150102007,迎新路,街道
150102008,大青山街,街道
150102009,呼伦贝尔北路,街道
150102010,丁香北路,街道
150102011,东河,街道
150102012,万通路,街道
150102101,保合少,镇
150103001,新华西路,街道
150103002,中山西路,街道
150103003,光明路,街道
150103004,海拉尔西路,街道
150103005,环河街,街道
150103006,通道街,街道
150103007,钢铁路,街道
150103008,阿拉善北路,街道
150103100,攸攸板,镇
150104001,大南街,街道
150104002,小召前街,街道
150104003,鄂尔多斯路,街道
150104004,兴隆巷,街道
150104006,石东路,街道
150104007,西菜园,街道
150104009,昭君路,街道
150104010,云中路,街道
150104011,银河南街,街道
150104100,小黑河,镇
150105001,人民路,街道
150105002,大学西路,街道
150105003,乌兰察布东路,街道
150105004,大学东路,街道
150105005,中专路,街道
150105006,昭乌达南路,街道
150105007,巴彦,街道
150105008,敕勒川路,街道
150105009,科尔沁路,街道
150105010,呼伦贝尔南路,街道
150105011,兴安南路,街道
150105101,榆林,镇
150105103,黄合少,镇
150105104,金河,镇
150121100,察素齐,镇
150121101,毕克齐,镇
150121102,善岱,镇
150121103,白庙子,镇
150121104,台阁牧,镇
150121105,沙尔沁,镇
150121106,敕勒川,镇
150121207,北什轴,乡
150121208,塔布赛,乡
150122100,双河,镇
150122101,新营子,镇
150122102,五申,镇
150122103,古城,镇
150122104,伍什家,镇
150123100,城关,镇
150123101,盛乐,镇
150123102,新店子,镇
150123103,巧什营,镇
150123203,舍必崖,乡
150123205,大红城,乡
150123206,羊群沟,乡
150123207,黑老夭,乡
150124100,喇嘛湾,镇
150124101,城关,镇
150124102,宏河,镇
150124103,老牛湾,镇
150124201,窑沟,乡
150124203,北堡,乡
150124208,韭菜庄,乡
150124209,五良太,乡
150125100,可可以力更,镇
150125101,哈乐,镇
150125102,西乌兰不浪,镇
150125200,大青山,乡
150125204,得胜沟,乡
150125205,上秃亥,乡
150125213,哈拉合少,乡
150125214,二份子,乡
150125215,耗赖山,乡
150202001,和平路,街道
150202002,财神庙,街道
150202003,西脑包,街道
150202004,南门外,街道
150202005,南圪洞,街道
150202006,东站,街道
150202007,回民,街道
150202008,天骄,街道
150202009,河东,街道
150202010,铁西,街道
150202011,东兴,街道
150202012,杨圪塄,街道
150202100,河东,镇
150202101,沙尔沁,镇
150203001,少先路,街道
150203002,昆北,街道
150203003,沼潭,街道
150203004,林荫路,街道
150203005,友谊大街,街道
150203006,阿尔丁大街,街道
150203007,团结大街,街道
150203008,鞍山道,街道
150203009,前进道,街道
150203010,市府东路,街道
150203011,白云路,街道
150203012,黄河西路,街道
150203013,昆工路,街道
150203100,昆河,镇
150203101,卜尔汉图,镇
150204001,先锋道,街道
150204002,幸福路,街道
150204003,万青路,街道
150204004,富强路,街道
150204005,科学路,街道
150204006,青山路,街道
150204007,自由路,街道
150204008,乌素图,街道
150204100,青福,镇
150204101,兴胜,镇
150205001,石拐,街道
150205002,大发,街道
150205003,大磁,街道
150205004,五当沟,街道
150205005,白狐沟,街道
150205006,大德恒,街道
150205100,五当召,镇
150205200,吉忽伦图,苏木
150206001,矿山路,街道
150206002,通阳道,街道
150207001,沙河,街道
150207002,赛汗,街道
150207003,萨如拉,街道
150207004,白音席勒,街道
150207005,稀土路,街道
150207103,麻池,镇
150207104,哈业胡同,镇
150207105,哈林格尔,镇
150207106,万水泉,镇
150207205,阿嘎如泰,苏木
150221100,萨拉齐,镇
150221101,双龙,镇
150221102,美岱召,镇
150221103,沟门,镇
150221104,将军尧,镇
150221202,明沙淖,乡
150221203,海子,乡
150221212,苏波盖,乡
150222100,金山,镇
150222101,西斗铺,镇
150222102,下湿壕,镇
150222103,银号,镇
150222104,怀朔,镇
150222105,兴顺西,镇
150223100,百灵庙,镇
150223101,满都拉,镇
150223102,希拉穆仁,镇
150223103,明安,镇
150223104,巴音花,镇
150223105,石宝,镇
150223106,乌克忽洞,镇
150223216,达尔汗,苏木
150223217,巴音敖包,苏木
150223218,查干哈达,苏木
150223219,西河,乡
150223220,小文公,乡
150302001,新华,街道
150302002,新华西,街道
150302003,凤凰岭,街道
150302004,海北,街道
150302005,滨河,街道
150302007,林荫,街道
150302108,千里山,镇
150303001,西卓子山,街道
150303002,拉僧仲,街道
150303101,拉僧庙,镇
150303102,公乌素,镇
150303103,巴音陶亥,镇
150304001,巴音赛,街道
150304002,三道坎,街道
150304003,五虎山,街道
150304004,梁家沟,街道
150304005,新达,街道
150304006,滨海,街道
150304007,苏海图,街道
150304100,乌兰淖尔,镇
150402001,西屯,街道
150402002,三中街,街道
150402003,永巨,街道
150402004,东城,街道
150402005,南新街,街道
150402006,站前,街道
150402007,铁南,街道
150402008,长青,街道
150402009,哈达,街道
150402010,西城,街道
150402011,桥北,街道
150402100,红庙子,镇
150402102,文钟,镇
150403001,西露天,街道
150403002,平庄城区,街道
150403003,平庄东城,街道
150403004,平庄西城,街道
150403005,云杉路,街道
150403006,马林,街道
150403100,风水沟,镇
150403101,元宝山,镇
150403102,美丽河,镇
150403103,平庄,镇
150403104,五家,镇
150403201,小五家,乡
150404001,振兴,街道
150404002,向阳,街道
150404003,松州,街道
150404004,铁东,街道
150404100,穆家营子,镇
150404101,初头朗,镇
150404102,大庙,镇
150404103,王府,镇
150404104,老府,镇
150404105,哈拉道口,镇
150404106,上官地,镇
150404107,安庆,镇
150404108,太平地,镇
150404200,当铺地|满族,乡
150404201,夏家店,乡
150404202,城子,乡
150404203,大夫营子,乡
150404204,岗子,乡
150421100,天山,镇
150421101,天山口,镇
150421102,双胜,镇
150421103,坤都,镇
150421104,巴彦花,镇
150421105,绍根,镇
150421106,扎嘎斯台,镇
150421200,新民,乡
150421201,先锋,乡
150421202,罕苏木,苏木
150421203,赛罕塔拉,苏木
150421204,巴拉奇如德,苏木
150421205,巴彦温都尔,苏木
150421206,乌兰哈达,乡
150422100,林东,镇
150422101,隆昌,镇
150422102,十三敖包,镇
150422103,碧流台,镇
150422104,富河,镇
150422105,白音勿拉,镇
150422106,哈拉哈达,镇
150422200,查干哈达,苏木
150422201,乌兰达坝,苏木
150422202,三山,乡
150422203,花加拉嘎,乡
150423100,大板,镇
150423101,索博日嘎,镇
150423102,宝日勿苏,镇
150423103,查干诺尔,镇
150423105,巴彦琥硕,镇
150423200,西拉沐沦,苏木
150423201,巴彦塔拉,苏木
150423202,幸福之路,苏木
150423204,查干沐沦,苏木
150424100,官地,镇
150424101,新城子,镇
150424102,新林,镇
150424103,五十家子,镇
150424104,林西,镇
150424105,大井,镇
150424106,统部,镇
150424200,大营子,乡
150424201,十二吐,乡
150425100,经棚,镇
150425102,宇宙地,镇
150425103,土城子,镇
150425104,达来诺日,镇
150425105,同兴,镇
150425106,万合永,镇
150425108,芝瑞,镇
150425208,新开地,乡
150425214,红山子,乡
150425219,达日罕乌拉,苏木
150425221,巴彦查干,苏木
150425222,浩来呼热,苏木
150425223,乌兰布统,苏木
150426100,乌丹,镇
150426101,乌敦套海,镇
150426102,五分地,镇
150426103,桥头,镇
150426104,广德公,镇
150426105,梧桐花,镇
150426106,海拉苏,镇
150426107,亿合公,镇
150426200,解放营子,乡
150426201,阿什罕,苏木
150426202,新苏莫,苏木
150426203,白音套海,苏木
150426204,毛山东,乡
150426205,格日僧,苏木
150428100,锦山,镇
150428101,美林,镇
150428102,王爷府,镇
150428103,小牛群,镇
150428104,牛家营子,镇
150428105,乃林,镇
150428106,西桥,镇
150428200,十家|满族,乡
150428201,南台子,乡
150429100,天义,镇
150429101,小城子,镇
150429102,大城子,镇
150429103,八里罕,镇
150429104,黑里河,镇
150429105,右北平,镇
150429106,大双庙,镇
150429107,汐子,镇
150429108,大明,镇
150429109,忙农,镇
150429110,五化,镇
150429111,必斯营子,镇
150429112,三座店,镇
150429202,一肯中,乡
150429203,存金沟,乡
150430100,新惠,镇
150430101,四家子,镇
150430102,长胜,镇
150430103,贝子府,镇
150430104,四道湾子,镇
150430105,下洼,镇
150430106,金厂沟梁,镇
150430107,兴隆洼,镇
150430108,黄羊洼,镇
150430109,古鲁板蒿,镇
150430110,牛古吐,镇
150430202,木头营子,乡
150430204,丰收,乡
150430205,玛尼罕,乡
150430206,萨力巴,乡
150430207,敖润苏莫,苏木
150502001,科尔沁,街道
150502002,西门,街道
150502003,永清,街道
150502004,明仁,街道
150502005,施介,街道
150502006,团结,街道
150502007,东郊,街道
150502008,铁路,街道
150502009,电厂,街道
150502010,霍林河,街道
150502011,河西,街道
150502012,红星,街道
150502013,建国,街道
150502014,新城,街道
150502015,滨河,街道
150502100,大林,镇
150502101,钱家店,镇
150502102,余粮堡,镇
150502104,木里图,镇
150502106,丰田,镇
150502108,清河,镇
150502110,育新,镇
150502113,庆和,镇
150502114,敖力布皋,镇
150502130,辽河,镇
150502200,莫力庙,苏木
150521100,保康,镇
150521101,宝龙山,镇
150521102,舍伯吐,镇
150521103,巴彦塔拉,镇
150521104,门达,镇
150521105,架玛吐,镇
150521106,腰林毛都,镇
150521107,希伯花,镇
150521108,花吐古拉,镇
150521109,代力吉,镇
150521110,努日木,镇
150521204,图布信,苏木
150521207,协代,苏木
150521210,白兴吐,苏木
150521212,花胡硕,苏木
150521213,敖包,苏木
150521214,胜利,乡
150522101,金宝屯,镇
150522102,吉尔嘎朗,镇
150522103,双胜,镇
150522107,阿古拉,镇
150522109,朝鲁吐,镇
150522110,海鲁吐,镇
150522111,甘旗卡,镇
150522112,常胜,镇
150522113,查日苏,镇
150522136,努古斯台,镇
150522208,阿都沁,苏木
150522209,茂道吐,苏木
150522210,巴胡塔,苏木
150522211,散都,苏木
150522212,巴彦毛都,苏木
150523100,开鲁,镇
150523103,大榆树,镇
150523104,黑龙坝,镇
150523105,麦新,镇
150523108,建华,镇
150523109,小街基,镇
150523111,东风,镇
150523112,吉日嘎郎吐,镇
150523113,东来,镇
150523114,义和塔拉,镇
150524100,库伦,镇
150524101,六家子,镇
150524103,额勒顺,镇
150524104,扣河子,镇
150524105,白音花,镇
150524203,茫汗,苏木
150524204,水泉,乡
150524205,先进,苏木
150525100,大沁他拉,镇
150525101,八仙筒,镇
150525102,青龙山,镇
150525103,东明,镇
150525104,治安,镇
150525105,义隆永,镇
150525106,新,镇
150525109,沙日浩来,镇
150525201,黄花塔拉,苏木
150525202,固日班花,苏木
150525203,白音他拉,苏木
150525205,明仁,苏木
150525206,土城子,乡
150525207,苇莲苏,乡
150526100,鲁北,镇
150526101,巨日合,镇
150526103,黄花山,镇
150526104,巴雅尔吐胡硕,镇
150526105,嘎亥图,镇
150526106,香山,镇
150526107,阿日昆都楞,镇
150526203,格日朝鲁,苏木
150526204,乌力吉木仁,苏木
150526209,巴彦塔拉,苏木
150526210,道老杜,苏木
150526211,前德门,苏木
150526212,乌兰哈达,苏木
150526213,查布嘎图,苏木
150526214,乌额格其,苏木
150581001,珠斯花,街道
150581002,莫斯台,街道
150581003,宝日呼吉尔,街道
150581005,沙尔呼热,街道
150581200,达来胡硕,苏木
150602001,交通,街道
150602002,公园,街道
150602003,林荫,街道
150602004,建设,街道
150602005,富兴,街道
150602006,天骄,街道
150602007,诃额伦,街道
150602008,巴音门克,街道
150602009,民族,街道
150602010,幸福,街道
150602011,纺织,街道
150602012,兴胜,街道
150602106,泊尔江海子,镇
150602107,罕台,镇
150602108,铜川,镇
150603001,哈巴格希,街道
150603002,青春山,街道
150603003,滨河,街道
150603004,康新,街道
150621001,锡尼,街道
150621002,西园,街道
150621003,白塔,街道
150621004,工业,街道
150621005,昭君,街道
150621006,平原,街道
150621108,王爱召,镇
150621109,树林召,镇
150621110,昭君,镇
150621111,白泥井,镇
150621112,吉格斯太,镇
150621113,中和西,镇
150621114,恩格贝,镇
150621115,风水梁,镇
150621201,展旦召,苏木
150622001,友谊,街道
150622002,蓝天,街道
150622003,兴隆,街道
150622004,迎泽,街道
150622114,薛家湾,镇
150622115,沙圪堵,镇
150622116,龙口,镇
150622117,准格尔召,镇
150622118,纳日松,镇
150622119,大路,镇
150622120,魏家峁,镇
150622206,布尔陶亥,苏木
150622207,十二连城,乡
150622208,暖水,乡
150623105,敖勒召其,镇
150623106,上海庙,镇
150623107,昂素,镇
150623108,城川,镇
150624100,蒙西,镇
150624101,乌兰,镇
150624102,棋盘井,镇
150624103,木凯淖尔,镇
150624200,苏米图,苏木
150624203,阿尔巴斯,苏木
150625100,锡尼,镇
150625101,巴拉贡,镇
150625102,吉日嘎朗图,镇
150625103,呼和木独,镇
150625104,独贵塔拉,镇
150625206,伊和乌素,苏木
150626106,乌审召,镇
150626107,图克,镇
150626108,嘎鲁图,镇
150626109,乌兰陶勒盖,镇
150626110,无定河,镇
150626203,苏力德,苏木
150627100,阿勒腾席热,镇
150627107,札萨克,镇
150627108,红庆河,镇
150627109,伊金霍洛,镇
150627110,乌兰木伦,镇
150627111,纳林陶亥,镇
150627113,苏布尔嘎,镇
150702001,正阳,街道
150702003,靠山,街道
150702004,健康,街道
150702005,胜利,街道
150702006,呼伦,街道
150702007,建设,街道
150702008,东山,街道
150702101,奋斗,镇
150702102,哈克,镇
150703001,第一,街道
150703002,第二,街道
150703003,第三,街道
150703004,第四,街道
150703005,第五,街道
150703100,灵泉,镇
150721100,那吉,镇
150721102,六合,镇
150721104,亚东,镇
150721105,复兴,镇
150721106,霍尔奇,镇
150721108,向阳峪,镇
150721109,三岔河,镇
150721110,兴安,镇
150721200,得力其尔|鄂温克,民族乡
150721201,查巴奇|鄂温克,民族乡
150721202,音河|达斡尔|鄂温克,民族乡
150721203,新发|朝鲜,民族乡
150722100,尼尔基,镇
150722101,红彦,镇
150722102,宝山,镇
150722103,哈达阳,镇
150722104,阿尔拉,镇
150722106,西瓦尔图,镇
150722108,腾克,镇
150722110,塔温敖宝,镇
150722120,汉古尔河,镇
150722121,奎勒河,镇
150722122,登特科,镇
150722200,巴彦|鄂温克,民族乡
150722203,杜拉尔|鄂温克,民族乡
150722204,库如奇,乡
150722205,额尔和,乡
150723100,阿里河,镇
150723102,诺敏,镇
150723104,乌鲁布铁,镇
150723105,大杨树,镇
150723107,宜里,镇
150723109,甘河,镇
150723113,克一河,镇
150723114,吉文,镇
150723200,古里,乡
150723216,托扎敏,乡
150724101,伊敏河,镇
150724102,巴彦托海,镇
150724104,红花尔基,镇
150724105,大雁,镇
150724200,巴彦塔拉|达斡尔,民族乡
150724201,伊敏,苏木
150724202,辉,苏木
150724203,锡尼河东,苏木
150724204,锡尼河西,苏木
150724205,巴彦嵯岗,苏木
150725100,巴彦库仁,镇
150725101,宝日希勒,镇
150725102,呼和诺尔,镇
150725201,|鄂温克,民族苏木
150725202,东乌珠尔,苏木
150725203,巴彦哈达,苏木
150725204,西乌珠尔,苏木
150726100,阿木古郎,镇
150726101,嵯岗,镇
150726202,新宝力格,苏木
150726203,乌布尔宝力格,苏木
150726204,吉布胡郎图,苏木
150726205,罕达盖,苏木
150726206,甘珠尔,苏木
150727100,阿拉坦额莫勒,镇
150727101,呼伦,镇
150727102,阿日哈沙特,镇
150727204,克尔伦,苏木
150727206,贝尔,苏木
150727207,达赉,苏木
150727208,宝格德乌拉,苏木
150781001,北区,街道
150781002,兴华,街道
150781003,东山,街道
150781004,南区,街道
150781005,敖尔金,街道
150781100,新开河,镇
150782001,胜利,街道
150782002,红旗,街道
150782003,新工,街道
150782004,永兴,街道
150782005,建设,街道
150782006,暖泉,街道
150782101,免渡河,镇
150782103,博克图,镇
150782105,绰河源,镇
150782108,乌尔其汉,镇
150782109,库都尔,镇
150782110,图里河,镇
150782111,乌奴耳,镇
150782112,塔尔气,镇
150782113,伊图里河,镇
150782114,牧原,镇
150783001,兴华,街道
150783002,正阳,街道
150783003,繁荣,街道
150783004,向阳,街道
150783005,铁东,街道
150783006,河西,街道
150783007,高台子,街道
150783100,蘑菇气,镇
150783106,卧牛河,镇
150783108,成吉思汗,镇
150783109,大河湾,镇
150783110,哈多河,镇
150783112,浩饶山,镇
150783113,柴河,镇
150783114,中和,镇
150783200,|达斡尔,民族乡
150783201,南木|鄂伦春,民族乡
150783204,萨马街|鄂温克,民族乡
150783205,洼堤,乡
150784001,拉布大林,街道
150784002,上库力,街道
150784100,莫尔道嘎,镇
150784101,黑山头,镇
150784102,恩和哈达,镇
150784200,三河|回族,乡
150784201,蒙兀室韦,苏木
150784203,恩和|俄罗斯族,民族乡
150784204,奇乾,乡
150785001,河东,街道
150785002,河西,街道
150785003,森工,街道
150785004,好里堡,街道
150785102,金河,镇
150785103,阿龙山,镇
150785104,满归,镇
150785105,得耳布尔,镇
150785200,敖鲁古雅|鄂温克,民族乡
150802001,团结,街道
150802002,车站,街道
150802003,先锋,街道
150802004,解放,街道
150802005,新华,街道
150802006,东环,街道
150802007,铁南,街道
150802008,西环,街道
150802009,北环,街道
150802010,金川,街道
150802011,汇丰,街道
150802100,狼山,镇
150802101,新华,镇
150802102,干召庙,镇
150802104,乌兰图克,镇
150802107,双河,镇
150802109,城关,镇
150802110,白脑包,镇
150802200,八一,乡
150802201,曙光,乡
150821100,隆兴昌,镇
150821101,塔尔湖,镇
150821102,巴彦套海,镇
150821104,新公中,镇
150821105,天吉泰,镇
150821106,胜丰,镇
150821107,银定图,镇
150821108,复兴,镇
150821200,和胜,乡
150822100,巴彦高勒,镇
150822103,隆盛合,镇
150822104,渡口,镇
150822105,补隆淖,镇
150822202,沙金套海,苏木
150823101,乌拉山,镇
150823102,白彦花,镇
150823103,新安,镇
150823104,大佘太,镇
150823106,西小召,镇
150823108,明安,镇
150823109,先锋,镇
150823110,小佘太,镇
150823111,苏独仑,镇
150823209,额尔登布拉格,苏木
150823210,沙德格,苏木
150824100,德岭山,镇
150824101,石哈河,镇
150824102,海流图,镇
150824103,乌加河,镇
150824105,甘其毛都,镇
150824106,温更,镇
150824203,巴音乌兰,苏木
150824205,呼勒斯太,苏木
150824207,新忽热,苏木
150824208,川井,苏木
150825100,巴音宝力格,镇
150825101,呼和温都尔,镇
150825103,潮格温都尔,镇
150825204,获各琦,苏木
150825207,巴音前达门,苏木
150825208,乌盖,苏木
150826101,头道桥,镇
150826102,二道桥,镇
150826103,三道桥,镇
150826104,团结,镇
150826105,双庙,镇
150826106,蛮会,镇
150826107,陕坝,镇
150826108,沙海,镇
150826109,蒙海,镇
150902001,新体路,街道
150902002,桥东,街道
150902003,前进路,街道
150902004,常青,街道
150902005,虎山,街道
150902006,桥西,街道
150902007,新华街,街道
150902008,泉山,街道
150902101,白海子,镇
150902201,马莲渠,乡
150921100,卓资山,镇
150921101,旗下营,镇
150921102,十八台,镇
150921103,巴音锡勒,镇
150921104,梨花,镇
150921203,大榆树,乡
150921208,红召,乡
150921209,复兴,乡
150922100,长顺,镇
150922101,七号,镇
150922102,朝阳,镇
150922205,德包图,乡
150922207,公腊胡洞,乡
150922208,白音特拉,乡
150923100,七台,镇
150923101,十八顷,镇
150923102,大黑沙土,镇
150923103,西井子,镇
150923104,屯垦队,镇
150923105,小海子,镇
150923205,大库伦,乡
150923206,卯都,乡
150923207,玻璃忽镜,乡
150923208,三大顷,乡
150924100,城关,镇
150924101,张皋,镇
150924102,赛乌素,镇
150924103,鄂尔栋,镇
150924105,店子,镇
150924202,大库联,乡
150924205,民族团结,乡
150924206,大同夭,乡
150924207,五股泉,乡
150925100,岱海,镇
150925101,麦胡图,镇
150925102,永兴,镇
150925103,六苏木,镇
150925104,蛮汉,镇
150925105,鸿茅,镇
150925204,天成,乡
150925207,曹碾|满族,乡
150926100,土贵乌拉,镇
150926101,平地泉,镇
150926102,玫瑰营,镇
150926104,巴音塔拉,镇
150926105,黄旗海,镇
150926202,乌拉哈乌拉,乡
150926203,黄茂营,乡
150926208,三岔口,乡
150926209,老圈沟,乡
150927100,科布尔,镇
150927101,铁沙盖,镇
150927102,乌素图,镇
150927103,广益隆,镇
150927104,黄羊城,镇
150927203,宏盘,乡
150927204,巴音,乡
150927211,大滩,乡
150927214,乌兰哈页,苏木
150927215,库伦,苏木
150927216,土城子,乡
150928100,土牧尔台,镇
150928101,红格尔图,镇
150928102,白音察干,镇
150928103,贲红,镇
150928105,大六号,镇
150928204,当郎忽洞,苏木
150928206,锡勒,乡
150928207,乌兰哈达,苏木
150929100,乌兰花,镇
150929101,供济堂,镇
150929102,吉生太,镇
150929103,库伦图,镇
150929104,白音朝克图,镇
150929208,东八号,乡
150929211,忽鸡图,乡
150929215,查干补力格,苏木
150929219,脑木更,苏木
150929223,红格尔,苏木
150929225,江岸,苏木
150929227,巴音敖包,苏木
150929228,大黑河,乡
150981001,新城区,街道
150981002,旧城区,街道
150981003,北城区,街道
150981004,工业区,街道
150981005,南城区,街道
150981101,黑土台,镇
150981102,隆盛庄,镇
150981103,巨宝庄,镇
150981104,红砂坝,镇
150981105,三义泉,镇
150981201,浑源窑,乡
150981205,官屯堡,乡
150981206,元山子,乡
152201001,爱国,街道
152201002,和平,街道
152201003,兴安,街道
152201004,胜利,街道
152201005,铁西,街道
152201006,都林,街道
152201007,五一,街道
152201008,城郊,街道
152201009,天骄,街道
152201010,新城,街道
152201011,山水,街道
152201101,乌兰哈达,镇
152201102,葛根庙,镇
152201103,太本站,镇
152201104,义勒力特,镇
152202001,林海,街道
152202002,新城,街道
152202003,温泉,街道
152202004,伊尔施,街道
152202100,天池,镇
152202101,白狼,镇
152202102,五岔沟,镇
152202103,明水河,镇
152221100,索伦,镇
152221101,大石寨,镇
152221102,归流河,镇
152221103,察尔森,镇
152221104,科尔沁,镇
152221110,额尔格图,镇
152221111,德伯斯,镇
152221119,居力很,镇
152221120,俄体,镇
152221203,|满族屯|满族,乡
152221205,乌兰毛都,苏木
152221207,阿力得尔,苏木
152221208,巴日嘎斯台,乡
152221209,桃合木,苏木
152222100,巴彦呼舒,镇
152222101,高力板,镇
152222102,吐列毛都,镇
152222103,巴仁哲里木,镇
152222104,杜尔基,镇
152222105,好腰苏木,镇
152222203,新佳木,苏木
152222206,代钦塔拉,苏木
152222207,哈日诺尔,苏木
152222208,巴彦茫哈,苏木
152222209,巴彦淖尔,苏木
152222210,额木庭高勒,苏木
152223100,音德尔,镇
152223101,新林,镇
152223102,巴彦高勒,镇
152223103,胡尔勒,镇
152223104,阿尔本格勒,镇
152223105,巴达尔胡,镇
152223107,图牧吉,镇
152223108,好力保,镇
152223210,巴彦乌兰,苏木
152223211,努文木仁,乡
152223212,巴彦扎拉嘎,乡
152223213,阿拉达尔吐,苏木
152223214,宝力根花,苏木
152224100,突泉,镇
152224101,六户,镇
152224102,东杜尔基,镇
152224103,永安,镇
152224104,水泉,镇
152224105,宝石,镇
152224200,九龙,乡
152224201,太平,乡
152224202,学田,乡
152501001,乌兰,街道
152501002,锡林,街道
152501003,东城,街道
152501200,格日勒敖都,苏木
152502001,希日塔拉,街道
152502002,宝力根,街道
152502003,杭盖,街道
152502004,楚古兰,街道
152502005,额尔敦,街道
152502006,南郊,街道
152502007,巴彦锡勒,街道
152502008,巴彦查干,街道
152502100,阿尔善宝拉格,镇
152502200,宝力根,苏木
152502201,朝克乌拉,苏木
152502202,巴彦宝拉格,苏木
152522100,别力古台,镇
152522101,洪格尔高勒,镇
152522102,查干淖尔,镇
152522200,那仁宝拉格,苏木
152522201,伊和高勒,苏木
152522202,吉尔嘎郎图,苏木
152522203,巴彦图嘎,苏木
152523100,满都拉图,镇
152523101,查干敖包,镇
152523102,巴彦淖尔,镇
152523200,巴彦乌拉,苏木
152523201,赛罕高毕,苏木
152523202,洪格尔,苏木
152523203,达来,苏木
152524100,赛汉塔拉,镇
152524101,朱日和,镇
152524102,乌日根塔拉,镇
152524200,桑宝拉格,苏木
152524201,额仁淖尔,苏木
152524202,赛罕乌力吉,苏木
152524203,阿其图乌拉,苏木
152525100,乌里雅斯太,镇
152525101,道特淖尔,镇
152525102,嘎达布其,镇
152525103,满都胡宝拉格,镇
152525104,额吉淖尔,镇
152525105,巴彦胡硕,镇
152525200,呼热图淖尔,苏木
152525201,萨麦,苏木
152525202,嘎海乐,苏木
152525203,阿拉坦合力,苏木
152526100,巴拉嘎尔高勒,镇
152526101,巴彦花,镇
152526102,吉仁高勒,镇
152526103,浩勒图高勒,镇
152526104,高日罕,镇
152526200,巴彦胡舒,苏木
152526201,乌兰哈拉嘎,苏木
152527100,宝昌,镇
152527101,千斤沟,镇
152527102,红旗,镇
152527103,骆驼山,镇
152527104,永丰,镇
152527200,幸福,乡
152527201,贡宝拉格,苏木
152528100,新宝拉格,镇
152528101,巴彦塔拉,镇
152528200,翁贡乌拉,苏木
152528201,宝格达音高勒,苏木
152529100,明安图,镇
152529101,星耀,镇
152529200,伊和淖尔,苏木
152529201,乌兰查布,苏木
152529202,宝拉根陶海,苏木
152530100,上都,镇
152530101,桑根达来,镇
152530102,哈毕日嘎,镇
152530200,宝绍代,苏木
152530201,那日图,苏木
152530202,赛音呼都嘎,苏木
152530203,扎格斯台,苏木
152531100,大北沟,镇
152531101,多伦诺尔,镇
152531102,滦源,镇
152531201,蔡木山,乡
152531202,西干沟,乡
152921100,巴彦浩特,镇
152921101,嘉尔嘎勒赛汉,镇
152921102,温都尔勒图,镇
152921103,吉兰泰,镇
152921104,乌斯太,镇
152921105,巴润别立,镇
152921107,宗别立,镇
152921108,敖伦布拉格,镇
152921109,腾格里额里斯,镇
152921203,巴彦木仁,苏木
152921207,乌力吉,苏木
152921210,额尔克哈什哈,苏木
152921212,巴彦诺日公,苏木
152921213,银根,苏木
152921214,超格图呼热,苏木
152922100,巴丹吉林,镇
152922101,雅布赖,镇
152922103,阿拉腾敖包,镇
152922201,阿拉腾朝格,苏木
152922205,曼德拉,苏木
152922206,塔木素布拉格,苏木
152922207,巴彦高勒,苏木
152923001,东风,街道
152923002,航空,街道
152923101,东风,镇
152923102,达来呼布,镇
152923103,哈日布日格德音乌拉,镇
152923104,策克,镇
152923200,赛汉陶来,苏木
152923204,马鬃山,苏木
152923205,苏泊淖尔,苏木
152923206,巴彦陶来,苏木
152923207,温图高勒,苏木
152923208,巴音陶海,苏木
210102001,浑河湾,街道
210102002,新华,街道
210102005,太原街,街道
210102010,北市场,街道
210102014,南市场,街道
210102016,马路湾,街道
210102019,南湖,街道
210102021,长白,街道
210102022,沈水湾,街道
210102023,浑河站西,街道
210103005,滨河,街道
210103006,万莲,街道
210103013,朱剪炉,街道
210103014,北站,街道
210103015,风雨坛,街道
210103017,五里河,街道
210103018,皇城,街道
210103019,马官桥,街道
210103020,南塔,街道
210103021,东陵,街道
210103022,泉园,街道
210104002,大北,街道
210104003,万泉,街道
210104006,文官,街道
210104007,二台子,街道
210104009,东站,街道
210104012,长安,街道
210104015,东塔,街道
210104016,津桥,街道
210104017,前进,街道
210104018,上园,街道
210105020,舍利塔,街道
210105021,黄河,街道
210105022,三台子,街道
210105023,新乐,街道
210105025,明廉,街道
210105028,华山,街道
210105029,北塔,街道
210105030,陵东,街道
210105031,四台子,街道
210105032,鸭绿江,街道
210106001,昆明湖,街道
210106003,工人村,街道
210106007,启工,街道
210106011,兴顺,街道
210106013,笃工,街道
210106015,兴华,街道
210106019,霁虹,街道
210106020,凌空,街道
210106023,重工,街道
210106025,翟家,街道
210106026,大青中朝友谊,街道
210106027,大潘,街道
210106028,高花,街道
210106029,彰驿站,街道
210111001,解放,街道
210111003,民主,街道
210111005,中兴,街道
210111009,林盛,街道
210111010,沙河,街道
210111011,十里河,街道
210111012,陈相,街道
210111015,永乐,街道
210111018,佟沟,街道
210111019,八一红菱,街道
210111020,沈水,街道
210111021,白清姚千,街道
210112005,桃仙,街道
210112006,深井子,街道
210112007,祝家,街道
210112008,白塔,街道
210112010,李相,街道
210112014,五三,街道
210112015,浑河站东,街道
210112016,东湖,街道
210112017,高坎,街道
210112018,满堂,街道
210112019,王滨,街道
210112021,汪家,街道
210113001,新城子,街道
210113002,清水台,街道
210113003,道义,街道
210113004,辉山,街道
210113005,虎石台,街道
210113006,财落,街道
210113008,兴隆台,街道
210113011,黄家,街道
210113014,马刚,街道
210113015,正良,街道
210114001,迎宾路,街道
210114003,陵西,街道
210114004,城东湖,街道
210114005,平罗,街道
210114006,马三家,街道
210114007,沙岭,街道
210114008,造化,街道
210114011,北陵,街道
210114013,南阳湖,街道
210114014,光辉,街道
210115001,蒲西,街道
210115002,蒲东,街道
210115003,茨榆坨,街道
210115004,城郊,街道
210115101,于家房,镇
210115102,朱家房,镇
210115103,冷子堡,镇
210115104,刘二堡,镇
210115107,满都户,镇
210115108,杨士岗,镇
210115109,肖寨门,镇
210115110,六间房,镇
210115111,养士堡,镇
210115112,潘家堡,镇
210115118,老大房,镇
210115119,大黑岗子,镇
210115120,牛心坨,镇
210115121,四方台,镇
210115122,长滩,镇
210115123,新民屯,镇
210123001,北三家子,街道
210123002,胜利,街道
210123003,东关,街道
210123101,小城子,镇
210123102,张强,镇
210123103,方家屯,镇
210123105,郝官屯,镇
210123106,二牛所口,镇
210123203,北四家子,乡
210123204,两家子,乡
210123206,海洲窝堡,乡
210123208,沙金台|蒙古族|满族,乡
210123209,柳树屯|蒙古族|满族,乡
210123210,西关屯|蒙古族|满族,乡
210123211,东升|满族|蒙古族,乡
210124001,吉祥,街道
210124002,龙山,街道
210124101,大孤家子,镇
210124102,三面船,镇
210124103,秀水河子,镇
210124104,叶茂台,镇
210124105,登仕堡子,镇
210124106,柏家沟,镇
210124107,丁家房,镇
210124108,孟家,镇
210124109,十间房,镇
210124110,冯贝堡,镇
210124111,依牛堡子,镇
210124112,包家屯,镇
210124201,慈恩寺,乡
210124203,和平,乡
210124208,四家子|蒙古族,乡
210124209,双台子,乡
210124210,卧牛石,乡
210181001,东城,街道
210181002,辽滨,街道
210181003,西城,街道
210181004,新柳,街道
210181101,大红旗,镇
210181102,梁山,镇
210181103,公主屯,镇
210181104,兴隆,镇
210181105,前当堡,镇
210181106,大民屯,镇
210181107,大柳屯,镇
210181108,兴隆堡,镇
210181109,胡台,镇
210181110,法哈牛,镇
210181111,柳河沟,镇
210181112,高台子,镇
210181113,罗家房,镇
210181114,三道岗子,镇
210181115,周坨子,镇
210181116,东蛇山子,镇
210181117,陶家屯,镇
210181118,张家屯,镇
210181119,金五台子,镇
210181120,新农村,镇
210181205,红旗,乡
210181206,卢家屯,乡
210181207,姚堡,乡
210181209,于家窝堡,乡
210202011,桃源,街道
210202012,老虎滩,街道
210202014,海军广场,街道
210202019,人民路,街道
210202020,青泥洼桥,街道
210202021,葵英,街道
210203001,香炉礁,街道
210203010,八一路,街道
210203013,白云,街道
210203016,日新,街道
210203017,人民广场,街道
210204006,春柳,街道
210204008,马栏,街道
210204009,南沙,街道
210204010,黑石礁,街道
210204011,李家,街道
210204017,星海湾,街道
210204018,西安路,街道
210211001,周水子,街道
210211004,甘井子,街道
210211006,南关岭,街道
210211007,泡崖,街道
210211010,机场,街道
210211014,辛寨子,街道
210211015,红旗,街道
210211017,大连湾,街道
210211018,椒金山,街道
210211019,泉水,街道
210211021,营城子,街道
210211022,革镇堡,街道
210211023,凌水,街道
210211024,七贤岭,街道
210211025,中华路,街道
210212005,水师营,街道
210212006,铁山,街道
210212007,双岛湾,街道
210212009,长城,街道
210212010,龙头,街道
210212013,江西,街道
210212014,龙王塘,街道
210212015,得胜,街道
210212016,三涧堡,街道
210212017,登峰,街道
210213001,拥政,街道
210213002,友谊,街道
210213008,站前,街道
210213009,先进,街道
210213010,华家,街道
210213014,登沙河,街道
210213015,杏树,街道
210213017,大魏家,街道
210213018,向应,街道
210213019,七顶山,街道
210213020,马桥子,街道
210213021,海青岛,街道
210213022,大孤山,街道
210213023,湾里,街道
210213024,董家沟,街道
210213025,金石滩,街道
210213027,得胜,街道
210213028,大李家,街道
210213029,二十里堡,街道
210213030,亮甲店,街道
210213031,炮台,街道
210213032,复州湾,街道
210213033,三十里堡,街道
210213034,石河,街道
210213035,光中,街道
210214001,丰荣,街道
210214002,铁西,街道
210214007,大刘家,街道
210214008,杨树房,街道
210214009,皮口,街道
210214010,城子坦,街道
210214011,唐家房,街道
210214012,大谭,街道
210214013,莲山,街道
210214014,安波,街道
210214015,沙包,街道
210214016,星台,街道
210214017,乐甲,街道
210214018,墨盘,街道
210214019,同益,街道
210214020,双塔,街道
210214021,四平,街道
210214022,太平,街道
210224100,大长山岛,镇
210224101,獐子岛,镇
210224102,广鹿岛,镇
210224103,小长山岛,镇
210224104,海洋岛,镇
210281001,新华,街道
210281002,文兰,街道
210281003,岭东,街道
210281004,共济,街道
210281005,铁东,街道
210281006,祝华,街道
210281007,岗店,街道
210281008,九龙,街道
210281009,太阳,街道
210281010,长兴岛,街道
210281011,交流岛,街道
210281101,复州城,镇
210281103,松树,镇
210281105,得利寺,镇
210281106,万家岭,镇
210281107,许屯,镇
210281108,永宁,镇
210281109,谢屯,镇
210281112,老虎屯,镇
210281113,红沿河,镇
210281115,李官,镇
210281116,仙浴湾,镇
210281117,瓦窝,镇
210281118,元台,镇
210281201,赵屯,乡
210281203,土城,乡
210281204,阎店,乡
210281205,西杨,乡
210281206,驼山,乡
210281208,三台|满族,乡
210281210,泡崖,乡
210281212,杨家|满族,乡
210283001,城关,街道
210283002,新华,街道
210283003,兴达,街道
210283004,昌盛,街道
210283005,明阳,街道
210283101,青堆,镇
210283102,徐岭,镇
210283104,黑岛,镇
210283105,栗子房,镇
210283107,大营,镇
210283108,塔岭,镇
210283109,仙人洞,镇
210283110,蓉花山,镇
210283111,长岭,镇
210283112,荷花山,镇
210283113,城山,镇
210283114,光明山,镇
210283115,大郑,镇
210283116,王家,镇
210283118,吴炉,镇
210283204,鞍子山,乡
210283208,太平岭|满族,乡
210283209,步云山,乡
210283211,桂云花|满族,乡
210283214,兰店,乡
210283216,石城,乡
210302002,解放,街道
210302003,山南,街道
210302004,园林,街道
210302006,站前,街道
210302008,和平,街道
210302010,长甸,街道
210302011,湖南,街道
210302013,新兴,街道
210302014,旧堡,街道
210302015,大孤山,街道
210303002,繁荣,街道
210303003,八家子,街道
210303005,共和,街道
210303006,永乐,街道
210303008,南华,街道
210303009,大陆,街道
210303012,永发,街道
210303013,达道湾,街道
210303014,宁远,街道
210304001,友好,街道
210304004,双山,街道
210304006,立山,街道
210304008,曙光,街道
210304009,灵山,街道
210304014,深沟寺,街道
210304015,沙河,街道
210304019,齐大山,街道
210304020,千山,街道
210311001,汤岗子,街道
210311002,东鞍山,街道
210311102,唐家房,镇
210311111,甘泉,镇
210311112,大屯,镇
210321001,八角台,街道
210321002,台东,街道
210321101,西佛,镇
210321102,新开河,镇
210321103,黄沙坨,镇
210321104,高力房,镇
210321105,桑林,镇
210321106,富家,镇
210321107,达牛,镇
210321109,韭菜台,镇
210321110,新台,镇
210321111,桓洞,镇
210323001,阜昌,街道
210323003,雅河,街道
210323004,兴隆,街道
210323101,三家子,镇
210323102,石庙子,镇
210323103,黄花甸,镇
210323104,大营子,镇
210323105,苏子沟,镇
210323106,偏岭,镇
210323107,哈达碑,镇
210323108,新甸,镇
210323109,洋河,镇
210323111,杨家堡,镇
210323112,清凉山,镇
210323113,石灰窑,镇
210323114,前营,镇
210323115,龙潭,镇
210323116,牧牛,镇
210323117,药山,镇
210323118,大房身,镇
210323119,朝阳,镇
210323206,红旗营子,乡
210323211,岭沟,乡
210323212,哨子河,乡
210381001,海州,街道
210381002,兴海,街道
210381003,响堂,街道
210381004,东四,街道
210381006,东四方台,街道
210381101,孤山,镇
210381102,岔沟,镇
210381103,接文,镇
210381104,析木,镇
210381105,马风,镇
210381107,牌楼,镇
210381108,八里,镇
210381109,毛祁,镇
210381110,英落,镇
210381111,感王,镇
210381112,西柳,镇
210381113,中小,镇
210381114,王石,镇
210381115,南台,镇
210381118,腾鳌,镇
210381121,耿庄,镇
210381123,牛庄,镇
210381124,西四,镇
210381125,望台,镇
210381126,温香,镇
210381127,高坨子,镇
210402001,站前,街道
210402005,福民,街道
210402007,新抚,街道
210402009,榆林,街道
210402011,永安台,街道
210402019,刘山,街道
210402200,千金,乡
210403002,东洲,街道
210403004,搭连,街道
210403005,龙凤,街道
210403006,新屯,街道
210403007,万新,街道
210403008,老虎台,街道
210403012,章党,街道
210403100,章党,镇
210403101,哈达,镇
210403202,碾盘,乡
210403203,兰山,乡
210404002,工农,街道
210404003,建设,街道
210404004,和平,街道
210404005,光明,街道
210404006,朴屯,街道
210404007,演武,街道
210404011,李石,街道
210404101,塔峪,镇
210404200,拉古|满族,乡
210411002,长春,街道
210411003,葛布,街道
210411004,将军堡,街道
210411005,新华,街道
210411007,抚顺城,街道
210411102,前甸,镇
210411201,河北,乡
210411205,会元,乡
210421101,石文,镇
210421102,后安,镇
210421103,救兵,镇
210421104,上马,镇
210421204,马圈子,乡
210421209,峡河,乡
210421211,海浪,乡
210421216,汤图|满族,乡
210422100,新宾,镇
210422101,旺清门,镇
210422102,永陵,镇
210422103,平顶山,镇
210422104,大四平,镇
210422105,苇子峪,镇
210422106,木奇,镇
210422108,上夹河,镇
210422109,南杂木,镇
210422202,红升,乡
210422203,响水河子,乡
210422204,红庙子,乡
210422205,北四平,乡
210422207,榆树,乡
210422208,下夹河,乡
210423100,清原,镇
210423101,红透山,镇
210423102,北三家,镇
210423103,草市,镇
210423104,英额门,镇
210423105,南口前,镇
210423106,南山城,镇
210423107,湾甸子,镇
210423108,大孤家,镇
210423109,夏家堡,镇
210423203,土口子,乡
210423206,敖家堡,乡
210423207,大苏河,乡
210423208,枸乃甸,乡
210502001,南地,街道
210502003,平山,街道
210502004,东明,街道
210502005,崔东,街道
210502007,站前,街道
210502008,千金,街道
210502012,桥北,街道
210503001,河东,街道
210503003,河西,街道
210503005,彩屯,街道
210503009,东风,街道
210503010,石桥子,街道
210503012,日月岛,街道
210503013,火连寨,街道
210504002,北地,街道
210504004,高峪,街道
210504005,明山,街道
210504008,新明,街道
210504009,牛心台,街道
210504010,卧龙,街道
210504011,高台子,街道
210505001,南芬,街道
210505004,思山岭,街道
210505005,下马塘,街道
210505093,郭家,街道
210521003,观音阁,街道
210521100,小市,镇
210521101,草河掌,镇
210521102,草河城,镇
210521103,草河口,镇
210521104,连山关,镇
210521106,清河城,镇
210521109,田师付,镇
210521110,南甸子,镇
210521111,碱厂,镇
210521112,高官,镇
210521202,东营坊,乡
210522001,八卦城,街道
210522100,桓仁,镇
210522101,普乐堡,镇
210522102,二棚甸子,镇
210522103,沙尖子,镇
210522104,五里甸子,镇
210522108,八里甸子,镇
210522110,华来,镇
210522111,古城,镇
210522201,雅河|朝鲜族,乡
210522202,向阳,乡
210522206,黑沟,乡
210522208,北甸子,乡
210602002,七道,街道
210602004,九道,街道
210602006,兴东,街道
210602007,广济,街道
210602101,金山,镇
210603002,站前,街道
210603003,临江,街道
210603005,帽盔山,街道
210603006,纤维,街道
210603007,永昌,街道
210603008,花园,街道
210603009,江海,街道
210603101,浪头,镇
210603102,安民,镇
210604001,鸭绿江,街道
210604004,珍珠,街道
210604005,太平湾,街道
210604102,同兴,镇
210604104,五龙背,镇
210604105,楼房,镇
210604106,九连城,镇
210604107,汤山城,镇
210624100,宽甸,镇
210624101,灌水,镇
210624102,硼海,镇
210624103,红石,镇
210624104,毛甸子,镇
210624105,长甸,镇
210624106,永甸,镇
210624108,太平哨,镇
210624109,青山沟,镇
210624110,牛毛坞,镇
210624111,大川头,镇
210624112,青椅山,镇
210624113,杨木川,镇
210624114,虎山,镇
210624115,振江,镇
210624116,步达远,镇
210624117,大西岔,镇
210624118,八河川,镇
210624119,双山子,镇
210624201,石湖沟,乡
210624202,下露河|朝鲜族,乡
210624206,古楼子,乡
210681001,大东,街道
210681002,新兴,街道
210681003,新城,街道
210681101,孤山,镇
210681104,前阳,镇
210681105,长安,镇
210681106,十字街,镇
210681107,长山,镇
210681108,北井子,镇
210681109,椅圈,镇
210681110,黄土坎,镇
210681113,马家店,镇
210681114,龙王庙,镇
210681115,小甸子,镇
210681117,菩萨庙,镇
210681118,黑沟,镇
210681119,新农,镇
210681120,汤池,镇
210681204,合隆|满族,乡
210682001,凤凰城,街道
210682002,凤山,街道
210682003,草河,街道
210682101,宝山,镇
210682102,白旗,镇
210682103,沙里寨,镇
210682104,红旗,镇
210682105,蓝旗,镇
210682107,边门,镇
210682110,东汤,镇
210682111,石城,镇
210682112,大兴,镇
210682113,爱阳,镇
210682114,赛马,镇
210682115,弟兄山,镇
210682116,鸡冠山,镇
210682117,刘家河,镇
210682118,通远堡,镇
210682119,四门子,镇
210682120,青城子,镇
210682201,大堡|蒙古族,乡
210702002,石油,街道
210702004,敬业,街道
210702005,保安,街道
210702009,士英,街道
210702011,古城,街道
210703002,石桥子,街道
210703003,龙江,街道
210703004,榴花,街道
210703008,康宁,街道
210703009,锦铁,街道
210703011,紫荆,街道
210711004,太和,街道
210711008,大薛,街道
210711010,天桥,街道
210711011,新民,街道
210711012,营盘,街道
210711013,女儿河,街道
210711014,杏山,街道
210711015,凌南,街道
210711016,松山,街道
210711017,娘娘宫,街道
210711100,建业,镇
210726001,黑山,街道
210726002,大虎山,街道
210726101,芳山,镇
210726102,白厂门,镇
210726103,常兴,镇
210726104,姜屯,镇
210726105,励家,镇
210726106,绕阳河,镇
210726107,半拉门,镇
210726108,无梁殿,镇
210726109,胡家,镇
210726110,新立屯,镇
210726111,八道壕,镇
210726113,四家子,镇
210726114,新兴,镇
210726115,小东,镇
210726116,太和,镇
210726117,镇安,镇
210726201,英城子,乡
210726209,段家,乡
210726210,大兴,乡
210726212,薛屯,乡
210727001,义州,街道
210727002,城关,街道
210727101,刘龙台,镇
210727102,七里河,镇
210727103,大榆树堡,镇
210727104,稍户营子,镇
210727105,九道岭,镇
210727106,高台子,镇
210727108,瓦子峪,镇
210727109,头台,镇
210727110,张家堡,镇
210727111,前杨,镇
210727112,头道河,镇
210727113,留龙沟,镇
210727114,聚粮屯,镇
210727203,地藏寺|满族,乡
210727205,大定堡|满族,乡
210727207,白庙子,乡
210781001,大凌河,街道
210781002,金城,街道
210781003,八千,街道
210781101,石山,镇
210781102,余积,镇
210781103,双羊,镇
210781104,班吉塔,镇
210781105,沈家台,镇
210781106,三台子,镇
210781107,右卫,镇
210781108,阎家,镇
210781109,新庄子,镇
210781112,翠岩,镇
210781113,安屯,镇
210781114,大业,镇
210781116,白台子,镇
210781117,温滴楼,镇
210781212,板石沟,乡
210781217,谢屯,乡
210782004,北镇,街道
210782006,富屯,街道
210782007,广宁,街道
210782008,沟帮子,街道
210782101,大市,镇
210782102,罗罗堡,镇
210782103,常兴店,镇
210782104,正安,镇
210782105,闾阳,镇
210782106,中安,镇
210782107,廖屯,镇
210782109,赵屯,镇
210782110,青堆子,镇
210782111,高山子,镇
210782113,吴家,镇
210782203,鲍家,乡
210782206,大屯,乡
210782209,柳家,乡
210802001,八田地,街道
210802002,建丰,街道
210802003,建设,街道
210802004,跃进,街道
210802007,新建,街道
210802008,东兴,街道
210803004,得胜,街道
210803005,五台子,街道
210803010,渔市,街道
210803011,滨海,街道
210803012,清华,街道
210804001,红海,街道
210804002,海星,街道
210804005,望海,街道
210804100,熊岳,镇
210804102,芦屯,镇
210804103,红旗,镇
210811003,老边,街道
210811101,路南,镇
210811102,柳树,镇
210811103,边城,镇
210881001,鼓楼,街道
210881002,西城,街道
210881003,东城,街道
210881004,太阳升,街道
210881005,团山,街道
210881006,西海,街道
210881007,九垄地,街道
210881008,归州,街道
210881102,高屯,镇
210881105,沙岗,镇
210881109,九寨,镇
210881110,万福,镇
210881111,卧龙泉,镇
210881112,青石岭,镇
210881113,暖泉,镇
210881116,榜式堡,镇
210881117,团甸,镇
210881118,双台,镇
210881119,杨运,镇
210881120,徐屯,镇
210881121,什字街,镇
210881122,矿洞沟,镇
210881123,陈屯,镇
210881124,梁屯,镇
210881216,小石棚,乡
210881217,果园,乡
210881218,二台,乡
210882003,金桥,街道
210882004,钢都,街道
210882005,百寨,街道
210882006,镁都,街道
210882101,水源,镇
210882102,沟沿,镇
210882103,石佛,镇
210882104,高坎,镇
210882105,旗口,镇
210882106,虎庄,镇
210882107,官屯,镇
210882112,博洛铺,镇
210882113,永安,镇
210882114,汤池,镇
210882115,建一,镇
210882116,黄土岭,镇
210882117,周家,镇
210902004,西山,街道
210902005,河北,街道
210902012,平安西部,街道
210902013,站前,街道
210902014,五龙,街道
210902015,和平,街道
210902101,韩家店,镇
210903005,街基,街道
210903006,新发屯,街道
210903101,长营子,镇
210904001,红树,街道
210904006,孙家湾,街道
210904007,高德,街道
210904101,水泉,镇
210905005,清河,街道
210905006,新北,街道
210905101,河西,镇
210905102,乌龙坝,镇
210911001,玉新,街道
210911007,玉龙,街道
210911008,玉丰,街道
210911102,四合,镇
210921001,城区,街道
210921100,阜新,镇
210921102,东梁,镇
210921103,佛寺,镇
210921104,伊吗图,镇
210921105,旧庙,镇
210921106,务欢池,镇
210921107,建设,镇
210921108,大巴,镇
210921109,泡子,镇
210921110,十家子,镇
210921111,王府,镇
210921112,于寺,镇
210921113,富荣,镇
210921114,新民,镇
210921115,福兴地,镇
210921116,平安地,镇
210921117,沙拉,镇
210921118,大固本,镇
210921119,大五家子,镇
210921120,大板,镇
210921121,招束沟,镇
210921122,八家子,镇
210921123,扎兰营子,镇
210921124,塔营子,镇
210921125,红帽子,镇
210921126,蜘蛛山,镇
210921127,七家子,镇
210921128,紫都台,镇
210921129,化石戈,镇
210921130,哈达户稍,镇
210921131,老河土,镇
210921132,太平,镇
210921203,卧凤沟,乡
210921211,苍土,乡
210921222,国华,乡
210922100,彰武,镇
210922101,哈尔套,镇
210922102,章古台,镇
210922103,五峰,镇
210922104,冯家,镇
210922105,后新秋,镇
210922106,东六家子,镇
210922107,阿尔乡,镇
210922108,前福兴地,镇
210922109,双庙,镇
210922110,大四家子,镇
210922111,苇子沟,镇
210922112,兴隆山,镇
210922113,满堂红,镇
210922114,四合城,镇
210922115,大冷,镇
210922116,平安,镇
210922117,两家子,镇
210922118,兴隆堡,镇
210922119,四堡子,镇
210922120,西六家子,镇
210922121,大德,镇
210922202,二道河子|蒙古族,乡
210922209,丰田,乡
211002016,文圣,街道
211002017,武圣,街道
211002018,南门,街道
211002019,襄平,街道
211003004,庆阳,街道
211003008,东京陵,街道
211003099,新城,街道
211003100,罗大台,镇
211003101,小屯,镇
211004001,工农,街道
211004004,长征,街道
211004093,新村,街道
211004101,曙光,镇
211004102,兰家,镇
211005001,苏家,街道
211005003,安平,街道
211005092,团山,街道
211005101,汤河,镇
211005201,安平,乡
211011004,铁西,街道
211011101,祁家,镇
211011102,王家,镇
211011103,沙岭,镇
211011204,东宁卫,乡
211021100,首山,镇
211021101,刘二堡,镇
211021103,小北河,镇
211021104,黄泥洼,镇
211021106,唐马寨,镇
211021107,穆家,镇
211021108,柳壕,镇
211021110,河栏,镇
211021111,隆昌,镇
211021112,八会,镇
211021113,寒岭,镇
211021115,兴隆,镇
211021201,下达河,乡
211021202,吉洞峪|满族,乡
211021206,甜水|满族,乡
211081001,烟台,街道
211081002,万宝桥,街道
211081003,古城,街道
211081101,佟二堡,镇
211081102,铧子,镇
211081103,张台子,镇
211081104,西大窑,镇
211081105,沈旦堡,镇
211081106,西马峰,镇
211081107,柳条寨,镇
211081108,柳河子,镇
211081111,大河南,镇
211081114,五星,镇
211081205,鸡冠山,乡
211102002,胜利,街道
211102003,建设,街道
211102004,红旗,街道
211102005,辽河,街道
211102008,铁东,街道
211102009,双盛,街道
211102100,陆家,镇
211102101,统一,镇
211103001,振兴,街道
211103002,兴隆,街道
211103003,渤海,街道
211103004,新工,街道
211103007,曙光,街道
211103008,欢喜岭,街道
211103013,沈采,街道
211103016,创新,街道
211103017,兴盛,街道
211103018,兴海,街道
211103019,东郭,街道
211103020,惠宾,街道
211104001,大洼,街道
211104002,榆树,街道
211104003,田家,街道
211104004,王家,街道
211104006,于楼,街道
211104009,二界沟,街道
211104103,东风,镇
211104104,新开,镇
211104106,清水,镇
211104107,新兴,镇
211104108,西安,镇
211104109,新立,镇
211104112,唐家,镇
211104113,平安,镇
211104114,赵圈河,镇
211104115,田庄台,镇
211122001,太平,街道
211122002,高升,街道
211122003,得胜,街道
211122101,沙岭,镇
211122103,胡家,镇
211122107,古城子,镇
211122108,坝墙子,镇
211122110,陈家,镇
211122111,甜水,镇
211122112,吴家,镇
211122114,石新,镇
211122115,羊圈子,镇
211202001,红旗,街道
211202002,工人,街道
211202003,铁西,街道
211202004,铜钟,街道
211202005,柴河,街道
211202006,岭东,街道
211202007,辽海,街道
211202201,龙山,乡
211204001,红旗,街道
211204002,向阳,街道
211204101,张相,镇
211204102,杨木林子,镇
211204203,聂家|满族,乡
211221101,新台子,镇
211221102,阿吉,镇
211221103,平顶堡,镇
211221104,大甸子,镇
211221105,凡河,镇
211221106,腰堡,镇
211221107,镇西堡,镇
211221108,蔡牛,镇
211221109,李千户,镇
211221111,熊官屯,镇
211221112,横道河子,镇
211221113,双井子,镇
211221208,鸡冠山,乡
211221209,白旗寨|满族,乡
211223100,西丰,镇
211223101,平岗,镇
211223102,郜家店,镇
211223103,凉泉,镇
211223104,振兴,镇
211223105,安民,镇
211223106,天德,镇
211223107,房木,镇
211223109,柏榆,镇
211223110,更刻,镇
211223111,钓鱼,镇
211223112,陶然,镇
211223204,德兴|满族,乡
211223206,明德|满族,乡
211223209,成平|满族,乡
211223211,和隆|满族,乡
211223212,营厂|满族,乡
211223213,金星|满族,乡
211224100,昌图,镇
211224101,老城,镇
211224102,八面城,镇
211224103,三江口,镇
211224104,金家,镇
211224105,宝力,镇
211224106,泉头,镇
211224107,双庙子,镇
211224108,亮中桥,镇
211224109,马仲河,镇
211224110,毛家店,镇
211224111,老四平,镇
211224112,大洼,镇
211224113,头道,镇
211224114,鴜鹭树,镇
211224115,付家,镇
211224117,四合,镇
211224118,朝阳,镇
211224119,古榆树,镇
211224120,七家子,镇
211224121,东嘎,镇
211224122,四面城,镇
211224123,前双井,镇
211224124,通江口,镇
211224125,大四家子,镇
211224126,曲家店,镇
211224130,平安堡,镇
211224131,下二台,镇
211224132,太平,镇
211224133,十八家子,镇
211224134,后窑,镇
211224135,大兴,镇
211224136,长发,镇
211281001,兀术街,街道
211281002,调兵山,街道
211281102,晓明,镇
211281103,大明,镇
211281105,晓南,镇
211282001,新城,街道
211282002,老城,街道
211282003,开原,街道
211282102,威远堡,镇
211282103,庆云堡,镇
211282104,中固,镇
211282105,八棵树,镇
211282106,金沟子,镇
211282107,八宝,镇
211282108,业民,镇
211282109,莲花,镇
211282110,靠山,镇
211282111,下肥,镇
211282112,松山,镇
211282113,李家台,镇
211282114,马家寨,镇
211282115,城东,镇
211282116,上肥,镇
211282117,黄旗寨,镇
211282217,林丰|满族,乡
211302003,前进,街道
211302004,凌河,街道
211302005,光明,街道
211302006,凌凤,街道
211302007,龙山,街道
211302008,站南,街道
211302009,红旗,街道
211302010,燕北,街道
211302012,双塔,街道
211302111,桃花吐,镇
211302113,他拉皋,镇
211302114,孙家湾,镇
211302212,长宝营子,乡
211303004,新华,街道
211303006,海龙,街道
211303007,龙泉,街道
211303101,七道泉子,镇
211303102,西大营子,镇
211303103,召都巴,镇
211303104,大平房,镇
211303105,联合,镇
211303106,边杖子,镇
211321001,柳城,街道
211321102,波罗赤,镇
211321103,木头城子,镇
211321104,二十家子,镇
211321105,羊山,镇
211321106,六家子,镇
211321107,瓦房子,镇
211321108,大庙,镇
211321110,古山子,镇
211321111,南双庙,镇
211321112,台子,镇
211321113,清风岭,镇
211321114,胜利,镇
211321115,七道岭,镇
211321116,杨树湾,镇
211321211,西五家子,乡
211321212,北沟门子,乡
211321214,东大道,乡
211321215,乌兰河硕|蒙古族,乡
211321220,东大屯,乡
211321221,松岭门|蒙古族,乡
211321222,根德营子,乡
211321224,西营子,乡
211321228,北四家子,乡
211321230,王营子,乡
211321231,黑牛营子,乡
211321232,尚志,乡
211322001,叶柏寿,街道
211322002,红山,街道
211322003,铁南,街道
211322004,万寿,街道
211322101,朱碌科,镇
211322102,建平,镇
211322103,黑水,镇
211322104,喀喇沁,镇
211322105,北二十家子,镇
211322106,沙海,镇
211322108,哈拉道口,镇
211322109,榆树林子,镇
211322110,老官地,镇
211322111,深井,镇
211322112,奎德素,镇
211322113,小塘,镇
211322114,马场,镇
211322115,昌隆,镇
211322117,张家营子,镇
211322118,青峰山,镇
211322119,太平庄,镇
211322205,青松岭,乡
211322206,杨树岭,乡
211322209,罗福沟,乡
211322211,烧锅营子,乡
211322214,白山,乡
211322218,三家|蒙古族,乡
211322220,义成功,乡
211324001,大城子,街道
211324003,利州,街道
211324101,南公营子,镇
211324102,山嘴子,镇
211324104,公营子,镇
211324105,白塔子,镇
211324106,中三家,镇
211324107,老爷庙,镇
211324108,六官营子,镇
211324109,平房子,镇
211324110,十二德堡,镇
211324111,羊角沟,镇
211324112,甘招,镇
211324113,兴隆庄,镇
211324114,东哨,镇
211324115,水泉,镇
211324204,尤杖子,乡
211324207,草场,乡
211324210,坤都营子,乡
211324211,大营子,乡
211324214,卧虎沟,乡
211381001,城关,街道
211381002,南山,街道
211381003,冠山,街道
211381006,台吉,街道
211381101,西官营,镇
211381102,大板,镇
211381103,上园,镇
211381104,宝国老,镇
211381105,黑城子,镇
211381107,五间房,镇
211381108,台吉,镇
211381109,东官营,镇
211381110,龙潭,镇
211381111,北塔,镇
211381112,蒙古营,镇
211381113,大三家,镇
211381201,长皋,乡
211381202,常河营,乡
211381203,小塔子,乡
211381204,马友营|蒙古族,乡
211381206,泉巨永,乡
211381212,哈尔脑,乡
211381213,南八家子,乡
211381214,章吉营,乡
211381215,三宝营,乡
211381216,巴图营,乡
211381218,台吉营,乡
211381220,娄家店,乡
211381221,北四家,乡
211381223,凉水河|蒙古族,乡
211381228,三宝,乡
211382001,东城,街道
211382002,北街,街道
211382003,南街,街道
211382004,红山,街道
211382007,城关,街道
211382098,凌北,街道
211382101,万元店,镇
211382102,宋杖子,镇
211382103,三十家子,镇
211382104,杨杖子,镇
211382105,刀尔登,镇
211382106,松岭子,镇
211382107,四官营子,镇
211382108,沟门子,镇
211382110,小城子,镇
211382111,四合当,镇
211382113,乌兰白,镇
211382114,瓦房店,镇
211382115,大河北,镇
211382116,牛营子,镇
211382117,三道河子,镇
211382118,刘杖子,镇
211382210,北炉,乡
211382217,三家子|蒙古族,乡
211382219,佛爷洞,乡
211382220,大王杖子,乡
211382222,前进,乡
211382223,河坎子,乡
211402001,连山,街道
211402002,站前,街道
211402003,渤海,街道
211402004,兴工,街道
211402005,石油,街道
211402006,化工,街道
211402010,锦郊,街道
211402011,杨家杖子,街道
211402104,钢屯,镇
211402105,寺儿堡,镇
211402106,新台门,镇
211402201,沙河营,乡
211402202,孤竹营子,乡
211402203,白马石,乡
211402205,山神庙子,乡
211402206,塔山,乡
211402210,杨郊,乡
211403001,葫芦岛,街道
211403005,龙湾,街道
211403006,滨海,街道
211403007,双龙,街道
211403008,玉皇,街道
211403009,连湾,街道
211403010,北港,街道
211403011,马仗房,街道
211403094,望海寺,街道
211403211,双树,乡
211404002,沙锅屯,街道
211404003,邱皮沟,街道
211404005,苇子沟,街道
211404007,小凌河,街道
211404008,九龙,街道
211404010,龙腾,街道
211404101,缸窑岭,镇
211404102,暖池塘,镇
211404103,高桥,镇
211404104,台集屯,镇
211404105,虹螺岘,镇
211404106,金星,镇
211404201,沙锅屯,乡
211404203,黄土坎,乡
211404204,大兴,乡
211404205,张相公屯,乡
211421100,绥中,镇
211421101,西甸子,镇
211421102,宽邦,镇
211421103,大王庙,镇
211421104,万家,镇
211421105,前所,镇
211421106,高岭,镇
211421107,前卫,镇
211421108,荒地,镇
211421109,塔山屯,镇
211421113,高台,镇
211421114,王宝,镇
211421115,沙河,镇
211421116,小庄子,镇
211421201,西平坡|满族,乡
211421202,葛家|满族,乡
211421204,高甸子|满族,乡
211421206,范家|满族,乡
211421207,明水|满族,乡
211421208,秋子沟,乡
211421210,加碑岩,乡
211421211,永安堡,乡
211421212,李家堡,乡
211421214,网户|满族,乡
211421217,城郊,乡
211422100,建昌,镇
211422101,八家子,镇
211422102,喇嘛洞,镇
211422103,药王庙,镇
211422104,汤神庙,镇
211422105,玲珑塔,镇
211422106,大屯,镇
211422201,牤牛营子,乡
211422203,素珠营子,乡
211422204,石佛,乡
211422206,王宝营子,乡
211422207,老大杖子,乡
211422208,要路沟,乡
211422209,魏家岭,乡
211422210,西碱厂,乡
211422211,头道营子,乡
211422212,新开岭,乡
211422213,贺杖子,乡
211422214,养马甸子,乡
211422215,和尚房子,乡
211422218,杨树湾子,乡
211422219,黑山科,乡
211422220,雷家店,乡
211422222,小德营子,乡
211422223,二道湾子|蒙古族,乡
211422224,巴什罕,乡
211422225,娘娘庙,乡
211422226,谷杖子,乡
211481001,古城,街道
211481002,宁远,街道
211481004,温泉,街道
211481006,华山,街道
211481007,四家屯,街道
211481008,菊花,街道
211481009,临海,街道
211481093,城东,街道
211481101,曹庄,镇
211481103,沙后所,镇
211481104,东辛庄,镇
211481105,郭家,镇
211481106,红崖子,镇
211481107,徐大堡,镇
211481108,高家岭,镇
211481201,羊安|满族,乡
211481203,元台子|满族,乡
211481204,白塔|满族,乡
211481206,望海|满族,乡
211481207,刘台子|满族,乡
211481208,大寨|满族,乡
211481209,南大山|满族,乡
211481210,围屏|满族,乡
211481212,碱厂|满族,乡
211481213,三道沟|满族,乡
211481215,旧门|满族,乡
211481216,药王|满族,乡
220102001,南岭,街道
220102002,自强,街道
220102003,民康,街道
220102004,新春,街道
220102005,长通,街道
220102006,全安,街道
220102007,曙光,街道
220102008,永吉,街道
220102009,桃源,街道
220102010,永兴,街道
220102011,净月,街道
220102012,临河,街道
220102013,鸿城,街道
220102014,明珠,街道
220102015,富裕,街道
220102016,会展,街道
220102017,彩织,街道
220102018,博硕,街道
220102019,德正,街道
220102020,福祉,街道
220102021,德容,街道
220102022,盛世,街道
220102023,德馨,街道
220102024,永顺,街道
220102100,新立城,镇
220102101,新湖,镇
220102102,玉潭,镇
220102200,幸福,乡
220103001,新发,街道
220103002,站前,街道
220103003,南广,街道
220103004,东广,街道
220103005,群英,街道
220103006,兴业,街道
220103007,凯旋,街道
220103008,团山,街道
220103009,柳影,街道
220103010,欣园,街道
220103011,北湖,街道
220103012,长德,街道
220103013,新广,街道
220103014,新隆,街道
220103015,长新,街道
220103101,兰家,镇
220103102,兴隆山,镇
220103103,米沙子,镇
220103104,万宝,镇
220103105,合隆,镇
220103200,奋进,乡
220104001,前进,街道
220104002,桂林,街道
220104003,南湖,街道
220104004,永昌,街道
220104005,重庆,街道
220104006,清和,街道
220104007,红旗,街道
220104008,湖西,街道
220104009,富锋,街道
220104010,硅谷,街道
220104011,双德,街道
220104012,飞跃,街道
220104013,前程,街道
220104014,超越,街道
220104101,乐山,镇
220104102,永春,镇
220105001,东盛,街道
220105002,吉林,街道
220105003,荣光,街道
220105004,东站,街道
220105005,远达,街道
220105006,八里堡,街道
220105007,东方广场,街道
220105008,长青,街道
220105009,世纪,街道
220105010,东惠,街道
220105101,劝农山,镇
220105102,泉眼,镇
220105103,英俊,镇
220105201,四家,乡
220106001,正阳,街道
220106002,普阳,街道
220106003,锦程,街道
220106004,春城,街道
220106005,铁西,街道
220106006,青年路,街道
220106007,东风,街道
220106008,林园,街道
220106009,同心,街道
220106010,富民,街道
220106011,迎宾,街道
220106012,自立,街道
220106013,广兴,街道
220106014,锦绣,街道
220106100,合心,镇
220106101,西新,镇
220106102,城西,镇
220112001,云山,街道
220112002,平湖,街道
220112003,奢岭,街道
220112004,山河,街道
220112101,鹿乡,镇
220112102,太平,镇
220112104,齐家,镇
220112203,双营子|回族,乡
220113001,九台,街道
220113002,营城,街道
220113003,九郊,街道
220113004,西营城,街道
220113005,卡伦湖,街道
220113006,东湖,街道
220113007,土们岭,街道
220113008,波泥河,街道
220113009,苇子沟,街道
220113010,兴隆,街道
220113011,纪家,街道
220113012,龙嘉,街道
220113013,兴港,街道
220113014,城子街,街道
220113015,沐石河,街道
220113016,南山,街道
220113102,其塔木,镇
220113103,上河湾,镇
220113200,胡家|回族,乡
220113201,莽卡|满族,乡
220122001,兴农,街道
220122002,宝塔,街道
220122003,和谐,街道
220122004,黄龙,街道
220122100,农安,镇
220122101,伏龙泉,镇
220122102,哈拉海,镇
220122103,靠山,镇
220122105,开安,镇
220122106,烧锅,镇
220122107,高家店,镇
220122109,华家,镇
220122111,三盛玉,镇
220122112,巴吉垒,镇
220122113,三岗,镇
220122201,前岗,乡
220122202,龙王,乡
220122204,万顺,乡
220122205,杨树林,乡
220122207,永安,乡
220122208,青山口,乡
220122209,黄鱼圈,乡
220122210,新农,乡
220122211,万金塔,乡
220122212,小城子,乡
220182001,华昌,街道
220182002,正阳,街道
220182003,培英,街道
220182004,城郊,街道
220182100,五棵树,镇
220182101,弓棚,镇
220182102,闵家,镇
220182103,大坡,镇
220182104,黑林,镇
220182105,土桥,镇
220182106,新立,镇
220182107,大岭,镇
220182108,于家,镇
220182109,泗河,镇
220182110,八号,镇
220182111,刘家,镇
220182112,秀水,镇
220182113,保寿,镇
220182115,新庄,镇
220182200,育民,乡
220182201,红星,乡
220182203,太安,乡
220182204,先锋,乡
220182208,青山,乡
220182209,延和|朝鲜族,乡
220182210,恩育,乡
220182211,城发,乡
220182213,环城,乡
220183001,胜利,街道
220183002,建设,街道
220183004,惠发,街道
220183005,夏家店,街道
220183100,大青咀,镇
220183101,郭家,镇
220183102,松花江,镇
220183103,达家沟,镇
220183104,大房身,镇
220183105,岔路口,镇
220183106,朱城子,镇
220183110,布海,镇
220183111,天台,镇
220183112,菜园子,镇
220183200,同太,乡
220183202,边岗,乡
220183203,五台,乡
220183204,朝阳,乡
220184001,河南,街道
220184002,河北,街道
220184003,东三,街道
220184004,岭东,街道
220184005,铁北,街道
220184006,岭西,街道
220184007,南崴子,街道
220184008,刘房子,街道
220184009,苇子沟,街道
220184010,环岭,街道
220184100,二十家子|满族,镇
220184101,黑林子,镇
220184102,陶家屯,镇
220184103,范家屯,镇
220184104,响水,镇
220184105,大岭,镇
220184106,怀德,镇
220184107,双城堡,镇
220184108,双龙,镇
220184109,杨大城子,镇
220184110,毛城子,镇
220184111,玻璃城子,镇
220184112,朝阳坡,镇
220184113,大榆树,镇
220184114,秦家屯,镇
220184115,八屋,镇
220184116,十屋,镇
220184117,桑树台,镇
220184200,龙山|满族,乡
220184201,永发,乡
220202001,兴华,街道
220202002,文庙,街道
220202003,东局子,街道
220202004,新地号,街道
220202005,延安,街道
220202006,站前,街道
220202007,民主,街道
220202008,莲花,街道
220202009,通江,街道
220202010,哈达湾,街道
220202011,新建,街道
220202012,延江,街道
220202013,双吉,街道
220202016,九站,街道
220202100,孤店子,镇
220202101,桦皮厂,镇
220202102,左家,镇
220202200,两家子|满族,乡
220202201,土城子|满族|朝鲜族,乡
220203001,榆树,街道
220203002,遵义,街道
220203003,铁东,街道
220203004,龙潭,街道
220203005,新安,街道
220203006,湘潭,街道
220203007,龙华,街道
220203008,新吉林,街道
220203009,山前,街道
220203010,泡子沿,街道
220203011,靠山,街道
220203012,东城,街道
220203013,承德,街道
220203100,乌拉街|满族,镇
220203101,缸窑,镇
220203102,江密峰,镇
220203103,大口钦|满族,镇
220203104,金珠,镇
220203201,江北,乡
220204001,德胜,街道
220204002,南京,街道
220204003,大东,街道
220204004,青岛,街道
220204005,向阳,街道
220204006,北极,街道
220204007,致和,街道
220204008,长春路,街道
220204009,临江,街道
220204010,北山,街道
220204011,黄旗,街道
220204014,新北,街道
220204100,大绥河,镇
220204101,搜登站,镇
220204102,越北,镇
220204200,欢喜,乡
220211001,泰山,街道
220211002,江南,街道
220211003,石井,街道
220211004,沿丰,街道
220211005,丰满,街道
220211006,红旗,街道
220211007,高新,街道
220211008,建华,街道
220211100,旺起,镇
220211200,江南,乡
220211201,小白山,乡
220211202,前二道,乡
220221101,口前,镇
220221102,岔路河,镇
220221103,双河,镇
220221104,西阳,镇
220221105,北大湖,镇
220221106,一拉溪,镇
220221107,万昌,镇
220221203,金家|满族,乡
220221205,黄榆,乡
220281001,民主,街道
220281002,长安,街道
220281003,河南,街道
220281005,奶子山,街道
220281006,新农,街道
220281007,拉法,街道
220281009,河北,街道
220281100,新站,镇
220281101,天岗,镇
220281102,白石山,镇
220281103,漂河,镇
220281104,黄松甸,镇
220281106,天北,镇
220281107,松江,镇
220281108,庆岭,镇
220281200,乌林|朝鲜族,乡
220281202,前进,乡
220282001,明桦,街道
220282002,永吉,街道
220282003,胜利,街道
220282004,新华,街道
220282005,启新,街道
220282100,夹皮沟,镇
220282102,二道甸子,镇
220282103,红石砬子,镇
220282104,八道河子,镇
220282106,常山,镇
220282107,金沙,镇
220282200,桦郊,乡
220282202,横道河子,乡
220282205,公吉,乡
220283001,北城,街道
220283002,南城,街道
220283003,环城,街道
220283004,吉舒,街道
220283005,滨河,街道
220283100,白旗,镇
220283101,朝阳,镇
220283102,开原,镇
220283103,上营,镇
220283104,水曲柳,镇
220283105,平安,镇
220283106,法特,镇
220283107,溪河,镇
220283108,小城,镇
220283109,金马,镇
220283200,七里,乡
220283202,莲花,乡
220283203,亮甲山,乡
220283204,天德,乡
220283206,新安,乡
220284001,东宁,街道
220284002,河南,街道
220284003,福安,街道
220284004,阜康,街道
220284100,烟筒山,镇
220284101,明城,镇
220284102,红旗岭,镇
220284103,牛心,镇
220284104,石嘴,镇
220284105,朝阳山,镇
220284106,富太,镇
220284107,呼兰,镇
220284108,松山,镇
220284109,黑石,镇
220284110,吉昌,镇
220284111,取柴河,镇
220284112,驿马,镇
220284200,宝山,乡
220302001,仁兴,街道
220302002,英雄,街道
220302003,站前,街道
220302004,北沟,街道
220302005,地直,街道
220302100,十家堡,镇
220302101,郭家店,镇
220302102,孟家岭,镇
220302200,平西,乡
220303001,平东,街道
220303002,北市场,街道
220303003,黄土坑,街道
220303004,七马路,街道
220303005,四马路,街道
220303006,解放,街道
220303007,北门,街道
220303008,平南,街道
220303100,山门,镇
220303103,石岭,镇
220303110,叶赫|满族,镇
220303200,城东,乡
220322001,富强,街道
220322002,康平,街道
220322003,霍家店,街道
220322100,梨树,镇
220322102,榆树台,镇
220322105,小城子,镇
220322106,喇嘛甸,镇
220322107,蔡家,镇
220322108,刘家馆子,镇
220322113,万发,镇
220322114,东河,镇
220322115,沈洋,镇
220322116,林海,镇
220322117,小宽,镇
220322118,孤家子,镇
220322202,白山,乡
220322204,泉眼岭,乡
220322205,胜利,乡
220322206,四棵树,乡
220322207,双河,乡
220322208,金山,乡
220323001,永盛,街道
220323002,永宁,街道
220323100,伊通,镇
220323101,二道,镇
220323102,伊丹,镇
220323103,马鞍山,镇
220323104,景台,镇
220323105,靠山,镇
220323106,大孤山,镇
220323107,小孤山,镇
220323108,营城子,镇
220323109,西苇,镇
220323110,河源,镇
220323111,黄岭子,镇
220323200,新兴,乡
220323201,莫里青,乡
220323203,三道,乡
220382001,郑家屯,街道
220382002,辽东,街道
220382003,辽西,街道
220382004,辽南,街道
220382005,辽北,街道
220382006,红旗,街道
220382100,茂林,镇
220382101,双山,镇
220382102,卧虎,镇
220382103,服先,镇
220382105,王奔,镇
220382106,玻璃山,镇
220382107,兴隆,镇
220382108,东明,镇
220382200,那木斯|蒙古族,乡
220382201,柳条,乡
220382202,新立,乡
220382203,永加,乡
220402001,南康,街道
220402002,北寿,街道
220402003,东吉,街道
220402004,西宁,街道
220402005,站前,街道
220402006,新兴,街道
220402007,福镇,街道
220402008,向阳,街道
220402100,寿山,镇
220402200,工农,乡
220403001,仙城,街道
220403002,太安,街道
220403003,东山,街道
220403004,安家,街道
220403005,先锋,街道
220403006,富国,街道
220403100,灯塔,镇
220421001,吉鹿,街道
220421002,祥鹿,街道
220421003,福鹿,街道
220421100,东丰,镇
220421101,大阳,镇
220421102,横道河,镇
220421103,那丹伯,镇
220421104,猴石,镇
220421105,杨木林,镇
220421106,小四平,镇
220421107,黄河,镇
220421108,拉拉河,镇
220421109,沙河,镇
220421110,南屯基,镇
220421111,大兴,镇
220421201,三合|满族|朝鲜族,乡
220421207,二龙山,乡
220422001,东顺,街道
220422100,白泉,镇
220422101,渭津,镇
220422102,安石,镇
220422103,辽河源,镇
220422104,泉太,镇
220422105,建安,镇
220422106,安恕,镇
220422107,平岗,镇
220422111,云顶,镇
220422200,凌云,乡
220422201,甲山,乡
220422202,足民,乡
220422204,金州,乡
220502001,东昌,街道
220502002,民主,街道
220502003,老站,街道
220502004,团结,街道
220502005,新站,街道
220502006,光明,街道
220502007,龙泉,街道
220502008,滨江,街道
220502009,陆港,街道
220502100,金厂,镇
220502200,环通,乡
220502201,江东,乡
220503001,桃园,街道
220503002,东通化,街道
220503100,鸭园,镇
220503101,铁厂,镇
220503102,五道江,镇
220503200,二道江,乡
220521001,茂山,街道
220521002,东安,街道
220521100,快大茂,镇
220521103,二密,镇
220521104,果松,镇
220521105,石湖,镇
220521106,大安,镇
220521107,光华,镇
220521108,兴林,镇
220521109,英额布,镇
220521110,三棵榆树,镇
220521111,西江,镇
220521202,富江,乡
220521203,四棚,乡
220521205,东来,乡
220521207,大泉源|满族|朝鲜族,乡
220521208,金斗|朝鲜族|满族,乡
220523001,东凤,街道
220523002,朝辉,街道
220523003,西凤,街道
220523100,朝阳,镇
220523101,辉南,镇
220523102,样子哨,镇
220523103,杉松岗,镇
220523104,石道河,镇
220523105,辉发城,镇
220523106,抚民,镇
220523108,金川,镇
220523110,团林,镇
220523111,庆阳,镇
220523200,楼街|朝鲜族,乡
220524001,采胜,街道
220524002,中岗,街道
220524003,导航,街道
220524100,柳河,镇
220524101,三源浦|朝鲜族,镇
220524102,五道沟,镇
220524103,驼腰岭,镇
220524104,孤山子,镇
220524105,圣水河子,镇
220524106,罗通山,镇
220524107,安口,镇
220524108,向阳,镇
220524109,红石,镇
220524110,凉水河子,镇
220524111,亨通,镇
220524201,柳南,乡
220524202,时家店,乡
220524203,姜家店|朝鲜族,乡
220581001,新华,街道
220581002,和平,街道
220581003,光明,街道
220581004,解放,街道
220581005,福民,街道
220581100,山城,镇
220581101,红梅,镇
220581102,海龙,镇
220581103,新合,镇
220581105,曙光,镇
220581106,中和,镇
220581107,黑山头,镇
220581108,水道,镇
220581109,进化,镇
220581110,一座营,镇
220581111,康大营,镇
220581112,牛心顶,镇
220581113,湾龙,镇
220581114,杏岭,镇
220581115,兴华,镇
220581116,双兴,镇
220581203,李炉,乡
220581207,小杨|满族|朝鲜族,乡
220581209,吉乐,乡
220582001,团结,街道
220582002,黎明,街道
220582003,通胜,街道
220582004,城东,街道
220582100,青石,镇
220582101,榆林,镇
220582102,花甸,镇
220582103,头道,镇
220582104,清河,镇
220582105,台上,镇
220582106,财源,镇
220582107,大路,镇
220582108,太王,镇
220582200,麻线,乡
220582201,凉水|朝鲜族,乡
220602001,新建,街道
220602002,通沟,街道
220602003,东兴,街道
220602004,红旗,街道
220602005,河口,街道
220602006,板石,街道
220602007,江北,街道
220602008,城南,街道
220602101,六道江,镇
220602102,红土崖,镇
220602103,三道沟,镇
220602104,七道江,镇
220605001,孙家堡子,街道
220605002,江源,街道
220605003,正岔,街道
220605004,城墙,街道
220605102,湾沟,镇
220605103,松树,镇
220605104,砟子,镇
220605105,石人,镇
220605106,大阳岔,镇
220605107,大石人,镇
220621100,抚松,镇
220621101,松江河,镇
220621102,泉阳,镇
220621103,露水河,镇
220621104,仙人桥,镇
220621105,万良,镇
220621106,新屯子,镇
220621107,东岗,镇
220621108,漫江,镇
220621109,北岗,镇
220621110,兴参,镇
220621202,兴隆,乡
220621203,抽水,乡
220621205,沿江,乡
220622100,靖宇,镇
220622101,三道湖,镇
220622102,龙泉,镇
220622103,那尔轰,镇
220622104,花园口,镇
220622105,景山,镇
220622106,赤松,镇
220622203,濛江,乡
220623100,长白,镇
220623101,八道沟,镇
220623102,十四道沟,镇
220623103,马鹿沟,镇
220623104,宝泉山,镇
220623105,新房子,镇
220623106,十二道沟,镇
220623200,金华,乡
220681001,建国,街道
220681002,新市,街道
220681003,兴隆,街道
220681004,大湖,街道
220681005,森工,街道
220681006,大栗子,街道
220681101,桦树,镇
220681102,六道沟,镇
220681103,苇沙河,镇
220681104,花山,镇
220681105,闹枝,镇
220681106,四道沟,镇
220681200,蚂蚁河,乡
220702001,团结,街道
220702002,文化,街道
220702003,民主,街道
220702004,临江,街道
220702005,新区,街道
220702006,前进,街道
220702007,和平,街道
220702008,工农,街道
220702009,沿江,街道
220702010,铁西,街道
220702011,繁荣,街道
220702012,建设,街道
220702013,石化,街道
220702014,伯都讷,街道
220702015,长宁,街道
220702016,镜湖,街道
220702017,滨江,街道
220702100,大洼,镇
220702102,善友,镇
220702103,毛都站,镇
220702104,哈达山,镇
220702200,新城,乡
220702202,伯都,乡
220702204,兴原,乡
220721001,阿穆尔,街道
220721002,萨日朗,街道
220721003,哈达,街道
220721100,前郭尔罗斯,镇
220721102,长山,镇
220721103,海勃日戈,镇
220721104,乌兰图嘎,镇
220721105,查干花,镇
220721106,王府站,镇
220721107,八郎,镇
220721108,哈拉毛都,镇
220721109,查干湖,镇
220721200,宝甸,乡
220721201,平凤,乡
220721205,达里巴,乡
220721206,吉拉吐,乡
220721207,白依拉嘎,乡
220721208,洪泉,乡
220721209,额如,乡
220721210,套浩太,乡
220721211,长龙,乡
220721212,乌兰塔拉,乡
220721213,东三家子,乡
220721214,浩特芒哈,乡
220721215,乌兰敖都,乡
220722001,长盛,街道
220722002,长治,街道
220722003,长久,街道
220722100,长岭,镇
220722101,太平川,镇
220722102,巨宝山,镇
220722103,太平山,镇
220722104,前七号,镇
220722105,新安,镇
220722106,三青山,镇
220722107,大兴,镇
220722108,北正,镇
220722109,流水,镇
220722110,永久,镇
220722111,利发盛,镇
220722202,集体,乡
220722203,光明,乡
220722204,三县堡,乡
220722205,海青,乡
220722206,前进,乡
220722207,东岭,乡
220722209,腰坨子,乡
220722210,八十八,乡
220722213,三团,乡
220722214,三十号,乡
220723001,荣业,街道
220723002,驰誉,街道
220723003,如松,街道
220723100,乾安,镇
220723101,大布苏,镇
220723102,水字,镇
220723103,让字,镇
220723104,所字,镇
220723105,安字,镇
220723200,余字,乡
220723203,道字,乡
220723206,严字,乡
220723207,赞字,乡
220781001,和兴,街道
220781002,育才,街道
220781003,联盟,街道
220781004,士英,街道
220781005,铁西,街道
220781100,三岔河,镇
220781101,长春岭,镇
220781102,五家站,镇
220781103,陶赖昭,镇
220781104,蔡家沟,镇
220781105,弓棚子,镇
220781106,三井子,镇
220781107,增盛,镇
220781108,新万发,镇
220781109,大林子,镇
220781110,新源,镇
220781111,得胜,镇
220781200,三骏|满族|蒙古族|锡伯族,乡
220781201,永平,乡
220781202,新站,乡
220781203,更新,乡
220781204,肖家,乡
220802001,海明,街道
220802002,长庆,街道
220802003,瑞光,街道
220802004,明仁,街道
220802005,铁东,街道
220802006,城南,街道
220802007,新立,街道
220802008,幸福,街道
220802009,新华,街道
220802010,保平,街道
220802011,西郊,街道
220802012,官银号,街道
220802100,岭下,镇
220802101,平安,镇
220802102,青山,镇
220802103,林海,镇
220802104,洮河,镇
220802105,平台,镇
220802106,到保,镇
220802201,东风,乡
220802202,三合,乡
220802204,金祥,乡
220802205,东胜,乡
220802206,德顺|蒙古族,乡
220821001,鹤城,街道
220821002,镇东,街道
220821003,赉北,街道
220821100,镇赉,镇
220821101,坦途,镇
220821102,东屏,镇
220821103,大屯,镇
220821105,沿江,镇
220821106,五棵树,镇
220821107,黑鱼泡,镇
220821201,哈吐气|蒙古族,乡
220821203,莫莫格|蒙古族,乡
220821205,建平,乡
220821206,嘎什根,乡
220822001,树满,街道
220822002,八区,街道
220822003,迎新,街道
220822004,永青,街道
220822100,开通,镇
220822101,瞻榆,镇
220822102,双岗,镇
220822103,兴隆山,镇
220822104,边昭,镇
220822105,鸿兴,镇
220822107,新华,镇
220822108,乌兰花,镇
220822201,新发,乡
220822202,新兴,乡
220822204,向海|蒙古族,乡
220822205,包拉温都|蒙古族,乡
220822206,团结,乡
220822207,十花道,乡
220822208,八面,乡
220822209,苏公坨,乡
220881001,团结,街道
220881002,富文,街道
220881003,光明,街道
220881004,兴隆,街道
220881005,永康,街道
220881006,通达,街道
220881007,向阳,街道
220881008,洮府,街道
220881100,瓦房,镇
220881101,万宝,镇
220881102,黑水,镇
220881103,那金,镇
220881104,安定,镇
220881105,福顺,镇
220881200,胡力吐|蒙古族,乡
220881201,万宝,乡
220881202,聚宝,乡
220881204,东升,乡
220881205,野马,乡
220881206,永茂,乡
220881208,蛟流河,乡
220881209,大通,乡
220881212,二龙,乡
220881214,呼和车力|蒙古族,乡
220882001,慧阳,街道
220882002,临江,街道
220882003,长虹,街道
220882004,锦华,街道
220882005,安北,街道
220882100,月亮泡,镇
220882101,安广,镇
220882102,丰收,镇
220882103,新平安,镇
220882104,两家子,镇
220882105,舍力,镇
220882106,大岗子,镇
220882107,叉干,镇
220882108,龙沼,镇
220882109,太山,镇
220882200,四棵树,乡
220882201,联合,乡
220882203,乐胜,乡
220882204,大赉,乡
220882205,红岗子,乡
220882208,烧锅镇,乡
220882210,海坨,乡
220882211,新艾里|蒙古族,乡
222401001,进学,街道
222401002,北山,街道
222401003,新兴,街道
222401004,公园,街道
222401005,河南,街道
222401006,建工,街道
222401100,小营,镇
222401101,依兰,镇
222401102,三道湾,镇
222401103,朝阳川,镇
222402001,向上,街道
222402002,新华,街道
222402003,月宫,街道
222402100,月晴,镇
222402101,石岘,镇
222402102,长安,镇
222402103,凉水,镇
222403001,渤海,街道
222403002,胜利,街道
222403003,民主,街道
222403004,丹江,街道
222403100,大石头,镇
222403101,黄泥河,镇
222403102,官地,镇
222403103,沙河沿,镇
222403104,秋梨沟,镇
222403105,额穆,镇
222403106,贤儒,镇
222403107,大蒲柴河,镇
222403108,雁鸣湖,镇
222403109,江源,镇
222403110,江南,镇
222403200,大桥,乡
222403201,黑石,乡
222403202,青沟子,乡
222403203,翰章,乡
222403204,红石,乡
222404001,靖和,街道
222404002,新安,街道
222404003,河南,街道
222404004,近海,街道
222404006,海东,街道
222404100,春化,镇
222404101,敬信,镇
222404102,板石,镇
222404103,英安,镇
222404200,马川子,乡
222404201,杨泡|满族,乡
222404202,三家子|满族,乡
222404203,密江,乡
222404204,哈达门,乡
222405001,安民,街道
222405002,龙门,街道
222405005,梨园,街道
222405100,开山屯,镇
222405102,老头沟,镇
222405103,三合,镇
222405104,东盛涌,镇
222405105,智新,镇
222405200,德新,乡
222405201,白金,乡
222406001,民惠,街道
222406002,光明,街道
222406003,文化,街道
222406100,八家子,镇
222406101,福洞,镇
222406102,头道,镇
222406103,西城,镇
222406104,南坪,镇
222406105,东城,镇
222406106,崇善,镇
222406108,龙城,镇
222424001,大川,街道
222424002,新民,街道
222424003,长荣,街道
222424101,大兴沟,镇
222424102,天桥岭,镇
222424103,罗子沟,镇
222424104,百草沟,镇
222424105,春阳,镇
222424106,复兴,镇
222424107,东光,镇
222424109,汪清,镇
222424202,鸡冠,乡
222426001,九龙,街道
222426002,瓮声,街道
222426003,长兴,街道
222426100,明月,镇
222426101,松江,镇
222426102,二道白河,镇
222426103,两江,镇
222426104,石门,镇
222426105,万宝,镇
222426106,亮兵,镇
222426201,新合,乡
222426202,永庆,乡
230102001,兆麟,街道
230102002,新阳路,街道
230102003,抚顺,街道
230102004,共乐,街道
230102005,新华,街道
230102006,城乡路,街道
230102007,工农,街道
230102008,尚志,街道
230102009,斯大林,街道
230102010,通江,街道
230102011,经纬,街道
230102012,工程,街道
230102013,安静,街道
230102014,安和,街道
230102015,正阳河,街道
230102016,建国,街道
230102017,康安,街道
230102018,爱建,街道
230102019,群力,街道
230102101,太平,镇
230102102,新发,镇
230102103,新农,镇
230102104,榆树,镇
230103001,花园,街道
230103002,奋斗路,街道
230103003,革新,街道
230103004,文化,街道
230103005,大成,街道
230103006,芦家,街道
230103007,荣市,街道
230103009,燎原,街道
230103010,松花江,街道
230103011,曲线,街道
230103012,通达,街道
230103013,七政,街道
230103015,和兴路,街道
230103016,哈西,街道
230103017,保健路,街道
230103018,先锋路,街道
230103019,新春,街道
230103020,跃进,街道
230103101,王岗,镇
230103201,红旗|满族,乡
230104001,靖宇,街道
230104002,太古,街道
230104003,东莱,街道
230104004,滨江,街道
230104005,仁里,街道
230104007,崇俭,街道
230104008,振江,街道
230104009,东原,街道
230104010,大兴,街道
230104011,胜利,街道
230104012,南马路,街道
230104021,民强,街道
230104022,大有坊,街道
230104023,南直路,街道
230104024,化工,街道
230104025,火车头,街道
230104026,新一,街道
230104027,三棵树大街,街道
230104028,水泥路,街道
230104029,太平大街,街道
230104030,黎华,街道
230104031,新乐,街道
230104033,南市,街道
230104111,团结,镇
230104112,永源,镇
230104113,巨源,镇
230104114,民主,镇
230108001,兴建,街道
230108002,保国,街道
230108003,联盟,街道
230108004,友协,街道
230108005,新疆,街道
230108006,新伟,街道
230108007,平新,街道
230108008,平盛,街道
230108009,建安,街道
230108101,平房,镇
230109002,太阳岛,街道
230109003,船口,街道
230109004,松祥,街道
230109005,松安,街道
230109006,松北,街道
230109007,松浦,街道
230109101,对青山,镇
230109102,乐业,镇
230109104,万宝,镇
230110001,香坊大街,街道
230110002,安埠,街道
230110003,通天,街道
230110004,新香坊,街道
230110005,铁东,街道
230110006,新成,街道
230110007,红旗,街道
230110008,六顺,街道
230110009,建筑,街道
230110010,哈平路,街道
230110011,安乐,街道
230110012,健康路,街道
230110013,大庆路,街道
230110014,进乡,街道
230110015,通乡,街道
230110016,和平路,街道
230110017,民生路,街道
230110018,文政,街道
230110019,王兆,街道
230110020,黎明,街道
230110101,成高子,镇
230110102,朝阳,镇
230110103,幸福,镇
230110104,向阳,镇
230111001,呼兰,街道
230111002,兰河,街道
230111003,腰堡,街道
230111004,利民,街道
230111005,康金,街道
230111006,双井,街道
230111007,建设路,街道
230111008,学院路,街道
230111009,长岭,街道
230111010,沈家,街道
230111011,南京路,街道
230111012,裕民,街道
230111013,裕田,街道
230111014,裕强,街道
230111015,萧乡,街道
230111016,公园路,街道
230111017,利业,街道
230111105,二八,镇
230111106,石人,镇
230111107,白奎,镇
230111109,方台,镇
230111110,莲花,镇
230111111,大用,镇
230111201,杨林,乡
230111203,许堡,乡
230111205,孟家,乡
230112001,金城,街道
230112002,金都,街道
230112003,通城,街道
230112004,河东,街道
230112005,阿什河,街道
230112006,玉泉,街道
230112007,新利,街道
230112008,舍利,街道
230112009,双丰,街道
230112010,小岭,街道
230112011,亚沟,街道
230112012,交界,街道
230112013,蜚克图,街道
230112014,杨树,街道
230112015,料甸,街道
230112107,平山,镇
230112108,松峰山,镇
230112109,红星,镇
230112110,金龙山,镇
230113001,五家,街道
230113002,新兴,街道
230113003,兰棱,街道
230113004,周家,街道
230113005,公正,街道
230113006,承旭,街道
230113007,承恩,街道
230113008,永治,街道
230113009,永和,街道
230113010,幸福,街道
230113104,韩甸,镇
230113105,单城,镇
230113106,东官,镇
230113107,农丰,镇
230113108,杏山,镇
230113110,西官,镇
230113112,联兴,镇
230113113,永胜,镇
230113114,胜丰,镇
230113160,双城,镇
230113201,金城,乡
230113202,青岭|满族,乡
230113206,临江,乡
230113207,水泉,乡
230113208,乐群|满族,乡
230113209,万隆,乡
230113210,希勤|满族,乡
230113211,同心|满族,乡
230113260,朝阳,乡
230113604,幸福|满族,乡
230123100,依兰,镇
230123101,达连河,镇
230123102,江湾,镇
230123103,三道岗,镇
230123104,道台桥,镇
230123105,宏克力,镇
230123205,团山子,乡
230123206,愚公,乡
230123210,迎兰|朝鲜族,乡
230124100,方正,镇
230124101,会发,镇
230124102,大罗密,镇
230124103,得莫利,镇
230124104,高楞,镇
230124200,天门,乡
230124201,松南,乡
230124202,德善,乡
230124204,宝兴,乡
230125100,宾州,镇
230125101,居仁,镇
230125102,宾西,镇
230125103,糖坊,镇
230125104,宾安,镇
230125105,新甸,镇
230125106,胜利,镇
230125107,宁远,镇
230125109,摆渡,镇
230125110,平坊,镇
230125111,满井,镇
230125112,常安,镇
230125201,永和,乡
230125203,鸟河,乡
230125204,民和,乡
230125205,经建,乡
230125210,三宝,乡
230126100,巴彦,镇
230126101,兴隆,镇
230126102,西集,镇
230126103,洼兴,镇
230126104,龙泉,镇
230126105,巴彦港,镇
230126106,龙庙,镇
230126107,万发,镇
230126108,天增,镇
230126110,黑山,镇
230126200,松花江,乡
230126202,富江,乡
230126204,华山,乡
230126205,丰乐,乡
230126209,德祥,乡
230126210,红光,乡
230126212,山后,乡
230126214,镇东,乡
230127100,木兰,镇
230127101,东兴,镇
230127102,大贵,镇
230127103,利东,镇
230127104,柳河,镇
230127105,新民,镇
230127200,建国,乡
230127203,吉兴,乡
230128100,通河,镇
230128101,乌鸦泡,镇
230128102,清河,镇
230128103,浓河,镇
230128104,凤山,镇
230128105,祥顺,镇
230128106,富林,镇
230128107,三站,镇
230129100,延寿,镇
230129101,六团,镇
230129102,中和,镇
230129103,加信,镇
230129104,延河,镇
230129105,玉河,镇
230129204,安山,乡
230129205,寿山,乡
230129209,青川,乡
230183100,尚志,镇
230183101,一面坡,镇
230183102,苇河,镇
230183103,亚布力,镇
230183104,帽儿山,镇
230183105,亮河,镇
230183106,庆阳,镇
230183107,石头河子,镇
230183108,元宝,镇
230183109,黑龙宫,镇
230183202,长寿,乡
230183204,乌吉密,乡
230183206,鱼池|朝鲜族,乡
230183207,珍珠山,乡
230183208,老街基,乡
230183209,马延,乡
230183211,河东|朝鲜族,乡
230184100,五常,镇
230184101,拉林,镇
230184102,山河,镇
230184103,小山子,镇
230184104,安家,镇
230184105,牛家,镇
230184106,杜家,镇
230184107,背荫河,镇
230184108,冲河,镇
230184109,沙河子,镇
230184110,向阳,镇
230184111,龙凤山,镇
230184200,兴盛,乡
230184201,志广,乡
230184202,卫国,乡
230184203,常堡,乡
230184206,民意,乡
230184209,红旗|满族,乡
230184210,八家子,乡
230184211,民乐|朝鲜族,乡
230184212,营城子|满族,乡
230184214,长山,乡
230184215,兴隆,乡
230184216,二河,乡
230202001,五龙,街道
230202002,湖滨,街道
230202004,正阳,街道
230202005,彩虹,街道
230202007,江安,街道
230202008,南航,街道
230202009,大民,街道
230203003,中华,街道
230203004,西大桥,街道
230203005,卜奎,街道
230203006,建设,街道
230203007,文化,街道
230203008,溪畔,街道
230203009,北华,街道
230204001,站前,街道
230204002,南浦,街道
230204003,通东,街道
230204004,光荣,街道
230204005,龙华,街道
230204006,北局宅,街道
230204008,东湖,街道
230204009,种畜场,街道
230204100,扎龙,镇
230205001,新兴,街道
230205002,新建,街道
230205005,林机,街道
230205006,道北,街道
230205100,水师营,镇
230205101,榆树屯,镇
230206001,红岸,街道
230206003,沿江,街道
230206004,电力,街道
230206005,幸福,街道
230206006,红宝石,街道
230206007,北兴,街道
230206008,铁北,街道
230206009,和平,街道
230206200,长青,乡
230206202,杜尔门沁|达斡尔族,乡
230207001,东安,街道
230207002,富强,街道
230207003,跃进,街道
230207004,繁荣,街道
230208001,梅里斯,街道
230208101,雅尔塞,镇
230208102,卧牛吐,镇
230208103,达呼店,镇
230208104,共和,镇
230208105,梅里斯,镇
230208200,莽格吐|达斡尔族,乡
230221100,龙江,镇
230221101,景星,镇
230221102,龙兴,镇
230221103,山泉,镇
230221104,七棵树,镇
230221105,杏山,镇
230221106,白山,镇
230221107,头站,镇
230221201,黑岗,乡
230221202,广厚,乡
230221203,华民,乡
230221204,哈拉海,乡
230221215,鲁河,乡
230221217,济沁河,乡
230223100,依安,镇
230223101,依龙,镇
230223102,双阳,镇
230223103,三兴,镇
230223104,中心,镇
230223105,新兴,镇
230223200,富饶,乡
230223201,解放,乡
230223202,阳春,乡
230223203,新发,乡
230223204,太东,乡
230223205,上游,乡
230223206,红星,乡
230223207,先锋,乡
230223208,新屯,乡
230224100,泰来,镇
230224101,平洋,镇
230224103,江桥,镇
230224104,塔子城,镇
230224105,大兴,镇
230224106,和平,镇
230224107,克利,镇
230224108,汤池,镇
230224200,胜利|蒙古族,乡
230224209,宁姜|蒙古族,乡
230225100,甘南,镇
230225101,兴十四,镇
230225102,平阳,镇
230225103,东阳,镇
230225104,巨宝,镇
230225201,长山,乡
230225202,中兴,乡
230225203,兴隆,乡
230225204,宝山,乡
230225206,查哈阳,乡
230227100,富裕,镇
230227101,富路,镇
230227102,富海,镇
230227103,二道湾,镇
230227104,龙安桥,镇
230227106,塔哈,镇
230227200,繁荣,乡
230227201,绍文,乡
230227202,忠厚,乡
230227203,友谊|达斡尔族|满族|柯尔克孜族,乡
230229100,克山,镇
230229101,北兴,镇
230229102,西城,镇
230229103,古城,镇
230229104,北联,镇
230229105,西河,镇
230229106,双河,镇
230229200,河南,乡
230229203,河北,乡
230229204,古北,乡
230229205,西联,乡
230229206,发展,乡
230229207,西建,乡
230229208,向华,乡
230229210,曙光,乡
230230100,克东,镇
230230101,宝泉,镇
230230102,乾丰,镇
230230103,玉岗,镇
230230104,蒲峪路,镇
230230202,润津,乡
230230204,昌盛,乡
230231100,拜泉,镇
230231101,三道,镇
230231102,兴农,镇
230231103,长春,镇
230231104,龙泉,镇
230231105,国富,镇
230231106,富强,镇
230231200,新生,乡
230231201,兴国,乡
230231203,上升,乡
230231204,兴华,乡
230231206,大众,乡
230231209,丰产,乡
230231210,永勤,乡
230231212,爱农,乡
230231214,时中,乡
230281001,雨亭,街道
230281002,通江,街道
230281101,拉哈,镇
230281102,二克浅,镇
230281103,学田,镇
230281104,龙河,镇
230281105,讷南,镇
230281106,六合,镇
230281107,长发,镇
230281108,通南,镇
230281109,同义,镇
230281110,九井,镇
230281111,老莱,镇
230281201,孔国,乡
230281207,和盛,乡
230281208,同心,乡
230281210,兴旺|鄂温克族,乡
230302001,向阳,街道
230302002,南山,街道
230302003,立新,街道
230302004,东风,街道
230302005,红军路,街道
230302006,西鸡西,街道
230302007,西山,街道
230302200,红星,乡
230302201,西郊,乡
230303001,桦木林,街道
230303002,大恒山,街道
230303003,小恒山,街道
230303004,二道河子,街道
230303005,张新,街道
230303006,奋斗,街道
230303007,柳毛,街道
230303200,红旗,乡
230303201,柳毛,乡
230304001,东兴,街道
230304002,矿里,街道
230304003,洗煤,街道
230304004,大通沟,街道
230304200,滴道河,乡
230304201,兰岭,乡
230305001,街里,街道
230305002,穆棱,街道
230305003,平岗,街道
230305004,碱场,街道
230305005,石磷,街道
230305101,梨树,镇
230306001,城子河,街道
230306002,正阳,街道
230306003,东海,街道
230306004,城西,街道
230306005,杏花,街道
230306200,长青,乡
230306201,永丰|朝鲜族,乡
230307001,麻山,街道
230307101,麻山,镇
230321100,鸡东,镇
230321101,平阳,镇
230321102,向阳,镇
230321103,哈达,镇
230321104,永安,镇
230321105,永和,镇
230321106,东海,镇
230321107,兴农,镇
230321200,鸡林|朝鲜族,乡
230321205,明德|朝鲜族,乡
230321206,下亮子,乡
230381100,虎林,镇
230381101,东方红,镇
230381102,迎春,镇
230381103,虎头,镇
230381104,杨岗,镇
230381106,宝东,镇
230381107,东诚,镇
230381203,新乐,乡
230381204,伟光,乡
230381206,珍宝岛,乡
230381207,阿北,乡
230382100,密山,镇
230382101,连珠山,镇
230382102,当壁,镇
230382103,知一,镇
230382104,黑台,镇
230382105,兴凯,镇
230382106,裴德,镇
230382107,白鱼湾,镇
230382200,柳毛,乡
230382201,杨木,乡
230382202,兴凯湖,乡
230382203,承紫河,乡
230382206,二人班,乡
230382208,太平,乡
230382210,和平|朝鲜族,乡
230382212,富源,乡
230402001,光明,街道
230402002,红军,街道
230402003,胜利,街道
230402004,南翼,街道
230402005,北山,街道
230403001,育才路,街道
230403002,团结路,街道
230403003,湖滨,街道
230403004,解放路,街道
230403005,新南,街道
230403006,红旗路,街道
230404001,铁西,街道
230404002,铁东,街道
230404003,六号,街道
230404004,大陆,街道
230404005,富力,街道
230404006,麓林山,街道
230405001,兴安路,街道
230405002,兴建路,街道
230405003,河东路,街道
230405004,峻德路,街道
230405005,兴长路,街道
230405006,光宇,街道
230405100,红旗,镇
230406001,东山,街道
230406002,三街,街道
230406003,工人村,街道
230406004,新一,街道
230406005,鹤兴,街道
230406100,新华,镇
230406201,蔬园,乡
230406202,东方红,乡
230407001,沟南,街道
230407002,沟北,街道
230407003,岭南,街道
230407004,岭北,街道
230421100,凤翔,镇
230421101,鹤北,镇
230421102,名山,镇
230421103,团结,镇
230421104,肇兴,镇
230421105,云山,镇
230421200,东明|朝鲜族,乡
230421203,太平沟,乡
230422100,绥滨,镇
230422101,绥东,镇
230422102,忠仁,镇
230422200,连生,乡
230422201,北岗,乡
230422202,富强,乡
230422203,北山,乡
230422204,福兴|满族,乡
230422205,新富,乡
230502001,二马路,街道
230502002,八马路,街道
230502003,中心站,街道
230502004,富安,街道
230502006,长安,街道
230502007,铁西,街道
230502008,学府,街道
230502200,安邦,乡
230503001,中山,街道
230503002,北山,街道
230503003,南山,街道
230503004,东山,街道
230503005,中心,街道
230503006,西山,街道
230503200,长胜,乡
230505001,振兴中路,街道
230505002,振兴东路,街道
230505004,集贤,街道
230505005,东荣,街道
230505101,太保,镇
230506001,红旗,街道
230506002,跃进,街道
230506003,东保卫,街道
230506004,七星,街道
230506005,双阳,街道
230506006,新安,街道
230506008,农场,街道
230506101,七星,镇
230521100,福利,镇
230521101,集贤,镇
230521102,升昌,镇
230521103,丰乐,镇
230521104,太平,镇
230521201,腰屯,乡
230521202,兴安,乡
230521204,永安,乡
230522100,友谊,镇
230522101,兴隆,镇
230522102,龙山,镇
230522103,凤岗,镇
230522200,兴盛,乡
230522201,东建,乡
230522202,庆丰,乡
230522203,建设,乡
230522204,友邻,乡
230522205,新镇,乡
230522206,成富|朝鲜族|满族,乡
230523100,宝清,镇
230523101,七星泡,镇
230523102,青原,镇
230523103,夹信子,镇
230523104,龙头,镇
230523105,小城子,镇
230523106,朝阳,镇
230523203,万金山,乡
230523204,尖山子,乡
230523209,七星河,乡
230524100,饶河,镇
230524101,小佳河,镇
230524102,西丰,镇
230524103,五林洞,镇
230524200,西林子,乡
230524201,四排|赫哲族,乡
230524203,大佳河,乡
230524204,山里,乡
230524207,大通河,乡
230602013,萨尔图,街道
230602014,会战,街道
230602015,友谊,街道
230602016,东安,街道
230602017,东风,街道
230602018,铁人,街道
230602019,火炬,街道
230602020,拥军,街道
230602021,万宝,街道
230602022,格林,街道
230602023,绿园,街道
230603011,兴化,街道
230603012,卧里屯,街道
230603013,东光,街道
230603014,龙凤,街道
230603015,三永,街道
230603016,龙政,街道
230603017,湿地,街道
230603018,光明,街道
230603019,黎明,街道
230603100,龙凤,镇
230604010,庆新,街道
230604011,北湖,街道
230604012,奋斗,街道
230604013,龙岗,街道
230604014,旭园,街道
230604015,西宾,街道
230604016,怡园,街道
230604017,东湖,街道
230604018,乘风,街道
230604019,创业城,街道
230604020,银浪,街道
230604101,喇嘛甸,镇
230605008,杏南,街道
230605009,创业,街道
230605010,红岗,街道
230605011,八百垧,街道
230605012,银河,街道
230605013,解放,街道
230605100,杏树岗,镇
230606007,和平,街道
230606008,庆葡,街道
230606009,新华,街道
230606010,高平,街道
230606011,林源,街道
230606012,和苑,街道
230606013,同福,街道
230606100,大同,镇
230606101,高台子,镇
230606102,太阳升,镇
230606103,林源,镇
230606200,祝三,乡
230606203,老山头,乡
230606205,八井子,乡
230606206,双榆树,乡
230621100,肇州,镇
230621101,永乐,镇
230621102,丰乐,镇
230621103,朝阳沟,镇
230621104,兴城,镇
230621105,二井,镇
230621202,双发,乡
230621203,托古,乡
230621205,朝阳,乡
230621206,永胜,乡
230621208,榆树,乡
230621211,新福,乡
230622100,肇源,镇
230622101,三站,镇
230622102,二站,镇
230622103,茂兴,镇
230622104,古龙,镇
230622105,新站,镇
230622106,头台,镇
230622107,古恰,镇
230622200,福兴,乡
230622201,薄荷台,乡
230622203,和平,乡
230622207,超等|蒙古族,乡
230622208,民意,乡
230622210,义顺|蒙古族,乡
230622211,浩德|蒙古族,乡
230622212,大兴,乡
230623100,林甸,镇
230623101,红旗,镇
230623102,花园,镇
230623103,四季青,镇
230623104,鹤鸣湖,镇
230623200,东兴,乡
230623202,宏伟,乡
230623206,四合,乡
230624100,杜尔伯特,镇
230624101,胡吉吐莫,镇
230624102,烟筒屯,镇
230624103,他拉哈,镇
230624104,连环湖,镇
230624200,一心,乡
230624201,克尔台,乡
230624203,敖林西伯,乡
230624204,巴彦查干,乡
230624205,腰新,乡
230624206,江湾,乡
230717001,朝阳,街道
230717002,前进,街道
230717003,红升,街道
230717004,旭日,街道
230717005,新欣,街道
230717006,南郡,街道
230717100,东升,镇
230717101,美溪,镇
230718100,乌马河,镇
230718101,翠峦,镇
230719003,友好,街道
230719100,上甘岭,镇
230719101,双子河,镇
230719102,铁林,镇
230722100,朝阳,镇
230722101,乌云,镇
230722102,乌拉嘎,镇
230722103,保兴,镇
230722200,常胜,乡
230722201,向阳,乡
230722202,沪嘉,乡
230722203,红光,乡
230722205,青山,乡
230723100,乌伊岭,镇
230723101,汤旺河,镇
230724100,新青,镇
230724101,红星,镇
230724102,五营,镇
230725100,带岭,镇
230725101,朗乡,镇
230726100,南岔,镇
230726101,晨明,镇
230726102,浩良河,镇
230726103,梧桐,镇
230751100,西林,镇
230751101,金山屯,镇
230781100,铁力,镇
230781101,双丰,镇
230781102,桃山,镇
230781105,神树,镇
230781106,日月峡,镇
230781200,年丰|朝鲜族,乡
230781201,工农,乡
230781202,王杨,乡
230803007,西林,街道
230803008,建设,街道
230803009,长安,街道
230803010,学府,街道
230803011,桥南,街道
230804007,永安,街道
230804008,港湾,街道
230804009,和平,街道
230804010,山水,街道
230805007,晓云,街道
230805008,佳东,街道
230805009,建国,街道
230805010,佳南,街道
230805101,建国,镇
230805200,松江,乡
230811008,云环,街道
230811009,英俊,街道
230811010,红旗,街道
230811011,友谊,街道
230811101,大来,镇
230811102,敖其,镇
230811103,望江,镇
230811104,长发,镇
230811105,莲江口,镇
230811106,西格木,镇
230811107,沿江,镇
230811108,四丰,镇
230811200,长青,乡
230811208,平安,乡
230811211,群胜,乡
230822103,驼腰子,镇
230822104,石头河子,镇
230822106,桦南,镇
230822107,土龙山,镇
230822108,孟家岗,镇
230822109,闫家,镇
230822110,柳毛河,镇
230822205,金沙,乡
230822213,梨树,乡
230822214,明义,乡
230822215,大八浪,乡
230822216,五道岗,乡
230826101,横头山,镇
230826103,苏家店,镇
230826104,悦来,镇
230826105,新城,镇
230826108,四马架,镇
230826201,东河,乡
230826202,梨丰,乡
230826205,创业,乡
230826207,星火|朝鲜族,乡
230828101,香兰,镇
230828102,鹤立,镇
230828103,竹帘,镇
230828104,汤原,镇
230828201,汤旺|朝鲜族,乡
230828203,胜利,乡
230828208,吉祥,乡
230828209,振兴,乡
230828210,太平川,乡
230828211,永发,乡
230881001,繁荣,街道
230881002,兴华,街道
230881100,同江,镇
230881101,乐业,镇
230881102,三村,镇
230881103,临江,镇
230881104,向阳,镇
230881105,青河,镇
230881204,街津口|赫哲族,乡
230881205,八岔|赫哲族,乡
230881206,金川,乡
230881207,银川,乡
230882002,城东,街道
230882003,城西,街道
230882101,富锦,镇
230882103,长安,镇
230882106,砚山,镇
230882107,头林,镇
230882108,兴隆岗,镇
230882109,宏胜,镇
230882110,向阳川,镇
230882111,二龙山,镇
230882113,锦山,镇
230882114,大榆树,镇
230882119,上街基,镇
230883100,抚远,镇
230883101,寒葱沟,镇
230883102,浓桥,镇
230883103,乌苏,镇
230883104,黑瞎子岛,镇
230883105,通江,镇
230883106,海青,镇
230883201,浓江,乡
230883203,别拉洪,乡
230883204,鸭南,乡
230902011,北山,街道
230902012,欣源,街道
230902013,兴安,街道
230902014,兴富,街道
230902015,兴和,街道
230902016,兴盛,街道
230902017,兴华,街道
230902018,金沙,街道
230902100,红旗,镇
230902200,长兴,乡
230903008,桃南,街道
230903009,桃北,街道
230903010,桃山,街道
230903011,桃东,街道
230903012,桃西,街道
230903013,桃源,街道
230903100,万宝河,镇
230904006,东胜,街道
230904007,东风,街道
230904008,通达,街道
230904009,湖东,街道
230904010,富强,街道
230904011,龙湖,街道
230904100,茄子河,镇
230904101,宏伟,镇
230904102,兴北,镇
230904200,铁山,乡
230904201,中心河,乡
230921100,勃利,镇
230921101,小五站,镇
230921102,大四站,镇
230921103,双河,镇
230921104,倭肯,镇
230921200,青山,乡
230921202,永恒,乡
230921203,抢垦,乡
230921204,杏树|朝鲜族,乡
230921205,吉兴|朝鲜族|满族,乡
231002001,新安,街道
231002002,长安,街道
231002003,七星,街道
231002004,五星,街道
231002005,东兴,街道
231002006,振兴,街道
231002100,兴隆,镇
231003001,阳明,街道
231003002,前进,街道
231003003,新兴,街道
231003004,桦橡,街道
231003100,铁岭,镇
231003101,桦林,镇
231003102,磨刀石,镇
231003103,五林,镇
231004001,向阳,街道
231004002,黄花,街道
231004003,铁北,街道
231004004,新华,街道
231004005,大庆,街道
231004006,兴平,街道
231004007,北山,街道
231004100,三道关,镇
231005001,先锋,街道
231005002,火炬,街道
231005003,立新,街道
231005004,牡丹,街道
231005005,江滨,街道
231005006,沿江,街道
231005007,水泥,街道
231005100,温春,镇
231005200,海南|朝鲜族,乡
231025100,林口,镇
231025101,古城,镇
231025102,刁翎,镇
231025104,朱家,镇
231025105,柳树,镇
231025106,三道通,镇
231025107,龙爪,镇
231025108,莲花,镇
231025110,青山,镇
231025111,建堂,镇
231025112,奎山,镇
231081100,绥芬河,镇
231081101,阜宁,镇
231083100,海林,镇
231083101,长汀,镇
231083102,横道河子,镇
231083103,山市,镇
231083104,柴河,镇
231083105,二道河子,镇
231083106,新安,镇
231083107,三道河子,镇
231084100,宁安,镇
231084101,东京城,镇
231084102,渤海,镇
231084103,石岩,镇
231084104,沙兰,镇
231084105,海浪,镇
231084106,兰岗,镇
231084107,镜泊,镇
231084202,江南|朝鲜族|满族,乡
231084206,卧龙|朝鲜族,乡
231084208,马河,乡
231084211,三陵,乡
231085100,八面通,镇
231085101,穆棱,镇
231085102,下城子,镇
231085103,马桥河,镇
231085104,兴源,镇
231085105,河西,镇
231085200,福禄|朝鲜族|满族,乡
231085202,共和,乡
231086100,东宁,镇
231086101,三岔口,镇
231086102,大肚川,镇
231086103,老黑山,镇
231086104,道河,镇
231086105,绥阳,镇
231102001,花园,街道
231102002,兴安,街道
231102003,海兰,街道
231102004,西兴,街道
231102101,西岗子,镇
231102102,瑷珲,镇
231102103,罕达汽,镇
231102104,上马厂,镇
231102200,幸福,乡
231102201,四嘉子|满族,乡
231102202,坤河|达斡尔族|满族,乡
231102204,张地营子,乡
231102205,西峰山,乡
231102206,新生|鄂伦春族,乡
231102207,二站,乡
231123101,逊河,镇
231123102,奇克,镇
231123103,克林,镇
231123201,干岔子,乡
231123202,松树沟,乡
231123203,车陆,乡
231123204,新鄂|鄂伦春族,乡
231123205,新兴|鄂伦春族,乡
231123207,宝山,乡
231124100,孙吴,镇
231124101,辰清,镇
231124201,西兴,乡
231124202,沿江|满族|达斡尔族,乡
231124203,腰屯,乡
231124204,卧牛河,乡
231124205,群山,乡
231124206,奋斗,乡
231124207,红旗,乡
231124208,正阳山,乡
231124210,清溪,乡
231181001,兆麟,街道
231181002,和平,街道
231181003,北岗,街道
231181004,庆华,街道
231181005,铁西,街道
231181006,铁南,街道
231181101,通北,镇
231181102,赵光,镇
231181103,海星,镇
231181104,石泉,镇
231181105,二井,镇
231181200,城郊,乡
231181201,东胜,乡
231181203,杨家,乡
231181207,主星|朝鲜族,乡
231182001,青山,街道
231182101,龙,镇
231182102,和平,镇
231182103,五大连池,镇
231182104,双泉,镇
231182105,新发,镇
231182106,团结,镇
231182107,兴隆,镇
231182108,朝阳山,镇
231182203,建设,乡
231182205,太平,乡
231182208,兴安,乡
231183100,嫩江,镇
231183101,伊拉哈,镇
231183102,双山,镇
231183103,多宝山,镇
231183104,海江,镇
231183105,前进,镇
231183106,长福,镇
231183107,科洛,镇
231183108,霍龙门,镇
231183202,临江,乡
231183206,联兴,乡
231183207,白云,乡
231183208,塔溪,乡
231183211,长江,乡
231202001,紫来,街道
231202002,爱路,街道
231202003,大有,街道
231202004,吉泰,街道
231202005,东兴,街道
231202006,北林,街道
231202007,先锋,街道
231202008,春雷,街道
231202009,东城,街道
231202010,康庄,街道
231202011,朝旭,街道
231202012,北辰,街道
231202101,宝山,镇
231202102,绥胜,镇
231202103,西长发,镇
231202104,永安,镇
231202105,太平川,镇
231202106,秦家,镇
231202107,双河,镇
231202108,三河,镇
231202109,四方台,镇
231202110,津河,镇
231202111,张维,镇
231202113,东津,镇
231202114,东富,镇
231202115,兴福,镇
231202116,三井,镇
231202201,红旗|满族,乡
231202202,连岗,乡
231202203,新华,乡
231202212,五营,乡
231202213,兴和|朝鲜族,乡
231221100,望奎,镇
231221101,通江,镇
231221102,卫星,镇
231221103,海丰,镇
231221104,莲花,镇
231221105,惠七,镇
231221106,先锋,镇
231221107,火箭,镇
231221108,东郊,镇
231221109,灯塔,镇
231221202,灵山|满族,乡
231221203,后三,乡
231221209,东升,乡
231221210,恭六,乡
231221211,厢白|满族,乡
231222100,兰西,镇
231222101,榆林,镇
231222102,临江,镇
231222103,平山,镇
231222104,远大,镇
231222105,红光,镇
231222106,康荣,镇
231222107,燎原,镇
231222108,奋斗,镇
231222202,北安,乡
231222203,长江,乡
231222204,兰河,乡
231222205,红星,乡
231222207,长岗,乡
231222210,星火,乡
231223100,青冈,镇
231223101,中和,镇
231223102,祯祥,镇
231223103,兴华,镇
231223104,永丰,镇
231223105,芦河,镇
231223106,柞岗,镇
231223107,民政,镇
231223108,劳动,镇
231223109,迎春,镇
231223110,德胜,镇
231223111,昌盛,镇
231223202,建设,乡
231223203,新村,乡
231223212,连丰,乡
231224101,民乐,镇
231224102,大罗,镇
231224103,平安,镇
231224104,勤劳,镇
231224105,久胜,镇
231224106,庆安,镇
231224107,同乐,镇
231224108,柳河,镇
231224201,建民,乡
231224202,巨宝山,乡
231224206,丰收,乡
231224208,发展,乡
231224210,致富,乡
231224211,欢胜,乡
231224604,新胜,乡
231225100,明水,镇
231225101,兴仁,镇
231225102,永兴,镇
231225103,崇德,镇
231225104,通达,镇
231225105,双兴,镇
231225203,永久,乡
231225204,树人,乡
231225205,光荣,乡
231225206,繁荣,乡
231225207,通泉,乡
231225208,育林,乡
231226100,绥棱,镇
231226101,上集,镇
231226102,四海店,镇
231226103,双岔河,镇
231226104,阁山,镇
231226105,长山,镇
231226200,靠山,乡
231226201,后头,乡
231226205,克音河,乡
231226206,绥中,乡
231226207,泥尔河,乡
231281100,安达,镇
231281101,任民,镇
231281102,吉星岗,镇
231281103,万宝山,镇
231281104,昌德,镇
231281105,升平,镇
231281106,羊草,镇
231281107,老虎岗,镇
231281108,中本,镇
231281109,太平庄,镇
231281110,卧里屯,镇
231281111,古大湖,镇
231281112,火石山,镇
231281209,先源,乡
231282100,肇东,镇
231282101,昌五,镇
231282102,宋站,镇
231282103,五站,镇
231282104,尚家,镇
231282105,姜家,镇
231282106,里木店,镇
231282107,四站,镇
231282108,涝洲,镇
231282109,五里明,镇
231282110,西八里,镇
231282111,海城,镇
231282201,太平,乡
231282204,向阳,乡
231282205,洪河,乡
231282206,跃进,乡
231282210,黎明,乡
231282212,德昌,乡
231282213,宣化,乡
231282214,安民,乡
231282215,明久,乡
231283100,海伦,镇
231283101,海北,镇
231283102,伦河,镇
231283103,共合,镇
231283104,海兴,镇
231283105,祥富,镇
231283106,东风,镇
231283107,百祥,镇
231283108,向荣,镇
231283109,长发,镇
231283110,永富,镇
231283111,前进,镇
231283112,联发,镇
231283113,共荣,镇
231283114,东林,镇
231283115,永和,镇
231283208,海南,乡
231283210,乐业,乡
231283211,福民,乡
231283212,丰山,乡
231283218,爱民,乡
231283220,扎音河,乡
231283221,双录,乡
232701100,西林吉,镇
232701101,图强,镇
232701102,阿木尔,镇
232701103,兴安,镇
232701104,北极,镇
232701105,古莲,镇
232721100,呼玛,镇
232721101,韩家园,镇
232721200,三卡,乡
232721201,金山,乡
232721202,兴华,乡
232721203,鸥浦,乡
232721204,白银纳|鄂伦春族,乡
232721205,北疆,乡
232722100,塔河,镇
232722101,瓦拉干,镇
232722102,盘古,镇
232722103,古驿,镇
232722104,开库康,镇
232722200,十八站|鄂伦春族,乡
232722201,依西肯,乡
310101002,南京东路,街道
310101013,外滩,街道
310101015,半淞园路,街道
310101017,小东门,街道
310101018,豫园,街道
310101019,老西门,街道
310101020,五里桥,街道
310101021,打浦桥,街道
310101022,淮海中路,街道
310101023,瑞金二路,街道
310104003,天平路,街道
310104004,湖南路,街道
310104007,斜土路,街道
310104008,枫林路,街道
310104010,长桥,街道
310104011,田林,街道
310104012,虹梅路,街道
310104013,康健新村,街道
310104014,徐家汇,街道
310104015,凌云路,街道
310104016,龙华,街道
310104017,漕河泾,街道
310104103,华泾,镇
310105001,华阳路,街道
310105002,江苏路,街道
310105004,新华路,街道
310105005,周家桥,街道
310105006,天山路,街道
310105008,仙霞新村,街道
310105009,虹桥,街道
310105010,程家桥,街道
310105011,北新泾,街道
310105102,新泾,镇
310106006,江宁路,街道
310106011,石门二路,街道
310106012,南京西路,街道
310106013,静安寺,街道
310106014,曹家渡,街道
310106015,天目西路,街道
310106016,北站,街道
310106017,宝山路,街道
310106018,共和新路,街道
310106019,大宁路,街道
310106020,彭浦新村,街道
310106021,临汾路,街道
310106022,芷江西路,街道
310106100,彭浦,镇
310107005,曹杨新村,街道
310107014,长风新村,街道
310107015,长寿路,街道
310107016,甘泉路,街道
310107017,石泉路,街道
310107020,宜川路,街道
310107021,真如镇,街道
310107022,万里,街道
310107102,长征,镇
310107103,桃浦,镇
310109009,欧阳路,街道
310109010,曲阳路,街道
310109011,广中路,街道
310109014,嘉兴路,街道
310109016,凉城新村,街道
310109017,四川北路,街道
310109018,北外滩,街道
310109019,江湾镇,街道
310110001,定海路,街道
310110006,平凉路,街道
310110008,江浦路,街道
310110009,四平路,街道
310110012,控江路,街道
310110013,长白新村,街道
310110015,延吉新村,街道
310110016,殷行,街道
310110018,大桥,街道
310110019,五角场,街道
310110020,新江湾城,街道
310110021,长海路,街道
310112001,江川路,街道
310112006,古美路,街道
310112008,新虹,街道
310112009,浦锦,街道
310112101,莘庄,镇
310112102,七宝,镇
310112103,颛桥,镇
310112106,华漕,镇
310112107,虹桥,镇
310112108,梅陇,镇
310112110,吴泾,镇
310112112,马桥,镇
310112114,浦江,镇
310113003,友谊路,街道
310113007,吴淞,街道
310113008,张庙,街道
310113101,罗店,镇
310113102,大场,镇
310113103,杨行,镇
310113104,月浦,镇
310113106,罗泾,镇
310113109,顾村,镇
310113111,高境,镇
310113112,庙行,镇
310113113,淞南,镇
310114001,新成路,街道
310114002,真新,街道
310114004,嘉定镇,街道
310114102,南翔,镇
310114103,安亭,镇
310114106,马陆,镇
310114109,徐行,镇
310114111,华亭,镇
310114114,外冈,镇
310114118,江桥,镇
310115004,潍坊新村,街道
310115005,陆家嘴,街道
310115007,周家渡,街道
310115008,塘桥,街道
310115009,上钢新村,街道
310115010,南码头路,街道
310115011,沪东新村,街道
310115012,金杨新村,街道
310115013,洋泾,街道
310115014,浦兴路,街道
310115015,东明路,街道
310115016,花木,街道
310115103,川沙新,镇
310115104,高桥,镇
310115105,北蔡,镇
310115110,合庆,镇
310115114,唐,镇
310115117,曹路,镇
310115120,金桥,镇
310115121,高行,镇
310115123,高东,镇
310115125,张江,镇
310115130,三林,镇
310115131,惠南,镇
310115132,周浦,镇
310115133,新场,镇
310115134,大团,镇
310115136,康桥,镇
310115137,航头,镇
310115139,祝桥,镇
310115140,泥城,镇
310115141,宣桥,镇
310115142,书院,镇
310115143,万祥,镇
310115144,老港,镇
310115145,南汇新城,镇
310116001,石化,街道
310116101,朱泾,镇
310116102,枫泾,镇
310116103,张堰,镇
310116104,亭林,镇
310116105,吕巷,镇
310116107,廊下,镇
310116109,金山卫,镇
310116112,漕泾,镇
310116113,山阳,镇
310117001,岳阳,街道
310117002,永丰,街道
310117003,方松,街道
310117004,中山,街道
310117005,广富林,街道
310117006,九里亭,街道
310117102,泗泾,镇
310117103,佘山,镇
310117104,车墩,镇
310117105,新桥,镇
310117106,洞泾,镇
310117107,九亭,镇
310117109,泖港,镇
310117116,石湖荡,镇
310117117,新浜,镇
310117120,叶榭,镇
310117121,小昆山,镇
310118001,夏阳,街道
310118002,盈浦,街道
310118003,香花桥,街道
310118102,朱家角,镇
310118103,练塘,镇
310118104,金泽,镇
310118105,赵巷,镇
310118106,徐泾,镇
310118107,华新,镇
310118109,重固,镇
310118110,白鹤,镇
310120001,西渡,街道
310120002,奉浦,街道
310120003,金海,街道
310120004,头桥,街道
310120101,南桥,镇
310120102,奉城,镇
310120104,庄行,镇
310120106,金汇,镇
310120111,青村,镇
310120118,柘林,镇
310120123,海湾,镇
310120124,四团,镇
310151100,城桥,镇
310151101,堡,镇
310151102,新河,镇
310151103,庙,镇
310151104,竖新,镇
310151105,向化,镇
310151106,三星,镇
310151107,港沿,镇
310151108,中兴,镇
310151109,陈家,镇
310151110,绿华,镇
310151111,港西,镇
310151112,建设,镇
310151113,新海,镇
310151114,东平,镇
310151115,长兴,镇
310151200,新村,乡
310151201,横沙,乡
320102002,梅园新村,街道
320102003,新街口,街道
320102005,玄武门,街道
320102007,锁金村,街道
320102008,红山,街道
320102009,孝陵卫,街道
320102010,玄武湖,街道
320104001,秦虹,街道
320104002,夫子庙,街道
320104004,双塘,街道
320104006,中华门,街道
320104007,红花,街道
320104008,洪武路,街道
320104009,五老村,街道
320104010,大光路,街道
320104011,瑞金路,街道
320104012,月牙湖,街道
320104013,光华路,街道
320104014,朝天宫,街道
320105006,兴隆,街道
320105007,南苑,街道
320105008,双闸,街道
320105009,沙洲,街道
320105010,江心洲,街道
320105011,莫愁湖,街道
320106001,宁海路,街道
320106002,华侨路,街道
320106003,湖南路,街道
320106004,中央门,街道
320106005,挹江门,街道
320106006,江东,街道
320106007,凤凰,街道
320106008,下关,街道
320106009,热河南路,街道
320106010,幕府山,街道
320106011,建宁路,街道
320106012,宝塔桥,街道
320106013,小市,街道
320111001,泰山,街道
320111002,顶山,街道
320111003,沿江,街道
320111004,江浦,街道
320111005,桥林,街道
320111006,汤泉,街道
320111007,盘城,街道
320111008,星甸,街道
320111009,永宁,街道
320113001,尧化,街道
320113002,马群,街道
320113003,迈皋桥,街道
320113004,燕子矶,街道
320113005,仙林,街道
320113007,龙潭,街道
320113008,栖霞,街道
320113009,八卦洲,街道
320113010,西岗,街道
320114002,赛虹桥,街道
320114003,雨花,街道
320114004,西善桥,街道
320114005,板桥,街道
320114006,铁心桥,街道
320114008,梅山,街道
320114009,古雄,街道
320115001,东山,街道
320115004,禄口,街道
320115005,淳化,街道
320115006,麒麟,街道
320115007,横溪,街道
320115008,江宁,街道
320115009,谷里,街道
320115010,汤山,街道
320115011,秣陵,街道
320115012,湖熟,街道
320116001,龙池,街道
320116002,雄州,街道
320116003,横梁,街道
320116004,金牛湖,街道
320116005,程桥,街道
320116006,马鞍,街道
320116007,龙袍,街道
320116008,冶山,街道
320116010,大厂,街道
320116011,葛塘,街道
320116012,长芦,街道
320116110,竹镇,镇
320117001,永阳,街道
320117002,柘塘,街道
320117003,东屏,街道
320117004,石湫,街道
320117005,洪蓝,街道
320117101,白马,镇
320117106,晶桥,镇
320117107,和凤,镇
320118001,淳溪,街道
320118002,古柏,街道
320118003,漆桥,街道
320118004,固城,街道
320118005,东坝,街道
320118006,桠溪,街道
320118101,阳江,镇
320118102,砖墙,镇
320205001,东亭,街道
320205002,安镇,街道
320205003,东北塘,街道
320205004,云林,街道
320205005,厚桥,街道
320205102,羊尖,镇
320205104,鹅湖,镇
320205106,锡北,镇
320205107,东港,镇
320206001,堰桥,街道
320206002,长安,街道
320206003,钱桥,街道
320206004,前洲,街道
320206005,玉祁,街道
320206103,洛社,镇
320206105,阳山,镇
320211001,河埒,街道
320211002,荣巷,街道
320211003,蠡湖,街道
320211004,蠡园,街道
320211006,华庄,街道
320211007,太湖,街道
320211008,雪浪,街道
320211009,马山,街道
320211104,胡埭,镇
320213001,崇安寺,街道
320213015,山北,街道
320213018,清名桥,街道
320213019,惠山,街道
320213020,北大街,街道
320213021,广益,街道
320213022,扬名,街道
320213023,黄巷,街道
320213024,瞻江,街道
320214001,新安,街道
320214002,旺庄,街道
320214003,硕放,街道
320214004,江溪,街道
320214005,梅村,街道
320214006,鸿山,街道
320281001,澄江,街道
320281004,南闸,街道
320281005,云亭,街道
320281006,城东,街道
320281008,夏港,街道
320281009,申港,街道
320281010,利港,街道
320281101,璜土,镇
320281106,月城,镇
320281107,青阳,镇
320281108,徐霞客,镇
320281113,华士,镇
320281114,周庄,镇
320281115,新桥,镇
320281116,长泾,镇
320281117,顾山,镇
320281119,祝塘,镇
320281607,临港,街道
320282001,新庄,街道
320282002,宜城,街道
320282003,屺亭,街道
320282005,新街,街道
320282006,芳桥,街道
320282101,张渚,镇
320282102,西渚,镇
320282103,太华,镇
320282105,徐舍,镇
320282108,官林,镇
320282109,杨巷,镇
320282111,新建,镇
320282114,和桥,镇
320282115,高塍,镇
320282118,万石,镇
320282119,周铁,镇
320282123,丁蜀,镇
320282125,湖㳇,镇
320302001,丰财,街道
320302002,环城,街道
320302003,黄楼,街道
320302004,牌楼,街道
320302008,琵琶,街道
320302011,铜沛,街道
320302012,九里,街道
320302013,金山桥,街道
320302014,东环,街道
320302015,拾屯,街道
320303001,彭城,街道
320303005,子房,街道
320303007,黄山,街道
320303008,骆驼山,街道
320303010,大郭庄,街道
320303011,翠屏山,街道
320303012,潘塘,街道
320303013,大龙湖,街道
320303014,汉风,街道
320305003,大泉,街道
320305004,老矿,街道
320305005,大吴,街道
320305006,潘安湖,街道
320305007,大庙,街道
320305008,大黄山,街道
320305009,茱萸山,街道
320305010,金龙湖,街道
320305102,青山泉,镇
320305104,紫庄,镇
320305105,塔山,镇
320305106,汴塘,镇
320305107,江庄,镇
320311001,王陵,街道
320311003,永安,街道
320311004,湖滨,街道
320311005,段庄,街道
320311006,翟山,街道
320311007,奎山,街道
320311008,和平,街道
320311011,泰山,街道
320311012,金山,街道
320311014,七里沟,街道
320311015,火花,街道
320311016,苏山,街道
320311017,庞庄,街道
320311018,桃园,街道
320312002,利国,街道
320312003,张集,街道
320312004,垞城,街道
320312005,电厂,街道
320312006,张双楼,街道
320312007,三河尖,街道
320312009,铜山,街道
320312010,三堡,街道
320312011,新区,街道
320312012,沿湖,街道
320312102,何桥,镇
320312103,黄集,镇
320312104,马坡,镇
320312105,郑集,镇
320312106,柳新,镇
320312107,刘集,镇
320312108,大彭,镇
320312109,汉王,镇
320312111,棠张,镇
320312112,张集,镇
320312113,房村,镇
320312114,伊庄,镇
320312115,单集,镇
320312117,徐庄,镇
320312118,大许,镇
320312119,茅村,镇
320312120,柳泉,镇
320312121,利国,镇
320321001,中阳里,街道
320321002,凤城,街道
320321003,孙楼,街道
320321102,首羡,镇
320321103,顺河,镇
320321104,常店,镇
320321105,欢口,镇
320321106,师寨,镇
320321107,华山,镇
320321108,梁寨,镇
320321109,范楼,镇
320321111,宋楼,镇
320321112,大沙河,镇
320321113,王沟,镇
320321114,赵庄,镇
320322001,沛城,街道
320322002,大屯,街道
320322003,汉兴,街道
320322004,汉源,街道
320322102,龙固,镇
320322103,杨屯,镇
320322105,胡寨,镇
320322106,魏庙,镇
320322107,五段,镇
320322108,张庄,镇
320322109,张寨,镇
320322110,敬安,镇
320322111,河口,镇
320322112,栖山,镇
320322113,鹿楼,镇
320322114,朱寨,镇
320322115,安国,镇
320324001,睢城,街道
320324002,睢河,街道
320324003,金城,街道
320324102,王集,镇
320324103,双沟,镇
320324104,岚山,镇
320324105,李集,镇
320324106,桃园,镇
320324107,官山,镇
320324108,高作,镇
320324109,沙集,镇
320324110,凌城,镇
320324111,邱集,镇
320324112,古邳,镇
320324113,姚集,镇
320324114,魏集,镇
320324115,梁集,镇
320324116,庆安,镇
320324601,睢城,镇
320381001,新安,街道
320381002,北沟,街道
320381003,唐店,街道
320381004,墨河,街道
320381005,钟吾,街道
320381102,草桥,镇
320381103,港头,镇
320381104,合沟,镇
320381105,窑湾,镇
320381106,棋盘,镇
320381107,马陵山,镇
320381108,邵店,镇
320381109,高流,镇
320381110,阿湖,镇
320381112,时集,镇
320381113,瓦窑,镇
320381114,双塘,镇
320381116,新店,镇
320382001,运河,街道
320382002,炮车,街道
320382003,戴圩,街道
320382004,东湖,街道
320382102,邳城,镇
320382103,官湖,镇
320382104,四户,镇
320382105,宿羊山,镇
320382106,八义集,镇
320382107,土山,镇
320382108,碾庄,镇
320382109,港上,镇
320382110,邹庄,镇
320382111,占城,镇
320382112,新河,镇
320382113,八路,镇
320382115,铁富,镇
320382116,岔河,镇
320382118,陈楼,镇
320382119,邢楼,镇
320382120,戴庄,镇
320382121,车辐山,镇
320382122,燕子埠,镇
320382123,赵墩,镇
320382124,议堂,镇
320402001,天宁,街道
320402006,兰陵,街道
320402007,茶山,街道
320402008,雕庄,街道
320402009,红梅,街道
320402010,青龙,街道
320402100,郑陆,镇
320404001,五星,街道
320404002,永红,街道
320404003,北港,街道
320404004,西林,街道
320404005,南大街,街道
320404006,荷花池,街道
320404010,新闸,街道
320404100,邹区,镇
320411003,龙虎塘,街道
320411004,新桥,街道
320411005,春江,街道
320411006,魏村,街道
320411007,三井,街道
320411102,孟河,镇
320411104,薛家,镇
320411105,罗溪,镇
320411106,西夏墅,镇
320411107,奔牛,镇
320411191,春江,镇
320412001,南夏墅,街道
320412002,西湖,街道
320412003,丁堰,街道
320412004,戚墅堰,街道
320412005,潞城,街道
320412100,湖塘,镇
320412102,牛塘,镇
320412103,洛阳,镇
320412104,遥观,镇
320412105,横林,镇
320412106,横山桥,镇
320412110,雪堰,镇
320412113,前黄,镇
320412114,礼嘉,镇
320412119,嘉泽,镇
320412120,湟里,镇
320413001,西城,街道
320413002,尧塘,街道
320413003,东城,街道
320413100,金城,镇
320413101,儒林,镇
320413102,直溪,镇
320413103,朱林,镇
320413104,薛埠,镇
320413105,指前,镇
320481001,昆仑,街道
320481002,溧城,街道
320481003,古县,街道
320481101,埭头,镇
320481102,上黄,镇
320481103,戴埠,镇
320481106,天目湖,镇
320481107,别桥,镇
320481109,上兴,镇
320481111,竹箦,镇
320481114,南渡,镇
320481116,社渚,镇
320505002,狮山,街道
320505003,横塘,街道
320505004,枫桥,街道
320505005,东渚,街道
320505006,斜塘,街道
320505007,娄葑,街道
320505102,浒墅关,镇
320505105,通安,镇
320506003,长桥,街道
320506004,郭巷,街道
320506005,横泾,街道
320506006,越溪,街道
320506007,城南,街道
320506008,香山,街道
320506009,唯亭,街道
320506010,胜浦,街道
320506011,太湖,街道
320506012,金鸡湖,街道
320506101,甪直,镇
320506104,光福,镇
320506108,木渎,镇
320506109,胥口,镇
320506111,临湖,镇
320506113,东山,镇
320506114,金庭,镇
320507001,元和,街道
320507002,黄桥,街道
320507004,北桥,街道
320507007,太平,街道
320507008,北河泾,街道
320507009,漕湖,街道
320507010,澄阳,街道
320507100,望亭,镇
320507103,黄埭,镇
320507107,渭塘,镇
320507111,阳澄湖,镇
320508002,沧浪,街道
320508003,吴门桥,街道
320508005,双塔,街道
320508008,平江,街道
320508009,苏锦,街道
320508015,金阊,街道
320508016,白洋湾,街道
320508017,虎丘,街道
320509002,松陵,街道
320509003,江陵,街道
320509004,横扇,街道
320509005,八坼,街道
320509101,同里,镇
320509102,平望,镇
320509103,盛泽,镇
320509104,七都,镇
320509105,震泽,镇
320509106,桃源,镇
320509107,黎里,镇
320509600,松陵,镇
320509601,滨湖,街道
320581001,碧溪,街道
320581003,东南,街道
320581004,虞山,街道
320581005,琴川,街道
320581006,莫城,街道
320581007,常福,街道
320581101,梅李,镇
320581102,海虞,镇
320581107,古里,镇
320581108,沙家浜,镇
320581109,支塘,镇
320581111,董浜,镇
320581117,尚湖,镇
320581120,辛庄,镇
320582001,金港,街道
320582002,后塍,街道
320582003,德积,街道
320582100,塘桥,镇
320582103,凤凰,镇
320582105,乐余,镇
320582107,锦丰,镇
320582108,南丰,镇
320582110,杨舍,镇
320582116,大新,镇
320582118,金港,镇
320583100,玉山,镇
320583102,巴城,镇
320583105,周市,镇
320583107,陆家,镇
320583108,花桥,镇
320583110,淀山湖,镇
320583111,张浦,镇
320583112,周庄,镇
320583113,千灯,镇
320583114,锦溪,镇
320585001,娄东,街道
320585002,陆渡,街道
320585100,城厢,镇
320585103,浮桥,镇
320585105,璜泾,镇
320585109,双凤,镇
320585110,沙溪,镇
320585111,浏河,镇
320612001,金沙,街道
320612002,先锋,街道
320612003,兴东,街道
320612004,金新,街道
320612101,西亭,镇
320612102,二甲,镇
320612103,东社,镇
320612104,三余,镇
320612107,十总,镇
320612110,石港,镇
320612112,刘桥,镇
320612114,平潮,镇
320612116,五接,镇
320612117,兴仁,镇
320612119,张芝山,镇
320612120,川姜,镇
320613001,城东,街道
320613002,和平桥,街道
320613003,任港,街道
320613004,新城桥,街道
320613005,虹桥,街道
320613006,学田,街道
320613007,钟秀,街道
320613008,文峰,街道
320613009,观音山,街道
320613010,狼山镇,街道
320613011,新开,街道
320613012,中兴,街道
320613013,小海,街道
320613014,竹行,街道
320613015,江海,街道
320613016,永兴,街道
320613017,唐闸镇,街道
320613018,天生港镇,街道
320613019,秦灶,街道
320613020,陈桥,街道
320613021,幸福,街道
320614001,海门,街道
320614002,滨江,街道
320614003,三厂,街道
320614101,三星,镇
320614102,海永,镇
320614103,常乐,镇
320614104,悦来,镇
320614105,四甲,镇
320614106,余东,镇
320614107,正余,镇
320614108,包场,镇
320614109,临江,镇
320623001,苴镇,街道
320623002,城中,街道
320623003,掘港,街道
320623100,栟茶,镇
320623101,洋口,镇
320623104,长沙,镇
320623109,马塘,镇
320623110,丰利,镇
320623111,曹埠,镇
320623112,岔河,镇
320623113,双甸,镇
320623114,新店,镇
320623115,河口,镇
320623117,袁庄,镇
320623121,大豫,镇
320681100,汇龙,镇
320681102,南阳,镇
320681105,北新,镇
320681107,王鲍,镇
320681108,合作,镇
320681110,吕四港,镇
320681113,海复,镇
320681117,近海,镇
320681118,寅阳,镇
320681120,惠萍,镇
320681122,东海,镇
320681124,启隆,镇
320682001,如城,街道
320682002,城北,街道
320682003,城南,街道
320682103,东陈,镇
320682104,丁堰,镇
320682105,白蒲,镇
320682107,下原,镇
320682108,九华,镇
320682110,石庄,镇
320682111,长江,镇
320682112,吴窑,镇
320682113,江安,镇
320682116,搬经,镇
320682117,磨头,镇
320685001,海安,街道
320685002,孙庄,街道
320685003,胡集,街道
320685004,隆政,街道
320685101,城东,镇
320685102,曲塘,镇
320685103,李堡,镇
320685105,角斜,镇
320685107,大公,镇
320685109,雅周,镇
320685110,白甸,镇
320685112,南莫,镇
320685113,墩头,镇
320703001,墟沟,街道
320703002,连云,街道
320703003,连岛,街道
320703004,板桥,街道
320703005,云山,街道
320703006,海州湾,街道
320703007,宿城,街道
320703008,高公岛,街道
320703009,中云,街道
320703010,猴嘴,街道
320703011,朝阳,街道
320703012,徐圩,街道
320703200,前三岛,乡
320706001,海州,街道
320706002,幸福路,街道
320706003,朐阳,街道
320706004,洪门,街道
320706005,云台,街道
320706006,新浦,街道
320706007,浦西,街道
320706008,新东,街道
320706009,新南,街道
320706010,路南,街道
320706011,新海,街道
320706012,花果山,街道
320706013,南城,街道
320706014,宁海,街道
320706015,郁洲,街道
320706100,新坝,镇
320706101,锦屏,镇
320706102,板浦,镇
320706103,浦南,镇
320707100,青口,镇
320707101,柘汪,镇
320707102,石桥,镇
320707103,金山,镇
320707104,黑林,镇
320707105,厉庄,镇
320707106,海头,镇
320707107,塔山,镇
320707108,赣马,镇
320707109,班庄,镇
320707110,城头,镇
320707111,城西,镇
320707112,宋庄,镇
320707113,沙河,镇
320707114,墩尚,镇
320722001,牛山,街道
320722002,石榴,街道
320722101,白塔埠,镇
320722103,黄川,镇
320722104,石梁河,镇
320722105,青湖,镇
320722107,温泉,镇
320722108,双店,镇
320722109,桃林,镇
320722110,洪庄,镇
320722111,安峰,镇
320722112,房山,镇
320722113,平明,镇
320722114,曲阳,镇
320722115,山左口,镇
320722200,驼峰,乡
320722203,李埝,乡
320722205,石湖,乡
320722207,张湾,乡
320723001,侍庄,街道
320723100,伊山,镇
320723102,杨集,镇
320723103,燕尾港,镇
320723104,同兴,镇
320723105,四队,镇
320723106,圩丰,镇
320723107,龙苴,镇
320723108,下车,镇
320723109,东王集,镇
320723110,图河,镇
320723111,小伊,镇
320723112,南岗,镇
320724100,新安,镇
320724101,堆沟港,镇
320724103,北陈集,镇
320724104,张店,镇
320724105,汤沟,镇
320724106,百禄,镇
320724107,孟兴庄,镇
320724108,三口,镇
320724109,田楼,镇
320724110,新集,镇
320724111,李集,镇
320803001,淮城,街道
320803002,河下,街道
320803004,山阳,街道
320803101,平桥,镇
320803103,朱桥,镇
320803105,施河,镇
320803106,车桥,镇
320803108,流均,镇
320803109,苏嘴,镇
320803110,钦工,镇
320803111,顺河,镇
320803113,博里,镇
320803116,复兴,镇
320803120,范集,镇
320803121,漕运,镇
320803122,石塘,镇
320804006,长江路,街道
320804007,新渡口,街道
320804008,古清口,街道
320804009,王家营,街道
320804103,南陈集,镇
320804104,马头,镇
320804107,丁集,镇
320804109,徐溜,镇
320804110,渔沟,镇
320804114,三树,镇
320804115,高家堰,镇
320804116,淮高,镇
320804117,刘老庄,镇
320812001,府前,街道
320812002,长西,街道
320812003,淮海,街道
320812004,长东,街道
320812005,柳树湾,街道
320812006,水渡口,街道
320812007,清河,街道
320812008,清江,街道
320812009,浦楼,街道
320812010,闸口,街道
320812011,清浦,街道
320812012,城南,街道
320812013,盐河,街道
320812014,武墩,街道
320812015,钵池,街道
320812016,徐杨,街道
320812017,南马厂,街道
320812018,枚乘,街道
320812100,和平,镇
320812103,黄码,镇
320813001,高良涧,街道
320813002,朱坝,街道
320813003,黄集,街道
320813101,蒋坝,镇
320813103,岔河,镇
320813104,西顺河,镇
320813105,老子山,镇
320813106,三河,镇
320813110,东双沟,镇
320826001,涟城,街道
320826002,朱码,街道
320826003,陈师,街道
320826004,保滩,街道
320826101,高沟,镇
320826102,唐集,镇
320826104,大东,镇
320826105,五港,镇
320826106,梁岔,镇
320826107,石湖,镇
320826109,岔庙,镇
320826110,东胡集,镇
320826111,南集,镇
320826113,成集,镇
320826114,红窑,镇
320826117,黄营,镇
320830001,盱城,街道
320830002,太和,街道
320830003,古桑,街道
320830101,马坝,镇
320830102,官滩,镇
320830104,桂五,镇
320830105,管仲,镇
320830106,河桥,镇
320830107,鲍集,镇
320830108,黄花塘,镇
320830111,淮河,镇
320830114,天泉湖,镇
320830115,穆店,镇
320831001,黎城,街道
320831002,戴楼,街道
320831003,金北,街道
320831101,金南,镇
320831103,塔集,镇
320831106,前锋,镇
320831107,吕良,镇
320831111,银涂,镇
320902001,五星,街道
320902002,文峰,街道
320902003,先锋,街道
320902004,伍佑,街道
320902005,新城,街道
320902006,大洋,街道
320902007,黄海,街道
320902008,新洋,街道
320902009,毓龙,街道
320902010,新河,街道
320902011,宝瓶湖,街道
320902012,东亭湖,街道
320902102,新兴,镇
320902104,南洋,镇
320902106,便仓,镇
320902108,步凤,镇
320902115,黄尖,镇
320902116,盐东,镇
320903001,张庄,街道
320903002,潘黄,街道
320903003,新都,街道
320903004,盐龙,街道
320903005,盐渎,街道
320903006,科城,街道
320903103,学富,镇
320903109,龙冈,镇
320903111,郭猛,镇
320903112,大冈,镇
320903113,大纵湖,镇
320903114,楼王,镇
320903115,尚庄,镇
320903116,秦南,镇
320904001,丰华,街道
320904002,大中,街道
320904101,草堰,镇
320904102,白驹,镇
320904103,刘庄,镇
320904106,小海,镇
320904107,西团,镇
320904108,新丰,镇
320904110,大桥,镇
320904111,草庙,镇
320904112,万盈,镇
320904114,南阳,镇
320904116,三龙,镇
320921100,响水,镇
320921101,陈家港,镇
320921102,小尖,镇
320921103,黄圩,镇
320921104,大有,镇
320921105,双港,镇
320921106,南河,镇
320921107,运河,镇
320922001,东坎,街道
320922002,坎南,街道
320922003,坎北,街道
320922101,五汛,镇
320922102,蔡桥,镇
320922103,正红,镇
320922104,通榆,镇
320922105,界牌,镇
320922106,八巨,镇
320922107,八滩,镇
320922108,滨海港,镇
320922109,滨淮,镇
320922110,天场,镇
320922112,陈涛,镇
320923001,阜城,街道
320923002,金沙湖,街道
320923003,花园,街道
320923004,吴滩,街道
320923101,沟墩,镇
320923104,陈良,镇
320923106,三灶,镇
320923107,郭墅,镇
320923108,新沟,镇
320923109,陈集,镇
320923110,羊寨,镇
320923111,芦蒲,镇
320923113,板湖,镇
320923114,东沟,镇
320923115,益林,镇
320923118,古河,镇
320923119,罗桥,镇
320924100,合德,镇
320924101,临海,镇
320924102,千秋,镇
320924104,四明,镇
320924106,海河,镇
320924108,海通,镇
320924109,兴桥,镇
320924110,新坍,镇
320924111,长荡,镇
320924112,盘湾,镇
320924113,特庸,镇
320924114,洋马,镇
320924117,黄沙港,镇
320925001,近湖,街道
320925002,钟庄,街道
320925003,塘河,街道
320925101,建阳,镇
320925102,九龙口,镇
320925103,恒济,镇
320925104,颜单,镇
320925105,沿河,镇
320925106,芦沟,镇
320925107,庆丰,镇
320925108,上冈,镇
320925111,冈西,镇
320925113,宝塔,镇
320925114,高作,镇
320981100,溱东,镇
320981101,时堰,镇
320981106,五烈,镇
320981107,梁垛,镇
320981108,安丰,镇
320981109,南沈灶,镇
320981110,富安,镇
320981112,唐洋,镇
320981113,新街,镇
320981114,许河,镇
320981115,三仓,镇
320981118,头灶,镇
320981121,弶港,镇
320981122,东台,镇
321002001,东关,街道
321002002,汶河,街道
321002003,文峰,街道
321002004,曲江,街道
321002005,汤汪,街道
321002100,湾头,镇
321002101,杭集,镇
321002102,李典,镇
321002103,沙头,镇
321002104,头桥,镇
321002105,泰安,镇
321003001,邗上,街道
321003002,新盛,街道
321003003,蒋王,街道
321003004,汊河,街道
321003005,梅岭,街道
321003006,扬子津,街道
321003007,瘦西湖,街道
321003008,甘泉,街道
321003011,城北,街道
321003012,竹西,街道
321003013,文汇,街道
321003014,双桥,街道
321003015,西湖,街道
321003102,公道,镇
321003104,方巷,镇
321003106,槐泗,镇
321003109,瓜洲,镇
321003118,杨寿,镇
321003120,杨庙,镇
321003122,八里,镇
321003123,施桥,镇
321003200,平山,乡
321012100,仙女,镇
321012101,小纪,镇
321012102,武坚,镇
321012103,樊川,镇
321012104,真武,镇
321012105,宜陵,镇
321012106,丁沟,镇
321012107,郭村,镇
321012108,邵伯,镇
321012109,丁伙,镇
321012110,大桥,镇
321012111,吴桥,镇
321012112,浦头,镇
321023100,安宜,镇
321023101,氾水,镇
321023102,夏集,镇
321023103,柳堡,镇
321023104,射阳湖,镇
321023105,广洋湖,镇
321023106,鲁垛,镇
321023107,小官庄,镇
321023108,望直港,镇
321023109,曹甸,镇
321023110,西安丰,镇
321023111,山阳,镇
321023112,黄塍,镇
321023113,泾河,镇
321081100,真州,镇
321081101,青山,镇
321081103,新集,镇
321081104,新城,镇
321081105,马集,镇
321081106,刘集,镇
321081107,陈集,镇
321081108,大仪,镇
321081109,月塘,镇
321081110,朴席,镇
321084001,高邮,街道
321084002,马棚,街道
321084101,龙虬,镇
321084103,车逻,镇
321084106,汤庄,镇
321084107,卸甲,镇
321084108,三垛,镇
321084109,甘垛,镇
321084112,界首,镇
321084113,周山,镇
321084115,临泽,镇
321084116,送桥,镇
321084200,菱塘|回族,乡
321102001,正东路,街道
321102002,健康路,街道
321102003,大市口,街道
321102004,四牌楼,街道
321102005,谏壁,街道
321102006,象山,街道
321102007,丁卯,街道
321102008,大港,街道
321102100,丁岗,镇
321102101,大路,镇
321102102,姚桥,镇
321111001,宝塔路,街道
321111002,和平路,街道
321111003,官塘桥,街道
321111004,蒋乔,街道
321111005,金山,街道
321111006,韦岗,街道
321111007,七里甸,街道
321111008,南山,街道
321112001,高资,街道
321112002,宜城,街道
321112103,高桥,镇
321112105,辛丰,镇
321112107,谷阳,镇
321112108,上党,镇
321112110,宝堰,镇
321112113,世业,镇
321181001,云阳,街道
321181002,曲阿,街道
321181101,司徒,镇
321181105,延陵,镇
321181106,珥陵,镇
321181109,导墅,镇
321181110,皇塘,镇
321181112,吕城,镇
321181114,陵口,镇
321181117,访仙,镇
321181118,界牌,镇
321181122,丹北,镇
321182001,三茅,街道
321182002,兴隆,街道
321182101,新坝,镇
321182103,油坊,镇
321182104,八桥,镇
321182105,西来桥,镇
321183001,华阳,街道
321183002,崇明,街道
321183003,黄梅,街道
321183102,下蜀,镇
321183103,白兔,镇
321183105,茅山,镇
321183106,后白,镇
321183107,郭庄,镇
321183109,天王,镇
321183112,宝华,镇
321183117,边城,镇
321202001,城东,街道
321202002,城西,街道
321202003,城南,街道
321202004,城中,街道
321202005,城北,街道
321202007,京泰路,街道
321202008,凤凰,街道
321202009,寺巷,街道
321202010,明珠,街道
321202011,红旗,街道
321202100,九龙,镇
321202102,罡杨,镇
321202103,苏陈,镇
321202104,华港,镇
321203001,口岸,街道
321203002,刁铺,街道
321203003,许庄,街道
321203004,沿江,街道
321203102,永安洲,镇
321203103,白马,镇
321203105,大泗,镇
321203106,胡庄,镇
321203107,野徐,镇
321204001,罗塘,街道
321204003,梁徐,街道
321204004,天目山,街道
321204005,三水,街道
321204100,蒋垛,镇
321204101,娄庄,镇
321204102,白米,镇
321204103,俞垛,镇
321204105,大𫭢,镇
321204107,顾高,镇
321204109,张甸,镇
321204113,淤溪,镇
321204115,溱潼,镇
321281001,昭阳,街道
321281002,临城,街道
321281003,垛田,街道
321281100,戴窑,镇
321281101,合陈,镇
321281102,永丰,镇
321281103,新垛,镇
321281104,安丰,镇
321281105,海南,镇
321281106,钓鱼,镇
321281107,大邹,镇
321281108,沙沟,镇
321281109,中堡,镇
321281114,竹泓,镇
321281115,沈𫭢,镇
321281116,大垛,镇
321281117,荻垛,镇
321281118,陶庄,镇
321281119,昌荣,镇
321281121,周庄,镇
321281122,陈堡,镇
321281126,大营,镇
321281128,千垛,镇
321281129,兴东,镇
321281130,戴南,镇
321281207,林湖,乡
321282001,靖城,街道
321282101,新桥,镇
321282102,东兴,镇
321282104,斜桥,镇
321282105,西来,镇
321282106,季市,镇
321282107,孤山,镇
321282109,生祠,镇
321282110,马桥,镇
321283001,济川,街道
321283002,延令,街道
321283003,姚王,街道
321283101,黄桥,镇
321283102,珊瑚,镇
321283103,广陵,镇
321283106,古溪,镇
321283107,元竹,镇
321283108,张桥,镇
321283109,曲霞,镇
321283110,河失,镇
321283113,新街,镇
321283115,宣堡,镇
321283122,分界,镇
321283123,滨江,镇
321283124,虹桥,镇
321283201,根思,乡
321302001,幸福,街道
321302002,项里,街道
321302003,河滨,街道
321302004,古城,街道
321302005,支口,街道
321302006,双庄,街道
321302007,三棵树,街道
321302008,黄河,街道
321302009,洋北,街道
321302010,古楚,街道
321302101,耿车,镇
321302102,埠子,镇
321302107,中扬,镇
321302109,陈集,镇
321302110,洋河,镇
321302111,蔡集,镇
321302112,龙河,镇
321302113,屠园,镇
321302202,南蔡,乡
321311001,顺河,街道
321311002,豫新,街道
321311003,下相,街道
321311004,陆集,街道
321311005,晓店,街道
321311006,井头,街道
321311103,王官集,镇
321311105,仰化,镇
321311111,关庙,镇
321311113,新庄,镇
321311116,来龙,镇
321311117,大兴,镇
321311118,皂河,镇
321311201,曹集,乡
321322001,沭城,街道
321322002,南湖,街道
321322003,梦溪,街道
321322004,十字,街道
321322006,七雄,街道
321322007,章集,街道
321322101,陇集,镇
321322102,胡集,镇
321322105,马厂,镇
321322106,沂涛,镇
321322107,庙头,镇
321322109,华冲,镇
321322111,悦来,镇
321322112,刘集,镇
321322115,扎下,镇
321322116,颜集,镇
321322117,潼阳,镇
321322118,龙庙,镇
321322124,新河,镇
321322126,吴集,镇
321322128,青伊湖,镇
321322129,钱集,镇
321322130,塘沟,镇
321322131,韩山,镇
321322132,桑墟,镇
321322133,李恒,镇
321322134,高墟,镇
321322135,耿圩,镇
321322136,贤官,镇
321322205,西圩,乡
321323001,众兴,街道
321323002,城厢,街道
321323003,来安,街道
321323103,裴圩,镇
321323104,新袁,镇
321323105,李口,镇
321323107,临河,镇
321323112,三庄,镇
321323113,爱园,镇
321323114,卢集,镇
321323115,王集,镇
321323116,穿城,镇
321323200,庄圩,乡
321324001,青阳,街道
321324002,重岗,街道
321324003,大楼,街道
321324102,上塘,镇
321324103,魏营,镇
321324106,孙园,镇
321324107,梅花,镇
321324108,归仁,镇
321324109,金锁,镇
321324110,朱湖,镇
321324113,龙集,镇
321324114,双沟,镇
321324115,界集,镇
321324116,半城,镇
321324117,临淮,镇
321324202,天岗湖,乡
321324203,车门,乡
321324204,瑶沟,乡
321324205,石集,乡
321324600,青阳,镇
330102001,清波,街道
330102003,湖滨,街道
330102004,小营,街道
330102008,南星,街道
330102009,紫阳,街道
330102010,望江,街道
330102011,凯旋,街道
330102012,采荷,街道
330102013,闸弄口,街道
330102014,四季青,街道
330102015,彭埠,街道
330102016,笕桥,街道
330102017,丁兰,街道
330102018,九堡,街道
330105001,米市巷,街道
330105002,湖墅,街道
330105003,小河,街道
330105004,和睦,街道
330105005,拱宸桥,街道
330105007,大关,街道
330105008,上塘,街道
330105009,祥符,街道
330105010,康桥,街道
330105011,半山,街道
330105012,天水,街道
330105013,武林,街道
330105014,长庆,街道
330105015,潮鸣,街道
330105016,朝晖,街道
330105017,文晖,街道
330105018,东新,街道
330105019,石桥,街道
330106002,北山,街道
330106003,灵隐,街道
330106004,西溪,街道
330106005,翠苑,街道
330106006,文新,街道
330106011,转塘,街道
330106012,蒋村,街道
330106013,留下,街道
330106014,古荡,街道
330106015,西湖,街道
330106109,三墩,镇
330106110,双浦,镇
330108001,西兴,街道
330108002,浦沿,街道
330108003,长河,街道
330109001,城厢,街道
330109002,北干,街道
330109003,蜀山,街道
330109004,新塘,街道
330109005,靖江,街道
330109006,南阳,街道
330109012,新街,街道
330109013,闻堰,街道
330109014,宁围,街道
330109015,盈丰,街道
330109100,楼塔,镇
330109101,河上,镇
330109102,戴村,镇
330109103,浦阳,镇
330109104,进化,镇
330109105,临浦,镇
330109106,义桥,镇
330109107,所前,镇
330109108,衙前,镇
330109113,瓜沥,镇
330109115,益农,镇
330109120,党湾,镇
330110005,五常,街道
330110009,仁和,街道
330110010,闲林,街道
330110011,中泰,街道
330110012,余杭,街道
330110013,良渚,街道
330110014,仓前,街道
330110109,径山,镇
330110110,瓶窑,镇
330110111,鸬鸟,镇
330110112,百丈,镇
330110113,黄湖,镇
330111001,富春,街道
330111002,春江,街道
330111003,东洲,街道
330111004,鹿山,街道
330111005,银湖,街道
330111100,万市,镇
330111101,洞桥,镇
330111102,新登,镇
330111103,渌渚,镇
330111104,胥口,镇
330111105,永昌,镇
330111106,大源,镇
330111107,灵桥,镇
330111108,里山,镇
330111109,常绿,镇
330111110,场口,镇
330111111,常安,镇
330111112,龙门,镇
330111200,新桐,乡
330111201,上官,乡
330111202,渔山,乡
330111203,环山,乡
330111204,湖源,乡
330111205,春建,乡
330112001,锦城,街道
330112002,玲珑,街道
330112003,青山湖,街道
330112004,锦南,街道
330112005,锦北,街道
330112100,高虹,镇
330112101,太湖源,镇
330112102,於潜,镇
330112103,天目山,镇
330112104,太阳,镇
330112105,潜川,镇
330112106,昌化,镇
330112107,河桥,镇
330112108,龙岗,镇
330112109,湍口,镇
330112110,清凉峰,镇
330112111,岛石,镇
330112112,板桥,镇
330113001,临平,街道
330113002,南苑,街道
330113003,东湖,街道
330113004,星桥,街道
330113005,乔司,街道
330113006,运河,街道
330113007,崇贤,街道
330113100,塘栖,镇
330114001,下沙,街道
330114002,白杨,街道
330114003,河庄,街道
330114004,义蓬,街道
330114005,新湾,街道
330114006,临江,街道
330114007,前进,街道
330122001,桐君,街道
330122002,旧县,街道
330122003,城南,街道
330122004,凤川,街道
330122101,富春江,镇
330122102,横村,镇
330122105,江南,镇
330122109,分水,镇
330122110,瑶琳,镇
330122112,百江,镇
330122201,莪山|畲族,乡
330122202,钟山,乡
330122204,新合,乡
330122210,合村,乡
330127101,文昌,镇
330127102,石林,镇
330127103,临岐,镇
330127104,威坪,镇
330127106,姜家,镇
330127107,梓桐,镇
330127108,汾口,镇
330127109,中洲,镇
330127110,大墅,镇
330127111,枫树岭,镇
330127112,千岛湖,镇
330127200,里商,乡
330127201,金峰,乡
330127202,富文,乡
330127203,左口,乡
330127205,屏门,乡
330127206,瑶山,乡
330127208,王阜,乡
330127210,宋村,乡
330127211,鸠坑,乡
330127212,浪川,乡
330127214,界首,乡
330127216,安阳,乡
330182001,新安江,街道
330182002,洋溪,街道
330182003,更楼,街道
330182101,莲花,镇
330182102,乾潭,镇
330182104,梅城,镇
330182105,杨村桥,镇
330182106,下涯,镇
330182107,大洋,镇
330182108,三都,镇
330182109,寿昌,镇
330182110,航头,镇
330182111,大慈岩,镇
330182112,大同,镇
330182113,李家,镇
330182202,钦堂,乡
330203001,南门,街道
330203002,江厦,街道
330203003,西门,街道
330203004,月湖,街道
330203005,鼓楼,街道
330203006,白云,街道
330203007,段塘,街道
330203008,望春,街道
330203009,石碶,街道
330203100,高桥,镇
330203101,横街,镇
330203102,集士港,镇
330203103,古林,镇
330203104,洞桥,镇
330203105,鄞江,镇
330203106,章水,镇
330203200,龙观,乡
330205003,孔浦,街道
330205004,文教,街道
330205005,庄桥,街道
330205006,甬江,街道
330205007,洪塘,街道
330205008,前江,街道
330205009,外滩,街道
330205103,慈城,镇
330206001,新碶,街道
330206002,小港,街道
330206003,大碶,街道
330206004,霞浦,街道
330206005,柴桥,街道
330206006,戚家山,街道
330206007,大榭,街道
330206008,梅山,街道
330206009,春晓,街道
330206010,白峰,街道
330206011,郭巨,街道
330211001,招宝山,街道
330211002,蛟川,街道
330211003,骆驼,街道
330211004,庄市,街道
330211005,贵驷,街道
330211100,澥浦,镇
330211101,九龙湖,镇
330212003,下应,街道
330212004,钟公庙,街道
330212006,首南,街道
330212007,中河,街道
330212008,梅墟,街道
330212009,潘火,街道
330212010,百丈,街道
330212011,东胜,街道
330212012,明楼,街道
330212013,白鹤,街道
330212014,东柳,街道
330212015,东郊,街道
330212016,福明,街道
330212017,新明,街道
330212018,聚贤,街道
330212100,瞻岐,镇
330212101,咸祥,镇
330212102,塘溪,镇
330212104,东吴,镇
330212105,五乡,镇
330212106,邱隘,镇
330212108,云龙,镇
330212109,横溪,镇
330212121,姜山,镇
330212123,东钱湖,镇
330213001,锦屏,街道
330213002,岳林,街道
330213003,江口,街道
330213004,西坞,街道
330213005,萧王庙,街道
330213006,方桥,街道
330213007,莼湖,街道
330213008,尚田,街道
330213100,溪口,镇
330213103,裘村,镇
330213104,大堰,镇
330213105,松岙,镇
330225001,丹东,街道
330225002,丹西,街道
330225003,爵溪,街道
330225101,石浦,镇
330225102,西周,镇
330225103,鹤浦,镇
330225104,贤庠,镇
330225105,墙头,镇
330225106,泗洲头,镇
330225107,定塘,镇
330225108,涂茨,镇
330225109,大徐,镇
330225110,新桥,镇
330225200,东陈,乡
330225201,晓塘,乡
330225202,黄避岙,乡
330225203,茅洋,乡
330225204,高塘岛,乡
330226001,跃龙,街道
330226002,桃源,街道
330226003,梅林,街道
330226004,桥头胡,街道
330226101,长街,镇
330226102,力洋,镇
330226104,一市,镇
330226105,岔路,镇
330226106,前童,镇
330226107,桑洲,镇
330226108,黄坛,镇
330226109,大佳何,镇
330226110,强蛟,镇
330226111,西店,镇
330226112,深甽,镇
330226113,茶院,镇
330226200,胡陈,乡
330226202,越溪,乡
330281001,梨洲,街道
330281002,凤山,街道
330281003,兰江,街道
330281004,阳明,街道
330281005,低塘,街道
330281006,朗霞,街道
330281100,临山,镇
330281101,黄家埠,镇
330281102,小曹娥,镇
330281103,泗门,镇
330281106,马渚,镇
330281108,牟山,镇
330281109,丈亭,镇
330281110,三七市,镇
330281111,河姆渡,镇
330281112,大隐,镇
330281113,陆埠,镇
330281114,梁弄,镇
330281115,大岚,镇
330281116,四明山,镇
330281201,鹿亭,乡
330282001,浒山,街道
330282002,宗汉,街道
330282003,坎墩,街道
330282004,白沙路,街道
330282005,古塘,街道
330282006,陆中湾,街道
330282101,龙山,镇
330282104,掌起,镇
330282107,观海卫,镇
330282108,附海,镇
330282109,桥头,镇
330282110,匡堰,镇
330282111,逍林,镇
330282112,新浦,镇
330282113,胜山,镇
330282114,横河,镇
330282116,崇寿,镇
330282118,庵东,镇
330282120,长河,镇
330282121,周巷,镇
330302002,滨江,街道
330302014,松台,街道
330302018,五马,街道
330302021,南汇,街道
330302022,双屿,街道
330302023,仰义,街道
330302024,七都,街道
330302025,蒲鞋市,街道
330302026,广化,街道
330302027,大南,街道
330302028,南郊,街道
330302029,丰门,街道
330302100,藤桥,镇
330302101,山福,镇
330303001,永中,街道
330303002,蒲州,街道
330303003,海滨,街道
330303004,永兴,街道
330303005,海城,街道
330303006,状元,街道
330303007,瑶溪,街道
330303008,沙城,街道
330303009,天河,街道
330303010,星海,街道
330304001,景山,街道
330304002,梧田,街道
330304003,茶山,街道
330304004,南白象,街道
330304005,新桥,街道
330304006,娄桥,街道
330304007,三垟,街道
330304008,瞿溪,街道
330304010,潘桥,街道
330304011,丽岙,街道
330304012,仙岩,街道
330304013,郭溪,街道
330304108,泽雅,镇
330305001,北岙,街道
330305002,东屏,街道
330305003,元觉,街道
330305004,霓屿,街道
330305005,昆鹏,街道
330305011,灵昆,街道
330305100,大门,镇
330305200,鹿西,乡
330324001,乌牛,街道
330324002,东城,街道
330324003,北城,街道
330324004,南城,街道
330324007,三江,街道
330324008,黄田,街道
330324009,瓯北,街道
330324102,桥头,镇
330324105,大若岩,镇
330324109,枫林,镇
330324112,桥下,镇
330324113,碧莲,镇
330324114,巽宅,镇
330324115,岩头,镇
330324116,岩坦,镇
330324117,沙头,镇
330324118,鹤盛,镇
330324119,金溪,镇
330324200,茗岙,乡
330324201,云岭,乡
330324202,溪下,乡
330324203,界坑,乡
330326100,昆阳,镇
330326101,鳌江,镇
330326102,水头,镇
330326103,萧江,镇
330326104,海西,镇
330326105,腾蛟,镇
330326106,南麂,镇
330326107,山门,镇
330326108,顺溪,镇
330326109,南雁,镇
330326110,麻步,镇
330326111,凤卧,镇
330326112,万全,镇
330326113,怀溪,镇
330326214,青街|畲族,乡
330326215,闹村,乡
330327103,宜山,镇
330327104,大渔,镇
330327105,炎亭,镇
330327106,望里,镇
330327107,莒溪,镇
330327108,南宋,镇
330327109,霞关,镇
330327110,沿浦,镇
330327112,藻溪,镇
330327122,灵溪,镇
330327124,金乡,镇
330327125,钱库,镇
330327126,马站,镇
330327127,矾山,镇
330327128,桥墩,镇
330327129,赤溪,镇
330327216,凤阳|畲族,乡
330327218,岱岭|畲族,乡
330328101,百丈漈,镇
330328102,二源,镇
330328106,巨屿,镇
330328108,大峃,镇
330328109,珊溪,镇
330328110,玉壶,镇
330328111,南田,镇
330328112,黄坦,镇
330328113,西坑|畲族,镇
330328114,峃口,镇
330328115,周壤,镇
330328116,铜铃山,镇
330328210,桂山,乡
330328211,双桂,乡
330328212,平和,乡
330328213,公阳,乡
330328217,周山|畲族,乡
330329102,百丈,镇
330329111,罗阳,镇
330329112,司前|畲族,镇
330329113,筱村,镇
330329114,泗溪,镇
330329115,彭溪,镇
330329116,雅阳,镇
330329117,仕阳,镇
330329118,三魁,镇
330329120,南浦溪,镇
330329121,龟湖,镇
330329122,西旸,镇
330329201,东溪,乡
330329202,凤垟,乡
330329203,柳峰,乡
330329204,竹里|畲族,乡
330329206,雪溪,乡
330329208,大安,乡
330329210,包垟,乡
330381001,安阳,街道
330381002,上望,街道
330381003,东山,街道
330381004,玉海,街道
330381005,锦湖,街道
330381006,莘塍,街道
330381007,汀田,街道
330381008,南滨,街道
330381009,飞云,街道
330381010,仙降,街道
330381011,潘岱,街道
330381012,云周,街道
330381101,塘下,镇
330381125,陶山,镇
330381126,湖岭,镇
330381127,马屿,镇
330381128,高楼,镇
330381129,桐浦,镇
330381130,曹村,镇
330381131,林川,镇
330381132,平阳坑,镇
330381201,北麂,乡
330381202,芳庄,乡
330382001,城东,街道
330382002,城南,街道
330382003,盐盆,街道
330382004,翁垟,街道
330382005,白石,街道
330382006,石帆,街道
330382007,天成,街道
330382008,乐成,街道
330382104,雁荡,镇
330382121,柳市,镇
330382122,北白象,镇
330382123,虹桥,镇
330382124,淡溪,镇
330382125,清江,镇
330382126,芙蓉,镇
330382127,大荆,镇
330382128,仙溪,镇
330382129,磐石,镇
330382130,蒲岐,镇
330382131,南岳,镇
330382132,南塘,镇
330382133,湖雾,镇
330382200,岭底,乡
330382201,智仁,乡
330382202,龙西,乡
330402010,南湖,街道
330402012,七星,街道
330402013,东栅,街道
330402014,城南,街道
330402015,长水,街道
330402016,禾兴,街道
330402100,凤桥,镇
330402101,余新,镇
330402103,新丰,镇
330402105,大桥,镇
330411002,新城,街道
330411003,高照,街道
330411004,嘉北,街道
330411005,塘汇,街道
330411101,王江泾,镇
330411103,油车港,镇
330411104,新塍,镇
330411105,王店,镇
330411106,洪合,镇
330421001,罗星,街道
330421002,魏塘,街道
330421003,惠民,街道
330421102,大云,镇
330421103,西塘,镇
330421105,干窑,镇
330421107,陶庄,镇
330421111,天凝,镇
330421112,姚庄,镇
330424001,武原,街道
330424002,秦山,街道
330424003,望海,街道
330424004,西塘桥,街道
330424101,沈荡,镇
330424102,百步,镇
330424103,于城,镇
330424105,澉浦,镇
330424106,通元,镇
330481001,马桥,街道
330481002,海昌,街道
330481003,海洲,街道
330481004,硖石,街道
330481101,许村,镇
330481103,长安,镇
330481105,周王庙,镇
330481106,丁桥,镇
330481107,斜桥,镇
330481108,黄湾,镇
330481110,盐官,镇
330481112,袁花,镇
330482001,当湖,街道
330482002,曹桥,街道
330482003,钟埭,街道
330482101,乍浦,镇
330482102,新埭,镇
330482103,新仓,镇
330482106,广陈,镇
330482107,林埭,镇
330482108,独山港,镇
330483001,梧桐,街道
330483003,凤鸣,街道
330483008,高桥,街道
330483100,乌镇,镇
330483101,濮院,镇
330483102,屠甸,镇
330483103,石门,镇
330483104,河山,镇
330483105,洲泉,镇
330483106,大麻,镇
330483107,崇福,镇
330502001,月河,街道
330502002,朝阳,街道
330502003,爱山,街道
330502004,飞英,街道
330502005,龙泉,街道
330502006,凤凰,街道
330502007,湖东,街道
330502008,仁皇山,街道
330502009,滨湖,街道
330502010,康山,街道
330502011,环渚,街道
330502012,龙溪,街道
330502013,杨家埠,街道
330502100,织里,镇
330502101,八里店,镇
330502102,妙西,镇
330502103,东林,镇
330502104,埭溪,镇
330502200,道场,乡
330503001,东迁,街道
330503002,旧馆,街道
330503100,南浔,镇
330503101,练市,镇
330503102,双林,镇
330503103,菱湖,镇
330503104,和孚,镇
330503105,善琏,镇
330503107,千金,镇
330503108,石淙,镇
330521001,下渚湖,街道
330521002,武康,街道
330521003,舞阳,街道
330521004,阜溪,街道
330521005,康乾,街道
330521101,乾元,镇
330521103,洛舍,镇
330521110,雷甸,镇
330521113,钟管,镇
330521114,新市,镇
330521115,新安,镇
330521116,禹越,镇
330521117,莫干山,镇
330521602,三合,乡
330522001,雉城,街道
330522002,画溪,街道
330522003,太湖,街道
330522004,龙山,街道
330522101,洪桥,镇
330522102,李家巷,镇
330522103,夹浦,镇
330522104,林城,镇
330522105,泗安,镇
330522106,虹星桥,镇
330522107,和平,镇
330522108,小浦,镇
330522109,煤山,镇
330522200,水口,乡
330522202,吕山,乡
330523001,递铺,街道
330523002,昌硕,街道
330523003,灵峰,街道
330523004,孝源,街道
330523101,梅溪,镇
330523103,鄣吴,镇
330523104,杭垓,镇
330523105,孝丰,镇
330523106,报福,镇
330523107,章村,镇
330523108,天荒坪,镇
330523111,天子湖,镇
330523201,溪龙,乡
330523205,上墅,乡
330523206,山川,乡
330602001,塔山,街道
330602002,府山,街道
330602004,北海,街道
330602005,城南,街道
330602006,稽山,街道
330602007,迪荡,街道
330602008,东湖,街道
330602009,灵芝,街道
330602010,东浦,街道
330602011,鉴湖,街道
330602012,斗门,街道
330602013,皋埠,街道
330602014,马山,街道
330602015,孙端,街道
330602016,陶堰,街道
330602017,沥海,街道
330602109,富盛,镇
330602603,蕺山,街道
330603001,柯桥,街道
330603002,柯岩,街道
330603003,华舍,街道
330603004,湖塘,街道
330603005,齐贤,街道
330603006,安昌,街道
330603007,兰亭,街道
330603008,福全,街道
330603009,钱清,街道
330603010,马鞍,街道
330603011,杨汛桥,街道
330603104,平水,镇
330603106,王坛,镇
330603108,稽东,镇
330603110,漓渚,镇
330603111,夏履,镇
330604001,百官,街道
330604002,曹娥,街道
330604003,东关,街道
330604004,道墟,街道
330604005,梁湖,街道
330604006,小越,街道
330604007,崧厦,街道
330604101,长塘,镇
330604102,上浦,镇
330604103,汤浦,镇
330604104,章镇,镇
330604105,下管,镇
330604106,丰惠,镇
330604107,永和,镇
330604109,驿亭,镇
330604111,谢塘,镇
330604112,盖北,镇
330604200,岭南,乡
330604201,陈溪,乡
330604202,丁宅,乡
330624001,南明,街道
330624002,羽林,街道
330624003,七星,街道
330624004,澄潭,街道
330624108,沙溪,镇
330624109,镜岭,镇
330624110,儒岙,镇
330624111,回山,镇
330624112,沃洲,镇
330624113,小将,镇
330624200,城南,乡
330624201,东茗,乡
330681001,暨阳,街道
330681002,浣东,街道
330681003,陶朱,街道
330681004,暨南,街道
330681005,大唐,街道
330681102,应店街,镇
330681103,次坞,镇
330681104,店口,镇
330681106,姚江,镇
330681108,山下湖,镇
330681109,枫桥,镇
330681110,赵家,镇
330681111,马剑,镇
330681112,五泄,镇
330681115,牌头,镇
330681116,同山,镇
330681117,安华,镇
330681119,璜山,镇
330681120,陈宅,镇
330681121,岭北,镇
330681122,浬浦,镇
330681123,东白湖,镇
330681201,东和,乡
330683001,剡湖,街道
330683002,三江,街道
330683003,鹿山,街道
330683004,浦口,街道
330683100,甘霖,镇
330683101,长乐,镇
330683102,崇仁,镇
330683103,黄泽,镇
330683104,三界,镇
330683107,仙岩,镇
330683110,下王,镇
330683111,石璜,镇
330683112,谷来,镇
330683113,金庭,镇
330683206,贵门,乡
330702001,城东,街道
330702002,城中,街道
330702003,城西,街道
330702004,城北,街道
330702005,江南,街道
330702006,三江口,街道
330702007,西关,街道
330702008,秋滨,街道
330702009,新狮,街道
330702100,罗店,镇
330702101,雅畈,镇
330702102,安地,镇
330702103,白龙桥,镇
330702104,琅琊,镇
330702105,蒋堂,镇
330702106,汤溪,镇
330702107,罗埠,镇
330702108,洋埠,镇
330702201,乾西,乡
330702202,竹马,乡
330702203,长山,乡
330702204,箬阳,乡
330702205,沙畈,乡
330702206,塔石,乡
330702207,岭上,乡
330702208,莘畈,乡
330702209,苏孟,乡
330703001,多湖,街道
330703002,东孝,街道
330703101,孝顺,镇
330703102,傅村,镇
330703103,曹宅,镇
330703104,澧浦,镇
330703105,岭下,镇
330703106,江东,镇
330703107,塘雅,镇
330703108,赤松,镇
330703200,源东,乡
330723001,白洋,街道
330723002,壶山,街道
330723003,熟溪,街道
330723100,柳城|畲族,镇
330723101,履坦,镇
330723102,桐琴,镇
330723103,泉溪,镇
330723104,新宅,镇
330723105,王宅,镇
330723106,桃溪,镇
330723107,茭道,镇
330723200,大田,乡
330723201,白姆,乡
330723202,俞源,乡
330723203,坦洪,乡
330723204,西联,乡
330723205,三港,乡
330723206,大溪口,乡
330726001,浦南,街道
330726002,仙华,街道
330726003,浦阳,街道
330726101,黄宅,镇
330726102,白马,镇
330726103,郑家坞,镇
330726104,郑宅,镇
330726105,岩头,镇
330726106,檀溪,镇
330726107,杭坪,镇
330726200,大畈,乡
330726201,中余,乡
330726202,前吴,乡
330726203,花桥,乡
330726204,虞宅,乡
330727001,安文,街道
330727002,新渥,街道
330727102,尖山,镇
330727103,仁川,镇
330727104,大盘,镇
330727105,方前,镇
330727106,玉山,镇
330727107,尚湖,镇
330727108,冷水,镇
330727201,双峰,乡
330727203,双溪,乡
330727205,窈川,乡
330727206,盘峰,乡
330727211,九和,乡
330781001,兰江,街道
330781002,云山,街道
330781003,上华,街道
330781004,永昌,街道
330781005,赤溪,街道
330781006,女埠,街道
330781101,游埠,镇
330781102,诸葛,镇
330781103,黄店,镇
330781104,香溪,镇
330781106,梅江,镇
330781109,马涧,镇
330781110,横溪,镇
330781200,灵洞,乡
330781201,柏社,乡
330781202,水亭|畲族,乡
330782001,稠城,街道
330782002,江东,街道
330782003,稠江,街道
330782004,北苑,街道
330782005,后宅,街道
330782006,城西,街道
330782007,廿三里,街道
330782008,福田,街道
330782100,佛堂,镇
330782101,赤岸,镇
330782102,义亭,镇
330782104,上溪,镇
330782105,苏溪,镇
330782106,大陈,镇
330783001,吴宁,街道
330783002,南市,街道
330783003,白云,街道
330783004,江北,街道
330783005,城东,街道
330783006,六石,街道
330783128,歌山,镇
330783129,巍山,镇
330783130,虎鹿,镇
330783131,佐村,镇
330783133,东阳江,镇
330783134,湖溪,镇
330783135,横店,镇
330783136,马宅,镇
330783137,千祥,镇
330783138,南马,镇
330783139,画水,镇
330783200,三单,乡
330784001,东城,街道
330784002,西城,街道
330784003,江南,街道
330784100,石柱,镇
330784101,古山,镇
330784102,象珠,镇
330784103,龙山,镇
330784104,花街,镇
330784105,方岩,镇
330784106,舟山,镇
330784107,前仓,镇
330784108,唐先,镇
330784109,西溪,镇
330784110,芝英,镇
330802001,府山,街道
330802004,荷花,街道
330802005,新新,街道
330802007,双港,街道
330802008,信安,街道
330802009,花园,街道
330802010,白云,街道
330802011,衢化,街道
330802014,黄家,街道
330802100,石梁,镇
330802101,航埠,镇
330802200,姜家山,乡
330802201,万田,乡
330802202,石室,乡
330802209,七里,乡
330802210,九华,乡
330802211,沟溪,乡
330802212,华墅,乡
330803001,樟潭,街道
330803002,浮石,街道
330803003,路港,街道
330803100,上方,镇
330803101,峡川,镇
330803102,杜泽,镇
330803103,莲花,镇
330803105,高家,镇
330803109,全旺,镇
330803110,大洲,镇
330803111,后溪,镇
330803112,廿里,镇
330803113,湖南,镇
330803116,云溪,镇
330803202,太真,乡
330803203,双桥,乡
330803206,周家,乡
330803212,黄坛口,乡
330822001,天马,街道
330822002,紫港,街道
330822003,金川,街道
330822101,辉埠,镇
330822102,芳村,镇
330822103,球川,镇
330822104,白石,镇
330822105,招贤,镇
330822106,青石,镇
330822200,何家,乡
330822208,新昌,乡
330822211,同弓,乡
330822213,大桥头,乡
330822214,东案,乡
330824001,芹阳,街道
330824101,华埠,镇
330824102,马金,镇
330824103,村头,镇
330824104,池淮,镇
330824106,桐村,镇
330824107,杨林,镇
330824108,苏庄,镇
330824109,齐溪,镇
330824118,音坑,镇
330824200,林山,乡
330824205,长虹,乡
330824208,何田,乡
330825001,东华,街道
330825002,龙洲,街道
330825101,湖镇,镇
330825102,小南海,镇
330825103,溪口,镇
330825104,横山,镇
330825105,塔石,镇
330825106,詹家,镇
330825201,罗家,乡
330825203,庙下,乡
330825204,沐尘|畲族,乡
330825206,模环,乡
330825207,石佛,乡
330825209,社阳,乡
330825211,大街,乡
330881001,双塔,街道
330881002,虎山,街道
330881003,清湖,街道
330881102,上余,镇
330881103,贺村,镇
330881105,坛石,镇
330881106,大桥,镇
330881107,四都,镇
330881109,新塘边,镇
330881110,凤林,镇
330881111,峡口,镇
330881112,廿八都,镇
330881113,长台,镇
330881114,石门,镇
330881200,大陈,乡
330881201,碗窑,乡
330881202,保安,乡
330881204,张村,乡
330881205,塘源口,乡
330902002,昌国,街道
330902003,环南,街道
330902004,城东,街道
330902005,盐仓,街道
330902006,临城,街道
330902007,小沙,街道
330902008,岑港,街道
330902009,马岙,街道
330902010,双桥,街道
330902011,千岛,街道
330902100,金塘,镇
330902104,白泉,镇
330902105,干𬒗,镇
330903001,沈家门,街道
330903003,东港,街道
330903004,展茅,街道
330903005,朱家尖,街道
330903102,虾峙,镇
330903104,桃花,镇
330903105,东极,镇
330903106,六横,镇
330903107,普陀山,镇
330921100,高亭,镇
330921101,东沙,镇
330921102,岱东,镇
330921103,岱西,镇
330921105,长涂,镇
330921106,衢山,镇
330921200,秀山,乡
330922100,菜园,镇
330922101,嵊山,镇
330922102,洋山,镇
330922200,五龙,乡
330922201,黄龙,乡
330922202,枸杞,乡
330922203,花鸟,乡
331002001,海门,街道
331002002,白云,街道
331002003,葭沚,街道
331002004,洪家,街道
331002005,三甲,街道
331002006,下陈,街道
331002007,前所,街道
331002008,章安,街道
331002009,海虹,街道
331002101,大陈,镇
331003001,东城,街道
331003002,南城,街道
331003003,西城,街道
331003004,北城,街道
331003005,新前,街道
331003006,澄江,街道
331003007,江口,街道
331003008,高桥,街道
331003101,宁溪,镇
331003102,北洋,镇
331003103,头陀,镇
331003107,院桥,镇
331003108,沙埠,镇
331003200,屿头,乡
331003201,上郑,乡
331003202,富山,乡
331003203,茅畲,乡
331003204,上垟,乡
331003205,平田,乡
331004001,路南,街道
331004002,路桥,街道
331004003,路北,街道
331004004,螺洋,街道
331004005,桐屿,街道
331004006,峰江,街道
331004103,新桥,镇
331004104,横街,镇
331004106,金清,镇
331004107,蓬街,镇
331022001,海游,街道
331022002,海润,街道
331022003,沙柳,街道
331022102,珠岙,镇
331022103,亭旁,镇
331022105,健跳,镇
331022106,横渡,镇
331022108,花桥,镇
331022110,浦坝港,镇
331022205,蛇蟠,乡
331023001,赤城,街道
331023002,福溪,街道
331023003,始丰,街道
331023101,白鹤,镇
331023102,石梁,镇
331023104,街头,镇
331023105,平桥,镇
331023106,坦头,镇
331023107,三合,镇
331023108,洪畴,镇
331023200,三州,乡
331023203,龙溪,乡
331023204,雷峰,乡
331023207,南屏,乡
331023209,泳溪,乡
331024001,福应,街道
331024002,南峰,街道
331024003,安洲,街道
331024101,横溪,镇
331024102,埠头,镇
331024103,白塔,镇
331024104,田市,镇
331024105,官路,镇
331024106,下各,镇
331024107,朱溪,镇
331024200,安岭,乡
331024201,溪港,乡
331024202,湫山,乡
331024203,淡竹,乡
331024204,皤滩,乡
331024205,上张,乡
331024206,步路,乡
331024207,广度,乡
331024209,大战,乡
331024210,双庙,乡
331081001,太平,街道
331081002,城东,街道
331081003,城西,街道
331081004,城北,街道
331081005,横峰,街道
331081100,泽国,镇
331081101,大溪,镇
331081102,松门,镇
331081103,箬横,镇
331081104,新河,镇
331081105,石塘,镇
331081106,滨海,镇
331081107,温峤,镇
331081108,城南,镇
331081109,石桥头,镇
331081110,坞根,镇
331082001,古城,街道
331082002,大洋,街道
331082003,江南,街道
331082004,大田,街道
331082005,邵家渡,街道
331082100,汛桥,镇
331082101,东塍,镇
331082103,汇溪,镇
331082104,小芝,镇
331082105,河头,镇
331082106,白水洋,镇
331082107,括苍,镇
331082108,永丰,镇
331082109,尤溪,镇
331082110,涌泉,镇
331082111,沿江,镇
331082112,杜桥,镇
331082113,上盘,镇
331082114,桃渚,镇
331083001,玉城,街道
331083002,坎门,街道
331083003,大麦屿,街道
331083100,清港,镇
331083101,楚门,镇
331083102,干江,镇
331083103,沙门,镇
331083104,芦浦,镇
331083105,龙溪,镇
331083200,鸡山,乡
331083201,海山,乡
331102001,紫金,街道
331102002,岩泉,街道
331102003,万象,街道
331102004,白云,街道
331102005,联城,街道
331102006,南明山,街道
331102100,碧湖,镇
331102102,大港头,镇
331102103,老竹|畲族,镇
331102104,雅溪,镇
331102200,太平,乡
331102202,仙渡,乡
331102204,峰源,乡
331102207,丽新|畲族,乡
331102211,黄村,乡
331121001,鹤城,街道
331121002,瓯南,街道
331121003,油竹,街道
331121004,三溪口,街道
331121101,温溪,镇
331121102,东源,镇
331121103,高湖,镇
331121104,船寮,镇
331121105,海口,镇
331121106,腊口,镇
331121107,北山,镇
331121108,山口,镇
331121109,仁庄,镇
331121110,祯埠,镇
331121200,万山,乡
331121201,黄垟,乡
331121202,季宅,乡
331121203,高市,乡
331121204,海溪,乡
331121205,章村,乡
331121206,祯旺,乡
331121208,舒桥,乡
331121209,巨浦,乡
331121211,万阜,乡
331121212,方山,乡
331121213,汤垟,乡
331121214,贵岙,乡
331121215,小舟山,乡
331121216,吴坑,乡
331121217,仁宫,乡
331121218,章旦,乡
331121219,阜山,乡
331122001,五云,街道
331122002,仙都,街道
331122003,新碧,街道
331122101,壶镇,镇
331122102,新建,镇
331122103,舒洪,镇
331122105,大洋,镇
331122106,东渡,镇
331122107,东方,镇
331122108,大源,镇
331122203,七里,乡
331122206,前路,乡
331122207,三溪,乡
331122208,溶江,乡
331122209,双溪口,乡
331122210,胡源,乡
331122211,方溪,乡
331122212,石笕,乡
331123001,妙高,街道
331123002,云峰,街道
331123102,新路湾,镇
331123103,北界,镇
331123104,金竹,镇
331123105,大柘,镇
331123106,石练,镇
331123107,王村口,镇
331123108,黄沙腰,镇
331123200,三仁|畲族,乡
331123201,濂竹,乡
331123202,应村,乡
331123203,高坪,乡
331123204,湖山,乡
331123205,蔡源,乡
331123206,焦滩,乡
331123207,龙洋,乡
331123208,柘岱口,乡
331123209,西畈,乡
331123210,垵口,乡
331124001,西屏,街道
331124002,水南,街道
331124003,望松,街道
331124101,古市,镇
331124102,玉岩,镇
331124103,象溪,镇
331124104,大东坝,镇
331124105,新兴,镇
331124201,叶村,乡
331124202,斋坛,乡
331124203,三都,乡
331124204,竹源,乡
331124205,四都,乡
331124206,赤寿,乡
331124208,樟溪,乡
331124211,枫坪,乡
331124212,板桥|畲族,乡
331124213,裕溪,乡
331124214,安民,乡
331125001,元和,街道
331125002,凤凰山,街道
331125003,白龙山,街道
331125004,浮云,街道
331125101,石塘,镇
331125102,紧水滩,镇
331125103,崇头,镇
331125201,雾溪|畲族,乡
331125202,安溪|畲族,乡
331125206,赤石,乡
331126001,濛洲,街道
331126002,屏都,街道
331126003,松源,街道
331126101,黄田,镇
331126102,竹口,镇
331126104,荷地,镇
331126105,左溪,镇
331126106,贤良,镇
331126107,百山祖,镇
331126200,岭头,乡
331126201,五大堡,乡
331126202,淤上,乡
331126203,安南,乡
331126204,张村,乡
331126205,隆宫,乡
331126206,举水,乡
331126207,江根,乡
331126209,龙溪,乡
331126211,官塘,乡
331127001,鹤溪,街道
331127002,红星,街道
331127101,渤海,镇
331127102,东坑,镇
331127103,英川,镇
331127104,沙湾,镇
331127201,大均,乡
331127202,澄照,乡
331127203,梅岐,乡
331127205,郑坑,乡
331127206,九龙,乡
331127208,大漈,乡
331127209,景南,乡
331127210,雁溪,乡
331127212,鸬鹚,乡
331127213,梧桐,乡
331127214,标溪,乡
331127215,毛垟,乡
331127216,秋炉,乡
331127217,大地,乡
331127218,家地,乡
331181001,龙渊,街道
331181002,西街,街道
331181003,剑池,街道
331181004,鿎石,街道
331181100,八都,镇
331181101,上垟,镇
331181102,小梅,镇
331181103,查田,镇
331181104,安仁,镇
331181105,锦溪,镇
331181106,住龙,镇
331181107,屏南,镇
331181200,兰巨,乡
331181202,宝溪,乡
331181203,竹垟|畲族,乡
331181204,道太,乡
331181205,岩樟,乡
331181206,城北,乡
331181207,龙南,乡
340102004,三里街,街道
340102005,铜陵路,街道
340102006,七里站,街道
340102007,红光,街道
340102008,和平路,街道
340102010,城东,街道
340102011,长淮,街道
340102012,方庙,街道
340102013,七里塘,街道
340102014,嘉山路,街道
340102015,三十头,街道
340102016,磨店,街道
340102017,淮浦,街道
340102018,龙岗,街道
340102101,大兴,镇
340103003,逍遥津,街道
340103009,亳州路,街道
340103010,双岗,街道
340103011,杏花村,街道
340103012,海棠,街道
340103013,杏林,街道
340103014,三孝口,街道
340103015,四里河,街道
340103016,林店,街道
340103101,大杨,镇
340103200,三十岗,乡
340104001,三里庵,街道
340104002,南七,街道
340104003,稻香村,街道
340104004,琥珀,街道
340104005,西园,街道
340104006,五里墩,街道
340104008,荷叶地,街道
340104009,笔架山,街道
340104010,高刘,街道
340104100,井岗,镇
340104110,南岗,镇
340104112,小庙,镇
340111002,包公,街道
340111003,芜湖路,街道
340111004,常青,街道
340111006,望湖,街道
340111007,义城,街道
340111008,烟墩,街道
340111009,骆岗,街道
340111010,万年埠,街道
340111011,同安,街道
340111012,驷佩塘,街道
340111013,方兴,街道
340111101,大圩,镇
340111106,淝河,镇
340121100,水湖,镇
340121103,庄墓,镇
340121104,杨庙,镇
340121105,吴山,镇
340121106,岗集,镇
340121107,双墩,镇
340121108,下塘,镇
340121109,朱巷,镇
340121110,陶楼,镇
340121111,杜集,镇
340121112,义井,镇
340121113,左店,镇
340121114,罗塘,镇
340121115,造甲,镇
340122001,唐杨,街道
340122002,燎原,街道
340122003,和睦湖,街道
340122100,店埠,镇
340122101,撮镇,镇
340122102,梁园,镇
340122103,桥头集,镇
340122104,长临河,镇
340122105,八斗,镇
340122106,白龙,镇
340122107,古城,镇
340122108,石塘,镇
340122109,元疃,镇
340122110,包公,镇
340122112,陈集,镇
340122200,牌坊|回族|满族,乡
340122201,响导,乡
340122202,杨店,乡
340122203,众兴,乡
340122204,张集,乡
340122205,马湖,乡
340123001,幸福坝,街道
340123002,中派,街道
340123003,紫云,街道
340123004,群英,街道
340123100,上派,镇
340123101,三河,镇
340123102,桃花,镇
340123103,花岗,镇
340123105,官亭,镇
340123107,山南,镇
340123108,丰乐,镇
340123110,紫蓬,镇
340123111,高店,镇
340123112,严店,镇
340123203,铭传,乡
340123207,柿树岗,乡
340124001,东顾山,街道
340124002,岗湾,街道
340124003,移湖,街道
340124100,庐城,镇
340124101,冶父山,镇
340124102,万山,镇
340124103,汤池,镇
340124104,郭河,镇
340124105,金牛,镇
340124106,石头,镇
340124107,白山,镇
340124108,盛桥,镇
340124109,白湖,镇
340124110,龙桥,镇
340124111,矾山,镇
340124112,罗河,镇
340124113,泥河,镇
340124114,乐桥,镇
340124115,柯坦,镇
340124116,同大,镇
340181005,卧牛山,街道
340181006,亚父,街道
340181007,天河,街道
340181008,凤凰山,街道
340181009,半汤,街道
340181010,中庙,街道
340181100,柘皋,镇
340181101,烔炀,镇
340181102,槐林,镇
340181104,夏阁,镇
340181105,苏湾,镇
340181107,黄麓,镇
340181108,银屏,镇
340181109,散兵,镇
340181110,坝,镇
340181112,中垾,镇
340181113,栏杆集,镇
340181114,庙岗,镇
340202001,张家山,街道
340202002,赭麓,街道
340202003,范罗山,街道
340202005,赭山,街道
340202006,弋矶山,街道
340202007,汀棠,街道
340202008,天门山,街道
340202010,大砻坊,街道
340202011,荆山,街道
340202012,方村,街道
340207001,四褐山,街道
340207002,裕溪口,街道
340207003,官陡,街道
340207004,湾里,街道
340207005,清水,街道
340207006,龙山,街道
340207007,万春,街道
340207100,沈巷,镇
340207101,二坝,镇
340207102,汤沟,镇
340207103,白茆,镇
340209001,中南,街道
340209002,马塘,街道
340209003,澛港,街道
340209004,火龙,街道
340209005,白马,街道
340209006,南瑞,街道
340209007,三山,街道
340209008,保定,街道
340209009,龙湖,街道
340209010,高安,街道
340209100,峨桥,镇
340210100,湾沚,镇
340210101,陶辛,镇
340210102,六郎,镇
340210103,花桥,镇
340210104,红杨,镇
340212100,繁阳,镇
340212101,荻港,镇
340212102,新港,镇
340212103,孙村,镇
340212104,平铺,镇
340212105,峨山,镇
340223100,籍山,镇
340223101,弋江,镇
340223102,许镇,镇
340223103,三里,镇
340223105,工山,镇
340223108,家发,镇
340223110,烟墩,镇
340223112,何湾,镇
340281100,无城,镇
340281101,襄安,镇
340281102,陡沟,镇
340281103,石涧,镇
340281104,严桥,镇
340281105,开城,镇
340281106,蜀山,镇
340281107,牛埠,镇
340281108,刘渡,镇
340281109,姚沟,镇
340281110,泥汊,镇
340281111,福渡,镇
340281112,泉塘,镇
340281113,赫店,镇
340281114,高沟,镇
340281115,红庙,镇
340281116,鹤毛,镇
340281117,十里墩,镇
340281118,昆山,镇
340281119,洪巷,镇
340302001,解放,街道
340302002,东风,街道
340302003,治淮,街道
340302004,东升,街道
340302006,曹山,街道
340302008,延安,街道
340302100,长淮卫,镇
340302200,李楼,乡
340303001,天桥,街道
340303002,青年,街道
340303003,纬二路,街道
340303004,黄庄,街道
340303005,宏业村,街道
340303006,胜利,街道
340303007,龙湖新村,街道
340303201,雪华,乡
340303202,燕山,乡
340304001,朝阳,街道
340304002,纬四,街道
340304003,大庆,街道
340304004,张公山,街道
340304005,钓鱼台,街道
340304100,秦集,镇
340304101,马城,镇
340304200,长青,乡
340311001,淮滨,街道
340311100,吴小街,镇
340311101,小蚌埠,镇
340311102,曹老集,镇
340311103,梅桥,镇
340311104,沫河口,镇
340321001,白乳泉,街道
340321002,引凤,街道
340321003,望淮,街道
340321100,荆山,镇
340321101,鲍集,镇
340321102,龙亢,镇
340321103,河溜,镇
340321104,常坟,镇
340321106,双桥集,镇
340321107,魏庄,镇
340321108,唐集,镇
340321109,万福,镇
340321110,白莲坡,镇
340321111,古城,镇
340321112,褚集,镇
340321113,榴城,镇
340321114,淝南,镇
340321115,陈集,镇
340321116,淝河,镇
340321117,兰桥,镇
340321205,徐圩,乡
340322100,城关,镇
340322101,新集,镇
340322103,小溪,镇
340322104,双忠庙,镇
340322105,小圩,镇
340322106,东刘集,镇
340322107,头铺,镇
340322108,大新,镇
340322109,武桥,镇
340322110,朱顶,镇
340322111,浍南,镇
340322112,申集,镇
340322200,沱湖,乡
340322201,临北|回族,乡
340323100,谷阳,镇
340323101,王庄,镇
340323103,新马桥,镇
340323104,刘集,镇
340323105,湖沟,镇
340323106,任桥,镇
340323107,濠城,镇
340323108,连城,镇
340323109,仲兴,镇
340323110,杨庙,镇
340323201,石湖,乡
340402001,大通,街道
340402100,上窑,镇
340402101,洛河,镇
340402102,九龙岗,镇
340402200,孔店,乡
340403001,田东,街道
340403002,新淮,街道
340403003,淮滨,街道
340403004,公园,街道
340403005,国庆,街道
340403006,泉山,街道
340403007,洞山,街道
340403008,龙泉,街道
340403009,朝阳,街道
340403100,舜耕,镇
340403101,安成,镇
340403102,曹庵,镇
340403103,三和,镇
340403201,史院,乡
340404001,谢家集,街道
340404002,蔡家岗,街道
340404003,立新,街道
340404004,谢三村,街道
340404005,平山,街道
340404100,望峰岗,镇
340404101,李郢孜,镇
340404102,唐山,镇
340404103,杨公,镇
340404200,孤堆|回族,乡
340404201,孙庙,乡
340405001,新庄孜,街道
340405002,土坝孜,街道
340405003,毕家岗,街道
340405100,山王,镇
340405101,八公山,镇
340406002,田集,街道
340406100,泥河,镇
340406101,芦集,镇
340406102,潘集,镇
340406103,平圩,镇
340406104,高皇,镇
340406105,架河,镇
340406106,祁集,镇
340406107,夹沟,镇
340406108,贺疃,镇
340406205,古沟|回族,乡
340421100,城关,镇
340421102,新集,镇
340421103,朱马店,镇
340421104,岳张集,镇
340421106,顾桥,镇
340421107,桂集,镇
340421108,凤凰,镇
340421109,杨村,镇
340421110,丁集,镇
340421111,刘集,镇
340421112,大兴,镇
340421113,尚塘,镇
340421114,毛集,镇
340421115,夏集,镇
340421116,焦岗湖,镇
340421205,古店,乡
340421206,钱庙,乡
340421210,关店,乡
340421212,李冲|回族,乡
340422100,寿春,镇
340422101,双桥,镇
340422102,涧沟,镇
340422103,丰庄,镇
340422104,正阳关,镇
340422105,迎河,镇
340422106,板桥,镇
340422107,安丰塘,镇
340422108,堰口,镇
340422109,保义,镇
340422110,隐贤,镇
340422111,安丰,镇
340422112,瓦埠,镇
340422113,众兴,镇
340422114,茶庵,镇
340422115,三觉,镇
340422116,炎刘,镇
340422117,刘岗,镇
340422118,双庙集,镇
340422119,小甸,镇
340422120,大顺,镇
340422121,窑口,镇
340422200,八公山,乡
340422202,陶店|回族,乡
340422203,张李,乡
340503001,沙塘路,街道
340503002,解放路,街道
340503003,湖东路,街道
340503004,桃源路,街道
340503005,霍里,街道
340503006,金家庄,街道
340503007,江东,街道
340503008,塘西,街道
340503009,慈湖,街道
340503100,濮塘,镇
340504001,平湖,街道
340504002,雨山,街道
340504003,安民,街道
340504004,采石,街道
340504100,向山,镇
340504101,银塘,镇
340504200,佳山,乡
340506100,博望,镇
340506101,丹阳,镇
340506102,新市,镇
340521100,姑孰,镇
340521101,黄池,镇
340521102,乌溪,镇
340521103,石桥,镇
340521104,塘南,镇
340521105,护河,镇
340521109,太白,镇
340521110,年陡,镇
340521111,湖阳,镇
340521112,大陇,镇
340521203,江心,乡
340522100,环峰,镇
340522101,运漕,镇
340522103,铜闸,镇
340522104,陶厂,镇
340522105,林头,镇
340522106,清溪,镇
340522107,仙踪,镇
340522109,昭关,镇
340523100,历阳,镇
340523105,白桥,镇
340523106,姥桥,镇
340523107,西埠,镇
340523108,香泉,镇
340523109,乌江,镇
340523110,善厚,镇
340523111,石杨,镇
340523112,功桥,镇
340602001,高岳,街道
340602002,矿山集,街道
340602102,朔里,镇
340602103,石台,镇
340602104,段园,镇
340603001,相南,街道
340603002,相山东,街道
340603003,相山西,街道
340603004,三堤口,街道
340603005,东山,街道
340603008,曲阳,街道
340603009,南黎,街道
340603010,任圩,街道
340603100,渠沟,镇
340604001,杨庄,街道
340604002,任楼,街道
340604003,临海童,街道
340604005,百善,街道
340604006,前岭,街道
340604100,烈山,镇
340604101,宋疃,镇
340604102,古饶,镇
340621100,濉溪,镇
340621102,韩村,镇
340621104,临涣,镇
340621105,南坪,镇
340621108,孙疃,镇
340621109,刘桥,镇
340621110,百善,镇
340621112,双堆集,镇
340621113,五沟,镇
340621114,铁佛,镇
340621115,四铺,镇
340705007,东郊,街道
340705008,新城,街道
340705100,西湖,镇
340706001,新桥,街道
340706100,五松,镇
340706101,钟鸣,镇
340706102,天门,镇
340706103,顺安,镇
340706104,西联,镇
340706105,东联,镇
340706201,胥坝,乡
340706203,老洲,乡
340711001,安庆矿区,街道
340711002,桥南,街道
340711100,铜山,镇
340711101,大通,镇
340711102,老洲,镇
340711103,陈瑶湖,镇
340711104,周潭,镇
340711200,灰河,乡
340722106,横埠,镇
340722107,项铺,镇
340722108,钱桥,镇
340722109,麒麟,镇
340722110,义津,镇
340722111,浮山,镇
340722112,官埠桥,镇
340722113,会宫,镇
340722114,白柳,镇
340722115,钱铺,镇
340722116,金社,镇
340722117,雨坛,镇
340722118,枞阳,镇
340722119,𠙶山,镇
340722120,汤沟,镇
340722205,白梅,乡
340802001,宜城路,街道
340802002,新河路,街道
340802003,华中路,街道
340802004,人民路,街道
340802005,孝肃路,街道
340802007,滨江,街道
340802100,老峰,镇
340802101,龙狮桥,镇
340802102,长风,镇
340802203,新洲,乡
340803001,德宽路,街道
340803002,玉琳路,街道
340803003,龙山路,街道
340803004,菱湖,街道
340803005,集贤路,街道
340803006,石化路,街道
340803007,花亭路,街道
340803100,海口,镇
340803200,山口,乡
340803201,十里铺,乡
340811055,大桥,街道
340811056,菱北,街道
340811100,杨桥,镇
340811101,大龙山,镇
340811102,罗岭,镇
340811200,白泽湖,乡
340811201,五横,乡
340822100,石牌,镇
340822101,高河,镇
340822102,月山,镇
340822103,腊树,镇
340822104,黄龙,镇
340822105,三桥,镇
340822106,小市,镇
340822107,黄墩,镇
340822108,公岭,镇
340822109,马庙,镇
340822110,金拱,镇
340822111,茶岭,镇
340822113,洪铺,镇
340822114,江镇,镇
340822116,平山,镇
340822201,雷埠,乡
340822203,清河,乡
340822204,秀山,乡
340822206,凉亭,乡
340822208,石镜,乡
340825100,晋熙,镇
340825101,徐桥,镇
340825102,新仓,镇
340825103,小池,镇
340825104,寺前,镇
340825105,天华,镇
340825106,牛镇,镇
340825107,弥陀,镇
340825108,北中,镇
340825109,百里,镇
340825200,大石,乡
340825201,城西,乡
340825202,江塘,乡
340825203,汤泉,乡
340825204,刘畈,乡
340826001,龙山,街道
340826002,松兹,街道
340826100,孚玉,镇
340826101,复兴,镇
340826102,汇口,镇
340826103,许岭,镇
340826104,下仓,镇
340826105,二郎,镇
340826106,华亭,镇
340826107,凉亭,镇
340826108,长铺,镇
340826109,洲头,镇
340826110,佐坝,镇
340826200,高岭,乡
340826201,程岭,乡
340826202,九姑,乡
340826203,千岭,乡
340826206,北浴,乡
340826207,陈汉,乡
340826208,隘口,乡
340826209,柳坪,乡
340826210,趾凤,乡
340826211,河塌,乡
340826212,五里,乡
340827001,雷阳,街道
340827002,吉水,街道
340827003,回龙,街道
340827101,华阳,镇
340827102,杨湾,镇
340827103,漳湖,镇
340827104,赛口,镇
340827105,高士,镇
340827106,鸦滩,镇
340827107,长岭,镇
340827108,太慈,镇
340827109,雷池,镇
340827210,凉泉,乡
340828100,天堂,镇
340828101,店前,镇
340828102,来榜,镇
340828103,菖蒲,镇
340828104,头陀,镇
340828105,白帽,镇
340828106,温泉,镇
340828107,响肠,镇
340828108,河图,镇
340828109,五河,镇
340828110,主簿,镇
340828111,冶溪,镇
340828112,黄尾,镇
340828113,中关,镇
340828200,毛尖山,乡
340828201,莲云,乡
340828202,青天,乡
340828203,包家,乡
340828204,古坊,乡
340828205,田头,乡
340828207,石关,乡
340828208,姚河,乡
340828209,和平,乡
340828214,巍岭,乡
340881002,文昌,街道
340881003,龙眠,街道
340881004,龙腾,街道
340881100,双港,镇
340881101,新渡,镇
340881102,金神,镇
340881103,孔城,镇
340881104,范岗,镇
340881105,青草,镇
340881108,吕亭,镇
340881114,大关,镇
340881115,唐湾,镇
340881116,鲟鱼,镇
340881118,嬉子湖,镇
340881120,黄甲,镇
340882100,梅城,镇
340882101,王河,镇
340882102,源潭,镇
340882103,余井,镇
340882105,黄泥,镇
340882106,槎水,镇
340882107,官庄,镇
340882108,水吼,镇
340882109,黄柏,镇
340882110,黄铺,镇
340882111,天柱山,镇
340882200,油坝,乡
340882202,痘姆,乡
340882204,塔畈,乡
340882209,五庙,乡
340882215,龙潭,乡
341002001,昱东,街道
341002002,昱中,街道
341002003,昱西,街道
341002004,老街,街道
341002100,屯光,镇
341002101,阳湖,镇
341002102,黎阳,镇
341002103,新潭,镇
341002104,奕棋,镇
341003100,甘棠,镇
341003101,仙源,镇
341003102,汤口,镇
341003103,谭家桥,镇
341003104,太平湖,镇
341003105,焦村,镇
341003106,耿城,镇
341003107,三口,镇
341003108,乌石,镇
341003201,新明,乡
341003202,龙门,乡
341003208,新华,乡
341003209,新丰,乡
341003210,永丰,乡
341004100,岩寺,镇
341004101,西溪南,镇
341004102,潜口,镇
341004103,呈坎,镇
341004200,洽舍,乡
341004201,杨村,乡
341004202,富溪,乡
341021100,徽城,镇
341021101,深渡,镇
341021102,桂林,镇
341021103,富堨,镇
341021104,郑村,镇
341021105,北岸,镇
341021106,许村,镇
341021107,溪头,镇
341021108,杞梓里,镇
341021109,霞坑,镇
341021110,岔口,镇
341021111,街口,镇
341021112,王村,镇
341021113,雄村,镇
341021114,三阳,镇
341021201,坑口,乡
341021203,上丰,乡
341021207,昌溪,乡
341021209,武阳,乡
341021214,金川,乡
341021216,小川,乡
341021218,新溪口,乡
341021219,璜田,乡
341021222,长陔,乡
341021223,森村,乡
341021224,绍濂,乡
341021226,石门,乡
341021227,狮石,乡
341022100,海阳,镇
341022101,齐云山,镇
341022102,万安,镇
341022103,五城,镇
341022104,东临溪,镇
341022105,蓝田,镇
341022106,溪口,镇
341022107,流口,镇
341022108,汪村,镇
341022109,商山,镇
341022110,月潭湖,镇
341022204,山斗,乡
341022205,岭南,乡
341022207,渭桥,乡
341022211,板桥,乡
341022215,鹤城,乡
341022218,源芳,乡
341022219,榆村,乡
341022221,龙田,乡
341022222,璜尖,乡
341022223,白际,乡
341023100,碧阳,镇
341023101,宏村,镇
341023102,渔亭,镇
341023103,西递,镇
341023104,柯村,镇
341023201,美溪,乡
341023202,宏潭,乡
341023203,洪星,乡
341024100,祁山,镇
341024101,小路口,镇
341024102,金字牌,镇
341024103,平里,镇
341024104,历口,镇
341024105,闪里,镇
341024106,安凌,镇
341024107,凫峰,镇
341024108,塔坊,镇
341024109,新安,镇
341024200,大坦,乡
341024206,柏溪,乡
341024208,祁红,乡
341024209,溶口,乡
341024210,芦溪,乡
341024211,渚口,乡
341024213,古溪,乡
341024215,箬坑,乡
341102010,琅琊,街道
341102011,遵阳,街道
341102012,丰山,街道
341102013,清流,街道
341102014,扬子,街道
341102015,西涧,街道
341102016,滁阳,街道
341102017,三官,街道
341102018,凤凰,街道
341102019,紫薇,街道
341102094,南门,街道
341103001,龙蟠,街道
341103002,大王,街道
341103003,同乐,街道
341103004,银花,街道
341103100,乌衣,镇
341103101,沙河,镇
341103102,章广,镇
341103103,黄泥岗,镇
341103104,珠龙,镇
341103105,大柳,镇
341103106,腰铺,镇
341103108,施集,镇
341122100,新安,镇
341122101,半塔,镇
341122102,水口,镇
341122103,独山,镇
341122104,汊河,镇
341122105,大英,镇
341122106,雷官,镇
341122107,施官,镇
341122108,舜山,镇
341122109,张山,镇
341122110,三城,镇
341122207,杨郢,乡
341124100,襄河,镇
341124101,古河,镇
341124102,大墅,镇
341124103,二郎口,镇
341124104,武岗,镇
341124105,马厂,镇
341124106,石沛,镇
341124108,西王,镇
341124109,六镇,镇
341124111,十字,镇
341125100,定城,镇
341125101,炉桥,镇
341125102,永康,镇
341125103,吴圩,镇
341125104,朱湾,镇
341125105,张桥,镇
341125106,藕塘,镇
341125107,池河,镇
341125108,连江,镇
341125109,界牌集,镇
341125110,仓,镇
341125111,三和集,镇
341125112,西卅店,镇
341125114,桑涧,镇
341125115,蒋集,镇
341125116,大桥,镇
341125203,严桥,乡
341125204,拂晓,乡
341125210,能仁,乡
341125214,七里塘,乡
341125215,二龙|回族,乡
341125219,范岗,乡
341126001,中都,街道
341126002,玄武,街道
341126100,府城,镇
341126101,临淮关,镇
341126103,武店,镇
341126104,西泉,镇
341126105,刘府,镇
341126106,大庙,镇
341126107,殷涧,镇
341126109,总铺,镇
341126110,红心,镇
341126111,板桥,镇
341126112,大溪河,镇
341126114,小溪河,镇
341126118,枣巷,镇
341126119,官塘,镇
341126207,黄湾,乡
341181002,千秋,街道
341181003,广陵,街道
341181100,铜城,镇
341181101,汊涧,镇
341181102,秦栏,镇
341181103,大通,镇
341181104,杨村,镇
341181105,石梁,镇
341181106,金集,镇
341181108,仁和集,镇
341181109,冶山,镇
341181110,郑集,镇
341181111,张铺,镇
341181112,永丰,镇
341181113,新街,镇
341181114,万寿,镇
341182001,明西,街道
341182002,明光,街道
341182003,明南,街道
341182004,明东,街道
341182101,张八岭,镇
341182102,三界,镇
341182103,管店,镇
341182104,自来桥,镇
341182105,涧溪,镇
341182106,石坝,镇
341182108,苏巷,镇
341182109,桥头,镇
341182110,女山湖,镇
341182111,古沛,镇
341182112,潘村,镇
341182113,柳巷,镇
341182212,泊岗,乡
341202001,鼓楼,街道
341202002,文峰,街道
341202003,清河,街道
341202004,颍西,街道
341202005,京九路,街道
341202100,王店,镇
341202101,程集,镇
341202102,三合,镇
341202103,西湖,镇
341202104,九龙,镇
341202105,三十里铺,镇
341202106,袁集,镇
341202107,三塔集,镇
341202108,马寨,镇
341203001,河东,街道
341203002,新华,街道
341203003,向阳,街道
341203100,口孜,镇
341203101,插花,镇
341203102,袁寨,镇
341203103,枣庄,镇
341203104,老庙,镇
341203105,正午,镇
341203106,杨楼孜,镇
341203107,新乌江,镇
341203108,冉庙,镇
341204001,中市,街道
341204004,周棚,街道
341204100,伍明,镇
341204101,宁老庄,镇
341204102,闻集,镇
341204103,行流,镇
341221001,城关,街道
341221002,邢塘,街道
341221003,田桥,街道
341221004,城东,街道
341221005,城南,街道
341221101,杨桥,镇
341221102,鲖城,镇
341221105,谭棚,镇
341221106,老集,镇
341221107,滑集,镇
341221108,吕寨,镇
341221109,单桥,镇
341221110,长官,镇
341221111,宋集,镇
341221112,张新,镇
341221113,艾亭,镇
341221114,陈集,镇
341221115,韦寨,镇
341221116,迎仙,镇
341221117,瓦店,镇
341221118,姜寨,镇
341221119,庙岔,镇
341221120,黄岭,镇
341221121,白庙,镇
341221122,关庙,镇
341221124,高塘,镇
341221203,土陂,乡
341221206,陶老,乡
341222100,城关,镇
341222101,旧县,镇
341222102,税镇,镇
341222103,皮条孙,镇
341222104,原墙,镇
341222105,倪邱,镇
341222106,李兴,镇
341222107,大新,镇
341222108,肖口,镇
341222109,关集,镇
341222110,三塔,镇
341222111,双浮,镇
341222112,蔡庙,镇
341222113,三堂,镇
341222114,苗老集,镇
341222115,赵庙,镇
341222116,宫集,镇
341222117,坟台,镇
341222118,洪山,镇
341222119,清浅,镇
341222120,五星,镇
341222121,高庙,镇
341222122,桑营,镇
341222123,大庙集,镇
341222124,阮桥,镇
341222125,双庙,镇
341222126,胡总,镇
341222127,马集,镇
341222128,郭庙,镇
341222129,二郎,镇
341222201,赵集,乡
341225100,鹿城,镇
341225101,方集,镇
341225102,中岗,镇
341225103,柴集,镇
341225104,新村,镇
341225106,朱寨,镇
341225108,赵集,镇
341225109,田集,镇
341225110,苗集,镇
341225111,黄岗,镇
341225112,焦陂,镇
341225113,张寨,镇
341225114,王堰,镇
341225115,洪河桥,镇
341225116,地城,镇
341225117,王家坝,镇
341225118,王化,镇
341225119,曹集,镇
341225120,柳沟,镇
341225121,会龙,镇
341225200,王店孜,乡
341225201,许堂,乡
341225204,段郢,乡
341225205,公桥,乡
341225206,龙王,乡
341225207,于集,乡
341225208,老观,乡
341225209,郜台,乡
341226101,谢桥,镇
341226102,南照,镇
341226103,杨湖,镇
341226104,江口,镇
341226105,润河,镇
341226106,新集,镇
341226107,六十铺,镇
341226108,耿棚,镇
341226109,半岗,镇
341226110,王岗,镇
341226111,夏桥,镇
341226112,江店孜,镇
341226113,陈桥,镇
341226114,黄桥,镇
341226115,八里河,镇
341226116,迪沟,镇
341226117,西三十铺,镇
341226118,红星,镇
341226119,十八里铺,镇
341226120,鲁口,镇
341226121,慎城,镇
341226123,古城,镇
341226201,建颍,乡
341226203,五十铺,乡
341226204,盛堂,乡
341226205,关屯,乡
341226206,垂岗,乡
341226207,赛涧|回族,乡
341226208,新刘集,乡
341226209,黄坝,乡
341282001,东城,街道
341282002,西城,街道
341282003,颍南,街道
341282100,光武,镇
341282101,泉阳,镇
341282102,芦村,镇
341282103,新马集,镇
341282104,大黄,镇
341282105,田营,镇
341282106,陶庙,镇
341282107,王集,镇
341282108,砖集,镇
341282109,顾集,镇
341282110,戴桥,镇
341282111,舒庄,镇
341282112,邴集,镇
341282113,任寨,镇
341282201,靳寨,乡
341302001,埇桥,街道
341302002,沱河,街道
341302003,道东,街道
341302004,东关,街道
341302005,三里湾,街道
341302006,南关,街道
341302007,西关,街道
341302008,北关,街道
341302009,城东,街道
341302010,三八,街道
341302011,汴河,街道
341302012,金海,街道
341302100,符离,镇
341302101,芦岭,镇
341302102,朱仙庄,镇
341302103,褚兰,镇
341302104,曹村,镇
341302105,夹沟,镇
341302106,栏杆,镇
341302107,时村,镇
341302108,永安,镇
341302109,灰古,镇
341302110,大店,镇
341302111,大泽乡,镇
341302112,桃园,镇
341302113,蕲县,镇
341302114,大营,镇
341302115,顺河,镇
341302116,蒿沟,镇
341302117,杨庄,镇
341302118,解集,镇
341302119,苗庵,镇
341302120,西二铺,镇
341302121,支河,镇
341302122,桃沟,镇
341302123,永镇,镇
341321102,李庄,镇
341321103,唐寨,镇
341321104,葛集,镇
341321107,官庄坝,镇
341321108,曹庄,镇
341321110,朱楼,镇
341321112,程庄,镇
341321113,良梨,镇
341321114,砀城,镇
341321115,玄庙,镇
341321116,周寨,镇
341321117,关帝庙,镇
341321118,赵屯,镇
341322001,凤城,街道
341322002,龙河,街道
341322003,锦屏,街道
341322100,龙城,镇
341322101,黄口,镇
341322102,杨楼,镇
341322103,闫集,镇
341322104,新庄,镇
341322105,刘套,镇
341322106,马井,镇
341322107,大屯,镇
341322108,赵庄,镇
341322109,杜楼,镇
341322110,丁里,镇
341322111,王寨,镇
341322112,祖楼,镇
341322113,青龙集,镇
341322114,张庄寨,镇
341322115,永堌,镇
341322116,白土,镇
341322117,官桥,镇
341322118,圣泉,镇
341322119,庄里,镇
341322120,酒店,镇
341322121,孙圩子,镇
341322204,石林,乡
341323100,灵城,镇
341323101,韦集,镇
341323102,黄湾,镇
341323103,娄庄,镇
341323104,杨疃,镇
341323105,尹集,镇
341323106,浍沟,镇
341323107,游集,镇
341323108,下楼,镇
341323109,朝阳,镇
341323110,渔沟,镇
341323111,高楼,镇
341323112,冯庙,镇
341323113,禅堂,镇
341323114,虞姬,镇
341323115,向阳,镇
341323116,大庙,镇
341323117,朱集,镇
341323118,大路,镇
341324001,运河,街道
341324002,虹城,街道
341324003,泗水,街道
341324100,泗城,镇
341324101,墩集,镇
341324102,丁湖,镇
341324103,草沟,镇
341324104,长沟,镇
341324105,黄圩,镇
341324106,大庄,镇
341324107,山头,镇
341324108,刘圩,镇
341324109,黑塔,镇
341324110,草庙,镇
341324111,屏山,镇
341324112,大路口,镇
341324113,大杨,镇
341324114,瓦坊,镇
341502001,中市,街道
341502002,东市,街道
341502003,三里桥,街道
341502004,清水河,街道
341502005,望城,街道
341502100,木厂,镇
341502101,马头,镇
341502102,东桥,镇
341502103,张店,镇
341502104,毛坦厂,镇
341502105,东河口,镇
341502106,双河,镇
341502107,施桥,镇
341502108,孙岗,镇
341502109,三十铺,镇
341502110,椿树,镇
341502111,城北,镇
341502112,中店,镇
341502113,先生店,镇
341502201,翁墩,乡
341502202,淠东,乡
341502204,横塘岗,乡
341503001,鼓楼,街道
341503003,西市,街道
341503005,小华山,街道
341503100,苏埠,镇
341503101,韩摆渡,镇
341503102,新安,镇
341503103,顺河,镇
341503104,独山,镇
341503105,石婆店,镇
341503106,城南,镇
341503107,丁集,镇
341503108,固镇,镇
341503109,徐集,镇
341503110,分路口,镇
341503111,江家店,镇
341503200,单王,乡
341503201,青山,乡
341503202,石板冲,乡
341503203,西河口,乡
341503204,平桥,乡
341503205,罗集,乡
341503206,狮子岗,乡
341504001,史河,街道
341504002,平岗,街道
341504100,三元,镇
341504102,洪集,镇
341504103,姚李,镇
341504121,叶集,镇
341504200,孙岗,乡
341522100,城关,镇
341522101,河口,镇
341522102,周集,镇
341522103,临水,镇
341522104,新店,镇
341522105,石店,镇
341522106,马店,镇
341522107,孟集,镇
341522108,花园,镇
341522109,扈胡,镇
341522110,长集,镇
341522113,乌龙,镇
341522114,高塘,镇
341522115,龙潭,镇
341522116,岔路,镇
341522117,冯井,镇
341522118,众兴集,镇
341522119,夏店,镇
341522120,曹庙,镇
341522122,潘集,镇
341522123,范桥,镇
341522124,宋店,镇
341522125,彭塔,镇
341522126,临淮岗,镇
341522127,冯瓴,镇
341522201,王截流,乡
341522204,城西湖,乡
341522206,三流,乡
341522207,邵岗,乡
341522208,白莲,乡
341523100,城关,镇
341523101,晓天,镇
341523102,桃溪,镇
341523103,万佛湖,镇
341523104,千人桥,镇
341523105,百神庙,镇
341523106,杭埠,镇
341523107,舒茶,镇
341523108,南港,镇
341523109,干汊河,镇
341523110,张母桥,镇
341523111,五显,镇
341523112,山七,镇
341523113,河棚,镇
341523114,汤池,镇
341523200,春秋,乡
341523201,柏林,乡
341523202,棠树,乡
341523203,阙店,乡
341523204,高峰,乡
341523205,庐镇,乡
341524100,梅山,镇
341524101,南溪,镇
341524103,汤家汇,镇
341524104,斑竹园,镇
341524105,天堂寨,镇
341524106,古碑,镇
341524107,吴家店,镇
341524108,燕子河,镇
341524109,青山,镇
341524110,麻埠,镇
341524111,双河,镇
341524112,白塔畈,镇
341524113,流波䃥,镇
341524202,油坊店,乡
341524203,长岭,乡
341524204,槐树湾,乡
341524205,花石,乡
341524206,沙河,乡
341524207,桃岭,乡
341524208,果子园,乡
341524209,关庙,乡
341524211,铁冲,乡
341524212,全军,乡
341525100,衡山,镇
341525101,下符桥,镇
341525102,但家庙,镇
341525103,与儿街,镇
341525104,磨子潭,镇
341525105,上土市,镇
341525106,漫水河,镇
341525107,大化坪,镇
341525108,落儿岭,镇
341525109,诸佛庵,镇
341525110,黑石渡,镇
341525111,佛子岭,镇
341525112,单龙寺,镇
341525201,东西溪,乡
341525202,太阳,乡
341525203,太平畈,乡
341602001,花戏楼,街道
341602002,薛阁,街道
341602003,汤陵,街道
341602100,古井,镇
341602102,芦庙,镇
341602103,华佗,镇
341602104,魏岗,镇
341602105,牛集,镇
341602107,颜集,镇
341602108,五马,镇
341602109,十八里,镇
341602111,谯东,镇
341602112,十九里,镇
341602113,沙土,镇
341602114,观堂,镇
341602115,大杨,镇
341602116,城父,镇
341602117,十河,镇
341602119,双沟,镇
341602120,淝河,镇
341602121,古城,镇
341602122,龙扬,镇
341602123,立德,镇
341602200,张店,乡
341602201,赵桥,乡
341621001,城关,街道
341621002,星园,街道
341621004,天静宫,街道
341621103,西阳,镇
341621104,涡南,镇
341621105,楚店,镇
341621106,高公,镇
341621108,高炉,镇
341621109,曹市,镇
341621110,青疃,镇
341621111,石弓,镇
341621112,龙山,镇
341621113,义门,镇
341621114,新兴,镇
341621115,临湖,镇
341621116,丹城,镇
341621117,马店集,镇
341621118,花沟,镇
341621119,店集,镇
341621120,陈大,镇
341621121,牌坊,镇
341621122,公吉寺,镇
341621123,标里,镇
341622001,漆园,街道
341622002,庄周,街道
341622003,城关,街道
341622101,双涧,镇
341622102,小涧,镇
341622104,坛城,镇
341622106,许疃,镇
341622107,板桥集,镇
341622108,马集,镇
341622110,岳坊,镇
341622112,立仓,镇
341622114,楚村,镇
341622115,乐土,镇
341622116,三义,镇
341622117,篱笆,镇
341622200,王集,乡
341622202,小辛集,乡
341623100,城关,镇
341623101,阚疃,镇
341623102,张村,镇
341623103,江集,镇
341623104,旧城,镇
341623105,西潘楼,镇
341623106,孙集,镇
341623107,汝集,镇
341623108,巩店,镇
341623109,王人,镇
341623110,王市,镇
341623111,永兴,镇
341623112,马店孜,镇
341623113,大李集,镇
341623114,胡集,镇
341623115,展沟,镇
341623116,程家集,镇
341623117,中疃,镇
341623118,望疃,镇
341623119,城北,镇
341623203,纪王场,乡
341623204,孙庙,乡
341623205,新张集,乡
341702006,秋江,街道
341702007,马衙,街道
341702008,梅龙,街道
341702009,墩上,街道
341702022,池阳,街道
341702023,秋浦,街道
341702024,江口,街道
341702025,里山,街道
341702026,杏花村,街道
341702027,清风,街道
341702028,清溪,街道
341702101,殷汇,镇
341702102,牌楼,镇
341702107,涓桥,镇
341702110,唐田,镇
341702113,乌沙,镇
341702114,牛头山,镇
341702115,梅街,镇
341702116,梅村,镇
341702117,棠溪,镇
341721100,尧渡,镇
341721101,东流,镇
341721102,大渡口,镇
341721103,胜利,镇
341721104,张溪,镇
341721105,洋湖,镇
341721106,葛公,镇
341721107,香隅,镇
341721108,官港,镇
341721109,昭潭,镇
341721110,龙泉,镇
341721111,泥溪,镇
341721209,花园,乡
341721212,木塔,乡
341721216,青山,乡
341722101,七都,镇
341722103,丁香,镇
341722104,小河,镇
341722105,横渡,镇
341722106,仁里,镇
341722107,仙寓,镇
341722203,大演,乡
341722205,矶滩,乡
341723100,蓉城,镇
341723101,木镇,镇
341723102,庙前,镇
341723104,新河,镇
341723105,丁桥,镇
341723107,朱备,镇
341723109,杨田,镇
341723110,九华,镇
341723111,陵阳,镇
341723112,酉华,镇
341723202,乔木,乡
341723204,杜村,乡
341723205,九华,乡
341802001,西林,街道
341802002,澄江,街道
341802003,鳌峰,街道
341802004,济川,街道
341802005,敬亭山,街道
341802006,飞彩,街道
341802007,双桥,街道
341802008,金坝,街道
341802009,向阳,街道
341802101,古泉,镇
341802103,文昌,镇
341802104,杨柳,镇
341802105,溪口,镇
341802106,新田,镇
341802108,洪林,镇
341802109,沈村,镇
341802111,水阳,镇
341802112,水东,镇
341802113,孙埠,镇
341802114,周王,镇
341802115,狸桥,镇
341802204,黄渡,乡
341802209,青湖,乡
341802211,养贤,乡
341821001,郎步,街道
341821002,郎川,街道
341821003,钟桥,街道
341821100,建平,镇
341821102,梅渚,镇
341821103,涛城,镇
341821104,十字,镇
341821107,毕桥,镇
341821108,新发,镇
341821109,飞鲤,镇
341821110,凌笪,镇
341821111,姚村,镇
341823100,泾川,镇
341823101,桃花潭,镇
341823102,茂林,镇
341823103,榔桥,镇
341823105,丁家桥,镇
341823106,蔡村,镇
341823108,琴溪,镇
341823109,云岭,镇
341823110,黄村,镇
341823111,汀溪,镇
341823112,昌桥,镇
341824100,华阳,镇
341824101,临溪,镇
341824102,长安,镇
341824103,上庄,镇
341824104,扬溪,镇
341824105,伏岭,镇
341824106,金沙,镇
341824107,瀛洲,镇
341824201,板桥头,乡
341824202,家朋,乡
341824203,荆州,乡
341825100,旌阳,镇
341825101,蔡家桥,镇
341825102,三溪,镇
341825103,庙首,镇
341825104,白地,镇
341825105,俞村,镇
341825106,兴隆,镇
341825107,孙村,镇
341825108,版书,镇
341825109,云乐,镇
341881001,西津,街道
341881002,南山,街道
341881003,河沥溪,街道
341881004,汪溪,街道
341881005,竹峰,街道
341881006,天湖,街道
341881100,港口,镇
341881101,梅林,镇
341881102,中溪,镇
341881103,仙霞,镇
341881104,宁墩,镇
341881105,甲路,镇
341881106,霞西,镇
341881107,胡乐,镇
341881200,云梯|畲族,乡
341881201,南极,乡
341881202,万家,乡
341881204,方塘,乡
341881205,青龙,乡
341882001,桐汭,街道
341882002,祠山,街道
341882003,升平,街道
341882100,桃州,镇
341882101,柏垫,镇
341882102,誓节,镇
341882103,邱村,镇
341882104,新杭,镇
341882105,杨滩,镇
341882106,卢村,镇
341882107,东亭,镇
341882108,四合,镇
350102001,鼓东,街道
350102002,鼓西,街道
350102003,温泉,街道
350102004,东街,街道
350102005,南街,街道
350102006,安泰,街道
350102007,华大,街道
350102008,水部,街道
350102009,五凤,街道
350102100,洪山,镇
350103001,瀛洲,街道
350103002,后洲,街道
350103003,义洲,街道
350103004,新港,街道
350103005,上海,街道
350103007,苍霞,街道
350103009,茶亭,街道
350103010,洋中,街道
350103011,鳌峰,街道
350103012,宁化,街道
350104001,仓前,街道
350104002,东升,街道
350104003,对湖,街道
350104004,临江,街道
350104005,三叉街,街道
350104006,上渡,街道
350104007,下渡,街道
350104008,金山,街道
350104100,仓山,镇
350104101,城门,镇
350104102,盖山,镇
350104103,建新,镇
350104104,螺洲,镇
350105001,罗星,街道
350105100,马尾,镇
350105101,亭江,镇
350105102,琅岐,镇
350111001,茶园,街道
350111002,王庄,街道
350111003,象园,街道
350111100,鼓山,镇
350111101,新店,镇
350111102,岳峰,镇
350111103,宦溪,镇
350111201,寿山,乡
350111202,日溪,乡
350112001,营前,街道
350112002,漳港,街道
350112003,航城,街道
350112004,吴航,街道
350112005,文武砂,街道
350112100,首占,镇
350112101,玉田,镇
350112102,松下,镇
350112103,江田,镇
350112104,古槐,镇
350112106,鹤上,镇
350112107,湖南,镇
350112108,金峰,镇
350112109,文岭,镇
350112110,梅花,镇
350112111,潭头,镇
350112200,罗联,乡
350112201,猴屿,乡
350121001,甘蔗,街道
350121101,白沙,镇
350121102,南屿,镇
350121103,尚干,镇
350121104,祥谦,镇
350121105,青口,镇
350121106,南通,镇
350121107,上街,镇
350121108,荆溪,镇
350121200,竹岐,乡
350121201,鸿尾,乡
350121202,洋里,乡
350121203,大湖,乡
350121204,廷坪,乡
350121206,小箬,乡
350122100,凤城,镇
350122101,敖江,镇
350122102,东岱,镇
350122103,琯头,镇
350122104,晓澳,镇
350122105,东湖,镇
350122106,丹阳,镇
350122107,长龙,镇
350122108,透堡,镇
350122109,马鼻,镇
350122110,官坂,镇
350122111,筱埕,镇
350122112,黄岐,镇
350122113,苔菉,镇
350122114,浦口,镇
350122115,坑园,镇
350122116,潘渡,镇
350122117,江南,镇
350122118,下宫,镇
350122202,蓼沿,乡
350122203,安凯,乡
350122205,小沧|畲族,乡
350122206,马祖,乡
350123100,凤山,镇
350123101,松山,镇
350123102,起步,镇
350123103,中房,镇
350123104,飞竹,镇
350123105,鉴江,镇
350123200,白塔,乡
350123201,洪洋,乡
350123202,西兰,乡
350123203,霍口|畲族,乡
350123204,碧里,乡
350124100,梅城,镇
350124101,梅溪,镇
350124102,白樟,镇
350124103,金沙,镇
350124104,白中,镇
350124105,池园,镇
350124106,坂东,镇
350124107,塔庄,镇
350124108,省璜,镇
350124109,雄江,镇
350124110,东桥,镇
350124200,云龙,乡
350124201,上莲,乡
350124204,三溪,乡
350124205,桔林,乡
350124206,下祝,乡
350125100,樟城,镇
350125101,嵩口,镇
350125102,梧桐,镇
350125103,葛岭,镇
350125104,城峰,镇
350125105,清凉,镇
350125106,长庆,镇
350125107,同安,镇
350125108,大洋,镇
350125200,塘前,乡
350125201,富泉,乡
350125202,岭路,乡
350125203,赤锡,乡
350125204,洑口,乡
350125205,盖洋,乡
350125206,东洋,乡
350125207,霞拔,乡
350125208,盘谷,乡
350125209,红星,乡
350125210,白云,乡
350125211,丹云,乡
350128001,海坛,街道
350128107,金井,镇
350128108,君山,镇
350128109,苏平,镇
350128201,屿头,乡
350128205,东庠,乡
350128207,南海,乡
350181001,玉屏,街道
350181002,音西,街道
350181003,宏路,街道
350181004,阳下,街道
350181005,龙山,街道
350181006,龙江,街道
350181007,石竹,街道
350181103,海口,镇
350181104,城头,镇
350181105,南岭,镇
350181106,龙田,镇
350181107,江镜,镇
350181108,港头,镇
350181109,高山,镇
350181110,沙埔,镇
350181111,三山,镇
350181112,东瀚,镇
350181113,渔溪,镇
350181114,上迳,镇
350181115,新厝,镇
350181116,江阴,镇
350181117,东张,镇
350181118,镜洋,镇
350181119,一都,镇
350203001,厦港,街道
350203003,中华,街道
350203005,滨海,街道
350203006,鹭江,街道
350203007,开元,街道
350203008,梧村,街道
350203009,筼筜,街道
350203010,莲前,街道
350203011,嘉莲,街道
350203012,鼓浪屿,街道
350205001,海沧,街道
350205002,新阳,街道
350205003,嵩屿,街道
350205004,东孚,街道
350206001,湖里,街道
350206002,殿前,街道
350206003,禾山,街道
350206004,江头,街道
350206005,金山,街道
350211001,集美,街道
350211002,侨英,街道
350211003,杏林,街道
350211004,杏滨,街道
350211102,灌口,镇
350211103,后溪,镇
350212001,大同,街道
350212002,祥平,街道
350212003,新民,街道
350212004,西柯,街道
350212005,祥和,街道
350212006,新美,街道
350212007,美林,街道
350212105,莲花,镇
350212107,洪塘,镇
350212109,汀溪,镇
350212110,五显,镇
350213001,大嶝,街道
350213002,马巷,街道
350213003,民安,街道
350213004,凤翔,街道
350213005,新店,街道
350213006,金海,街道
350213007,香山,街道
350213103,新圩,镇
350213111,内厝,镇
350302001,龙桥,街道
350302002,凤凰山,街道
350302003,霞林,街道
350302100,常太,镇
350302101,华亭,镇
350302102,灵川,镇
350302103,东海,镇
350303001,涵东,街道
350303002,涵西,街道
350303100,三江口,镇
350303101,白塘,镇
350303102,国欢,镇
350303103,梧塘,镇
350303104,江口,镇
350303105,萩芦,镇
350303106,白沙,镇
350303107,庄边,镇
350303108,新县,镇
350303200,大洋,乡
350304001,镇海,街道
350304002,拱辰,街道
350304100,西天尾,镇
350304101,黄石,镇
350304102,新度,镇
350304103,北高,镇
350305001,笏石,街道
350305101,东庄,镇
350305102,忠门,镇
350305103,东埔,镇
350305104,东峤,镇
350305105,埭头,镇
350305106,平海,镇
350305107,南日,镇
350305108,湄洲,镇
350305109,山亭,镇
350305110,月塘,镇
350322001,鲤城,街道
350322101,枫亭,镇
350322102,榜头,镇
350322103,郊尾,镇
350322104,度尾,镇
350322106,赖店,镇
350322107,盖尾,镇
350322108,园庄,镇
350322109,大济,镇
350322110,龙华,镇
350322111,钟山,镇
350322112,游洋,镇
350322113,鲤南,镇
350322200,西苑,乡
350322202,石苍,乡
350322203,社硎,乡
350322204,书峰,乡
350322205,菜溪,乡
350404001,列东,街道
350404002,列西,街道
350404003,徐碧,街道
350404004,城关,街道
350404005,白沙,街道
350404006,富兴堡,街道
350404007,荆西,街道
350404100,陈大,镇
350404101,洋溪,镇
350404102,莘口,镇
350404103,岩前,镇
350404200,中村,乡
350405001,凤岗,街道
350405002,虬江,街道
350405100,青州,镇
350405101,夏茂,镇
350405102,高砂,镇
350405103,高桥,镇
350405104,富口,镇
350405105,大洛,镇
350405200,南霞,乡
350405201,南阳,乡
350405202,郑湖,乡
350405203,湖源,乡
350421100,雪峰,镇
350421101,盖洋,镇
350421102,胡坊,镇
350421103,瀚仙,镇
350421200,城关,乡
350421201,沙溪,乡
350421202,夏阳,乡
350421203,枫溪,乡
350421204,夏坊,乡
350423100,龙津,镇
350423101,嵩溪,镇
350423102,嵩口,镇
350423103,灵地,镇
350423104,长校,镇
350423105,赖坊,镇
350423106,林畲,镇
350423201,温郊,乡
350423203,田源,乡
350423204,沙芜,乡
350423206,余朋,乡
350423208,李家,乡
350423209,里田,乡
350424100,翠江,镇
350424101,泉上,镇
350424102,湖村,镇
350424103,石壁,镇
350424104,曹坊,镇
350424105,安远,镇
350424106,淮土,镇
350424107,安乐,镇
350424108,水茜,镇
350424109,城郊,镇
350424110,城南,镇
350424202,济村,乡
350424204,方田,乡
350424207,治平|畲族,乡
350424208,中沙,乡
350424209,河龙,乡
350425100,均溪,镇
350425101,石牌,镇
350425102,上京,镇
350425103,广平,镇
350425104,桃源,镇
350425105,太华,镇
350425106,建设,镇
350425107,奇韬,镇
350425108,吴山,镇
350425109,华兴,镇
350425110,梅山,镇
350425111,文江,镇
350425201,屏山,乡
350425203,济阳,乡
350425204,武陵,乡
350425205,谢洋,乡
350425208,湖美,乡
350425209,前坪,乡
350426100,城关,镇
350426101,梅仙,镇
350426102,西滨,镇
350426103,洋中,镇
350426104,新阳,镇
350426105,管前,镇
350426106,西城,镇
350426107,尤溪口,镇
350426108,坂面,镇
350426109,联合,镇
350426110,中仙,镇
350426201,汤川,乡
350426202,溪尾,乡
350426204,台溪,乡
350426206,八字桥,乡
350428100,古镛,镇
350428101,万安,镇
350428102,高唐,镇
350428103,白莲,镇
350428104,黄潭,镇
350428105,水南,镇
350428106,光明,镇
350428107,南口,镇
350428201,漠源,乡
350428203,万全,乡
350428204,安仁,乡
350428205,大源,乡
350428206,余坊,乡
350429100,杉城,镇
350429101,朱口,镇
350429102,下渠,镇
350429200,新桥,乡
350429201,上青,乡
350429202,大田,乡
350429203,梅口,乡
350429205,开善,乡
350429206,大龙,乡
350430100,濉溪,镇
350430101,里心,镇
350430102,溪口,镇
350430103,均口,镇
350430201,伊家,乡
350430202,黄坊,乡
350430203,溪源,乡
350430204,客坊,乡
350430205,黄埠,乡
350481001,燕东,街道
350481002,燕西,街道
350481003,燕南,街道
350481004,燕北,街道
350481100,西洋,镇
350481101,贡川,镇
350481102,安砂,镇
350481103,小陶,镇
350481104,大湖,镇
350481105,曹远,镇
350481106,洪田,镇
350481107,槐南,镇
350481202,上坪,乡
350481203,罗坊,乡
350481204,青水|畲族,乡
350502001,海滨,街道
350502002,临江,街道
350502003,鲤中,街道
350502004,开元,街道
350502005,浮桥,街道
350502006,江南,街道
350502007,金龙,街道
350502008,常泰,街道
350503001,东湖,街道
350503002,丰泽,街道
350503003,泉秀,街道
350503004,清源,街道
350503005,华大,街道
350503006,城东,街道
350503007,东海,街道
350503008,北峰,街道
350503009,临海,街道
350504001,万安,街道
350504002,双阳,街道
350504100,罗溪,镇
350504101,马甲,镇
350504102,河市,镇
350504200,虹山,乡
350505001,山腰,街道
350505100,南埔,镇
350505101,界山,镇
350505102,后龙,镇
350505103,峰尾,镇
350505105,前黄,镇
350505106,涂岭,镇
350521100,螺城,镇
350521101,螺阳,镇
350521102,黄塘,镇
350521103,紫山,镇
350521104,洛阳,镇
350521105,东园,镇
350521106,张坂,镇
350521107,崇武,镇
350521108,山霞,镇
350521109,涂寨,镇
350521110,东岭,镇
350521111,东桥,镇
350521112,净峰,镇
350521113,小岞,镇
350521114,辋川,镇
350521200,百崎|回族,乡
350524100,凤城,镇
350524101,蓬莱,镇
350524102,湖头,镇
350524103,官桥,镇
350524104,剑斗,镇
350524105,城厢,镇
350524106,金谷,镇
350524107,龙门,镇
350524108,虎邱,镇
350524109,芦田,镇
350524110,感德,镇
350524111,魁斗,镇
350524112,西坪,镇
350524113,参内,镇
350524114,长卿,镇
350524115,龙涓,镇
350524116,尚卿,镇
350524117,蓝田,镇
350524201,白濑,乡
350524202,湖上,乡
350524204,大坪,乡
350524208,祥华,乡
350524209,桃舟,乡
350524210,福田,乡
350525100,桃城,镇
350525101,五里街,镇
350525102,一都,镇
350525103,下洋,镇
350525104,蓬壶,镇
350525105,达埔,镇
350525106,吾峰,镇
350525107,石鼓,镇
350525108,岵山,镇
350525109,东平,镇
350525110,湖洋,镇
350525111,坑仔口,镇
350525112,玉斗,镇
350525113,锦斗,镇
350525114,东关,镇
350525115,桂洋,镇
350525116,苏坑,镇
350525117,仙夹,镇
350525200,横口,乡
350525201,呈祥,乡
350525202,介福,乡
350525204,外山,乡
350526100,浔中,镇
350526101,龙浔,镇
350526102,三班,镇
350526103,龙门滩,镇
350526104,雷峰,镇
350526105,南埕,镇
350526106,水口,镇
350526107,赤水,镇
350526108,上涌,镇
350526109,葛坑,镇
350526110,盖德,镇
350526111,美湖,镇
350526200,杨梅,乡
350526202,汤头,乡
350526204,桂阳,乡
350526206,国宝,乡
350526208,大铭,乡
350526209,春美,乡
350581001,湖滨,街道
350581002,凤里,街道
350581100,灵秀,镇
350581101,宝盖,镇
350581102,蚶江,镇
350581103,祥芝,镇
350581104,鸿山,镇
350581105,锦尚,镇
350581106,永宁,镇
350582001,青阳,街道
350582002,梅岭,街道
350582003,西园,街道
350582004,罗山,街道
350582005,灵源,街道
350582006,新塘,街道
350582101,陈埭,镇
350582102,池店,镇
350582103,安海,镇
350582104,磁灶,镇
350582105,内坑,镇
350582106,紫帽,镇
350582107,东石,镇
350582108,永和,镇
350582109,英林,镇
350582110,金井,镇
350582111,龙湖,镇
350582112,深沪,镇
350582113,西滨,镇
350583001,溪美,街道
350583002,柳城,街道
350583003,美林,街道
350583100,省新,镇
350583101,仑苍,镇
350583102,东田,镇
350583103,英都,镇
350583104,翔云,镇
350583105,金淘,镇
350583106,诗山,镇
350583107,蓬华,镇
350583108,码头,镇
350583109,九都,镇
350583110,乐峰,镇
350583111,罗东,镇
350583112,梅山,镇
350583113,洪濑,镇
350583114,洪梅,镇
350583115,康美,镇
350583116,丰州,镇
350583117,霞美,镇
350583118,官桥,镇
350583119,水头,镇
350583120,石井,镇
350583200,眉山,乡
350583201,向阳,乡
350602001,东铺头,街道
350602002,西桥,街道
350602003,新桥,街道
350602004,巷口,街道
350602005,南坑,街道
350602006,通北,街道
350602007,芝山,街道
350602008,石亭,街道
350602100,浦南,镇
350602101,天宝,镇
350603001,东岳,街道
350603002,步文,街道
350603003,碧湖,街道
350603004,蓝田,街道
350603005,朝阳,街道
350603006,景山,街道
350603103,郭坑,镇
350604001,石码,街道
350604002,榜山,街道
350604003,角美,街道
350604100,海澄,镇
350604102,白水,镇
350604103,浮宫,镇
350604104,程溪,镇
350604105,港尾,镇
350604106,九湖,镇
350604107,颜厝,镇
350604109,紫泥,镇
350604110,东园,镇
350604200,东泗,乡
350604201,隆教|畲族,乡
350605001,武安,街道
350605101,岩溪,镇
350605102,陈巷,镇
350605103,枋洋,镇
350605200,坂里,乡
350622100,云陵,镇
350622101,陈岱,镇
350622102,东厦,镇
350622103,莆美,镇
350622104,列屿,镇
350622105,火田,镇
350622200,下河,乡
350622201,马铺,乡
350622202,和平,乡
350623100,绥安,镇
350623101,旧镇,镇
350623102,佛昙,镇
350623103,赤湖,镇
350623104,杜浔,镇
350623105,霞美,镇
350623106,官浔,镇
350623107,石榴,镇
350623108,盘陀,镇
350623109,长桥,镇
350623110,前亭,镇
350623111,马坪,镇
350623112,深土,镇
350623113,六鳌,镇
350623114,沙西,镇
350623115,古雷,镇
350623116,大南坂,镇
350623200,南浦,乡
350623201,赤岭|畲族,乡
350623202,湖西|畲族,乡
350623203,赤土,乡
350624100,南诏,镇
350624101,四都,镇
350624102,梅岭,镇
350624103,桥东,镇
350624104,深桥,镇
350624105,太平,镇
350624106,霞葛,镇
350624107,官陂,镇
350624108,秀篆,镇
350624109,西潭,镇
350624200,金星,乡
350624202,白洋,乡
350624203,建设,乡
350624204,红星,乡
350624205,梅洲,乡
350626100,西埔,镇
350626101,樟塘,镇
350626102,康美,镇
350626103,杏陈,镇
350626104,陈城,镇
350626105,前楼,镇
350626106,铜陵,镇
350627100,山城,镇
350627101,丰田,镇
350627102,靖城,镇
350627103,龙山,镇
350627104,金山,镇
350627105,和溪,镇
350627106,奎洋,镇
350627107,梅林,镇
350627108,书洋,镇
350627109,船场,镇
350627110,南坑,镇
350628100,小溪,镇
350628101,山格,镇
350628102,文峰,镇
350628103,南胜,镇
350628104,坂仔,镇
350628105,安厚,镇
350628106,大溪,镇
350628107,霞寨,镇
350628108,九峰,镇
350628109,芦溪,镇
350628200,五寨,乡
350628201,国强,乡
350628202,崎岭,乡
350628203,长乐,乡
350628204,秀峰,乡
350629100,华丰,镇
350629101,丰山,镇
350629102,沙建,镇
350629103,新圩,镇
350629104,高安,镇
350629105,仙都,镇
350629200,高车,乡
350629201,马坑,乡
350629203,湖林,乡
350702001,梅山,街道
350702002,黄墩,街道
350702003,紫云,街道
350702004,四鹤,街道
350702005,水南,街道
350702006,水东,街道
350702100,来舟,镇
350702101,樟湖,镇
350702102,夏道,镇
350702103,西芹,镇
350702104,峡阳,镇
350702105,南山,镇
350702106,大横,镇
350702107,王台,镇
350702108,太平,镇
350702109,塔前,镇
350702111,洋后,镇
350702112,炉下,镇
350702113,茫荡,镇
350702200,巨口,乡
350702202,赤门,乡
350703001,潭城,街道
350703002,童游,街道
350703003,宝山,街道
350703004,崇阳,街道
350703005,崇泰,街道
350703100,将口,镇
350703101,徐市,镇
350703102,莒口,镇
350703103,麻沙,镇
350703104,黄坑,镇
350703105,水吉,镇
350703106,漳墩,镇
350703107,小湖,镇
350703200,崇雒,乡
350703201,书坊,乡
350703202,回龙,乡
350721001,双溪,街道
350721101,建西,镇
350721102,洋口,镇
350721103,元坑,镇
350721105,埔上,镇
350721106,大历,镇
350721107,大干,镇
350721108,仁寿,镇
350721109,郑坊,镇
350721200,洋墩,乡
350721203,岚下,乡
350721204,高阳,乡
350722001,南浦,街道
350722002,河滨,街道
350722101,富岭,镇
350722102,石陂,镇
350722103,临江,镇
350722104,仙阳,镇
350722105,水北街,镇
350722106,永兴,镇
350722107,忠信,镇
350722108,莲塘,镇
350722109,九牧,镇
350722200,万安,乡
350722201,古楼,乡
350722202,山下,乡
350722203,枫溪,乡
350722204,濠村,乡
350722205,管厝,乡
350722206,盘亭,乡
350722207,官路,乡
350723100,杭川,镇
350723101,寨里,镇
350723102,止马,镇
350723103,崇仁,镇
350723104,鸾凤,镇
350723202,李坊,乡
350723203,华桥,乡
350723204,司前,乡
350724001,松源,街道
350724101,郑墩,镇
350724102,渭田,镇
350724200,河东,乡
350724201,茶平,乡
350724202,旧县,乡
350724203,溪东,乡
350724204,花桥,乡
350724205,祖墩,乡
350725001,熊山,街道
350725101,东平,镇
350725102,石屯,镇
350725103,铁山,镇
350725104,镇前,镇
350725200,星溪,乡
350725201,外屯,乡
350725202,杨源,乡
350725203,澄源,乡
350725204,岭腰,乡
350781001,昭阳,街道
350781002,通泰,街道
350781003,水北,街道
350781005,沙溪,街道
350781006,城南,街道
350781100,城郊,镇
350781101,水北,镇
350781103,卫闽,镇
350781104,沿山,镇
350781105,拿口,镇
350781106,洪墩,镇
350781107,大埠岗,镇
350781108,和平,镇
350781109,肖家坊,镇
350781110,大竹,镇
350781111,吴家塘,镇
350781200,桂林,乡
350781201,张厝,乡
350781202,金坑,乡
350782001,崇安,街道
350782002,新丰,街道
350782003,武夷,街道
350782101,星村,镇
350782102,兴田,镇
350782103,五夫,镇
350782201,上梅,乡
350782202,吴屯,乡
350782203,岚谷,乡
350782204,洋庄,乡
350783001,建安,街道
350783002,通济,街道
350783003,瓯宁,街道
350783004,芝山,街道
350783100,徐墩,镇
350783101,吉阳,镇
350783102,房道,镇
350783103,南雅,镇
350783104,迪口,镇
350783105,小桥,镇
350783106,玉山,镇
350783107,东游,镇
350783108,东峰,镇
350783109,小松,镇
350783200,顺阳,乡
350783201,水源,乡
350783202,川石,乡
350783203,龙村,乡
350802001,东城,街道
350802002,南城,街道
350802003,西城,街道
350802004,中城,街道
350802005,西陂,街道
350802006,曹溪,街道
350802007,东肖,街道
350802008,龙门,街道
350802009,铁山,街道
350802010,北城,街道
350802100,红坊,镇
350802101,适中,镇
350802102,雁石,镇
350802103,白沙,镇
350802104,万安,镇
350802105,大池,镇
350802106,小池,镇
350802107,江山,镇
350802108,苏坂,镇
350802109,岩山,镇
350803001,凤城,街道
350803101,坎市,镇
350803102,下洋,镇
350803103,湖雷,镇
350803104,高陂,镇
350803105,抚市,镇
350803106,湖坑,镇
350803107,培丰,镇
350803108,龙潭,镇
350803109,峰市,镇
350803110,城郊,镇
350803111,仙师,镇
350803112,虎岗,镇
350803113,堂堡,镇
350803114,岐岭,镇
350803115,高头,镇
350803116,洪山,镇
350803117,金砂,镇
350803205,湖山,乡
350803207,古竹,乡
350803209,合溪,乡
350803211,大溪,乡
350803212,陈东,乡
350821100,汀州,镇
350821101,大同,镇
350821102,古城,镇
350821103,新桥,镇
350821104,馆前,镇
350821105,童坊,镇
350821106,河田,镇
350821107,南山,镇
350821108,濯田,镇
350821109,四都,镇
350821110,涂坊,镇
350821111,策武,镇
350821112,三洲,镇
350821201,铁长,乡
350821202,庵杰,乡
350821204,宣成,乡
350821205,红山,乡
350821206,羊牯,乡
350823100,临江,镇
350823101,临城,镇
350823102,中都,镇
350823103,蓝溪,镇
350823104,稔田,镇
350823105,白砂,镇
350823106,古田,镇
350823107,才溪,镇
350823108,南阳,镇
350823109,蛟洋,镇
350823110,旧县,镇
350823111,溪口,镇
350823112,湖洋,镇
350823113,太拔,镇
350823114,通贤,镇
350823115,下都,镇
350823116,茶地,镇
350823202,庐丰|畲族,乡
350823206,泮境,乡
350823211,官庄|畲族,乡
350823212,珊瑚,乡
350824001,平川,街道
350824101,中山,镇
350824102,岩前,镇
350824103,十方,镇
350824104,中堡,镇
350824105,桃溪,镇
350824106,城厢,镇
350824107,东留,镇
350824108,武东,镇
350824109,永平,镇
350824110,万安,镇
350824111,象洞,镇
350824112,湘店,镇
350824113,大禾,镇
350824114,中赤,镇
350824203,民主,乡
350824204,下坝,乡
350825100,莲峰,镇
350825101,北团,镇
350825102,姑田,镇
350825103,朋口,镇
350825104,莒溪,镇
350825105,新泉,镇
350825106,庙前,镇
350825107,文亨,镇
350825108,四堡,镇
350825109,林坊,镇
350825110,隔川,镇
350825111,宣和,镇
350825200,揭乐,乡
350825201,塘前,乡
350825204,罗坊,乡
350825208,曲溪,乡
350825209,赖源,乡
350881001,菁城,街道
350881002,桂林,街道
350881100,新桥,镇
350881101,双洋,镇
350881102,永福,镇
350881103,溪南,镇
350881104,和平,镇
350881105,拱桥,镇
350881106,象湖,镇
350881107,赤水,镇
350881108,西园,镇
350881109,南洋,镇
350881110,芦芝,镇
350881203,官田,乡
350881204,吾祠,乡
350881205,灵地,乡
350902001,蕉南,街道
350902002,蕉北,街道
350902100,城南,镇
350902101,漳湾,镇
350902102,七都,镇
350902103,八都,镇
350902104,九都,镇
350902105,霍童,镇
350902106,赤溪,镇
350902107,洋中,镇
350902108,飞鸾,镇
350902109,三都,镇
350902110,虎𬇙,镇
350902200,金涵|畲族,乡
350902201,洪口,乡
350902202,石后,乡
350921001,松港,街道
350921002,松城,街道
350921003,松山,街道
350921101,长春,镇
350921102,牙城,镇
350921103,溪南,镇
350921104,沙江,镇
350921105,下浒,镇
350921106,三沙,镇
350921200,盐田|畲族,乡
350921201,水门|畲族,乡
350921202,崇儒|畲族,乡
350921203,柏洋,乡
350921204,北壁,乡
350921205,海岛,乡
350922001,城西,街道
350922002,城东,街道
350922101,平湖,镇
350922102,大桥,镇
350922103,黄田,镇
350922104,鹤塘,镇
350922105,杉洋,镇
350922106,凤都,镇
350922107,水口,镇
350922108,大甲,镇
350922201,吉巷,乡
350922203,泮洋,乡
350922204,凤埔,乡
350922205,卓洋,乡
350923100,古峰,镇
350923101,双溪,镇
350923102,代溪,镇
350923103,长桥,镇
350923104,棠口,镇
350923200,屏城,乡
350923202,甘棠,乡
350923203,熙岭,乡
350923204,路下,乡
350923205,寿山,乡
350923206,岭下,乡
350924100,鳌阳,镇
350924101,斜滩,镇
350924102,南阳,镇
350924103,武曲,镇
350924104,犀溪,镇
350924105,平溪,镇
350924106,凤阳,镇
350924107,清源,镇
350924200,大安,乡
350924201,坑底,乡
350924203,竹管垅,乡
350924205,芹洋,乡
350924206,托溪,乡
350924209,下党,乡
350925100,狮城,镇
350925101,咸村,镇
350925102,浦源,镇
350925103,七步,镇
350925104,李墩,镇
350925105,纯池,镇
350925200,泗桥,乡
350925201,礼门,乡
350925202,玛坑,乡
350926100,双城,镇
350926101,富溪,镇
350926200,城郊,乡
350926201,乍洋,乡
350926202,东源,乡
350926203,黄柏,乡
350926204,宅中,乡
350926205,楮坪,乡
350926206,英山,乡
350981001,城南,街道
350981002,城北,街道
350981003,阳头,街道
350981004,罗江,街道
350981100,赛岐,镇
350981101,穆阳,镇
350981102,上白石,镇
350981103,潭头,镇
350981104,社口,镇
350981105,晓阳,镇
350981106,溪潭,镇
350981107,甘棠,镇
350981108,下白石,镇
350981109,溪尾,镇
350981110,溪柄,镇
350981111,湾坞,镇
350981112,城阳,镇
350981201,坂中|畲族,乡
350981202,范坑,乡
350981203,穆云|畲族,乡
350981204,康厝|畲族,乡
350981206,松罗,乡
350982001,桐山,街道
350982002,桐城,街道
350982003,山前,街道
350982004,龙安,街道
350982100,贯岭,镇
350982101,前岐,镇
350982102,沙埕,镇
350982103,店下,镇
350982104,太姥山,镇
350982105,磻溪,镇
350982106,白琳,镇
350982107,点头,镇
350982108,管阳,镇
350982109,嵛山,镇
350982200,硖门|畲族,乡
350982201,叠石,乡
350982202,佳阳|畲族,乡
360102014,董家窑,街道
360102015,滕王阁,街道
360102016,百花洲,街道
360102017,墩子塘,街道
360102020,大院,街道
360102022,豫章,街道
360102023,彭家桥,街道
360102100,扬子洲,镇
360103014,南浦,街道
360103016,绳金塔,街道
360103018,南站,街道
360103019,朝阳洲,街道
360103021,广润门,街道
360103023,丁公路,街道
360103024,桃源,街道
360103025,朝农,街道
360103026,桃花,街道
360103027,九洲,街道
360104006,三家店,街道
360104007,洪都,街道
360104008,岱山,街道
360104009,徐家坊,街道
360104010,京山,街道
360104100,青云谱,镇
360111001,青山路,街道
360111002,上海路,街道
360111003,南钢,街道
360111004,站东,街道
360111101,罗家,镇
360111103,湖坊,镇
360111104,塘山,镇
360111106,京东,镇
360112001,站前,街道
360112002,幸福,街道
360112003,蛟桥,街道
360112004,长堎,街道
360112005,欣悦湖,街道
360112101,石岗,镇
360112102,松湖,镇
360112103,望城,镇
360112104,樵舍,镇
360112105,象山,镇
360112106,乐化,镇
360112107,西山,镇
360112108,溪霞,镇
360112109,联圩,镇
360112110,石埠,镇
360112112,梅岭,镇
360112113,太平,镇
360112114,罗亭,镇
360112115,招贤,镇
360112117,大塘坪,镇
360112200,昌邑,乡
360112201,南矶,乡
360112203,金桥,乡
360112205,铁河,乡
360113001,沙井,街道
360113002,卫东,街道
360113003,生米,街道
360113004,凤凰洲,街道
360113005,红角洲,街道
360113006,九龙湖,街道
360113007,龙兴,街道
360113101,流湖,镇
360113102,厚田,镇
360121001,八月湖,街道
360121002,莲塘,街道
360121003,银三角,街道
360121004,东新,街道
360121101,向塘,镇
360121102,三江,镇
360121103,广福,镇
360121104,塘南,镇
360121105,幽兰,镇
360121106,蒋巷,镇
360121107,武阳,镇
360121108,冈上,镇
360121109,昌东,镇
360121110,麻丘,镇
360121200,黄马,乡
360121201,富山,乡
360121202,泾口,乡
360121204,南新,乡
360121205,八一,乡
360121206,塔城,乡
360123001,龙津,街道
360123101,万埠,镇
360123102,石鼻,镇
360123103,鼎湖,镇
360123104,长埠,镇
360123105,东阳,镇
360123106,黄洲,镇
360123201,乔乐,乡
360123202,长均,乡
360123204,新民,乡
360124001,民和,街道
360124002,云桥,街道
360124101,温圳,镇
360124102,李渡,镇
360124104,张公,镇
360124105,梅庄,镇
360124106,架桥,镇
360124107,罗溪,镇
360124109,前坊,镇
360124111,文港,镇
360124112,钟陵,镇
360124113,池溪,镇
360124114,下埠集,镇
360124201,白圩,乡
360124205,泉岭,乡
360124210,三里,乡
360124211,七里,乡
360124213,三阳集,乡
360202001,新枫,街道
360202002,西郊,街道
360202003,吕蒙,街道
360202101,鲇鱼山,镇
360202103,丽阳,镇
360202201,荷塘,乡
360203001,珠山,街道
360203003,里村,街道
360203004,新村,街道
360203005,石狮埠,街道
360203006,新厂,街道
360203007,昌江,街道
360203008,周路口,街道
360203009,昌河,街道
360203010,太白园,街道
360203011,竟成,街道
360222001,新平,街道
360222002,罗家桥,街道
360222101,鹅湖,镇
360222102,经公桥,镇
360222103,蛟潭,镇
360222104,湘湖,镇
360222105,瑶里,镇
360222106,洪源,镇
360222107,寿安,镇
360222108,三龙,镇
360222109,峙滩,镇
360222202,王港,乡
360222203,臧湾,乡
360222208,黄坛,乡
360222210,兴田,乡
360222212,江村,乡
360222214,勒功,乡
360222215,西湖,乡
360281001,塔山,街道
360281002,洎阳,街道
360281003,后港,街道
360281004,接渡,街道
360281101,镇桥,镇
360281102,乐港,镇
360281103,涌山,镇
360281104,众埠,镇
360281107,礼林,镇
360281109,塔前,镇
360281110,双田,镇
360281111,临港,镇
360281112,高家,镇
360281113,名口,镇
360281114,浯口,镇
360281115,洪岩,镇
360281116,十里岗,镇
360281205,鸬鹚,乡
360302001,八一,街道
360302002,凤凰,街道
360302003,丹江,街道
360302004,后埠,街道
360302005,东大,街道
360302006,白源,街道
360302007,横龙,街道
360302008,光丰,街道
360302101,高坑,镇
360302102,安源,镇
360302103,青山,镇
360302105,五陂,镇
360313001,峡山口,街道
360313100,湘东,镇
360313101,荷尧,镇
360313102,老关,镇
360313103,下埠,镇
360313104,排上,镇
360313105,东桥,镇
360313106,麻山,镇
360313107,腊市,镇
360313201,白竺,乡
360313203,广寒寨,乡
360321100,琴亭,镇
360321101,坊楼,镇
360321102,升坊,镇
360321104,良坊,镇
360321105,路口,镇
360321204,神泉,乡
360321205,三板桥,乡
360321206,南岭,乡
360321207,荷塘,乡
360321209,高洲,乡
360321210,六市,乡
360321213,湖上,乡
360321215,闪石,乡
360322100,上栗,镇
360322101,桐木,镇
360322102,福田,镇
360322103,金山,镇
360322104,彭高,镇
360322105,赤山,镇
360322200,长平,乡
360322201,东源,乡
360322203,鸡冠山,乡
360322204,杨岐,乡
360323100,芦溪,镇
360323101,宣风,镇
360323102,上埠,镇
360323103,银河,镇
360323104,南坑,镇
360323105,麻田,镇
360323200,长丰,乡
360323201,新泉,乡
360323203,万龙山,乡
360323204,张佳坊,乡
360323206,源南,乡
360402001,十里,街道
360402002,五里,街道
360402003,七里湖,街道
360402101,威家,镇
360402102,新港,镇
360402103,莲花,镇
360402105,赛阳,镇
360402106,姑塘,镇
360402202,虞家河,乡
360402203,高垅,乡
360403001,甘棠,街道
360403002,湓浦,街道
360403004,人民路,街道
360403005,白水湖,街道
360403006,金鸡坡,街道
360403008,滨兴,街道
360403009,向阳,街道
360403010,八里湖,街道
360404001,沙河,街道
360404002,狮子,街道
360404003,城门,街道
360404004,岳师,街道
360404005,赛城湖,街道
360404101,马回岭,镇
360404102,江洲,镇
360404103,城子,镇
360404104,港口街,镇
360404105,新合,镇
360404202,涌泉,乡
360404203,新塘,乡
360404208,岷山,乡
360404209,永安,乡
360423001,豫宁,街道
360423100,新宁,镇
360423101,罗坪,镇
360423102,泉口,镇
360423103,鲁溪,镇
360423104,澧溪,镇
360423105,船滩,镇
360423106,石门楼,镇
360423108,宋溪,镇
360423200,大洞,乡
360423201,横路,乡
360423202,官莲,乡
360423203,巾口,乡
360423206,甫田,乡
360423207,石渡,乡
360423208,清江,乡
360423209,上汤,乡
360423211,东林,乡
360423212,罗溪,乡
360423214,杨洲,乡
360424100,义宁,镇
360424101,太阳升,镇
360424102,全丰,镇
360424103,白岭,镇
360424104,古市,镇
360424105,大桥,镇
360424106,渣津,镇
360424107,杭口,镇
360424108,马坳,镇
360424109,溪口,镇
360424110,港口,镇
360424111,上奉,镇
360424112,何市,镇
360424113,黄港,镇
360424114,黄沙,镇
360424115,山口,镇
360424116,四都,镇
360424117,西港,镇
360424118,宁州,镇
360424200,路口,乡
360424201,黄龙,乡
360424202,上衫,乡
360424203,余塅,乡
360424204,水源,乡
360424205,石坳,乡
360424206,东港,乡
360424207,上杭,乡
360424210,新湾,乡
360424211,布甲,乡
360424212,大椿,乡
360424213,庙岭,乡
360424214,竹坪,乡
360424215,征村,乡
360424216,漫江,乡
360424217,复原,乡
360424218,黄坳,乡
360425001,丰安,街道
360425100,涂埠,镇
360425101,吴城,镇
360425102,柘林,镇
360425103,虬津,镇
360425104,艾城,镇
360425105,滩溪,镇
360425106,白槎,镇
360425107,梅棠,镇
360425108,三溪桥,镇
360425109,燕坊,镇
360425110,马口,镇
360425200,三角,乡
360425201,九合,乡
360425203,立新,乡
360425205,江上,乡
360426100,蒲亭,镇
360426101,聂桥,镇
360426102,车桥,镇
360426103,丰林,镇
360426104,吴山,镇
360426201,宝塔,乡
360426202,河东,乡
360426204,高塘,乡
360426205,林泉,乡
360426208,磨溪,乡
360426209,爱民,乡
360426211,邹桥,乡
360426212,塘山,乡
360428100,都昌,镇
360428101,周溪,镇
360428102,三汊港,镇
360428103,中馆,镇
360428104,大沙,镇
360428105,万户,镇
360428106,南峰,镇
360428107,土塘,镇
360428108,大港,镇
360428109,蔡岭,镇
360428110,徐埠,镇
360428111,左里,镇
360428200,和合,乡
360428201,阳峰,乡
360428202,西源,乡
360428203,芗溪,乡
360428204,狮山,乡
360428207,鸣山,乡
360428210,春桥,乡
360428211,苏山,乡
360428212,多宝,乡
360428213,汪墩,乡
360428215,北山,乡
360428216,大树,乡
360429100,双钟,镇
360429101,流泗,镇
360429102,马影,镇
360429103,武山,镇
360429104,城山,镇
360429105,均桥,镇
360429106,凰村,镇
360429107,流芳,镇
360429200,大垅,乡
360429202,张青,乡
360429205,付垅,乡
360429208,舜德,乡
360430100,龙城,镇
360430101,棉船,镇
360430102,马垱,镇
360430104,芙蓉墩,镇
360430105,定山,镇
360430106,天红,镇
360430107,杨梓,镇
360430108,东升,镇
360430109,瀼溪,镇
360430110,黄花,镇
360430201,太平关,乡
360430203,浩山,乡
360430206,黄岭,乡
360481001,湓城,街道
360481002,桂林,街道
360481003,赛湖,街道
360481101,码头,镇
360481102,白杨,镇
360481103,南义,镇
360481104,横港,镇
360481105,范,镇
360481106,肇陈,镇
360481107,高丰,镇
360481108,夏畈,镇
360481205,乐园,乡
360481206,洪一,乡
360481207,花园,乡
360481208,洪下,乡
360481209,武蛟,乡
360481211,黄金,乡
360481212,南阳,乡
360481213,横立山,乡
360482001,茶山,街道
360482100,甘露,镇
360482101,江益,镇
360482202,金湖,乡
360482203,泽泉,乡
360482204,苏家垱,乡
360483100,南康,镇
360483101,蛟塘,镇
360483102,白鹿,镇
360483103,星子,镇
360483104,温泉,镇
360483105,华林,镇
360483106,横塘,镇
360483107,牯岭,镇
360483108,海会,镇
360483200,蓼南,乡
360502001,城南,街道
360502002,城北,街道
360502003,袁河,街道
360502004,新钢,街道
360502005,孔目江,街道
360502101,罗坊,镇
360502102,水北,镇
360502103,良山,镇
360502105,姚圩,镇
360502106,下村,镇
360502107,珠珊,镇
360502109,观巢,镇
360502110,欧里,镇
360502111,河下,镇
360502112,水西,镇
360502113,鹄山,镇
360502114,人和,镇
360502202,南安,乡
360502206,新溪,乡
360502211,界水,乡
360502212,九龙山,乡
360521001,钤东,街道
360521002,钤西,街道
360521100,分宜,镇
360521101,杨桥,镇
360521102,湖泽,镇
360521104,双林,镇
360521105,钤山,镇
360521107,洋江,镇
360521108,凤阳,镇
360521109,操场,镇
360521204,洞村,乡
360521205,高岚,乡
360602001,江边,街道
360602002,交通,街道
360602003,东湖,街道
360602004,梅园,街道
360602005,白露,街道
360602006,四青,街道
360602007,夏埠,街道
360602101,童家,镇
360603001,邓埠,街道
360603002,龙岗,街道
360603101,锦江,镇
360603102,画桥,镇
360603103,潢溪,镇
360603104,中童,镇
360603105,马荃,镇
360603106,春涛,镇
360603200,黄庄,乡
360603201,平定,乡
360603202,杨溪,乡
360603203,洪湖,乡
360603204,刘家站,乡
360681001,雄石,街道
360681002,东门,街道
360681003,花园,街道
360681004,江北,街道
360681103,塘湾,镇
360681104,泗沥,镇
360681105,河潭,镇
360681106,志光,镇
360681107,鸿塘,镇
360681108,冷水,镇
360681109,文坊,镇
360681110,金屯,镇
360681111,流口,镇
360681112,罗河,镇
360681113,周坊,镇
360681114,滨江,镇
360681115,天禄,镇
360681116,雷溪,镇
360681117,上清,镇
360681118,龙虎山,镇
360681201,白田,乡
360681206,耳口,乡
360681208,樟坪|畲族,乡
360681210,彭湾,乡
360702001,赣江,街道
360702002,解放,街道
360702003,南外,街道
360702004,东外,街道
360702005,黄金岭,街道
360702006,水南,街道
360702007,章江,街道
360702101,沙石,镇
360702102,水东,镇
360702105,沙河,镇
360702106,水西,镇
360702107,蟠龙,镇
360702108,湖边,镇
360702109,潭东,镇
360702110,潭口,镇
360703001,蓉江,街道
360703002,东山,街道
360703003,南水,街道
360703100,唐江,镇
360703101,凤岗,镇
360703102,横市,镇
360703103,龙岭,镇
360703104,龙回,镇
360703105,镜坝,镇
360703106,龙华,镇
360703107,三江,镇
360703108,太窝,镇
360703109,朱坊,镇
360703200,浮石,乡
360703201,横寨,乡
360703206,十八塘,乡
360703207,麻双,乡
360703208,大坪,乡
360703209,坪市,乡
360703210,隆木,乡
360703211,赤土|畲族,乡
360704001,梅林,街道
360704101,王母渡,镇
360704102,沙地,镇
360704103,江口,镇
360704104,田村,镇
360704105,南塘,镇
360704106,茅店,镇
360704107,吉埠,镇
360704108,五云,镇
360704109,湖江,镇
360704110,储潭,镇
360704111,韩坊,镇
360704200,阳埠,乡
360704202,大埠,乡
360704203,长洛,乡
360704204,大田,乡
360704207,石芫,乡
360704208,三溪,乡
360704209,白鹭,乡
360722100,嘉定,镇
360722101,大塘埠,镇
360722102,古陂,镇
360722103,大桥,镇
360722104,新田,镇
360722105,安西,镇
360722106,小江,镇
360722107,铁石口,镇
360722108,大阿,镇
360722109,油山,镇
360722110,小河,镇
360722111,西牛,镇
360722112,正平,镇
360722200,虎山,乡
360722201,崇仙,乡
360722202,万隆,乡
360723100,南安,镇
360723101,新城,镇
360723102,池江,镇
360723103,青龙,镇
360723104,樟斗,镇
360723105,黄龙,镇
360723106,吉村,镇
360723107,左拔,镇
360723200,浮江,乡
360723201,内良,乡
360723202,河洞,乡
360724100,东山,镇
360724101,陡水,镇
360724102,社溪,镇
360724103,营前,镇
360724104,黄埠,镇
360724105,寺下,镇
360724200,梅水,乡
360724201,油石,乡
360724202,安和,乡
360724204,双溪,乡
360724205,水岩,乡
360724206,平富,乡
360724207,五指峰,乡
360724208,紫阳,乡
360725100,横水,镇
360725102,扬眉,镇
360725103,过埠,镇
360725104,铅厂,镇
360725105,长龙,镇
360725106,关田,镇
360725200,龙勾,乡
360725202,杰坝,乡
360725203,金坑,乡
360725204,思顺,乡
360725205,麟潭,乡
360725206,上堡,乡
360725207,聂都,乡
360725208,文英,乡
360725209,乐洞,乡
360725210,丰州,乡
360726100,欣山,镇
360726101,孔田,镇
360726102,版石,镇
360726103,天心,镇
360726104,龙布,镇
360726105,鹤子,镇
360726106,三百山,镇
360726107,车头,镇
360726200,镇岗,乡
360726201,凤山,乡
360726202,新龙,乡
360726203,蔡坊,乡
360726204,重石,乡
360726205,长沙,乡
360726206,浮槎,乡
360726207,双芫,乡
360726208,塘村,乡
360726209,高云山,乡
360728100,历市,镇
360728101,岿美山,镇
360728102,老城,镇
360728103,天九,镇
360728104,龙塘,镇
360728105,岭北,镇
360728106,鹅公,镇
360729100,城厢,镇
360729101,大吉山,镇
360729102,陂头,镇
360729103,金龙,镇
360729104,南迳,镇
360729105,龙源坝,镇
360729200,中寨,乡
360729201,社迳,乡
360729202,龙下,乡
360730001,梅江,街道
360730002,翠微,街道
360730101,青塘,镇
360730102,长胜,镇
360730103,黄陂,镇
360730104,赖村,镇
360730105,固村,镇
360730106,石上,镇
360730107,东山坝,镇
360730108,洛口,镇
360730109,小布,镇
360730110,黄石,镇
360730111,田头,镇
360730112,竹笮,镇
360730201,对坊,乡
360730202,固厚,乡
360730203,田埠,乡
360730204,会同,乡
360730205,湛田,乡
360730206,安福,乡
360730207,东韶,乡
360730208,蔡江,乡
360730209,大沽,乡
360730210,肖田,乡
360730211,钓峰,乡
360731100,贡江,镇
360731101,铁山垅,镇
360731102,盘古山,镇
360731103,祁禄山,镇
360731104,银坑,镇
360731105,罗坳,镇
360731106,禾丰,镇
360731107,岭背,镇
360731108,梓山,镇
360731109,葛坳,镇
360731200,罗江,乡
360731201,小溪,乡
360731202,利村,乡
360731203,新陂,乡
360731204,靖石,乡
360731205,黄麟,乡
360731206,沙心,乡
360731207,宽田,乡
360731209,桥头,乡
360731210,马安,乡
360731211,仙下,乡
360731212,车溪,乡
360731213,段屋,乡
360732100,潋江,镇
360732101,江背,镇
360732102,古龙岗,镇
360732103,梅窖,镇
360732104,高兴,镇
360732105,良村,镇
360732106,龙口,镇
360732107,城岗,镇
360732108,永丰,镇
360732200,兴江,乡
360732201,樟木,乡
360732202,东村,乡
360732203,兴莲,乡
360732204,杰村,乡
360732205,社富,乡
360732206,埠头,乡
360732208,隆坪,乡
360732209,均村,乡
360732210,茶园,乡
360732211,崇贤,乡
360732212,枫边,乡
360732213,南坑,乡
360732215,方太,乡
360732216,鼎龙,乡
360732217,长冈,乡
360733100,文武坝,镇
360733101,筠门岭,镇
360733102,西江,镇
360733103,周田,镇
360733104,麻州,镇
360733105,庄口,镇
360733201,清溪,乡
360733202,右水,乡
360733203,高排,乡
360733204,晓龙,乡
360733205,珠兰,乡
360733206,洞头,乡
360733207,中村,乡
360733208,站塘,乡
360733209,永隆,乡
360733210,富城,乡
360733211,小密,乡
360733213,庄埠,乡
360733214,白鹅,乡
360734100,长宁,镇
360734101,晨光,镇
360734102,留车,镇
360734103,南桥,镇
360734104,吉潭,镇
360734105,澄江,镇
360734106,桂竹帽,镇
360734200,文峰,乡
360734201,三标,乡
360734202,菖蒲,乡
360734203,龙廷,乡
360734204,丹溪,乡
360734205,项山,乡
360734206,水源,乡
360734207,罗珊,乡
360735100,琴江,镇
360735101,小松,镇
360735102,屏山,镇
360735103,横江,镇
360735104,高田,镇
360735105,赣江源,镇
360735200,木兰,乡
360735201,丰山,乡
360735202,大由,乡
360735203,龙岗,乡
360735204,珠坑,乡
360781001,象湖,街道
360781002,红旗,街道
360781101,壬田,镇
360781102,谢坊,镇
360781103,沙洲坝,镇
360781104,瑞林,镇
360781105,九堡,镇
360781106,武阳,镇
360781107,叶坪,镇
360781201,日东,乡
360781202,黄柏,乡
360781203,大柏地,乡
360781204,丁陂,乡
360781205,冈面,乡
360781206,万田,乡
360781207,云石山,乡
360781208,泽覃,乡
360781209,拔英,乡
360783100,龙南,镇
360783101,武当,镇
360783102,杨村,镇
360783103,汶龙,镇
360783104,程龙,镇
360783105,关西,镇
360783106,里仁,镇
360783107,渡江,镇
360783108,九连山,镇
360783109,东江,镇
360783200,桃江,乡
360783202,临塘,乡
360783203,南亨,乡
360783204,夹湖,乡
360802001,古南镇,街道
360802002,永叔,街道
360802003,文山,街道
360802004,习溪桥,街道
360802005,北门,街道
360802006,白塘,街道
360802007,禾埠,街道
360802101,兴桥,镇
360802102,樟山,镇
360802103,长塘,镇
360802104,曲濑,镇
360803001,河东,街道
360803002,滨江,街道
360803101,天玉,镇
360803102,值夏,镇
360803103,新圩,镇
360803104,文陂,镇
360803105,富滩,镇
360803108,富田,镇
360803203,东固|畲族,乡
360821001,高新,街道
360821002,金鸡湖,街道
360821100,敦厚,镇
360821101,永阳,镇
360821102,天河,镇
360821103,横江,镇
360821104,固江,镇
360821105,万福,镇
360821106,永和,镇
360821107,桐坪,镇
360821108,梅塘,镇
360821113,油田,镇
360821114,敖城,镇
360821115,凤凰,镇
360821116,浬田,镇
360821200,北源,乡
360821201,大冲,乡
360821207,登龙,乡
360821208,安塘,乡
360821209,官田,乡
360821211,指阳,乡
360822100,文峰,镇
360822101,阜田,镇
360822102,八都,镇
360822103,水南,镇
360822104,枫江,镇
360822105,金滩,镇
360822106,白沙,镇
360822107,白水,镇
360822108,盘谷,镇
360822109,双村,镇
360822110,醪桥,镇
360822111,乌江,镇
360822112,丁江,镇
360822113,黄桥,镇
360822114,螺田,镇
360822200,尚贤,乡
360822203,水田,乡
360822207,冠山,乡
360823100,水边,镇
360823101,马埠,镇
360823102,巴邱,镇
360823103,仁和,镇
360823104,砚溪,镇
360823105,罗田,镇
360823200,桐林,乡
360823201,福民,乡
360823203,戈坪,乡
360823204,金江,乡
360823205,金坪,民族乡
360824001,洋峰,街道
360824100,金川,镇
360824101,三湖,镇
360824102,大洋洲,镇
360824103,七琴,镇
360824105,麦㙦,镇
360824106,界埠,镇
360824107,溧江,镇
360824201,桃溪,乡
360824202,城上,乡
360824203,潭丘,乡
360824204,神政桥,乡
360824205,沂江,乡
360824207,荷浦,乡
360825100,恩江,镇
360825101,藤田,镇
360825102,石马,镇
360825103,沙溪,镇
360825104,坑田,镇
360825105,沿陂,镇
360825106,古县,镇
360825107,瑶田,镇
360825200,佐龙,乡
360825202,八江,乡
360825204,潭城,乡
360825205,鹿冈,乡
360825206,七都,乡
360825208,陶唐,乡
360825210,中村,乡
360825211,上溪,乡
360825213,潭头,乡
360825214,三坊,乡
360825215,上固,乡
360825216,君埠,乡
360825217,龙冈|畲族,乡
360826101,桥头,镇
360826102,禾市,镇
360826103,螺溪,镇
360826105,苏溪,镇
360826106,马市,镇
360826107,塘洲,镇
360826108,冠朝,镇
360826109,沙村,镇
360826110,小龙,镇
360826111,苑前,镇
360826112,万合,镇
360826114,澄江,镇
360826115,老营盘,镇
360826116,灌溪,镇
360826117,沿溪,镇
360826200,石山,乡
360826201,南溪,乡
360826203,上模,乡
360826204,水槎,乡
360826205,上圯,乡
360826207,中龙,乡
360827100,泉江,镇
360827101,雩田,镇
360827102,碧洲,镇
360827103,草林,镇
360827104,堆子前,镇
360827105,左安,镇
360827106,高坪,镇
360827107,大汾,镇
360827108,衙前,镇
360827109,禾源,镇
360827110,汤湖,镇
360827111,枚江,镇
360827112,珠田,镇
360827113,巾石,镇
360827204,大坑,乡
360827208,双桥,乡
360827209,新江,乡
360827210,五斗江,乡
360827212,西溪,乡
360827213,南江,乡
360827214,黄坑,乡
360827219,戴家埔,乡
360827220,营盘圩,乡
360828100,芙蓉,镇
360828101,五丰,镇
360828102,枧头,镇
360828103,窑头,镇
360828104,百嘉,镇
360828105,高陂,镇
360828106,潞田,镇
360828107,沙坪,镇
360828108,夏造,镇
360828201,韶口,乡
360828202,罗塘,乡
360828205,弹前,乡
360828206,武术,乡
360828207,宝山,乡
360828208,涧田,乡
360828209,顺峰,乡
360829100,平都,镇
360829101,浒坑,镇
360829102,洲湖,镇
360829103,横龙,镇
360829104,枫田,镇
360829105,洋溪,镇
360829106,严田,镇
360829107,羊狮慕,镇
360829201,竹江,乡
360829202,瓜畲,乡
360829203,钱山,乡
360829204,赤谷,乡
360829206,山庄,乡
360829207,洋门,乡
360829209,金田,乡
360829210,彭坊,乡
360829214,寮塘,乡
360829215,甘洛,乡
360829216,章庄,乡
360830001,三月坪,街道
360830100,禾川,镇
360830102,石桥,镇
360830104,澧田,镇
360830105,龙门,镇
360830106,沙市,镇
360830107,文竹,镇
360830108,埠前,镇
360830109,怀忠,镇
360830110,高桥楼,镇
360830111,龙源口,镇
360830201,坳南,乡
360830204,才丰,乡
360830205,烟阁,乡
360830207,在中,乡
360830208,三湾,乡
360830210,台岭,乡
360830211,龙田,乡
360830212,高溪,乡
360830213,莲洲,乡
360830214,高市,乡
360830216,象形,乡
360830217,芦溪,乡
360830218,曲白,乡
360881002,红星,街道
360881100,厦坪,镇
360881102,古城,镇
360881103,新城,镇
360881105,茨坪,镇
360881106,拿山,镇
360881107,碧溪,镇
360881108,茅坪,镇
360881109,龙市,镇
360881110,罗浮,镇
360881201,黄垇,乡
360881208,葛田,乡
360881210,睦村,乡
360881211,东上,乡
360881212,光明,乡
360881213,柏露,乡
360902001,灵泉,街道
360902002,金园,街道
360902003,秀江,街道
360902004,湛郎,街道
360902005,珠泉,街道
360902006,化成,街道
360902007,凤凰,街道
360902008,官园,街道
360902009,下浦,街道
360902010,新康府,街道
360902100,彬江,镇
360902101,西村,镇
360902102,金瑞,镇
360902103,温汤,镇
360902104,三阳,镇
360902105,慈化,镇
360902106,天台,镇
360902107,洪塘,镇
360902108,渥江,镇
360902109,新坊,镇
360902114,寨下,镇
360902115,芦村,镇
360902116,湖田,镇
360902117,新田,镇
360902118,南庙,镇
360902119,竹亭,镇
360902120,水江,镇
360902121,辽市,镇
360902122,洪江,镇
360902209,楠木,乡
360902216,柏木,乡
360902219,飞剑潭,乡
360921100,冯川,镇
360921101,上富,镇
360921102,干洲,镇
360921103,罗市,镇
360921104,赤田,镇
360921105,宋埠,镇
360921106,澡下,镇
360921107,甘坊,镇
360921108,会埠,镇
360921109,赤岸,镇
360921206,仰山,乡
360921207,澡溪,乡
360921210,柳溪,乡
360922001,康乐,街道
360922101,株潭,镇
360922102,黄茅,镇
360922103,潭埠,镇
360922104,双桥,镇
360922105,高村,镇
360922106,罗城,镇
360922107,三兴,镇
360922108,高城,镇
360922109,白良,镇
360922200,鹅峰,乡
360922201,马步,乡
360922204,赤兴,乡
360922205,岭东,乡
360922206,白水,乡
360922207,仙源,乡
360922214,茭湖,乡
360923001,敖阳,街道
360923002,锦阳,街道
360923101,田心,镇
360923102,徐家渡,镇
360923103,锦江,镇
360923104,泗溪,镇
360923105,南港,镇
360923107,翰堂,镇
360923108,敖山,镇
360923109,新界埠,镇
360923110,蒙山,镇
360923201,芦洲,乡
360923202,塔下,乡
360923206,镇渡,乡
360923207,野市,乡
360923208,墨山,乡
360924100,新昌,镇
360924101,潭山,镇
360924102,棠浦,镇
360924103,新庄,镇
360924104,芳溪,镇
360924105,石市,镇
360924106,澄塘,镇
360924107,黄岗,镇
360924108,黄垦,镇
360924202,花桥,乡
360924203,同安,乡
360924204,天宝,乡
360924208,桥西,乡
360925100,双溪,镇
360925101,宝峰,镇
360925102,高湖,镇
360925103,璪都,镇
360925104,仁首,镇
360925105,官庄,镇
360925200,香田,乡
360925202,水口,乡
360925205,中源,乡
360925207,雷公尖,乡
360925208,三爪仑,乡
360926100,永宁,镇
360926101,温泉,镇
360926102,棋坪,镇
360926103,排埠,镇
360926104,三都,镇
360926105,大塅,镇
360926200,高桥,乡
360926201,港口,乡
360926202,带溪,乡
360981001,剑光,街道
360981002,剑南,街道
360981003,河洲,街道
360981006,尚庄,街道
360981007,孙渡,街道
360981008,龙津洲,街道
360981101,曲江,镇
360981103,泉港,镇
360981104,上塘,镇
360981106,小港,镇
360981107,拖船,镇
360981108,荣塘,镇
360981109,秀市,镇
360981110,张巷,镇
360981111,石滩,镇
360981112,白土,镇
360981113,袁渡,镇
360981114,丽村,镇
360981115,铁路,镇
360981116,淘沙,镇
360981117,梅林,镇
360981118,隍城,镇
360981119,董家,镇
360981120,杜市,镇
360981121,桥东,镇
360981123,洛市,镇
360981128,荷湖,镇
360981205,蕉坑,乡
360981210,筱塘,乡
360981211,段潭,乡
360981212,同田,乡
360981214,湖塘,乡
360981217,石江,乡
360982001,淦阳,街道
360982002,鹿江,街道
360982003,福城,街道
360982005,张家山,街道
360982006,大桥,街道
360982101,临江,镇
360982102,永泰,镇
360982103,黄土岗,镇
360982104,经楼,镇
360982105,昌傅,镇
360982106,店下,镇
360982108,𬮤山,镇
360982109,刘公庙,镇
360982110,观上,镇
360982111,义成,镇
360982200,中洲,乡
360982204,洲上,乡
360982207,洋湖,乡
360982209,吴城,乡
360983001,瑞州,街道
360983002,筠阳,街道
360983100,荷岭,镇
360983101,八景,镇
360983102,新街,镇
360983103,灰埠,镇
360983104,建山,镇
360983105,独城,镇
360983106,石脑,镇
360983107,黄沙岗,镇
360983108,杨圩,镇
360983109,大城,镇
360983110,相城,镇
360983111,蓝坊,镇
360983112,太阳,镇
360983113,田南,镇
360983114,祥符,镇
360983115,伍桥,镇
360983116,龙潭,镇
360983117,村前,镇
360983118,华林山,镇
360983213,汪家圩,乡
360983216,上湖,乡
361002001,青云,街道
361002002,六水桥,街道
361002003,文昌,街道
361002004,荆公路,街道
361002005,西大街,街道
361002006,城西,街道
361002007,钟岭,街道
361002101,抚北,镇
361002102,上顿渡,镇
361002103,唱凯,镇
361002104,温泉,镇
361002105,高坪,镇
361002106,腾桥,镇
361002107,龙溪,镇
361002108,孝桥,镇
361002109,崇岗,镇
361002110,罗针,镇
361002111,云山,镇
361002112,罗湖,镇
361002113,大岗,镇
361002114,青泥,镇
361002115,太阳,镇
361002116,秋溪,镇
361002117,东馆,镇
361002118,荣山,镇
361002119,展坪,镇
361002200,河埠,乡
361002201,茅排,乡
361002203,湖南,乡
361002205,七里岗,乡
361002206,鹏田,乡
361002209,连城,乡
361002210,嵩湖,乡
361002212,桐源,乡
361003001,金峰,街道
361003100,孝岗,镇
361003101,小璜,镇
361003102,圩上桥,镇
361003103,马圩,镇
361003104,詹圩,镇
361003105,岗上积,镇
361003106,杨桥殿,镇
361003107,王桥,镇
361003108,黎圩,镇
361003109,红星,镇
361003200,珀玕,乡
361003201,邓家,乡
361003202,虎圩,乡
361003203,瑶圩,乡
361021100,建昌,镇
361021101,上唐,镇
361021102,洪门,镇
361021103,株良,镇
361021104,里塔,镇
361021105,龙湖,镇
361021106,沙洲,镇
361021107,新丰街,镇
361021108,万坊,镇
361021109,徐家,镇
361021201,天井源,乡
361021203,浔溪,乡
361022100,日峰,镇
361022101,宏村,镇
361022102,洵口,镇
361022103,熊村,镇
361022104,德胜,镇
361022105,龙安,镇
361022106,华山,镇
361022200,潭溪,乡
361022201,荷源,乡
361022202,厚村,乡
361022204,湖坊,乡
361022205,中田,乡
361022206,樟溪,乡
361022207,西城,乡
361022208,社苹,乡
361023100,琴城,镇
361023101,太和,镇
361023102,白舍,镇
361023103,洽湾,镇
361023104,桑田,镇
361023105,市山,镇
361023106,紫霄,镇
361023203,三溪,乡
361023205,东坪,乡
361023206,莱溪,乡
361023208,太源,乡
361023209,傅坊,乡
361024100,巴山,镇
361024101,相山,镇
361024102,航埠,镇
361024103,孙坊,镇
361024104,河上,镇
361024105,礼陂,镇
361024106,马鞍,镇
361024200,石庄,乡
361024201,六家桥,乡
361024202,白路,乡
361024203,三山,乡
361024204,白陂,乡
361024205,桃源,乡
361024206,许坊,乡
361024207,郭圩,乡
361025100,鳌溪,镇
361025101,公溪,镇
361025102,戴坊,镇
361025103,牛田,镇
361025104,招携,镇
361025105,龚坊,镇
361025106,山砀,镇
361025107,增田,镇
361025108,万崇,镇
361025109,流坑,镇
361025200,湖溪,乡
361025201,罗陂,乡
361025202,湖坪,乡
361025203,金竹|畲族,乡
361025204,南村,乡
361025205,谷岗,乡
361026100,凤冈,镇
361026101,棠阴,镇
361026102,黄陂,镇
361026103,东陂,镇
361026104,梨溪,镇
361026105,二都,镇
361026106,中港,镇
361026107,桃陂,镇
361026200,新丰,乡
361026201,神岗,乡
361026202,圳口,乡
361026203,南源,乡
361027100,秀谷,镇
361027101,浒湾,镇
361027102,双塘,镇
361027104,何源,镇
361027105,合市,镇
361027106,琅琚,镇
361027107,左坊,镇
361027108,对桥,镇
361027200,黄通,乡
361027202,陆坊,乡
361027203,陈坊积,乡
361027204,琉璃,乡
361027205,石门,乡
361028001,泸阳,街道
361028100,鹤城,镇
361028101,马头山,镇
361028102,高阜,镇
361028103,嵩市,镇
361028104,乌石,镇
361028105,高田,镇
361030100,旴江,镇
361030101,头陂,镇
361030103,赤水,镇
361030104,驿前,镇
361030105,甘竹,镇
361030106,塘坊,镇
361030200,千善,乡
361030201,水南圩,乡
361030202,长桥,乡
361030204,杨溪,乡
361030205,尖峰,乡
361102001,东市,街道
361102002,西市,街道
361102003,水南,街道
361102004,灵溪,街道
361102005,北门,街道
361102006,茅家岭,街道
361102101,沙溪,镇
361102102,朝阳,镇
361102103,秦峰,镇
361103001,芦林,街道
361103002,永丰,街道
361103003,丰溪,街道
361103004,大石,街道
361103005,下溪,街道
361103101,五都,镇
361103102,洋口,镇
361103103,横山,镇
361103104,桐畈,镇
361103105,湖丰,镇
361103106,大南,镇
361103107,排山,镇
361103108,毛村,镇
361103109,枧底,镇
361103110,泉波,镇
361103111,壶峤,镇
361103113,霞峰,镇
361103115,吴村,镇
361103116,沙田,镇
361103117,铜钹山,镇
361103210,东阳,乡
361103213,嵩峰,乡
361103218,少阳,乡
361104001,罗桥,街道
361104002,旭日,街道
361104003,兴园,街道
361104100,田墩,镇
361104101,上泸,镇
361104102,华坛山,镇
361104103,茶亭,镇
361104104,皂头,镇
361104105,四十八,镇
361104106,枫岭头,镇
361104107,煌固,镇
361104108,花厅,镇
361104109,五府山,镇
361104110,郑坊,镇
361104200,望仙,乡
361104201,石人,乡
361104202,清水,乡
361104203,石狮,乡
361104204,湖村,乡
361104205,董团,乡
361104206,尊桥,乡
361104207,应家,乡
361104208,黄沙岭,乡
361104209,铁山,乡
361123001,冰溪,街道
361123002,文成,街道
361123101,仙岩,镇
361123102,下镇,镇
361123103,岩瑞,镇
361123105,临湖,镇
361123106,双明,镇
361123107,樟村,镇
361123108,横街,镇
361123110,紫湖,镇
361123111,必姆,镇
361123112,枫林,镇
361123200,下塘,乡
361123201,四股桥,乡
361123203,南山,乡
361123205,怀玉,乡
361123207,六都,乡
361123209,三清,乡
361124100,河口,镇
361124101,永平,镇
361124102,石塘,镇
361124103,湖坊,镇
361124104,鹅湖,镇
361124107,武夷山,镇
361124108,汪二,镇
361124109,葛仙山,镇
361124200,陈坊,乡
361124205,虹桥,乡
361124206,新滩,乡
361124214,稼轩,乡
361124215,英将,乡
361124216,紫溪,乡
361124217,太源|畲族,乡
361124218,天柱山,乡
361124219,篁碧|畲族,乡
361125001,兴安,街道
361125100,岑阳,镇
361125101,葛源,镇
361125200,姚家,乡
361125202,莲荷,乡
361125203,司铺,乡
361125204,港边,乡
361125205,龙门畈,乡
361125206,青板,乡
361126001,桃源,街道
361126002,花亭,街道
361126003,南岩,街道
361126004,弋江,街道
361126101,漆工,镇
361126102,港口,镇
361126103,曹溪,镇
361126104,樟树墩,镇
361126105,圭峰,镇
361126106,叠山,镇
361126108,朱坑,镇
361126109,三县岭,镇
361126110,旭光,镇
361126201,湾里,乡
361126202,葛溪,乡
361126203,清湖,乡
361126207,中畈,乡
361127100,玉亭,镇
361127101,瑞洪,镇
361127102,黄金埠,镇
361127103,石口,镇
361127104,古埠,镇
361127105,九龙,镇
361127106,乌泥,镇
361127107,杨埠,镇
361127108,社赓,镇
361127200,康山,乡
361127202,东塘,乡
361127204,大塘,乡
361127207,鹭鸶港,乡
361127208,三塘,乡
361127211,洪家嘴,乡
361127212,白马桥,乡
361127213,江埠,乡
361127215,枫港,乡
361127216,大溪,乡
361127220,梅港,乡
361128001,饶州,街道
361128100,鄱阳,镇
361128101,石门街,镇
361128102,田畈街,镇
361128103,谢家滩,镇
361128104,四十里街,镇
361128105,双港,镇
361128106,古县渡,镇
361128107,饶埠,镇
361128108,油墩街,镇
361128109,乐丰,镇
361128110,饶丰,镇
361128111,金盘岭,镇
361128112,高家岭,镇
361128113,凰岗,镇
361128202,侯家岗,乡
361128203,莲花山,乡
361128204,银宝湖,乡
361128207,响水滩,乡
361128208,鸦鹊湖,乡
361128210,柘港,乡
361128212,枧田街,乡
361128215,游城,乡
361128216,珠湖,乡
361128218,白沙洲,乡
361128219,团林,乡
361128222,昌洲,乡
361128228,芦田,乡
361128230,三庙前,乡
361128231,莲湖,乡
361129100,陈营,镇
361129102,青云,镇
361129103,梓埠,镇
361129104,大源,镇
361129105,裴梅,镇
361129106,石镇,镇
361129200,湖云,乡
361129201,齐埠,乡
361129203,汪家,乡
361129205,上坊,乡
361129206,苏桥,乡
361129212,珠田,乡
361130001,蚺城,街道
361130100,紫阳,镇
361130101,清华,镇
361130102,秋口,镇
361130103,江湾,镇
361130105,思口,镇
361130106,中云,镇
361130107,赋春,镇
361130108,镇头,镇
361130109,许村,镇
361130110,太白,镇
361130201,溪头,乡
361130202,段莘,乡
361130207,浙源,乡
361130208,沱川,乡
361130209,大鄣山,乡
361130211,珍珠山,乡
361181001,银城,街道
361181002,新营,街道
361181003,香屯,街道
361181004,铜矿,街道
361181101,泗洲,镇
361181102,花桥,镇
361181103,绕二,镇
361181105,海口,镇
361181106,新岗山,镇
361181107,大茅山,镇
361181200,黄柏,乡
361181201,万村,乡
361181202,张村,乡
361181205,昄大,乡
361181206,李宅,乡
361181207,龙头山,乡
370102001,解放路,街道
370102002,千佛山,街道
370102003,趵突泉,街道
370102004,泉城路,街道
370102005,大明湖,街道
370102006,东关,街道
370102007,文化东路,街道
370102008,建筑新村,街道
370102009,甸柳新村,街道
370102011,燕山,街道
370102013,姚家,街道
370102014,智远,街道
370102015,龙洞,街道
370102016,舜华路,街道
370103002,大观园,街道
370103003,杆石桥,街道
370103004,四里村,街道
370103006,魏家庄,街道
370103008,二七新村,街道
370103009,七里山,街道
370103010,六里山,街道
370103012,舜玉路,街道
370103014,泺源,街道
370103015,王官庄,街道
370103016,舜耕,街道
370103017,白马山,街道
370103018,七贤,街道
370103019,十六里河,街道
370103020,兴隆,街道
370103021,党家,街道
370103022,陡沟,街道
370104001,振兴街,街道
370104002,中大槐树,街道
370104003,道德街,街道
370104004,西市场,街道
370104005,五里沟,街道
370104006,营市街,街道
370104007,青年公园,街道
370104008,南辛庄,街道
370104009,段店北路,街道
370104010,张庄路,街道
370104011,匡山,街道
370104012,美里湖,街道
370104013,兴福,街道
370104014,玉清湖,街道
370104015,腊山,街道
370104016,吴家堡,街道
370105001,无影山,街道
370105003,天桥东街,街道
370105004,工人新村北村,街道
370105005,工人新村南村,街道
370105006,堤口路,街道
370105007,北坦,街道
370105009,制锦市,街道
370105010,宝华街,街道
370105011,官扎营,街道
370105012,纬北路,街道
370105013,药山,街道
370105014,北园,街道
370105015,泺口,街道
370105016,桑梓店,街道
370105017,大桥,街道
370112001,山大路,街道
370112002,洪家楼,街道
370112003,东风,街道
370112004,全福,街道
370112005,荷花路,街道
370112006,鲍山,街道
370112007,唐冶,街道
370112008,临港,街道
370112009,华山,街道
370112010,王舍人,街道
370112011,郭店,街道
370112012,港沟,街道
370112013,遥墙,街道
370112014,巨野河,街道
370112015,孙村,街道
370112016,仲宫,街道
370112017,彩石,街道
370112018,董家,街道
370112019,柳埠,街道
370112020,唐王,街道
370112021,西营,街道
370113001,文昌,街道
370113002,崮云湖,街道
370113003,平安,街道
370113004,五峰山,街道
370113005,归德,街道
370113006,张夏,街道
370113007,万德,街道
370113008,孝里,街道
370113107,马山,镇
370113108,双泉,镇
370114001,明水,街道
370114002,双山,街道
370114003,枣园,街道
370114004,龙山,街道
370114005,埠村,街道
370114006,圣井,街道
370114007,普集,街道
370114008,绣惠,街道
370114009,相公庄,街道
370114010,文祖,街道
370114011,官庄,街道
370114012,曹范,街道
370114013,宁家埠,街道
370114014,高官寨,街道
370114015,白云湖,街道
370114016,刁镇,街道
370114017,黄河,街道
370114105,垛庄,镇
370115001,济阳,街道
370115002,济北,街道
370115003,孙耿,街道
370115004,回河,街道
370115005,崔寨,街道
370115006,太平,街道
370115007,垛石,街道
370115008,曲堤,街道
370115103,仁风,镇
370115104,新市,镇
370116001,凤城,街道
370116002,张家洼,街道
370116003,高庄,街道
370116004,鹏泉,街道
370116005,口镇,街道
370116006,羊里,街道
370116007,方下,街道
370116008,雪野,街道
370116103,牛泉,镇
370116104,苗山,镇
370116106,大王庄,镇
370116107,寨里,镇
370116108,杨庄,镇
370116109,茶业口,镇
370116110,和庄,镇
370117001,艾山,街道
370117002,里辛,街道
370117003,汶源,街道
370117004,颜庄,街道
370117005,辛庄,街道
370124001,榆山,街道
370124002,锦水,街道
370124102,东阿,镇
370124103,孝直,镇
370124104,孔村,镇
370124105,洪范池,镇
370124106,玫瑰,镇
370124107,安城,镇
370126001,许商,街道
370126101,殷巷,镇
370126102,怀仁,镇
370126103,玉皇庙,镇
370126104,龙桑寺,镇
370126105,郑路,镇
370126106,贾庄,镇
370126108,白桥,镇
370126109,孙集,镇
370126110,韩庙,镇
370126111,沙河,镇
370126112,张坊,镇
370202001,中山路,街道
370202003,台西,街道
370202004,云南路,街道
370202006,江苏路,街道
370202009,金口路,街道
370202011,观海路,街道
370202012,湛山,街道
370202015,八大峡,街道
370202016,八大关,街道
370202017,香港中路,街道
370202018,八大湖,街道
370202019,金湖路,街道
370202020,金门路,街道
370202021,珠海路,街道
370203005,辽宁路,街道
370203010,华阳路,街道
370203011,登州路,街道
370203013,宁夏路,街道
370203014,敦化路,街道
370203015,辽源路,街道
370203016,合肥路,街道
370203017,即墨路,街道
370203018,镇江路,街道
370203019,台东,街道
370203020,延安路,街道
370203021,大港,街道
370203022,小港,街道
370203023,浮山新区,街道
370203024,同安路,街道
370203025,洪山坡,街道
370203026,湖岛,街道
370203027,兴隆路,街道
370203029,杭州路,街道
370203030,瑞昌路,街道
370203031,四方,街道
370203032,阜新路,街道
370203034,水清沟,街道
370203035,洛阳路,街道
370203036,开平路,街道
370203037,郑州路,街道
370203038,河西,街道
370203039,海伦路,街道
370203040,双山,街道
370211001,黄岛,街道
370211002,辛安,街道
370211003,薛家岛,街道
370211004,长江路,街道
370211005,灵珠山,街道
370211006,红石崖,街道
370211007,胶南,街道
370211008,珠海,街道
370211009,隐珠,街道
370211010,滨海,街道
370211011,灵山卫,街道
370211012,铁山,街道
370211013,王台,街道
370211014,张家楼,街道
370211100,琅琊,镇
370211101,泊里,镇
370211102,大场,镇
370211103,大村,镇
370211104,六汪,镇
370211107,海青,镇
370211108,宝山,镇
370211109,藏马,镇
370212001,中韩,街道
370212002,沙子口,街道
370212003,王哥庄,街道
370212004,北宅,街道
370212005,金家岭,街道
370213001,振华路,街道
370213003,沧口,街道
370213004,兴华路,街道
370213005,兴城路,街道
370213006,李村,街道
370213007,虎山路,街道
370213008,浮山路,街道
370213010,湘潭路,街道
370213011,楼山,街道
370213012,世园,街道
370213013,九水,街道
370214001,城阳,街道
370214002,流亭,街道
370214003,夏庄,街道
370214004,惜福镇,街道
370214005,棘洪滩,街道
370214006,上马,街道
370214007,河套,街道
370214008,红岛,街道
370215001,环秀,街道
370215002,潮海,街道
370215003,通济,街道
370215004,北安,街道
370215005,龙山,街道
370215006,龙泉,街道
370215007,鳌山卫,街道
370215008,温泉,街道
370215009,蓝村,街道
370215010,灵山,街道
370215011,大信,街道
370215115,段泊岚,镇
370215117,移风店,镇
370215121,田横,镇
370215122,金口,镇
370281001,阜安,街道
370281002,中云,街道
370281004,三里河,街道
370281007,胶东,街道
370281008,胶北,街道
370281009,九龙,街道
370281010,胶西,街道
370281011,胶莱,街道
370281102,李哥庄,镇
370281105,铺集,镇
370281108,里岔,镇
370281111,洋河,镇
370283002,李园,街道
370283004,同和,街道
370283005,凤台,街道
370283006,白沙河,街道
370283007,东阁,街道
370283102,古岘,镇
370283103,仁兆,镇
370283105,南村,镇
370283107,蓼兰,镇
370283109,崔家集,镇
370283110,明村,镇
370283112,田庄,镇
370283113,新河,镇
370283116,大泽山,镇
370283117,旧店,镇
370283125,云山,镇
370283126,店子,镇
370285001,水集,街道
370285002,望城,街道
370285006,沽河,街道
370285101,姜山,镇
370285102,夏格庄,镇
370285104,院上,镇
370285105,日庄,镇
370285106,南墅,镇
370285107,河头店,镇
370285108,店埠,镇
370285116,马连庄,镇
370302001,般阳路,街道
370302002,松龄路,街道
370302004,钟楼,街道
370302007,将军路,街道
370302101,昆仑,镇
370302102,洪山,镇
370302103,罗村,镇
370302104,龙泉,镇
370302105,寨里,镇
370302106,岭子,镇
370302108,西河,镇
370302116,双杨,镇
370302117,太河,镇
370303001,车站,街道
370303002,公园,街道
370303004,和平,街道
370303005,科苑,街道
370303006,体育场,街道
370303007,湖田,街道
370303008,四宝山,街道
370303009,马尚,街道
370303101,南定,镇
370303102,沣水,镇
370303104,傅家,镇
370303105,中埠,镇
370303107,房镇,镇
370304002,城西,街道
370304003,城东,街道
370304004,山头,街道
370304102,域城,镇
370304103,白塔,镇
370304106,八陡,镇
370304108,石马,镇
370304112,池上,镇
370304113,博山,镇
370304114,源泉,镇
370305001,闻韶,街道
370305002,雪宫,街道
370305003,辛店,街道
370305004,稷下,街道
370305005,齐陵,街道
370305100,齐都,镇
370305102,皇城,镇
370305103,敬仲,镇
370305104,朱台,镇
370305105,凤凰,镇
370305107,金岭|回族,镇
370305108,金山,镇
370306001,丝绸路,街道
370306002,大街,街道
370306003,青年路,街道
370306004,永安街,街道
370306005,城北路,街道
370306100,北郊,镇
370306101,南郊,镇
370306102,王村,镇
370306103,萌水,镇
370306104,商家,镇
370321001,索镇,街道
370321002,少海,街道
370321101,起凤,镇
370321103,田庄,镇
370321104,荆家,镇
370321105,马桥,镇
370321107,新城,镇
370321109,唐山,镇
370321110,果里,镇
370322001,田镇,街道
370322002,芦湖,街道
370322101,青城,镇
370322102,高城,镇
370322103,黑里寨,镇
370322104,唐坊,镇
370322105,常家,镇
370322106,花沟,镇
370322108,木李,镇
370323001,历山,街道
370323002,南麻,街道
370323103,东里,镇
370323104,悦庄,镇
370323105,西里,镇
370323106,大张庄,镇
370323107,中庄,镇
370323108,张家坡,镇
370323109,鲁村,镇
370323110,南鲁山,镇
370323111,燕崖,镇
370323112,石桥,镇
370402001,中心街,街道
370402002,各塔埠,街道
370402003,矿区,街道
370402004,文化路,街道
370402005,龙山路,街道
370402006,光明路,街道
370402101,税郭,镇
370402102,孟庄,镇
370402103,齐村,镇
370402104,永安,镇
370402105,西王庄,镇
370403001,临城,街道
370403002,兴仁,街道
370403003,兴城,街道
370403004,张范,街道
370403005,常庄,街道
370403006,新城,街道
370403101,沙沟,镇
370403102,周营,镇
370403103,邹坞,镇
370403104,陶庄,镇
370404001,坛山,街道
370404002,吴林,街道
370404100,古邵,镇
370404101,阴平,镇
370404102,底阁,镇
370404103,榴园,镇
370404104,峨山,镇
370405001,运河,街道
370405101,涧头集,镇
370405102,邳庄,镇
370405103,泥沟,镇
370405104,张山子,镇
370405105,马兰屯,镇
370406001,山城,街道
370406101,店子,镇
370406102,西集,镇
370406103,桑村,镇
370406104,北庄,镇
370406105,城头,镇
370406106,徐庄,镇
370406107,水泉,镇
370406108,冯卯,镇
370406109,凫城,镇
370481001,荆河,街道
370481002,龙泉,街道
370481003,北辛,街道
370481004,善南,街道
370481005,东沙河,街道
370481101,洪绪,镇
370481102,南沙河,镇
370481103,大坞,镇
370481104,滨湖,镇
370481105,级索,镇
370481106,西岗,镇
370481107,姜屯,镇
370481108,鲍沟,镇
370481109,张汪,镇
370481110,官桥,镇
370481111,柴胡店,镇
370481112,羊庄,镇
370481113,木石,镇
370481114,界河,镇
370481115,龙阳,镇
370481116,东郭,镇
370502001,文汇,街道
370502002,黄河路,街道
370502003,东城,街道
370502004,辛店,街道
370502005,胜利,街道
370502006,胜园,街道
370502102,牛庄,镇
370502103,六户,镇
370502104,史口,镇
370502105,龙居,镇
370503001,河口,街道
370503002,六合,街道
370503100,义和,镇
370503101,仙河,镇
370503102,孤岛,镇
370503103,新户,镇
370505001,垦利,街道
370505002,兴隆,街道
370505100,胜坨,镇
370505101,郝家,镇
370505102,永安,镇
370505103,黄河口,镇
370505104,董集,镇
370522001,利津,街道
370522002,凤凰城,街道
370522101,北宋,镇
370522103,陈庄,镇
370522104,汀罗,镇
370522105,盐窝,镇
370522201,明集,乡
370522206,刁口,乡
370523001,广饶,街道
370523002,乐安,街道
370523003,丁庄,街道
370523101,大王,镇
370523106,李鹊,镇
370523107,稻庄,镇
370523108,大码头,镇
370523109,花官,镇
370523110,陈官,镇
370602001,向阳,街道
370602002,东山,街道
370602003,毓璜顶,街道
370602004,通伸,街道
370602005,凤凰台,街道
370602006,奇山,街道
370602007,白石,街道
370602008,芝罘岛,街道
370602009,黄务,街道
370602010,只楚,街道
370602011,世回尧,街道
370602012,幸福,街道
370611001,清洋,街道
370611002,福新,街道
370611003,门楼,街道
370611004,东厅,街道
370611005,福莱山,街道
370611006,古现,街道
370611008,大季家,街道
370611102,高疃,镇
370611103,张格庄,镇
370611104,回里,镇
370611111,臧家庄,镇
370612001,宁海,街道
370612002,文化,街道
370612004,姜格庄,街道
370612005,大窑,街道
370612006,武宁,街道
370612101,观水,镇
370612105,龙泉,镇
370612106,玉林店,镇
370612107,水道,镇
370612109,高陵,镇
370612110,王格庄,镇
370612111,昆嵛,镇
370612112,莒格庄,镇
370613001,黄海路,街道
370613002,初家,街道
370613003,滨海路,街道
370613004,院格庄,街道
370613005,解甲庄,街道
370613006,莱山,街道
370613007,马山,街道
370614001,登州,街道
370614002,紫荆山,街道
370614003,新港,街道
370614004,蓬莱阁,街道
370614005,南王,街道
370614006,南长山,街道
370614101,刘家沟,镇
370614102,潮水,镇
370614103,大柳行,镇
370614104,小门家,镇
370614105,大辛店,镇
370614106,村里集,镇
370614107,北沟,镇
370614108,砣矶,镇
370614201,北长山,乡
370614202,黑山,乡
370614203,大钦岛,乡
370614204,小钦岛,乡
370614205,南隍城,乡
370614206,北隍城,乡
370681001,东莱,街道
370681002,龙港,街道
370681003,新嘉,街道
370681004,徐福,街道
370681005,东江,街道
370681102,黄山馆,镇
370681103,北马,镇
370681104,芦头,镇
370681106,下丁家,镇
370681107,七甲,镇
370681108,石良,镇
370681109,兰高,镇
370681110,诸由观,镇
370682001,城厢,街道
370682002,古柳,街道
370682003,龙旺庄,街道
370682004,冯格庄,街道
370682005,柏林庄,街道
370682101,沐浴店,镇
370682102,团旺,镇
370682103,穴坊,镇
370682104,羊郡,镇
370682105,姜疃,镇
370682106,万第,镇
370682107,照旺庄,镇
370682108,谭格庄,镇
370682110,河洛,镇
370682111,吕格庄,镇
370682112,高格庄,镇
370682113,大夼,镇
370682114,山前店,镇
370683001,文昌路,街道
370683002,永安路,街道
370683003,三山岛,街道
370683004,城港路,街道
370683005,文峰路,街道
370683006,金仓,街道
370683101,沙河,镇
370683102,朱桥,镇
370683103,郭家店,镇
370683104,金城,镇
370683105,平里店,镇
370683106,驿道,镇
370683107,程郭,镇
370683108,虎头崖,镇
370683109,柞村,镇
370683110,夏邱,镇
370683111,土山,镇
370685001,罗峰,街道
370685002,泉山,街道
370685003,梦芝,街道
370685004,温泉,街道
370685005,大秦家,街道
370685101,辛庄,镇
370685102,蚕庄,镇
370685103,金岭,镇
370685104,毕郭,镇
370685105,玲珑,镇
370685106,张星,镇
370685108,夏甸,镇
370685109,阜山,镇
370685110,齐山,镇
370686001,翠屏,街道
370686002,庄园,街道
370686003,松山,街道
370686101,观里,镇
370686102,蛇窝泊,镇
370686103,唐家泊,镇
370686104,桃村,镇
370686105,亭口,镇
370686107,寺口,镇
370686108,苏家店,镇
370686109,杨础,镇
370686110,西城,镇
370686111,官道,镇
370686113,庙后,镇
370687001,方圆,街道
370687002,东村,街道
370687003,凤城,街道
370687004,龙山,街道
370687102,留格庄,镇
370687103,盘石店,镇
370687104,郭城,镇
370687105,徐家店,镇
370687106,发城,镇
370687107,小纪,镇
370687108,行村,镇
370687109,辛安,镇
370687110,二十里店,镇
370687112,朱吴,镇
370702001,城关,街道
370702002,南关,街道
370702003,西关,街道
370702004,北关,街道
370702005,于河,街道
370702006,望留,街道
370703001,寒亭,街道
370703002,开元,街道
370703003,固堤,街道
370703004,高里,街道
370703005,朱里,街道
370703006,大家洼,街道
370703007,央子,街道
370703008,北城,街道
370704001,坊城,街道
370704003,凤凰,街道
370704004,坊安,街道
370704005,九龙,街道
370704006,黄旗堡,街道
370704007,王家庄,街道
370704008,太保庄,街道
370704009,郑公,街道
370705001,东关,街道
370705002,大虞,街道
370705003,梨园,街道
370705004,廿里堡,街道
370705005,潍州路,街道
370705006,北苑,街道
370705007,广文,街道
370705008,北海路,街道
370705009,新城,街道
370705010,清池,街道
370724001,城关,街道
370724002,东城,街道
370724003,冶源,街道
370724004,辛寨,街道
370724101,五井,镇
370724104,寺头,镇
370724105,九山,镇
370724109,蒋峪,镇
370724112,山旺,镇
370724113,柳山,镇
370725016,宝城,街道
370725017,宝都,街道
370725018,朱刘,街道
370725020,五图,街道
370725107,乔官,镇
370725108,鄌郚,镇
370725110,红河,镇
370725112,营丘,镇
370781001,王府,街道
370781002,益都,街道
370781006,云门山,街道
370781008,黄楼,街道
370781100,弥河,镇
370781101,王坟,镇
370781103,庙子,镇
370781105,邵庄,镇
370781109,高柳,镇
370781111,何官,镇
370781113,东夏,镇
370781115,谭坊,镇
370782001,密州,街道
370782002,龙都,街道
370782003,舜王,街道
370782101,枳沟,镇
370782102,贾悦,镇
370782105,石桥子,镇
370782108,相州,镇
370782110,昌城,镇
370782111,百尺河,镇
370782112,辛兴,镇
370782114,林家村,镇
370782117,皇华,镇
370782118,桃林,镇
370783001,圣城,街道
370783003,文家,街道
370783004,孙家集,街道
370783005,洛城,街道
370783006,古城,街道
370783100,化龙,镇
370783103,营里,镇
370783104,台头,镇
370783106,田柳,镇
370783108,上口,镇
370783109,侯,镇
370783111,纪台,镇
370783112,稻田,镇
370783115,羊口,镇
370784001,兴安,街道
370784002,新安,街道
370784003,凌河,街道
370784104,官庄,镇
370784107,大盛,镇
370784111,石埠子,镇
370784112,石堆,镇
370784118,柘山,镇
370784119,辉渠,镇
370784120,郚山,镇
370784121,金冢子,镇
370784122,景芝,镇
370785001,朝阳,街道
370785002,醴泉,街道
370785003,密水,街道
370785100,柏城,镇
370785103,夏庄,镇
370785104,姜庄,镇
370785106,大牟家,镇
370785109,阚家,镇
370785111,井沟,镇
370785114,柴沟,镇
370786001,奎聚,街道
370786002,都昌,街道
370786003,围子,街道
370786101,柳疃,镇
370786102,龙池,镇
370786104,卜庄,镇
370786108,饮马,镇
370786109,北孟,镇
370786110,下营,镇
370811002,金城,街道
370811003,仙营,街道
370811004,南张,街道
370811005,李营,街道
370811006,廿里铺,街道
370811008,古槐,街道
370811009,济阳,街道
370811010,阜桥,街道
370811011,越河,街道
370811012,观音阁,街道
370811013,南苑,街道
370811014,安居,街道
370811015,唐口,街道
370811016,接庄,街道
370811017,柳行,街道
370811018,洸河,街道
370811019,许庄,街道
370811102,长沟,镇
370811110,喻屯,镇
370811111,石桥,镇
370812001,鼓楼,街道
370812002,酒仙桥,街道
370812003,龙桥,街道
370812004,兴隆庄,街道
370812005,黄屯,街道
370812006,王因,街道
370812100,大安,镇
370812101,新驿,镇
370812102,颜店,镇
370812103,新兖,镇
370812104,漕河,镇
370812106,小孟,镇
370826001,夏镇,街道
370826002,昭阳,街道
370826003,傅村,街道
370826101,韩庄,镇
370826102,欢城,镇
370826103,南阳,镇
370826104,鲁桥,镇
370826106,留庄,镇
370826107,两城,镇
370826108,马坡,镇
370826109,赵庙,镇
370826110,张楼,镇
370826111,微山岛,镇
370826112,西平,镇
370826206,高楼,乡
370827001,谷亭,街道
370827002,滨湖,街道
370827101,清河,镇
370827102,鱼城,镇
370827103,王鲁,镇
370827104,张黄,镇
370827105,王庙,镇
370827106,李阁,镇
370827107,唐马,镇
370827108,老砦,镇
370827109,罗屯,镇
370828001,金乡,街道
370828002,高河,街道
370828003,王丕,街道
370828004,鱼山,街道
370828101,羊山,镇
370828102,胡集,镇
370828103,霄云,镇
370828104,鸡黍,镇
370828107,司马,镇
370828109,马庙,镇
370828110,化雨,镇
370828112,卜集,镇
370828113,兴隆,镇
370829001,嘉祥,街道
370829002,卧龙山,街道
370829003,万张,街道
370829101,纸坊,镇
370829102,梁宝寺,镇
370829104,疃里,镇
370829105,马村,镇
370829106,金屯,镇
370829107,大张楼,镇
370829108,马集,镇
370829110,孟姑集,镇
370829111,老僧堂,镇
370829112,仲山,镇
370829113,满硐,镇
370829114,黄垓,镇
370830001,中都,街道
370830002,汶上,街道
370830003,南站,街道
370830102,南旺,镇
370830103,次邱,镇
370830104,寅寺,镇
370830105,郭楼,镇
370830106,康驿,镇
370830107,苑庄,镇
370830108,义桥,镇
370830109,白石,镇
370830110,郭仓,镇
370830111,杨店,镇
370830112,刘楼,镇
370830205,军屯,乡
370831001,泗河,街道
370831002,济河,街道
370831101,泉林,镇
370831102,星村,镇
370831103,柘沟,镇
370831104,金庄,镇
370831105,苗馆,镇
370831106,中册,镇
370831107,杨柳,镇
370831108,泗张,镇
370831109,圣水峪,镇
370831110,高峪,镇
370831111,华村,镇
370832001,梁山,街道
370832002,水泊,街道
370832101,小路口,镇
370832102,韩岗,镇
370832103,黑虎庙,镇
370832104,拳铺,镇
370832105,杨营,镇
370832106,韩垓,镇
370832107,馆驿,镇
370832108,小安山,镇
370832109,寿张集,镇
370832110,马营,镇
370832111,大路口,镇
370832215,赵堌堆,乡
370881001,鲁城,街道
370881002,书院,街道
370881003,小雪,街道
370881004,时庄,街道
370881101,吴村,镇
370881102,姚村,镇
370881103,陵城,镇
370881105,尼山,镇
370881106,王庄,镇
370881107,息陬,镇
370881108,石门山,镇
370881109,防山,镇
370883001,钢山,街道
370883002,千泉,街道
370883003,凫山,街道
370883004,大束,街道
370883005,中心店,街道
370883101,香城,镇
370883102,城前,镇
370883104,北宿,镇
370883106,唐村,镇
370883107,太平,镇
370883109,石墙,镇
370883110,峄山,镇
370883111,看庄,镇
370883112,张庄,镇
370883113,田黄,镇
370883114,郭里,镇
370902001,岱庙,街道
370902002,财源,街道
370902003,泰前,街道
370902004,上高,街道
370902005,徐家楼,街道
370902100,省庄,镇
370902101,邱家店,镇
370902202,大津口,乡
370911001,粥店,街道
370911002,天平,街道
370911003,北集坡,街道
370911100,山口,镇
370911101,祝阳,镇
370911102,范,镇
370911103,角峪,镇
370911104,徂徕,镇
370911105,满庄,镇
370911106,夏张,镇
370911107,道朗,镇
370911108,黄前,镇
370911109,大汶口,镇
370911110,马庄,镇
370911111,房村,镇
370911112,良庄,镇
370911113,下港,镇
370911201,化马湾,乡
370921001,文庙,街道
370921002,八仙桥,街道
370921101,泗店,镇
370921102,东疏,镇
370921103,伏山,镇
370921105,堽城,镇
370921107,蒋集,镇
370921109,磁窑,镇
370921110,华丰,镇
370921111,葛石,镇
370921112,东庄,镇
370921113,鹤山,镇
370921206,乡饮,乡
370923001,州城,街道
370923002,东平,街道
370923003,彭集,街道
370923101,沙河站,镇
370923106,老湖,镇
370923107,银山,镇
370923108,斑鸠店,镇
370923109,接山,镇
370923110,大羊,镇
370923111,梯门,镇
370923112,戴庙,镇
370923113,新湖,镇
370923206,商老庄,乡
370923208,旧县,乡
370982001,青云,街道
370982002,新汶,街道
370982003,新甫,街道
370982101,东都,镇
370982102,小协,镇
370982103,翟,镇
370982104,泉沟,镇
370982105,羊流,镇
370982106,果都,镇
370982107,西张庄,镇
370982108,天宝,镇
370982110,楼德,镇
370982111,禹村,镇
370982112,宫里,镇
370982113,谷里,镇
370982114,石莱,镇
370982115,放城,镇
370982116,刘杜,镇
370982117,汶南,镇
370982119,龙廷,镇
370982203,岳家庄,乡
370983001,新城,街道
370983002,老城,街道
370983003,王瓜店,街道
370983004,仪阳,街道
370983101,潮泉,镇
370983103,桃园,镇
370983104,王庄,镇
370983105,湖屯,镇
370983106,石横,镇
370983107,安临站,镇
370983108,孙伯,镇
370983109,安驾庄,镇
370983112,边院,镇
370983113,汶阳,镇
371002001,环翠楼,街道
371002002,鲸园,街道
371002003,竹岛,街道
371002004,孙家疃,街道
371002005,皇冠,街道
371002006,凤林,街道
371002007,西苑,街道
371002008,怡园,街道
371002009,田和,街道
371002010,嵩山,街道
371002100,张村,镇
371002101,羊亭,镇
371002102,温泉,镇
371002106,桥头,镇
371002107,崮山,镇
371002108,泊于,镇
371002109,初村,镇
371002110,草庙子,镇
371002111,汪疃,镇
371002112,苘山,镇
371003001,龙山,街道
371003002,天福,街道
371003003,环山,街道
371003100,文登营,镇
371003101,大水泊,镇
371003102,张家产,镇
371003103,高村,镇
371003104,泽库,镇
371003105,侯家,镇
371003106,宋村,镇
371003107,泽头,镇
371003108,小观,镇
371003109,葛家,镇
371003110,米山,镇
371003111,界石,镇
371082001,港湾,街道
371082002,斥山,街道
371082003,东山,街道
371082004,王连,街道
371082005,桃园,街道
371082006,宁津,街道
371082007,崖头,街道
371082008,崂山,街道
371082009,寻山,街道
371082010,城西,街道
371082101,俚岛,镇
371082102,成山,镇
371082103,埠柳,镇
371082104,港西,镇
371082105,夏庄,镇
371082106,崖西,镇
371082107,荫子,镇
371082108,滕家,镇
371082109,大疃,镇
371082110,上庄,镇
371082111,虎山,镇
371082112,人和,镇
371083001,城区,街道
371083100,夏村,镇
371083101,乳山口,镇
371083102,海阳所,镇
371083103,白沙滩,镇
371083104,大孤山,镇
371083105,南黄,镇
371083106,冯家,镇
371083107,下初,镇
371083108,午极,镇
371083109,育黎,镇
371083110,崖子,镇
371083111,诸往,镇
371083112,乳山寨,镇
371083113,徐家,镇
371102001,日照,街道
371102002,石臼,街道
371102004,秦楼,街道
371102005,卧龙山,街道
371102006,两城,街道
371102007,奎山,街道
371102008,北京路,街道
371102101,河山,镇
371102103,涛雒,镇
371102107,西湖,镇
371102108,陈疃,镇
371102109,南湖,镇
371102110,三庄,镇
371102111,后村,镇
371103005,岚山头,街道
371103006,安东卫,街道
371103104,高兴,镇
371103105,巨峰,镇
371103111,黄墩,镇
371103112,虎山,镇
371103113,碑廓,镇
371103114,中楼,镇
371103201,前三岛,乡
371121001,洪凝,街道
371121002,高泽,街道
371121102,街头,镇
371121103,潮河,镇
371121104,许孟,镇
371121105,于里,镇
371121106,汪湖,镇
371121107,叩官,镇
371121108,中至,镇
371121110,松柏,镇
371121201,石场,乡
371121202,户部,乡
371122001,城阳,街道
371122002,店子集,街道
371122003,陵阳,街道
371122004,浮来山,街道
371122005,阎庄,街道
371122102,招贤,镇
371122104,夏庄,镇
371122105,刘官庄,镇
371122106,峤山,镇
371122107,小店,镇
371122109,龙山,镇
371122110,东莞,镇
371122114,长岭,镇
371122115,安庄,镇
371122116,洛河,镇
371122117,碁山,镇
371122118,寨里河,镇
371122119,桑园,镇
371122120,果庄,镇
371122121,库山,镇
371302001,兰山,街道
371302002,银雀山,街道
371302003,金雀山,街道
371302004,柳青,街道
371302101,白沙埠,镇
371302102,枣园,镇
371302103,半程,镇
371302105,义堂,镇
371302107,李官,镇
371302109,汪沟,镇
371302110,方城,镇
371302111,马厂湖,镇
371311001,罗庄,街道
371311002,傅庄,街道
371311003,盛庄,街道
371311006,册山,街道
371311007,高都,街道
371311008,罗西,街道
371311101,沂堂,镇
371311102,褚墩,镇
371311103,黄山,镇
371312001,九曲,街道
371312002,相公,街道
371312003,太平,街道
371312004,汤头,街道
371312005,凤凰岭,街道
371312006,芝麻墩,街道
371312007,梅埠,街道
371312008,朝阳,街道
371312104,汤河,镇
371312107,八湖,镇
371312108,郑旺,镇
371321001,界湖,街道
371321101,岸堤,镇
371321102,孙祖,镇
371321103,双堠,镇
371321104,青驼,镇
371321105,张庄,镇
371321106,砖埠,镇
371321109,大庄,镇
371321110,辛集,镇
371321111,蒲汪,镇
371321112,湖头,镇
371321113,苏村,镇
371321114,铜井,镇
371321115,依汶,镇
371321201,马牧池,乡
371322001,郯城,街道
371322101,马头,镇
371322102,重坊,镇
371322103,李庄,镇
371322105,杨集,镇
371322107,港上,镇
371322108,高峰头,镇
371322109,庙山,镇
371322111,胜利,镇
371322112,红花,镇
371322113,花园,镇
371322114,泉源,镇
371322203,归昌,乡
371323001,沂城,街道
371323002,龙家圈,街道
371323101,马站,镇
371323102,高桥,镇
371323103,许家湖,镇
371323104,黄山铺,镇
371323106,诸葛,镇
371323107,崔家峪,镇
371323108,四十里堡,镇
371323109,杨庄,镇
371323110,夏蔚,镇
371323111,沙沟,镇
371323112,高庄,镇
371323113,道托,镇
371323115,泉庄,镇
371323116,富官庄,镇
371323117,院东头,镇
371323201,圈里,乡
371324001,卞庄,街道
371324002,苍山,街道
371324101,大仲村,镇
371324102,兰陵,镇
371324103,长城,镇
371324104,磨山,镇
371324105,神山,镇
371324106,车辋,镇
371324107,尚岩,镇
371324108,向城,镇
371324109,新兴,镇
371324110,南桥,镇
371324112,庄坞,镇
371324113,矿坑,镇
371324114,鲁城,镇
371324115,芦柞,镇
371324202,下村,乡
371325001,费城,街道
371325101,上冶,镇
371325102,薛庄,镇
371325105,探沂,镇
371325106,朱田,镇
371325107,梁邱,镇
371325108,新庄,镇
371325109,马庄,镇
371325112,胡阳,镇
371325113,石井,镇
371325115,东蒙,镇
371325200,大田庄,乡
371326001,平邑,街道
371326101,仲村,镇
371326102,武台,镇
371326103,保太,镇
371326104,柏林,镇
371326105,卞桥,镇
371326106,地方,镇
371326107,铜石,镇
371326108,温水,镇
371326109,流峪,镇
371326110,郑城,镇
371326111,白彦,镇
371326112,临涧,镇
371326113,丰阳,镇
371327001,十字路,街道
371327102,大店,镇
371327103,坊前,镇
371327106,板泉,镇
371327107,洙边,镇
371327108,文疃,镇
371327111,石莲子,镇
371327112,岭泉,镇
371327113,筵宾,镇
371327114,涝坡,镇
371327115,道口,镇
371327116,相沟,镇
371327117,团林,镇
371327118,坪上,镇
371327119,壮岗,镇
371327120,朱芦,镇
371328001,蒙阴,街道
371328101,常路,镇
371328102,岱崮,镇
371328103,坦埠,镇
371328104,垛庄,镇
371328105,高都,镇
371328106,野店,镇
371328107,桃墟,镇
371328109,联城,镇
371328201,旧寨,乡
371329001,临沭,街道
371329002,郑山,街道
371329101,蛟龙,镇
371329102,大兴,镇
371329103,石门,镇
371329104,曹庄,镇
371329108,青云,镇
371329109,玉山,镇
371329110,店头,镇
371402001,新湖,街道
371402003,新华,街道
371402004,天衢,街道
371402005,广川,街道
371402006,运河,街道
371402007,长河,街道
371402008,宋官屯,街道
371402101,黄河涯,镇
371402102,二屯,镇
371402103,赵虎,镇
371402104,抬头寺,镇
371402105,袁桥,镇
371403001,安德,街道
371403002,临齐,街道
371403100,郑家寨,镇
371403101,糜,镇
371403102,宋家,镇
371403103,徽王庄,镇
371403104,神头,镇
371403105,滋,镇
371403106,前孙,镇
371403107,边临,镇
371403108,义渡口,镇
371403109,丁庄,镇
371403200,于集,乡
371422001,宁城,街道
371422002,津城,街道
371422101,柴胡店,镇
371422102,长官,镇
371422103,杜集,镇
371422104,保店,镇
371422105,大柳,镇
371422106,大曹,镇
371422107,相衙,镇
371422108,时集,镇
371422109,张大庄,镇
371422201,刘营伍,乡
371423001,渤海路,街道
371423100,庆云,镇
371423101,常家,镇
371423102,尚堂,镇
371423103,崔口,镇
371423104,东辛店,镇
371423200,严务,乡
371423202,中丁,乡
371423203,徐园子,乡
371424001,临盘,街道
371424002,邢侗,街道
371424003,恒源,街道
371424100,临邑,镇
371424102,临南,镇
371424103,德平,镇
371424104,林子,镇
371424105,兴隆,镇
371424106,孟寺,镇
371424107,翟家,镇
371424108,理合务,镇
371424200,宿安,乡
371425001,晏城,街道
371425002,晏北,街道
371425101,表白寺,镇
371425102,焦庙,镇
371425103,赵官,镇
371425104,祝阿,镇
371425105,仁里集,镇
371425106,潘店,镇
371425107,胡官屯,镇
371425108,宣章屯,镇
371425109,马集,镇
371425110,华店,镇
371425111,刘桥,镇
371425201,安头,乡
371425204,大黄,乡
371426001,龙门,街道
371426002,桃园,街道
371426003,德原,街道
371426101,王凤楼,镇
371426102,前曹,镇
371426103,恩城,镇
371426104,王庙,镇
371426105,王杲铺,镇
371426106,张华,镇
371426107,腰站,镇
371426108,王打卦,镇
371426202,三唐,乡
371427001,银城,街道
371427002,北城,街道
371427100,南城,镇
371427101,苏留庄,镇
371427102,新盛店,镇
371427103,雷集,镇
371427104,郑保屯,镇
371427105,白马湖,镇
371427106,东李官屯,镇
371427107,宋楼,镇
371427108,香赵庄,镇
371427109,双庙,镇
371427200,渡口驿,乡
371427204,田庄,乡
371428001,广运,街道
371428100,武城,镇
371428101,老城,镇
371428104,郝王庄,镇
371428105,鲁权屯,镇
371428106,四女寺,镇
371428107,甲马营,镇
371428108,李家户,镇
371481001,市中,街道
371481002,胡家,街道
371481003,云红,街道
371481004,郭家,街道
371481100,杨安,镇
371481101,朱集,镇
371481102,黄夹,镇
371481103,丁坞,镇
371481104,花园,镇
371481105,郑店,镇
371481106,化楼,镇
371481107,孔镇,镇
371481108,铁营,镇
371481200,西段,乡
371481201,大孙,乡
371481203,寨头堡,乡
371482001,市中,街道
371482003,禹兴,街道
371482100,伦,镇
371482101,房寺,镇
371482102,张庄,镇
371482103,辛店,镇
371482104,安仁,镇
371482105,辛寨,镇
371482106,梁家,镇
371482107,十里望|回族,镇
371482108,莒,镇
371502001,古楼,街道
371502002,新区,街道
371502003,柳园,街道
371502004,湖西,街道
371502005,李海务,街道
371502006,闫寺,街道
371502008,道口铺,街道
371502009,东城,街道
371502010,蒋官屯,街道
371502011,北城,街道
371502012,九州,街道
371502102,沙镇,镇
371502103,侯营,镇
371502104,堂邑,镇
371502105,梁水镇,镇
371502106,斗虎屯,镇
371502108,张炉集,镇
371502109,于集,镇
371502110,郑家,镇
371502112,朱老庄,镇
371502113,许营,镇
371502114,顾官屯,镇
371502115,韩集,镇
371502116,广平,镇
371503001,振兴,街道
371503002,信发,街道
371503003,温陈,街道
371503101,乐平铺,镇
371503102,冯官屯,镇
371503103,菜屯,镇
371503104,博平,镇
371503105,杜郎口,镇
371503106,韩屯,镇
371503107,胡屯,镇
371503108,肖家庄,镇
371503109,贾寨,镇
371503110,洪官屯,镇
371503201,杨官屯,乡
371521001,博济桥,街道
371521002,狮子楼,街道
371521003,侨润,街道
371521101,阿城,镇
371521102,七级,镇
371521103,安乐,镇
371521104,寿张,镇
371521105,张秋,镇
371521106,阎楼,镇
371521108,石佛,镇
371521109,李台,镇
371521111,十五里园,镇
371521112,定水,镇
371521113,西湖,镇
371521114,郭屯,镇
371521115,高庙王,镇
371521116,金斗营,镇
371521117,大布,镇
371522001,莘州,街道
371522002,莘亭,街道
371522003,东鲁,街道
371522004,燕塔,街道
371522101,张鲁|回族,镇
371522102,朝城,镇
371522103,观城,镇
371522104,古城,镇
371522105,大张家,镇
371522106,古云,镇
371522107,十八里铺,镇
371522109,燕店,镇
371522110,董杜庄,镇
371522111,王奉,镇
371522112,樱桃园,镇
371522113,河店,镇
371522114,妹冢,镇
371522115,魏庄,镇
371522116,张寨,镇
371522117,大王寨,镇
371522118,徐庄,镇
371522119,王庄集,镇
371522120,柿子园,镇
371522121,俎店,镇
371524001,铜城,街道
371524002,新城,街道
371524101,刘集,镇
371524102,牛角店,镇
371524103,大桥,镇
371524104,高集,镇
371524105,姜楼,镇
371524107,姚寨,镇
371524108,鱼山,镇
371524109,陈集,镇
371525001,清泉,街道
371525002,崇文,街道
371525003,烟庄,街道
371525101,贾,镇
371525102,桑阿,镇
371525103,柳林,镇
371525104,清水,镇
371525105,东古城,镇
371525106,北馆陶,镇
371525107,店子,镇
371525108,定远寨,镇
371525109,辛集,镇
371525110,梁堂,镇
371525111,范寨,镇
371525112,甘官屯,镇
371525113,万善,镇
371525200,斜店,乡
371525206,兰沃,乡
371526001,鱼邱湖,街道
371526002,人和,街道
371526003,汇鑫,街道
371526101,梁村,镇
371526102,尹集,镇
371526103,清平,镇
371526104,固河,镇
371526105,三十里铺,镇
371526106,琉璃寺,镇
371526107,赵寨子,镇
371526108,姜店,镇
371526109,杨屯,镇
371581001,青年路,街道
371581002,新华路,街道
371581003,先锋路,街道
371581004,大辛庄,街道
371581101,松林,镇
371581102,老赵庄,镇
371581103,康庄,镇
371581104,魏湾,镇
371581105,刘垓子,镇
371581107,八岔路,镇
371581108,潘庄,镇
371581109,烟店,镇
371581110,唐园,镇
371581111,金郝庄,镇
371581112,戴湾,镇
371581113,尚店,镇
371602001,市中,街道
371602002,市西,街道
371602003,北镇,街道
371602004,市东,街道
371602005,彭李,街道
371602007,滨北,街道
371602009,梁才,街道
371602010,青田,街道
371602011,小营,街道
371602012,杜店,街道
371602013,沙河,街道
371602014,里则,街道
371602101,杨柳雪,镇
371602105,三河湖,镇
371602203,秦皇台,乡
371603001,富国,街道
371603002,富源,街道
371603100,下洼,镇
371603101,古城,镇
371603102,冯家,镇
371603103,泊头,镇
371603104,大高,镇
371603105,黄升,镇
371603106,滨海,镇
371603200,下河,乡
371603201,利国,乡
371621001,孙武,街道
371621002,武定府,街道
371621003,何坊,街道
371621101,石庙,镇
371621102,桑落墅,镇
371621103,淄角,镇
371621104,胡集,镇
371621105,李庄,镇
371621107,麻店,镇
371621108,魏集,镇
371621109,清河,镇
371621111,姜楼,镇
371621113,辛店,镇
371621114,大年陈,镇
371621115,皂户李,镇
371622001,信城,街道
371622002,金阳,街道
371622101,商店,镇
371622102,温店,镇
371622103,河流,镇
371622104,翟王,镇
371622105,流坡坞,镇
371622106,水落坡,镇
371622107,劳店,镇
371622204,洋湖,乡
371623001,海丰,街道
371623002,棣丰,街道
371623101,水湾,镇
371623102,碣石山,镇
371623103,小泊头,镇
371623104,埕口,镇
371623106,车王,镇
371623107,柳堡,镇
371623108,佘家,镇
371623109,信阳,镇
371623110,西小王,镇
371623111,马山子,镇
371625001,博昌,街道
371625002,城东,街道
371625003,锦秋,街道
371625101,曹王,镇
371625102,兴福,镇
371625103,陈户,镇
371625104,湖滨,镇
371625106,店子,镇
371625107,吕艺,镇
371625108,纯化,镇
371625109,庞家,镇
371625110,乔庄,镇
371681001,黛溪,街道
371681002,黄山,街道
371681003,高新,街道
371681004,好生,街道
371681005,西董,街道
371681100,长山,镇
371681101,魏桥,镇
371681102,临池,镇
371681103,焦桥,镇
371681104,韩店,镇
371681105,孙,镇
371681106,九户,镇
371681107,青阳,镇
371681108,明集,镇
371681109,台子,镇
371681110,码头,镇
371702001,东城,街道
371702002,西城,街道
371702003,南城,街道
371702004,北城,街道
371702005,牡丹,街道
371702009,万福,街道
371702010,何楼,街道
371702011,丹阳,街道
371702012,岳程,街道
371702013,佃户屯,街道
371702014,皇镇,街道
371702100,沙土,镇
371702101,吴店,镇
371702102,王浩屯,镇
371702103,黄堽,镇
371702104,都司,镇
371702105,高庄,镇
371702106,小留,镇
371702107,李村,镇
371702108,马岭岗,镇
371702109,安兴,镇
371702110,大黄集,镇
371702112,胡集,镇
371702113,吕陵,镇
371703001,天中,街道
371703002,滨河,街道
371703101,陈集,镇
371703102,冉堌,镇
371703103,张湾,镇
371703104,黄店,镇
371703105,孟海,镇
371703106,马集,镇
371703107,半堤,镇
371703108,仿山,镇
371703109,杜堂,镇
371703110,南王店,镇
371721001,青菏,街道
371721002,曹城,街道
371721003,磐石,街道
371721004,郑庄,街道
371721005,倪集,街道
371721101,庄寨,镇
371721102,普连集,镇
371721103,青堌集,镇
371721105,韩集,镇
371721106,砖庙,镇
371721107,古营集,镇
371721108,魏湾,镇
371721109,侯集|回族,镇
371721110,苏集,镇
371721111,孙老家,镇
371721112,阎店楼,镇
371721113,梁堤头,镇
371721114,安蔡楼,镇
371721115,邵庄,镇
371721116,王集,镇
371721118,青岗集,镇
371721120,常乐集,镇
371721121,大集,镇
371721122,仵楼,镇
371721123,楼庄,镇
371721124,朱洪庙,镇
371722001,南城,街道
371722002,北城,街道
371722003,园艺,街道
371722004,东城,街道
371722101,郭村,镇
371722102,黄岗,镇
371722103,终兴,镇
371722105,高韦庄,镇
371722106,徐寨,镇
371722107,蔡堂,镇
371722108,朱集,镇
371722109,李新庄,镇
371722110,浮岗,镇
371722111,莱河,镇
371722112,时楼,镇
371722113,杨楼,镇
371722114,张集,镇
371722115,龙王庙,镇
371722116,谢集,镇
371722117,李田楼,镇
371722118,曹庄,镇
371722119,高老家,镇
371723001,文亭,街道
371723002,永昌,街道
371723101,大田集,镇
371723102,天宫庙,镇
371723103,汶上集,镇
371723104,南鲁集,镇
371723105,伯乐集,镇
371723106,苟村集,镇
371723107,白浮图,镇
371723108,孙寺,镇
371723109,九女集,镇
371723110,党集,镇
371723111,张楼,镇
371724001,永丰,街道
371724002,凤凰,街道
371724101,龙堌,镇
371724102,大义,镇
371724103,柳林,镇
371724104,章缝,镇
371724105,大谢集,镇
371724106,独山,镇
371724107,麒麟,镇
371724108,核桃园,镇
371724109,田庄,镇
371724110,太平,镇
371724111,万丰,镇
371724112,陶庙,镇
371724113,董官屯,镇
371724114,田桥,镇
371724115,营里,镇
371725001,郓州,街道
371725002,唐塔,街道
371725003,丁里长,街道
371725004,张营,街道
371725101,黄安,镇
371725102,杨庄集,镇
371725103,侯咽集,镇
371725104,武安,镇
371725105,郭屯,镇
371725107,玉皇庙,镇
371725108,程屯,镇
371725109,随官屯,镇
371725111,潘渡,镇
371725112,双桥,镇
371725113,南赵楼,镇
371725114,黄泥冈,镇
371725115,唐庙,镇
371725116,李集,镇
371725117,黄集,镇
371725118,张鲁集,镇
371725208,水堡,乡
371725209,陈坡,乡
371726001,陈王,街道
371726002,古泉,街道
371726101,什集,镇
371726102,红船,镇
371726103,旧城,镇
371726104,阎什,镇
371726105,箕山,镇
371726106,李进士堂,镇
371726107,董口,镇
371726108,临濮,镇
371726109,彭楼,镇
371726110,凤凰,镇
371726111,郑营,镇
371726112,大埝,镇
371726113,引马,镇
371726114,左营,镇
371726115,富春,镇
371728001,城关,街道
371728002,渔沃,街道
371728101,东明集,镇
371728102,刘楼,镇
371728103,陆圈,镇
371728104,马头,镇
371728105,三春集,镇
371728106,大屯,镇
371728107,武胜桥,镇
371728108,菜园集,镇
371728109,沙窝,镇
371728110,小井,镇
371728204,长兴集,乡
371728205,焦园,乡
410102001,林山寨,街道
410102002,建设路,街道
410102003,棉纺路,街道
410102004,秦岭路,街道
410102005,桐柏路,街道
410102006,三官庙,街道
410102007,绿东村,街道
410102008,汝河路,街道
410102009,航海西路,街道
410102010,中原西路,街道
410102011,须水,街道
410102012,西流湖,街道
410102013,柳湖,街道
410102014,莲湖,街道
410102015,石佛,街道
410102200,沟赵,乡
410103001,淮河路,街道
410103003,铭功路,街道
410103004,一马路,街道
410103005,蜜蜂张,街道
410103006,五里堡,街道
410103007,大学路,街道
410103008,建中街,街道
410103009,福华街,街道
410103010,德化街,街道
410103011,嵩山路,街道
410103012,长江路,街道
410103013,京广路,街道
410103014,人和路,街道
410103015,侯寨,街道
410103016,金水源,街道
410103017,樱桃沟,街道
410103100,马寨,镇
410104001,北下街,街道
410104002,西大街,街道
410104003,南关,街道
410104004,城东路,街道
410104005,东大街,街道
410104006,二里岗,街道
410104007,陇海马路,街道
410104008,紫荆山南路,街道
410104009,航海东路,街道
410104010,十八里河,街道
410104011,南曹,街道
410104012,金岱,街道
410104013,圃田,街道
410105001,经八路,街道
410105002,花园路,街道
410105003,人民路,街道
410105004,杜岭,街道
410105005,大石桥,街道
410105006,南阳路,街道
410105007,南阳新村,街道
410105008,文化路,街道
410105009,丰产路,街道
410105010,东风路,街道
410105011,北林路,街道
410105012,未来路,街道
410105015,凤凰台,街道
410105016,兴达路,街道
410105017,国基路,街道
410105018,杨金路,街道
410105019,丰庆路,街道
410105020,祭城路,街道
410105021,龙子湖,街道
410106001,济源路,街道
410106002,中心路,街道
410106003,新安路,街道
410106004,工业路,街道
410106005,矿山,街道
410106100,峡窝,镇
410108011,新城,街道
410108012,刘寨,街道
410108013,江山路,街道
410108014,长兴路,街道
410108015,迎宾路,街道
410108016,大河路,街道
410108105,古荥,镇
410108106,花园口,镇
410122001,青年路,街道
410122002,东风路,街道
410122003,广惠街,街道
410122004,大孟,街道
410122005,九龙,街道
410122006,白沙,街道
410122007,刘集,街道
410122101,韩寺,镇
410122102,官渡,镇
410122103,狼城岗,镇
410122104,万滩,镇
410122106,郑庵,镇
410122108,张庄,镇
410122109,黄店,镇
410122112,八岗,镇
410122113,雁鸣湖,镇
410122114,三官庙,镇
410122115,姚家,镇
410122208,刁家,乡
410181001,新华路,街道
410181002,杜甫路,街道
410181003,永安路,街道
410181004,紫荆路,街道
410181005,孝义,街道
410181006,青龙山,街道
410181100,米河,镇
410181101,新中,镇
410181102,小关,镇
410181103,竹林,镇
410181104,大峪沟,镇
410181105,河洛,镇
410181106,站街,镇
410181108,康店,镇
410181111,西村,镇
410181112,芝田,镇
410181113,回郭,镇
410181114,鲁庄,镇
410181115,夹津口,镇
410181116,涉村,镇
410182001,索河,街道
410182002,京城路,街道
410182003,豫龙,街道
410182101,乔楼,镇
410182103,广武,镇
410182104,王村,镇
410182105,汜水,镇
410182106,高山,镇
410182108,刘河,镇
410182109,崔庙,镇
410182110,贾峪,镇
410182200,城关,乡
410182201,高村,乡
410182204,金寨|回族,乡
410183001,青屏街,街道
410183002,新华路,街道
410183003,西大街,街道
410183100,城关,镇
410183101,米村,镇
410183102,牛店,镇
410183103,平陌,镇
410183104,超化,镇
410183105,苟堂,镇
410183106,大隗,镇
410183107,刘寨,镇
410183108,白寨,镇
410183109,岳村,镇
410183110,来集,镇
410183111,曲梁,镇
410183112,袁庄,镇
410184001,新建路,街道
410184002,新华路,街道
410184003,新烟,街道
410184004,龙湖,街道
410184101,新村,镇
410184102,辛店,镇
410184103,观音寺,镇
410184104,梨河,镇
410184105,和庄,镇
410184106,薛店,镇
410184107,孟庄,镇
410184108,郭店,镇
410184200,城关,乡
410184202,八千,乡
410184203,龙王,乡
410184204,大马,乡
410184205,岗李,乡
410185001,嵩阳,街道
410185002,少林,街道
410185003,中岳,街道
410185004,卢店,街道
410185100,大金店,镇
410185101,颍阳,镇
410185103,告成,镇
410185105,大冶,镇
410185106,宣化,镇
410185107,徐庄,镇
410185108,东华,镇
410185109,唐庄,镇
410185110,白坪,镇
410185203,君召,乡
410185204,石道,乡
410202001,北书店,街道
410202002,午朝门,街道
410202003,大兴,街道
410202005,北道门,街道
410202006,城西,街道
410202007,梁苑,街道
410202008,杏花营,街道
410202009,金耀,街道
410202010,金明池,街道
410202011,西湖,街道
410202200,北郊,乡
410202201,柳园口,乡
410202202,水稻,乡
410203001,清平,街道
410203002,铁塔,街道
410203003,曹门,街道
410203004,宋门,街道
410203005,工业,街道
410203006,苹果园,街道
410203007,东苑,街道
410203008,土柏岗,街道
410204001,相国寺,街道
410204002,新华,街道
410204003,卧龙,街道
410204004,州桥,街道
410204005,西司门,街道
410204006,五一,街道
410204007,南苑,街道
410204008,仙人庄,街道
410205001,三里堡,街道
410205002,新门关,街道
410205003,繁塔,街道
410205004,官坊,街道
410205005,菜市,街道
410205201,南郊,乡
410205202,汪屯,乡
410212001,城东,街道
410212002,兴隆,街道
410212101,陈留,镇
410212102,仇楼,镇
410212103,八里湾,镇
410212104,曲兴,镇
410212105,朱仙,镇
410212106,罗王,镇
410212107,西姜寨,镇
410212108,杜良,镇
410212200,半坡店,乡
410212202,刘店,乡
410212203,袁坊,乡
410212207,万隆,乡
410212208,范村,乡
410221001,金城,街道
410221101,五里河,镇
410221102,傅集,镇
410221103,圉镇,镇
410221104,高阳,镇
410221105,葛岗,镇
410221106,阳堌,镇
410221107,邢口,镇
410221200,裴村店,乡
410221202,宗店,乡
410221203,板木,乡
410221204,竹林,乡
410221205,官庄,乡
410221206,湖岗,乡
410221207,苏木,乡
410221208,沙沃,乡
410221209,平城,乡
410221210,泥沟,乡
410221211,柿园,乡
410221212,西寨,乡
410221213,城郊,乡
410222001,咸平,街道
410222002,许城,街道
410222101,竖岗,镇
410222102,玉皇庙,镇
410222103,四所楼,镇
410222104,朱砂,镇
410222105,长智,镇
410222200,冯庄,乡
410222201,孙营,乡
410222202,大岗李,乡
410222203,邸阁,乡
410222204,练城,乡
410222205,厉庄,乡
410223001,两湖,街道
410223101,洧川,镇
410223102,朱曲,镇
410223103,蔡庄,镇
410223104,永兴,镇
410223105,张市,镇
410223106,十八里,镇
410223107,水坡,镇
410223108,大营,镇
410223109,庄头,镇
410223200,邢庄,乡
410223205,门楼任,乡
410223206,大桥,乡
410223207,南曹,乡
410223208,小陈,乡
410225001,兰阳,街道
410225002,桐乡,街道
410225003,惠安,街道
410225101,堌阳,镇
410225102,南彰,镇
410225103,考城,镇
410225104,红庙,镇
410225105,谷营,镇
410225106,东坝头,镇
410225107,小宋,镇
410225108,仪封,镇
410225109,许河,镇
410225201,三义寨,乡
410225206,孟寨,乡
410225208,葡萄架,乡
410225209,阎楼,乡
410302001,西关,街道
410302002,西南隅,街道
410302003,西北隅,街道
410302004,东南隅,街道
410302005,东北隅,街道
410302006,南关,街道
410302007,洛浦,街道
410302008,邙山,街道
410303001,王城路,街道
410303002,金谷园,街道
410303003,西工,街道
410303004,邙岭路,街道
410303005,道北路,街道
410303006,唐宫路,街道
410303007,汉屯路,街道
410303008,凯旋东路,街道
410303009,红山,街道
410303010,洛北,街道
410304001,东关,街道
410304002,瀍西,街道
410304003,五股路,街道
410304004,北窑,街道
410304005,塔湾,街道
410304006,杨文,街道
410304007,华林,街道
410304008,问礼,街道
410305001,湖北路,街道
410305002,天津路,街道
410305003,长春路,街道
410305004,南昌路,街道
410305005,长安路,街道
410305006,重庆路,街道
410305007,郑州路,街道
410305008,武汉路,街道
410305009,徐家营,街道
410305010,珠江路,街道
410305011,周山路,街道
410305012,工农,街道
410305013,瀛洲,街道
410307004,首阳山,街道
410307005,商城,街道
410307006,槐新,街道
410307007,伊洛,街道
410307103,翟镇,镇
410307104,岳滩,镇
410307105,顾县,镇
410307106,缑氏,镇
410307107,府店,镇
410307108,高龙,镇
410307109,山化,镇
410307110,大口,镇
410307111,邙岭,镇
410308004,西霞院,街道
410308005,康乐,街道
410308006,吉利,街道
410308007,河阳,街道
410308008,河图,街道
410308009,河源,街道
410308101,会盟,镇
410308102,平乐,镇
410308103,送庄,镇
410308104,白鹤,镇
410308105,朝阳,镇
410308106,麻屯,镇
410308107,马屯,镇
410308108,横水,镇
410308109,常袋,镇
410311001,定鼎门,街道
410311002,开元路,街道
410311003,关林,街道
410311004,太康东路,街道
410311005,古城,街道
410311006,科技园,街道
410311007,龙门,街道
410311008,龙门石窟,街道
410311009,翠云路,街道
410311010,辛店,街道
410311011,李村,街道
410311012,李楼,街道
410311013,安乐,街道
410311014,丰李,街道
410311103,白马寺,镇
410311107,寇店,镇
410311109,诸葛,镇
410311110,庞村,镇
410311111,佃庄,镇
410323001,汉关,街道
410323101,石寺,镇
410323102,五头,镇
410323103,磁涧,镇
410323104,铁门,镇
410323105,北冶,镇
410323106,南李村,镇
410323107,仓头,镇
410323108,石井,镇
410323109,正村,镇
410323110,青要山,镇
410324001,耕莘,街道
410324101,赤土店,镇
410324102,合峪,镇
410324103,潭头,镇
410324104,三川,镇
410324105,冷水,镇
410324106,陶湾,镇
410324107,石庙,镇
410324108,庙子,镇
410324109,狮子庙,镇
410324110,白土,镇
410324111,叫河,镇
410324200,栾川,乡
410324203,秋扒,乡
410325100,城关,镇
410325101,田湖,镇
410325102,旧县,镇
410325103,车村,镇
410325104,闫庄,镇
410325107,德亭,镇
410325108,大章,镇
410325109,白河,镇
410325110,纸房,镇
410325111,饭坡,镇
410325112,九皋,镇
410325113,陆浑,镇
410325114,何村,镇
410325201,大坪,乡
410325209,黄庄,乡
410325210,木植街,乡
410326100,城关,镇
410326101,上店,镇
410326102,付店,镇
410326103,小店,镇
410326104,刘店,镇
410326105,内埠,镇
410326106,三屯,镇
410326107,陶营,镇
410326108,柏树,镇
410326202,十八盘,乡
410326203,靳村,乡
410326204,王坪,乡
410326209,蔡店,乡
410327001,兴宜,街道
410327102,柳泉,镇
410327103,韩城,镇
410327104,白杨,镇
410327105,香鹿山,镇
410327106,锦屏,镇
410327107,三乡,镇
410327108,张坞,镇
410327109,莲庄,镇
410327111,赵保,镇
410327112,樊村,镇
410327113,高村,镇
410327114,董王庄,镇
410327115,盐镇,镇
410327208,花果山,乡
410327209,上观,乡
410328001,永宁,街道
410328101,王范|回族,镇
410328102,上戈,镇
410328103,下峪,镇
410328104,河底,镇
410328105,兴华,镇
410328106,东宋,镇
410328107,马店,镇
410328108,故县,镇
410328109,赵村,镇
410328110,长水,镇
410328111,景阳,镇
410328112,凤翼,镇
410328113,小界,镇
410328209,罗岭,乡
410328213,底张,乡
410328216,陈吴,乡
410328217,涧口,乡
410329001,城关,街道
410329002,河滨,街道
410329101,鸣皋,镇
410329102,水寨,镇
410329103,彭婆,镇
410329104,白沙,镇
410329105,江左,镇
410329106,高山,镇
410329107,吕店,镇
410329108,半坡,镇
410329109,酒后,镇
410329110,白元,镇
410329111,葛寨,镇
410329112,鸦岭,镇
410329203,平等,乡
410402001,曙光街,街道
410402002,光明路,街道
410402003,中兴路,街道
410402004,矿工路,街道
410402005,西市场,街道
410402006,新新街,街道
410402007,青石山,街道
410402008,湛河北路,街道
410402009,湖滨路,街道
410402010,西高皇,街道
410402100,焦店,镇
410402101,滍阳,镇
410403001,东安路,街道
410403002,优越路,街道
410403003,五一路,街道
410403004,建设路,街道
410403005,东环路,街道
410403006,东工人镇,街道
410403007,光华路,街道
410403008,鸿鹰,街道
410403009,皇台,街道
410403010,北环路,街道
410403011,东高皇,街道
410403012,蒲城,街道
410403013,申楼,街道
410404001,高庄,街道
410404002,龙兴,街道
410404003,人民路,街道
410404004,龙河,街道
410411001,马庄,街道
410411002,南环路,街道
410411003,姚孟,街道
410411004,九里山,街道
410411005,轻工路,街道
410411006,高阳路,街道
410411007,北渡,街道
410411008,荆山,街道
410411009,河滨,街道
410411200,曹镇,乡
410421001,文峰,街道
410421002,父城,街道
410421101,周庄,镇
410421102,闹店,镇
410421103,石桥,镇
410421104,商酒务,镇
410421105,大营,镇
410421106,张八桥,镇
410421108,赵庄,镇
410421200,肖旗,乡
410421202,前营,乡
410421204,李庄,乡
410422001,昆阳,街道
410422002,九龙,街道
410422003,盐都,街道
410422101,任店,镇
410422102,保安,镇
410422103,仙台,镇
410422104,遵化店,镇
410422105,叶邑,镇
410422106,廉村,镇
410422107,常村,镇
410422108,辛店,镇
410422109,洪庄杨,镇
410422110,龚店,镇
410422111,龙泉,镇
410422201,夏李,乡
410422203,马庄|回族,乡
410422204,田庄,乡
410422208,水寨,乡
410422210,邓李,乡
410423001,露峰,街道
410423002,琴台,街道
410423003,鲁阳,街道
410423004,汇源,街道
410423101,下汤,镇
410423102,梁洼,镇
410423103,张官营,镇
410423104,张良,镇
410423105,尧山,镇
410423106,赵村,镇
410423107,瓦屋,镇
410423108,辛集,镇
410423201,四棵树,乡
410423202,团城,乡
410423203,熊背,乡
410423204,瀼河,乡
410423206,观音寺,乡
410423208,背孜,乡
410423209,仓头,乡
410423210,董周,乡
410423211,张店,乡
410423213,磙子营,乡
410423214,马楼,乡
410423215,昭平台库区,乡
410425001,龙山,街道
410425002,东城,街道
410425101,冢头,镇
410425102,安良,镇
410425103,堂街,镇
410425104,薛店,镇
410425105,长桥,镇
410425106,茨芭,镇
410425107,黄道,镇
410425108,李口,镇
410425200,王集,乡
410425202,姚庄|回族,乡
410425203,白庙,乡
410425204,广阔天地,乡
410425205,渣园,乡
410481001,垭口,街道
410481002,寺坡,街道
410481003,朱兰,街道
410481004,院岭,街道
410481005,矿建,街道
410481006,铁山,街道
410481100,尚店,镇
410481101,八台,镇
410481102,尹集,镇
410481103,枣林,镇
410481202,庙街,乡
410481204,武功,乡
410481205,杨庄,乡
410482001,钟楼,街道
410482002,风穴路,街道
410482003,煤山,街道
410482004,洗耳河,街道
410482005,汝南,街道
410482006,紫云路,街道
410482007,骑岭,街道
410482101,寄料,镇
410482102,温泉,镇
410482103,临汝,镇
410482104,小屯,镇
410482105,杨楼,镇
410482106,蟒川,镇
410482107,庙下,镇
410482108,陵头,镇
410482109,米庙,镇
410482110,纸坊,镇
410482111,大峪,镇
410482112,夏店,镇
410482113,焦村,镇
410482202,王寨,乡
410502001,东大街,街道
410502002,头二三道街,街道
410502003,甜水井街,街道
410502004,东关,街道
410502005,南关,街道
410502006,西大街,街道
410502007,西关,街道
410502008,北大街,街道
410502009,紫薇大道,街道
410502010,光华路,街道
410502011,中华路,街道
410502012,永明路,街道
410502013,峨嵋大街,街道
410502014,银杏大街,街道
410502015,商颂大街,街道
410502100,宝莲寺,镇
410503001,红旗路,街道
410503003,解放路,街道
410503004,灯塔路,街道
410503005,豆腐营,街道
410503006,洹北,街道
410503011,曙光路,街道
410503012,民航路,街道
410503013,彰东,街道
410503014,彰北,街道
410503100,柏庄,镇
410505001,梅园庄,街道
410505002,李珍,街道
410505003,水冶,街道
410505005,铁西路,街道
410505006,电厂路,街道
410505008,清风街,街道
410505009,纱厂路,街道
410505010,北蒙,街道
410505011,相台,街道
410505100,曲沟,镇
410505101,水冶,镇
410505200,西郊,乡
410506001,文昌大道,街道
410506002,田村,街道
410506003,彰武,街道
410506004,文明大道,街道
410506005,太行小区,街道
410506006,中州路,街道
410506100,龙泉,镇
410506101,马投涧,镇
410506102,善应,镇
410506203,东风,乡
410506204,马家,乡
410522102,铜冶,镇
410522106,白璧,镇
410522108,吕村,镇
410522109,伦掌,镇
410522110,崔家桥,镇
410522111,辛村,镇
410522113,韩陵,镇
410522114,永和,镇
410522115,都里,镇
410522116,高庄,镇
410522117,瓦店,镇
410522203,磊口,乡
410522204,许家沟,乡
410522210,安丰,乡
410522211,洪河屯,乡
410522216,北郭,乡
410523100,城关,镇
410523101,菜园,镇
410523102,任固,镇
410523103,五陵,镇
410523104,宜沟,镇
410523105,白营,镇
410523106,伏道,镇
410523107,古贤,镇
410523108,韩庄,镇
410523109,瓦岗,镇
410526001,道口镇,街道
410526002,城关,街道
410526003,锦和,街道
410526102,白道口,镇
410526103,留固,镇
410526104,上官,镇
410526105,牛屯,镇
410526106,万古,镇
410526107,高平,镇
410526108,王庄,镇
410526109,老店,镇
410526110,慈周寨,镇
410526111,焦虎,镇
410526112,四间房,镇
410526113,八里营,镇
410526114,赵营,镇
410526115,半坡店,镇
410526116,大寨,镇
410526117,小铺,镇
410526200,枣村,乡
410526205,桑村,乡
410526206,老爷庙,乡
410526209,瓦岗寨,乡
410527001,繁阳,街道
410527002,龙庆,街道
410527101,东庄,镇
410527102,井店,镇
410527103,梁庄,镇
410527104,后河,镇
410527105,楚旺,镇
410527106,田氏,镇
410527107,二安,镇
410527108,亳城,镇
410527109,豆公,镇
410527110,中召,镇
410527111,六村,镇
410527201,马上,乡
410527202,高堤,乡
410527207,宋村,乡
410527209,石盘屯,乡
410581001,振林,街道
410581002,桂园,街道
410581003,开元,街道
410581004,龙山,街道
410581101,合涧,镇
410581102,临淇,镇
410581103,东姚,镇
410581104,横水,镇
410581105,河顺,镇
410581106,任村,镇
410581107,姚村,镇
410581108,陵阳,镇
410581109,原康,镇
410581110,五龙,镇
410581111,采桑,镇
410581112,东岗,镇
410581113,桂林,镇
410581114,茶店,镇
410581115,石板岩,镇
410581116,黄华,镇
410602001,中山北路,街道
410602002,中山路,街道
410602003,新华街,街道
410602004,鹤山街,街道
410602005,九矿广场,街道
410602100,鹤壁集,镇
410602201,姬家山,乡
410603001,红旗街,街道
410603002,长风中路,街道
410603003,山城路,街道
410603004,汤河桥,街道
410603005,鹿楼,街道
410603006,宝山,街道
410603007,大胡,街道
410603100,石林,镇
410611003,金山,街道
410611004,九州路,街道
410611006,黎阳路,街道
410611007,长江路,街道
410611008,泰山路,街道
410611100,大赉店,镇
410611101,钜桥,镇
410611200,上峪,乡
410611201,大河涧,乡
410621001,黎阳,街道
410621003,卫溪,街道
410621004,浚州,街道
410621005,伾山,街道
410621101,善堂,镇
410621102,屯子,镇
410621103,王庄,镇
410621104,新镇,镇
410621105,小河,镇
410621107,卫贤,镇
410621108,白寺,镇
410622001,朝歌,街道
410622002,桥盟,街道
410622003,卫都,街道
410622004,灵山,街道
410622101,高村,镇
410622102,北阳,镇
410622103,西岗,镇
410622104,庙口,镇
410622202,黄洞,乡
410702001,西街,街道
410702002,东街,街道
410702003,渠东,街道
410702007,文化街,街道
410702009,向阳,街道
410702010,振中街,街道
410702011,纬七路,街道
410702100,洪门,镇
410702101,小店,镇
410702102,关堤,镇
410703001,胜利路,街道
410703002,解放路,街道
410703003,中同街,街道
410703004,健康路,街道
410703007,自由路,街道
410703008,南桥,街道
410703009,铁西,街道
410703100,平原,镇
410704001,宝山西路,街道
410704002,宝山东路,街道
410704100,大块,镇
410704101,耿黄,镇
410704200,潞王坟,乡
410711001,卫北,街道
410711002,新辉路,街道
410711003,荣校路,街道
410711004,北干道,街道
410711005,花园,街道
410711006,东干道,街道
410711007,和平路,街道
410711100,王村,镇
410711101,牧野,镇
410721101,翟坡,镇
410721102,小冀,镇
410721103,七里营,镇
410721104,朗公庙,镇
410721105,古固寨,镇
410721107,大召营,镇
410721200,合河,乡
410724100,城关,镇
410724101,照镜,镇
410724102,黄堤,镇
410724103,中和,镇
410724104,徐营,镇
410724105,冯庄,镇
410724106,亢村,镇
410724107,史庄,镇
410724108,太山,镇
410724200,位庄,乡
410724203,大新庄,乡
410725001,龙源,街道
410725002,原兴,街道
410725003,阳和,街道
410725102,师寨,镇
410725103,齐街,镇
410725104,太平,镇
410725105,福宁集,镇
410725106,韩董庄,镇
410725107,原武,镇
410725108,官厂,镇
410725109,大宾,镇
410725110,路寨,镇
410725111,阳阿,镇
410725200,葛埠口,乡
410725206,蒋庄,乡
410725211,陡门,乡
410725218,靳堂,乡
410725219,祝楼,乡
410725220,桥北,乡
410726002,文岩,街道
410726003,潭龙,街道
410726004,塔铺,街道
410726102,丰庄,镇
410726103,东屯,镇
410726104,石婆固,镇
410726105,王楼,镇
410726200,僧固,乡
410726203,魏邱,乡
410726204,司寨,乡
410726207,马庄,乡
410726209,胙城,乡
410726210,榆林,乡
410727100,城关,镇
410727101,黄陵,镇
410727102,黄德,镇
410727103,应举,镇
410727104,陈桥,镇
410727105,赵岗,镇
410727106,留光,镇
410727107,潘店,镇
410727108,鲁岗,镇
410727109,陈固,镇
410727110,李庄,镇
410727111,居厢,镇
410727112,尹岗,镇
410727113,荆隆宫,镇
410727200,城关,乡
410727201,荆乡|回族,乡
410727202,王村,乡
410727215,曹岗,乡
410727219,冯村,乡
410781100,汲水,镇
410781101,太公,镇
410781102,孙杏村,镇
410781103,后河,镇
410781104,李源屯,镇
410781105,唐庄,镇
410781106,上乐村,镇
410781201,狮豹头,乡
410781203,安都,乡
410781204,顿坊店,乡
410781205,柳庄,乡
410781206,庞寨,乡
410781208,城郊,乡
410782001,胡桥,街道
410782002,城关,街道
410782101,薄壁,镇
410782102,峪河,镇
410782103,百泉,镇
410782104,孟庄,镇
410782105,常村,镇
410782106,吴村,镇
410782107,南村,镇
410782108,南寨,镇
410782109,上八里,镇
410782110,北云门,镇
410782111,占城,镇
410782112,冀屯,镇
410782113,赵固,镇
410782200,黄水,乡
410782201,拍石头,乡
410782202,高庄,乡
410782203,张村,乡
410782207,洪洲,乡
410782210,西平罗,乡
410782212,沙窑,乡
410783001,蒲东,街道
410783002,蒲北,街道
410783003,南蒲,街道
410783004,蒲西,街道
410783005,魏庄,街道
410783006,孟岗,街道
410783100,丁栾,镇
410783101,樊相,镇
410783102,恼里,镇
410783103,赵堤,镇
410783104,常村,镇
410783106,满村,镇
410783107,苗寨,镇
410783108,张三寨,镇
410783109,方里,镇
410783110,佘家,镇
410783200,芦岗,乡
410783201,武邱,乡
410802001,民生,街道
410802002,民主,街道
410802003,新华,街道
410802004,焦西,街道
410802005,焦南,街道
410802006,焦北,街道
410802007,七百间,街道
410802008,上白作,街道
410802009,王褚,街道
410803001,李封,街道
410803002,王封,街道
410803003,朱村,街道
410803004,冯封,街道
410803005,龙洞,街道
410803006,月山,街道
410803007,丹河,街道
410803008,府城,街道
410803009,许衡,街道
410803010,龙翔,街道
410804001,马村,街道
410804002,武王,街道
410804003,冯营,街道
410804004,九里山,街道
410804005,待王,街道
410804006,安阳城,街道
410804007,演马,街道
410811001,东方红,街道
410811002,焦东,街道
410811003,百间房,街道
410811004,太行,街道
410811005,艺新,街道
410811006,光亚,街道
410811007,定和,街道
410811008,新城,街道
410811009,中星,街道
410811010,李万,街道
410811011,文苑,街道
410811012,文昌,街道
410811100,阳庙,镇
410811101,宁郭,镇
410811200,苏家作,乡
410821100,城关,镇
410821101,七贤,镇
410821102,郇封,镇
410821103,周庄,镇
410821104,云台山,镇
410821202,王屯,乡
410821204,五里源,乡
410821206,西村,乡
410822001,清化镇,街道
410822002,鸿昌,街道
410822101,柏山,镇
410822102,月山,镇
410822103,许良,镇
410822105,磨头,镇
410822106,孝敬,镇
410822200,寨豁,乡
410822203,金城,乡
410823001,木城,街道
410823002,龙源,街道
410823003,龙泉,街道
410823004,木栾,街道
410823101,詹店,镇
410823102,西陶,镇
410823103,谢旗营,镇
410823104,大封,镇
410823105,乔庙,镇
410823107,圪垱店,镇
410823108,嘉应观,镇
410823203,三阳,乡
410823204,小董,乡
410823205,大虹桥,乡
410823206,北郭,乡
410825001,温泉,街道
410825002,岳村,街道
410825003,张羌,街道
410825004,黄河,街道
410825101,祥云,镇
410825102,番田,镇
410825104,黄庄,镇
410825106,赵堡,镇
410825108,武德,镇
410825201,招贤,乡
410825203,北冷,乡
410882001,覃怀,街道
410882002,怀庆,街道
410882003,太行,街道
410882004,沁园,街道
410882100,崇义,镇
410882101,西向,镇
410882102,西万,镇
410882103,柏香,镇
410882104,山王庄,镇
410882105,紫陵,镇
410882200,常平,乡
410882201,王召,乡
410882205,王曲,乡
410883001,大定,街道
410883002,会昌,街道
410883003,河雍,街道
410883004,河阳,街道
410883101,化工,镇
410883102,南庄,镇
410883104,城伯,镇
410883105,谷旦,镇
410883107,西虢,镇
410883108,赵和,镇
410883201,槐树,乡
410902001,中原路,街道
410902002,胜利路,街道
410902003,建设路,街道
410902004,人民路,街道
410902005,大庆路,街道
410902006,黄河路,街道
410902007,任丘路,街道
410902008,濮东,街道
410902009,昆吾,街道
410902010,长庆路,街道
410902011,皇甫,街道
410902012,开州,街道
410902013,濮上,街道
410902014,昌湖,街道
410902100,王助,镇
410902101,岳村,镇
410902203,孟轲,乡
410902204,胡村,乡
410922100,城关,镇
410922101,马庄桥,镇
410922102,瓦屋头,镇
410922103,柳格,镇
410922104,仙庄,镇
410922105,韩村,镇
410922106,阳邵,镇
410922107,固城,镇
410922108,六塔,镇
410922202,巩营,乡
410922203,马村,乡
410922204,高堡,乡
410922205,古城,乡
410922206,大流,乡
410922208,大屯,乡
410922212,双庙,乡
410922213,纸房,乡
410923100,城关,镇
410923101,韩张,镇
410923102,元村,镇
410923103,福堪,镇
410923104,张果屯,镇
410923105,千口,镇
410923106,谷金楼,镇
410923107,近德固,镇
410923200,杨村,乡
410923205,西邵,乡
410923206,寺庄,乡
410923207,梁村,乡
410926100,城关,镇
410926101,濮城,镇
410926102,龙王庄,镇
410926103,高码头,镇
410926104,王楼,镇
410926105,辛庄,镇
410926106,陈庄,镇
410926107,张庄,镇
410926108,白衣阁,镇
410926201,杨集,乡
410926205,颜村铺,乡
410926208,陆集,乡
410927100,城关,镇
410927101,侯庙,镇
410927102,孙口,镇
410927103,打渔陈,镇
410927104,吴坝,镇
410927105,马楼,镇
410927106,后方,镇
410927201,清水河,乡
410927205,夹河,乡
410928100,城关,镇
410928101,柳屯,镇
410928102,文留,镇
410928103,庆祖,镇
410928104,八公桥,镇
410928105,户部寨,镇
410928106,徐镇,镇
410928107,鲁河,镇
410928108,子岸,镇
410928109,胡状,镇
410928110,王称堌,镇
410928111,新习,镇
410928112,梁庄,镇
410928202,清河头,乡
410928206,白堽,乡
410928207,梨园,乡
410928208,五星,乡
410928211,郎中,乡
410928212,海通,乡
410928213,渠村,乡
410928214,习城,乡
411002001,西大街,街道
411002002,东大街,街道
411002003,西关,街道
411002004,南关,街道
411002005,北大街,街道
411002006,五一路,街道
411002007,丁庄,街道
411002008,灞陵,街道
411002009,颍昌,街道
411002010,高桥营,街道
411002011,文峰,街道
411002012,新兴,街道
411002013,魏北,街道
411002014,半截河,街道
411002015,天宝路,街道
411003001,新元,街道
411003002,许由,街道
411003003,邓庄,街道
411003004,长村张,街道
411003005,小召,街道
411003100,将官池,镇
411003101,五女店,镇
411003102,尚集,镇
411003103,苏桥,镇
411003104,蒋李集,镇
411003105,张潘,镇
411003106,灵井,镇
411003200,陈曹,乡
411003203,河街,乡
411003204,桂村,乡
411003205,椹涧,乡
411003206,榆林,乡
411003208,艾庄|回族,乡
411024100,安陵,镇
411024101,马栏,镇
411024102,柏梁,镇
411024103,陈化店,镇
411024104,望田,镇
411024105,张桥,镇
411024106,陶城,镇
411024107,大马,镇
411024108,只乐,镇
411024109,彭店,镇
411024110,南坞,镇
411024111,马坊,镇
411025001,城关,街道
411025002,茨沟,街道
411025101,颍桥|回族,镇
411025102,麦岭,镇
411025103,颍阳,镇
411025104,王洛,镇
411025105,紫云,镇
411025106,库庄,镇
411025107,十里铺,镇
411025108,山头店,镇
411025109,汾陈,镇
411025110,湛北,镇
411025203,丁营,乡
411025204,姜庄,乡
411025205,范湖,乡
411025206,双庙,乡
411081001,颍川,街道
411081002,夏都,街道
411081003,韩城,街道
411081004,钧台,街道
411081005,褚河,街道
411081100,火龙,镇
411081101,顺店,镇
411081102,方山,镇
411081103,神垕,镇
411081104,鸿畅,镇
411081105,梁北,镇
411081106,古城,镇
411081107,无梁,镇
411081108,文殊,镇
411081109,鸠山,镇
411081111,郭连,镇
411081112,范坡,镇
411081113,朱阁,镇
411081114,浅井,镇
411081115,方岗,镇
411081116,花石,镇
411081117,张得,镇
411081118,苌庄,镇
411081119,小吕,镇
411081204,磨街,乡
411081210,山货|回族,乡
411082001,建设路,街道
411082002,长兴路,街道
411082003,长社路,街道
411082004,金桥路,街道
411082100,和尚桥,镇
411082101,坡胡,镇
411082102,后河,镇
411082103,石固,镇
411082104,老城,镇
411082105,南席,镇
411082106,大周,镇
411082107,董村,镇
411082108,石象,镇
411082109,古桥,镇
411082110,增福,镇
411082111,佛耳湖,镇
411102001,干河陈,街道
411102002,马路街,街道
411102003,老街,街道
411102004,顺河街,街道
411102101,大刘,镇
411102102,阴阳赵,镇
411102103,空冢郭,镇
411102201,问十,乡
411103001,沙北,街道
411103002,龙塔,街道
411103101,孟庙,镇
411103102,商桥,镇
411103103,龙城,镇
411103104,新店,镇
411103105,裴城,镇
411103106,李集,镇
411103107,黑龙潭,镇
411104001,天桥街,街道
411104002,翟庄,街道
411104101,老窝,镇
411104102,召陵,镇
411104103,万金,镇
411104104,邓襄,镇
411104105,姬石,镇
411104106,青年,镇
411104107,后谢,镇
411121100,舞泉,镇
411121101,吴城,镇
411121102,北舞渡,镇
411121103,莲花,镇
411121104,辛安,镇
411121105,孟寨,镇
411121106,太尉,镇
411121107,侯集,镇
411121108,九街,镇
411121109,章化,镇
411121200,文峰,乡
411121201,保和,乡
411121202,马村,乡
411121204,姜店,乡
411122001,城关,街道
411122002,新城,街道
411122101,繁城|回族,镇
411122102,杜曲,镇
411122103,王岗,镇
411122104,台陈,镇
411122105,巨陵,镇
411122106,瓦店,镇
411122107,三家店,镇
411122108,窝城,镇
411122109,王孟,镇
411122110,大郭,镇
411122201,皇帝庙,乡
411122202,固厢,乡
411122203,石桥,乡
411122204,陈庄,乡
411202001,湖滨,街道
411202002,前进,街道
411202003,车站,街道
411202004,涧河,街道
411202005,大安,街道
411202201,交口,乡
411202202,磁钟,乡
411202203,高庙,乡
411203001,甘棠,街道
411203100,大营,镇
411203101,原店,镇
411203102,西张村,镇
411203103,观音堂,镇
411203200,张汴,乡
411203203,菜园,乡
411203205,张茅,乡
411203206,王家后,乡
411203207,硖石,乡
411203210,西李村,乡
411203211,宫前,乡
411203212,店子,乡
411221001,韶阳,街道
411221101,英豪,镇
411221102,张村,镇
411221103,洪阳,镇
411221104,天池,镇
411221105,仰韶,镇
411221203,仁村,乡
411221206,果园,乡
411221207,陈村,乡
411221208,坡头,乡
411221209,段村,乡
411221210,南村,乡
411224100,城关,镇
411224101,杜关,镇
411224102,五里川,镇
411224103,官道口,镇
411224104,朱阳关,镇
411224105,官坡,镇
411224106,范里,镇
411224107,东明,镇
411224108,双龙湾,镇
411224200,文峪,乡
411224201,横涧,乡
411224203,双槐树,乡
411224204,汤河,乡
411224205,瓦窑沟,乡
411224206,狮子坪,乡
411224207,沙河,乡
411224208,徐家湾,乡
411224209,潘河,乡
411224210,木桐,乡
411281001,千秋路,街道
411281002,朝阳路,街道
411281003,新义街,街道
411281004,常村路,街道
411281005,泰山路,街道
411281006,新区,街道
411281007,东区,街道
411282100,城关,镇
411282101,尹庄,镇
411282102,朱阳,镇
411282103,阳平,镇
411282104,故县,镇
411282105,豫灵,镇
411282106,大王,镇
411282107,阳店,镇
411282108,函谷关,镇
411282109,焦村,镇
411282110,川口,镇
411282201,寺河,乡
411282202,苏村,乡
411282203,五亩,乡
411282204,西阎,乡
411302001,东关,街道
411302002,新华,街道
411302003,汉冶,街道
411302004,仲景,街道
411302005,白河,街道
411302006,枣林,街道
411302007,赤虎,街道
411302008,五里堡,街道
411302009,姜营,街道
411302010,溧河,街道
411302011,茶庵,街道
411302102,官庄,镇
411302103,瓦店,镇
411302104,红泥湾,镇
411302105,黄台岗,镇
411302106,金华,镇
411302107,高庙,镇
411302202,汉冢,乡
411302206,新店,乡
411303002,七一,街道
411303003,卧龙岗,街道
411303004,武侯,街道
411303005,梅溪,街道
411303006,车站,街道
411303007,光武,街道
411303008,靳岗,街道
411303009,张衡,街道
411303010,百里奚,街道
411303011,七里园,街道
411303012,王村,街道
411303101,石桥,镇
411303102,潦河,镇
411303103,安皋,镇
411303104,蒲山,镇
411303105,陆营,镇
411303106,青华,镇
411303107,英庄,镇
411303108,潦河坡,镇
411303109,谢庄,镇
411321100,城关,镇
411321101,留山,镇
411321102,云阳,镇
411321103,皇路店,镇
411321104,南河店,镇
411321105,板山坪,镇
411321106,乔端,镇
411321107,白土岗,镇
411321108,五朵,镇
411321109,崔庄,镇
411321200,城郊,乡
411321201,小店,乡
411321202,皇后,乡
411321203,太山庙,乡
411321204,石门,乡
411321208,马市坪,乡
411322001,凤瑞,街道
411322002,释之,街道
411322101,独树,镇
411322102,博望,镇
411322103,拐河,镇
411322104,小史店,镇
411322105,赵河,镇
411322106,广阳,镇
411322107,二郎庙,镇
411322108,杨楼,镇
411322109,券桥,镇
411322110,清河,镇
411322111,四里店,镇
411322112,杨集,镇
411322113,古庄店,镇
411322114,柳河,镇
411322211,袁店|回族,乡
411323001,白羽,街道
411323002,紫金,街道
411323003,莲花,街道
411323101,丹水,镇
411323102,西坪,镇
411323103,双龙,镇
411323104,回车,镇
411323105,丁河,镇
411323106,桑坪,镇
411323107,米坪,镇
411323108,五里桥,镇
411323109,重阳,镇
411323110,太平,镇
411323111,二郎坪,镇
411323112,阳城,镇
411323113,军马河,镇
411323114,石界河,镇
411323115,田关,镇
411323207,寨根,乡
411324001,涅阳,街道
411324002,雪枫,街道
411324003,玉都,街道
411324101,石佛寺,镇
411324102,晁陂,镇
411324103,贾宋,镇
411324104,侯集,镇
411324105,老庄,镇
411324106,卢医,镇
411324107,遮山,镇
411324108,高丘,镇
411324109,曲屯,镇
411324110,枣园,镇
411324111,杨营,镇
411324112,柳泉铺,镇
411324113,安字营,镇
411324114,张林,镇
411324115,彭营,镇
411324203,二龙,乡
411324206,王岗,乡
411324209,马庄,乡
411324215,郭庄|回族,乡
411325100,城关,镇
411325101,夏馆,镇
411325102,师岗,镇
411325103,马山口,镇
411325104,湍东,镇
411325105,赤眉,镇
411325106,瓦亭,镇
411325107,王店,镇
411325108,灌涨,镇
411325109,桃溪,镇
411325110,岞𪨰,镇
411325111,余关,镇
411325200,板场,乡
411325201,大桥,乡
411325202,赵店,乡
411325206,七里坪,乡
411326001,龙城,街道
411326002,商圣,街道
411326101,荆紫关,镇
411326102,老城,镇
411326103,香花,镇
411326104,厚坡,镇
411326105,丹阳,镇
411326106,盛湾,镇
411326107,金河,镇
411326108,寺湾,镇
411326109,仓房,镇
411326110,上集,镇
411326111,马蹬,镇
411326201,西簧,乡
411326202,毛堂,乡
411326203,大石桥,乡
411326204,滔河,乡
411327001,赵河,街道
411327002,潘河,街道
411327100,赊店,镇
411327101,桥头,镇
411327103,饶良,镇
411327104,兴隆,镇
411327105,晋庄,镇
411327106,李店,镇
411327107,苗店,镇
411327108,郝寨,镇
411327109,朱集,镇
411327111,下洼,镇
411327112,大冯营,镇
411327113,太和,镇
411327114,陌陂,镇
411327213,唐庄,乡
411328001,滨河,街道
411328002,文峰,街道
411328003,东兴,街道
411328004,兴唐,街道
411328005,临港,街道
411328006,东城,街道
411328101,源潭,镇
411328102,张店,镇
411328103,郭滩,镇
411328104,湖阳,镇
411328105,黑龙,镇
411328106,大河屯,镇
411328107,龙潭,镇
411328108,桐寨铺,镇
411328109,苍台,镇
411328110,上屯,镇
411328111,毕店,镇
411328112,少拜寺,镇
411328113,祁仪,镇
411328114,马振抚,镇
411328115,昝岗,镇
411328116,桐河,镇
411328200,城郊,乡
411328209,古城,乡
411328211,东王集,乡
411329001,汉城,街道
411329002,汉华,街道
411329101,王庄,镇
411329102,沙堰,镇
411329103,新甸铺,镇
411329104,施庵,镇
411329105,歪子,镇
411329106,五星,镇
411329107,溧河铺,镇
411329108,王集,镇
411329200,城郊,乡
411329203,前高庙,乡
411329205,樊集,乡
411329207,上庄,乡
411329209,上港,乡
411330001,清淮,街道
411330002,淮北,街道
411330101,月河,镇
411330102,吴城,镇
411330103,固县,镇
411330104,毛集,镇
411330105,大河,镇
411330106,埠江,镇
411330107,平氏,镇
411330108,淮源,镇
411330109,黄岗,镇
411330110,安棚,镇
411330111,程湾,镇
411330112,朱庄,镇
411330200,城郊,乡
411330201,回龙,乡
411330206,新集,乡
411381001,古城,街道
411381002,花洲,街道
411381003,湍河,街道
411381102,罗庄,镇
411381103,㴔滩,镇
411381104,穰东,镇
411381105,孟楼,镇
411381106,林扒,镇
411381107,构林,镇
411381108,十林,镇
411381109,张村,镇
411381110,都司,镇
411381111,赵集,镇
411381112,刘集,镇
411381113,桑庄,镇
411381114,彭桥,镇
411381115,九龙,镇
411381116,白牛,镇
411381117,腰店,镇
411381118,文渠,镇
411381119,高集,镇
411381120,陶营,镇
411381121,夏集,镇
411381122,小杨营,镇
411381200,张楼,乡
411381203,裴营,乡
411381209,龙堰,乡
411402001,前进,街道
411402002,长征,街道
411402003,八八,街道
411402004,东风,街道
411402005,中州,街道
411402006,白云,街道
411402007,平原,街道
411402008,建设,街道
411402009,解放,街道
411402010,平安,街道
411402011,平台,街道
411402012,陇海,街道
411402101,双八,镇
411402102,张阁,镇
411402103,谢集,镇
411402104,观堂,镇
411402105,刘口,镇
411402106,水池铺,镇
411402107,李庄,镇
411402108,王楼,镇
411402200,周集,乡
411402205,孙福集,乡
411403001,古城,街道
411403002,文化,街道
411403003,东方,街道
411403004,新城,街道
411403005,古宋,街道
411403008,宋城,街道
411403009,民欣,街道
411403010,金桥,街道
411403100,宋集,镇
411403101,郭村,镇
411403102,李口,镇
411403103,高辛,镇
411403104,坞墙,镇
411403106,冯桥,镇
411403107,路河,镇
411403108,闫集,镇
411403109,毛堌堆,镇
411403110,包公庙,镇
411403111,临河店,镇
411403112,勒马,镇
411403113,娄店,镇
411421001,绿洲,街道
411421002,南华,街道
411421101,人和,镇
411421102,龙塘,镇
411421103,北关,镇
411421104,程庄,镇
411421105,孙六,镇
411421106,王庄寨,镇
411421107,白云寺,镇
411421108,庄子,镇
411421109,王桥,镇
411421110,双塔,镇
411421111,野岗,镇
411421112,老颜集,镇
411421113,林七,镇
411421114,褚庙,镇
411421200,伯党|回族,乡
411421201,花园,乡
411421207,胡集|回族,乡
411422001,凤城,街道
411422002,董店,街道
411422100,长岗,镇
411422101,平岗,镇
411422102,周堂,镇
411422103,蓼堤,镇
411422104,西陵寺,镇
411422105,城关|回族,镇
411422106,潮庄,镇
411422107,尚屯,镇
411422108,河堤,镇
411422109,匡城,镇
411422200,后台,乡
411422202,河集,乡
411422203,孙聚寨,乡
411422204,白楼,乡
411422206,白庙,乡
411422207,胡堂,乡
411422208,尤吉屯,乡
411422211,涧岗,乡
411423100,城关|回族,镇
411423101,张弓,镇
411423102,柳河,镇
411423103,逻岗,镇
411423104,石桥,镇
411423105,黄岗,镇
411423106,华堡,镇
411423107,阳驿,镇
411423203,刘楼,乡
411423204,程楼,乡
411423205,乔楼,乡
411423206,城郊,乡
411423209,孔集,乡
411423210,赵村,乡
411424001,浦东,街道
411424002,凤凰,街道
411424003,春水,街道
411424004,双河,街道
411424101,陈青集,镇
411424102,起台,镇
411424103,胡襄,镇
411424104,慈圣,镇
411424105,安平,镇
411424106,远襄,镇
411424107,岗王,镇
411424108,伯岗,镇
411424109,张桥,镇
411424110,朱襄,镇
411424111,老王集,镇
411424203,洪恩,乡
411424206,马集,乡
411424207,牛城,乡
411424208,惠济,乡
411424212,申桥,乡
411424213,李原,乡
411424214,皇集,乡
411425100,城关,镇
411425101,界沟,镇
411425102,木兰,镇
411425103,杜集,镇
411425104,谷熟,镇
411425105,大杨集,镇
411425106,贾寨,镇
411425107,利民,镇
411425108,张集,镇
411425109,站集,镇
411425110,稍岗,镇
411425111,乔集,镇
411425112,大侯,镇
411425113,黄冢,镇
411425114,田庙,镇
411425201,沙集,乡
411425202,店集,乡
411425204,闻集,乡
411425205,芒种桥,乡
411425207,刘店,乡
411425210,城郊,乡
411425211,郑集,乡
411425212,李老家,乡
411425214,镇里堌,乡
411425215,古王集,乡
411425219,刘集,乡
411426001,栗城,街道
411426002,曹集,街道
411426101,会亭,镇
411426102,马头,镇
411426103,济阳,镇
411426104,李集,镇
411426105,车站,镇
411426106,杨集,镇
411426107,韩道口,镇
411426108,罗庄,镇
411426109,太平,镇
411426110,火店,镇
411426111,北岭,镇
411426112,郭店,镇
411426113,何营,镇
411426114,业庙,镇
411426201,胡桥,乡
411426202,歧河,乡
411426205,中峰,乡
411426207,桑堌,乡
411426210,王集,乡
411426211,刘店集,乡
411426212,骆集,乡
411426214,孔庄,乡
411481001,演集,街道
411481002,崇法寺,街道
411481003,侯岭,街道
411481004,沱滨,街道
411481005,日月湖,街道
411481006,雪枫,街道
411481102,芒山,镇
411481103,高庄,镇
411481104,酂城,镇
411481105,裴桥,镇
411481106,马桥,镇
411481107,薛湖,镇
411481111,太丘,镇
411481112,十八里,镇
411481113,陈集,镇
411481114,蒋口,镇
411481115,苗桥,镇
411481116,茴村,镇
411481117,顺和,镇
411481118,李寨,镇
411481119,龙岗,镇
411481120,酂阳,镇
411481121,马牧,镇
411481122,大王集,镇
411481123,刘河,镇
411481124,双桥,镇
411481125,卧龙,镇
411481126,黄口,镇
411481127,新桥,镇
411481128,条河,镇
411481129,陈官庄,镇
411502001,老城,街道
411502002,民权,街道
411502003,车站,街道
411502004,五里墩,街道
411502005,五星,街道
411502006,金牛山,街道
411502007,南湾,街道
411502008,湖东,街道
411502009,双井,街道
411502101,吴家店,镇
411502102,东双河,镇
411502103,李家寨,镇
411502104,董家河,镇
411502105,浉河港,镇
411502106,游河,镇
411502206,谭家河,乡
411502207,柳林,乡
411502208,十三里桥,乡
411503001,甘岸,街道
411503002,平桥,街道
411503003,前进,街道
411503004,羊山,街道
411503005,南京路,街道
411503006,五里店,街道
411503007,平西,街道
411503008,平东,街道
411503009,震雷山,街道
411503010,龙飞山,街道
411503011,城东,街道
411503101,明港,镇
411503103,邢集,镇
411503105,平昌关,镇
411503106,五里,镇
411503107,洋河,镇
411503108,肖王,镇
411503202,龙井,乡
411503203,胡店,乡
411503205,彭家湾,乡
411503206,长台关,乡
411503207,肖店,乡
411503209,王岗,乡
411503210,高梁店,乡
411503211,查山,乡
411521001,宝城,街道
411521002,龙山,街道
411521003,丽水,街道
411521101,周党,镇
411521102,竹竿,镇
411521103,灵山,镇
411521104,子路,镇
411521105,楠杆,镇
411521106,青山,镇
411521107,潘新,镇
411521108,彭新,镇
411521109,莽张,镇
411521110,东铺,镇
411521111,铁铺,镇
411521112,高店,镇
411521202,庙仙,乡
411521204,定远,乡
411521205,山店,乡
411521207,朱堂,乡
411521208,尤店,乡
411522001,弦山,街道
411522002,紫水,街道
411522101,十里,镇
411522102,寨河,镇
411522103,孙铁铺,镇
411522104,马畈,镇
411522105,泼陂河,镇
411522106,白雀园,镇
411522107,砖桥,镇
411522201,仙居,乡
411522203,北向店,乡
411522204,罗陈,乡
411522206,殷棚,乡
411522207,南向店,乡
411522208,晏河,乡
411522210,凉亭,乡
411522212,斛山,乡
411522213,槐店,乡
411522215,文殊,乡
411523001,金兰山,街道
411523002,新集,街道
411523003,香山,街道
411523101,沙窝,镇
411523103,吴陈河,镇
411523104,苏河,镇
411523105,八里畈,镇
411523201,周河,乡
411523202,陡山河,乡
411523203,浒湾,乡
411523204,千斤,乡
411523205,卡房,乡
411523206,郭家河,乡
411523207,陈店,乡
411523208,箭厂河,乡
411523209,泗店,乡
411523210,田铺,乡
411524001,赤城,街道
411524002,鲇鱼山,街道
411524101,上石桥,镇
411524102,鄢岗,镇
411524103,双椿铺,镇
411524104,汪桥,镇
411524105,余集,镇
411524106,达权店,镇
411524107,丰集,镇
411524108,观庙,镇
411524109,汪岗,镇
411524110,金刚台,镇
411524111,河凤桥,镇
411524204,李集,乡
411524207,苏仙石,乡
411524209,伏山,乡
411524212,吴河,乡
411524213,冯店,乡
411524215,长竹园,乡
411525001,蓼城,街道
411525002,番城,街道
411525003,秀水,街道
411525004,阳关,街道
411525101,陈淋子,镇
411525102,黎集,镇
411525103,蒋集,镇
411525104,往流,镇
411525105,郭陆滩,镇
411525106,胡族铺,镇
411525107,方集,镇
411525108,三河尖,镇
411525109,段集,镇
411525110,张广庙,镇
411525111,汪棚,镇
411525112,分水亭,镇
411525113,石佛店,镇
411525114,陈集,镇
411525115,武庙集,镇
411525116,泉河铺,镇
411525117,祖师庙,镇
411525118,李店,镇
411525119,沙河铺,镇
411525120,徐集,镇
411525121,马堽集,镇
411525122,草庙集,镇
411525201,洪埠,乡
411525202,杨集,乡
411525206,南大桥,乡
411525208,赵岗,乡
411525211,张老埠,乡
411525222,丰港,乡
411525223,柳树店,乡
411525224,观堂,乡
411526001,弋阳,街道
411526002,春申,街道
411526003,定城,街道
411526004,老城,街道
411526005,广济,街道
411526101,双柳树,镇
411526102,伞陂,镇
411526103,卜塔集,镇
411526105,仁和,镇
411526106,付店,镇
411526107,踅孜,镇
411526108,桃林铺,镇
411526109,黄寺岗,镇
411526110,江家集,镇
411526111,魏岗,镇
411526201,传流店,乡
411526203,张集,乡
411526204,来龙,乡
411526205,隆古,乡
411526206,谈店,乡
411526207,上油岗,乡
411526209,白店,乡
411527001,顺河,街道
411527002,滨湖,街道
411527003,栏杆,街道
411527004,桂花,街道
411527101,马集,镇
411527103,防胡,镇
411527104,新里,镇
411527105,期思,镇
411527106,赵集,镇
411527200,台头,乡
411527201,王家岗,乡
411527202,固城,乡
411527203,三空桥,乡
411527204,张里,乡
411527206,邓湾,乡
411527207,张庄,乡
411527208,王店,乡
411527209,谷堆,乡
411527212,芦集,乡
411528001,谯楼,街道
411528002,龙湖,街道
411528003,淮河,街道
411528004,澺河,街道
411528101,包信,镇
411528102,夏庄,镇
411528103,东岳,镇
411528104,项店,镇
411528105,小茴店,镇
411528106,曹黄林,镇
411528201,孙庙,乡
411528202,路口,乡
411528203,彭店,乡
411528204,杨店,乡
411528205,张陶,乡
411528206,白土店,乡
411528207,岗李店,乡
411528208,长陵,乡
411528209,陈棚,乡
411528210,临河,乡
411528211,关店,乡
411528214,八里岔,乡
411602001,陈州街|回族,街道
411602002,七一路,街道
411602003,荷花路,街道
411602004,人和街,街道
411602005,小桥街,街道
411602010,城南,街道
411602011,城北,街道
411602012,文昌,街道
411602013,搬口,街道
411602014,华耀城,街道
411602015,太昊路,街道
411602016,淮河路,街道
411602017,金海路,街道
411602018,许湾,街道
411602019,李埠口,街道
411602020,永福,街道
411603001,柳湖,街道
411603002,王店,街道
411603003,淮宁,街道
411603004,白楼,街道
411603101,新站,镇
411603102,鲁台,镇
411603103,四通,镇
411603104,临蔡,镇
411603105,安岭,镇
411603107,刘振屯,镇
411603200,朱集,乡
411603201,豆门,乡
411603202,冯塘,乡
411603205,大连,乡
411603206,葛店,乡
411603207,黄集,乡
411603208,齐老,乡
411603209,郑集,乡
411603210,曹河,乡
411621001,桐丘,街道
411621002,扶亭,街道
411621003,帛亭,街道
411621004,大李庄,街道
411621101,崔桥,镇
411621102,江村,镇
411621103,白潭,镇
411621104,韭园,镇
411621105,练寺,镇
411621106,大新,镇
411621107,包屯,镇
411621108,汴岗,镇
411621200,曹里,乡
411621201,柴岗,乡
411621202,固城,乡
411621203,吕潭,乡
411622001,娲城,街道
411622002,箕子台,街道
411622003,昆山,街道
411622004,皮营,街道
411622005,华泰,街道
411622101,西夏亭,镇
411622102,逍遥,镇
411622103,奉母,镇
411622104,红花集,镇
411622105,聂堆,镇
411622106,东夏亭,镇
411622107,西华营,镇
411622108,址坊,镇
411622109,迟营,镇
411622110,大王庄,镇
411622200,田口,乡
411622201,清河驿,乡
411622203,东王营,乡
411622205,李大庄,乡
411622206,叶埠口,乡
411622208,黄桥,乡
411622209,艾岗,乡
411623001,东城,街道
411623002,新城,街道
411623003,老城,街道
411623004,阳城,街道
411623101,黄寨,镇
411623102,练集,镇
411623103,魏集,镇
411623104,固墙,镇
411623105,白寺,镇
411623106,巴村,镇
411623107,谭庄,镇
411623108,邓城,镇
411623109,胡吉,镇
411623110,姚集,镇
411623111,郝岗,镇
411623112,张庄,镇
411623202,平店,乡
411623203,袁老,乡
411623204,化河,乡
411623206,舒庄,乡
411623207,大武,乡
411623208,张明,乡
411623211,汤庄,乡
411624001,东城,街道
411624002,北城,街道
411624100,槐店|回族,镇
411624101,刘庄店,镇
411624102,留福,镇
411624103,老城,镇
411624104,赵德营,镇
411624105,付井,镇
411624106,纸店,镇
411624107,新安集,镇
411624108,白集,镇
411624109,刘湾,镇
411624110,莲池,镇
411624111,洪山,镇
411624112,周营,镇
411624113,邢庄,镇
411624114,北杨集,镇
411624115,冯营,镇
411624201,石槽集,乡
411624202,范营,乡
411624203,李老庄,乡
411624209,卞路口,乡
411625001,洺南,街道
411625002,洺北,街道
411625003,新城,街道
411625004,丹阳,街道
411625101,吴台,镇
411625102,南丰,镇
411625103,白马,镇
411625104,宁平,镇
411625105,宜路,镇
411625106,钱店,镇
411625107,汲冢,镇
411625108,石槽,镇
411625109,汲水,镇
411625110,巴集,镇
411625201,虎岗,乡
411625203,张完集,乡
411625204,丁村,乡
411625205,双楼,乡
411625206,秋渠,乡
411625207,东风,乡
411625209,李楼,乡
411625210,胡集,乡
411627001,阳夏,街道
411627002,毛庄,街道
411627101,常营,镇
411627102,逊母口,镇
411627103,老冢,镇
411627104,朱口,镇
411627105,马头,镇
411627106,龙曲,镇
411627107,板桥,镇
411627108,符草楼,镇
411627109,马厂,镇
411627111,张集,镇
411627112,清集,镇
411627113,大许寨,镇
411627114,转楼,镇
411627115,高贤,镇
411627200,城郊,乡
411627201,杨庙,乡
411627202,王集,乡
411627204,芝麻洼,乡
411627206,独塘,乡
411627208,五里口,乡
411627210,高朗,乡
411628001,卫真,街道
411628002,鸣鹿,街道
411628003,谷阳,街道
411628004,真源,街道
411628101,玄武,镇
411628102,宋河,镇
411628103,太清宫,镇
411628104,王皮溜,镇
411628105,试量,镇
411628106,辛集,镇
411628107,马铺,镇
411628108,涡北,镇
411628109,杨湖口,镇
411628110,贾滩,镇
411628111,张店,镇
411628112,观堂,镇
411628114,生铁冢,镇
411628201,郑家集,乡
411628205,赵村,乡
411628206,任集,乡
411628207,唐集,乡
411628208,高集,乡
411628209,邱集,乡
411628210,穆店,乡
411681001,花园,街道
411681002,水寨,街道
411681003,东方,街道
411681004,莲花,街道
411681005,千佛阁,街道
411681006,光武,街道
411681101,南顿,镇
411681102,孙店,镇
411681103,李寨,镇
411681104,贾岭,镇
411681105,高寺,镇
411681106,新桥,镇
411681107,付集,镇
411681108,官会,镇
411681109,丁集,镇
411681110,郑郭,镇
411681111,秣陵,镇
411681112,王明口,镇
411681113,范集,镇
411681114,永丰,镇
411681115,三店,镇
411702001,人民街,街道
411702002,东风路,街道
411702003,西园街,街道
411702004,新华街,街道
411702005,南海,街道
411702006,雪松,街道
411702007,顺河,街道
411702008,老街,街道
411702009,橡林,街道
411702010,刘阁,街道
411702012,香山,街道
411702013,古城,街道
411702100,水屯,镇
411702101,蚁蜂,镇
411702102,沙河店,镇
411702103,板桥,镇
411702104,诸市,镇
411702207,朱古洞,乡
411702208,胡庙,乡
411702211,老河,乡
411702212,关王庙,乡
411721001,柏城,街道
411721002,柏亭,街道
411721003,柏苑,街道
411721101,五沟营,镇
411721102,权寨,镇
411721103,师灵,镇
411721104,出山,镇
411721105,盆尧,镇
411721106,嫘祖,镇
411721107,宋集,镇
411721108,二郎,镇
411721109,重渠,镇
411721203,人和,乡
411721205,谭店,乡
411721208,芦庙,乡
411721209,杨庄,乡
411721210,专探,乡
411721212,蔡寨|回族,乡
411721213,焦庄,乡
411722001,蔡都,街道
411722002,芦岗,街道
411722003,卧龙,街道
411722004,重阳,街道
411722101,黄埠,镇
411722102,杨集,镇
411722103,洙湖,镇
411722104,党店,镇
411722105,朱里,镇
411722106,华陂,镇
411722107,塔桥,镇
411722108,东洪,镇
411722109,邵店,镇
411722110,和店,镇
411722111,五龙,镇
411722112,韩寨,镇
411722113,蔡沟,镇
411722201,大路李,乡
411722202,无量寺,乡
411722205,杨屯,乡
411722209,齐海,乡
411722210,崇礼,乡
411722212,东岸,乡
411722215,小岳寺,乡
411722216,西洪,乡
411722217,百尺,乡
411723001,古槐,街道
411723002,清河,街道
411723003,东皇,街道
411723004,郭楼,街道
411723101,杨埠,镇
411723102,东和店,镇
411723103,庙湾,镇
411723104,射桥,镇
411723105,西洋店,镇
411723106,阳城,镇
411723108,李屯,镇
411723109,万金店,镇
411723110,高杨店,镇
411723111,万冢,镇
411723112,双庙,镇
411723202,十字路,乡
411723205,玉皇庙,乡
411723208,老王岗,乡
411723209,辛店,乡
411724001,真阳,街道
411724002,清源,街道
411724101,寒冻,镇
411724102,汝南埠,镇
411724103,铜钟,镇
411724104,陡沟,镇
411724105,熊寨,镇
411724106,大林,镇
411724107,永兴,镇
411724108,袁寨,镇
411724109,雷寨,镇
411724110,兰青,镇
411724200,慎水,乡
411724201,傅寨,乡
411724203,新阮店,乡
411724204,油坊店,乡
411724208,王勿桥,乡
411724210,闾河,乡
411724212,皮店,乡
411724213,彭桥,乡
411725001,盘龙,街道
411725002,三里河,街道
411725003,朗陵,街道
411725101,竹沟,镇
411725102,任店,镇
411725103,新安店,镇
411725104,留庄,镇
411725105,刘店,镇
411725107,瓦岗,镇
411725108,双河,镇
411725109,石滚河,镇
411725110,李新店,镇
411725111,普会寺,镇
411726001,泌水,街道
411726002,花园,街道
411726003,古城,街道
411726102,羊册,镇
411726103,马谷田,镇
411726105,春水,镇
411726106,赊湾,镇
411726107,官庄,镇
411726108,郭集,镇
411726109,泰山庙,镇
411726110,王店,镇
411726111,杨家集,镇
411726112,高店,镇
411726113,高邑,镇
411726114,象河,镇
411726201,盘古,乡
411726204,铜山,乡
411726206,下碑寺,乡
411726208,付庄,乡
411726209,贾楼,乡
411726210,黄山口,乡
411726215,双庙街,乡
411727001,汝宁,街道
411727002,古塔,街道
411727003,三门闸,街道
411727004,宿鸭湖,街道
411727101,王岗,镇
411727102,梁祝,镇
411727103,和孝,镇
411727104,老君庙,镇
411727105,留盆,镇
411727106,金铺,镇
411727107,东官庄,镇
411727108,罗店,镇
411727109,常兴,镇
411727110,韩庄,镇
411727111,三桥,镇
411727112,张楼,镇
411727204,南余店,乡
411727212,板店,乡
411728001,莲花湖,街道
411728002,灈阳,街道
411728003,车站,街道
411728004,褚堂,街道
411728005,吴房,街道
411728102,玉山,镇
411728103,嵖岈山,镇
411728104,石寨铺,镇
411728105,和兴,镇
411728106,沈寨,镇
411728107,阳丰,镇
411728108,常庄,镇
411728109,花庄,镇
411728204,槐树,乡
411728209,文城,乡
411729001,古吕,街道
411729002,今是,街道
411729003,月亮湾,街道
411729101,砖店,镇
411729102,陈店,镇
411729103,佛阁寺,镇
411729104,练村,镇
411729105,棠村,镇
411729106,韩集,镇
411729107,龙口,镇
411729108,李桥|回族,镇
411729109,黄楼,镇
411729110,孙召,镇
411729111,余店,镇
411729112,栎城,镇
411729204,河坞,乡
411729205,关津,乡
411729206,宋岗,乡
411729207,顿岗,乡
411729208,涧头,乡
411729209,杨庄户,乡
411729210,化庄,乡
411729213,弥陀寺,乡
419001001,沁园,街道
419001002,济水,街道
419001003,北海,街道
419001004,天坛,街道
419001005,玉泉,街道
419001100,克井,镇
419001101,五龙口,镇
419001102,轵城,镇
419001103,承留,镇
419001104,邵原,镇
419001105,坡头,镇
419001106,梨林,镇
419001107,大峪,镇
419001108,思礼,镇
419001109,王屋,镇
419001110,下冶,镇
420102002,大智,街道
420102003,一元,街道
420102004,车站,街道
420102005,四唯,街道
420102006,永清,街道
420102007,西马,街道
420102008,球场,街道
420102009,劳动,街道
420102010,二七,街道
420102011,新村,街道
420102012,丹水池,街道
420102014,台北,街道
420102015,花桥,街道
420102016,谌家矶,街道
420102017,后湖,街道
420102018,塔子湖,街道
420103001,民族,街道
420103002,花楼,街道
420103003,水塔,街道
420103004,民权,街道
420103005,满春,街道
420103006,民意,街道
420103007,新华,街道
420103008,万松,街道
420103009,唐家墩,街道
420103010,北湖,街道
420103011,前进,街道
420103012,常青,街道
420103013,汉兴,街道
420104001,古田,街道
420104002,韩家墩,街道
420104003,宗关,街道
420104004,汉水桥,街道
420104005,宝丰,街道
420104006,荣华,街道
420104008,汉中,街道
420104009,汉正,街道
420104010,六角亭,街道
420104011,长丰,街道
420104012,易家,街道
420105002,建桥,街道
420105004,晴川,街道
420105005,鹦鹉,街道
420105006,洲头,街道
420105007,五里墩,街道
420105008,琴断口,街道
420105009,江汉二桥,街道
420105010,永丰,街道
420105011,江堤,街道
420105012,四新,街道
420105013,龙阳,街道
420106001,积玉桥,街道
420106002,杨园,街道
420106003,徐家棚,街道
420106005,粮道,街道
420106006,中华路,街道
420106007,黄鹤楼,街道
420106008,紫阳,街道
420106009,白沙洲,街道
420106010,首义路,街道
420106011,中南路,街道
420106012,水果湖,街道
420106013,珞珈山,街道
420106014,石洞,街道
420106015,南湖,街道
420107001,红卫路,街道
420107002,冶金,街道
420107003,新沟桥,街道
420107004,红钢城,街道
420107005,工人村,街道
420107006,青山镇,街道
420107008,武东,街道
420107009,白玉山,街道
420107010,钢花村,街道
420107011,钢都花园,街道
420111001,珞南,街道
420111002,关山,街道
420111003,狮子山,街道
420111004,张家湾,街道
420111005,梨园,街道
420111006,卓刀泉,街道
420111007,洪山,街道
420111008,和平,街道
420111011,青菱,街道
420111012,九峰,街道
420111013,左岭,街道
420111014,花山,街道
420111015,八吉府,街道
420111205,天兴,乡
420112001,吴家山,街道
420112002,柏泉,街道
420112004,将军路,街道
420112005,慈惠,街道
420112006,走马岭,街道
420112007,径河,街道
420112008,长青,街道
420112009,新沟镇,街道
420112011,辛安渡,街道
420112012,东山,街道
420112014,金银湖,街道
420113001,纱帽,街道
420113002,东荆,街道
420113003,湘口,街道
420113004,邓南,街道
420114001,蔡甸,街道
420114002,奓山,街道
420114003,永安,街道
420114004,侏儒山,街道
420114005,大集,街道
420114006,张湾,街道
420114007,索河,街道
420114008,沌口,街道
420114009,军山,街道
420114010,沌阳,街道
420114011,玉贤,街道
420114200,消泗,乡
420115001,纸坊,街道
420115002,金口,街道
420115003,乌龙泉,街道
420115005,郑店,街道
420115010,五里界,街道
420115011,安山,街道
420115013,山坡,街道
420115017,法泗,街道
420115018,湖泗,街道
420115019,舒安,街道
420115020,关东,街道
420115021,佛祖岭,街道
420115022,豹澥,街道
420115023,龙泉,街道
420115024,滨湖,街道
420116001,前川,街道
420116002,祁家湾,街道
420116003,横店,街道
420116004,罗汉寺,街道
420116005,滠口,街道
420116006,六指,街道
420116007,天河,街道
420116008,武湖,街道
420116009,王家河,街道
420116010,长轩岭,街道
420116011,李家集,街道
420116012,姚家集,街道
420116013,蔡家榨,街道
420116014,三里桥,街道
420116015,蔡店,街道
420116201,木兰,乡
420117001,邾城,街道
420117002,阳逻,街道
420117003,仓埠,街道
420117004,汪集,街道
420117005,李集,街道
420117006,三店,街道
420117007,潘塘,街道
420117008,旧街,街道
420117009,双柳,街道
420117010,涨渡湖,街道
420117012,辛冲,街道
420117013,徐古,街道
420117102,凤凰,镇
420202001,沈家营,街道
420202002,黄石港,街道
420202003,胜阳港,街道
420202005,花湖,街道
420203001,八泉,街道
420203002,黄思湾,街道
420203003,澄月,街道
420203004,牧羊湖,街道
420203007,章山,街道
420203100,河口,镇
420204001,新下陆,街道
420204002,老下陆,街道
420204003,东方山,街道
420204004,团城山,街道
420205001,铁山,街道
420222100,兴国,镇
420222101,富池,镇
420222102,黄颡口,镇
420222103,𣲗源口,镇
420222104,太子,镇
420222105,大王,镇
420222106,陶港,镇
420222107,白沙,镇
420222108,浮屠,镇
420222109,三溪,镇
420222110,龙港,镇
420222111,洋港,镇
420222112,排市,镇
420222113,木港,镇
420222114,枫林,镇
420222115,王英,镇
420281001,东岳路,街道
420281002,东风路,街道
420281003,金湖,街道
420281004,罗家桥,街道
420281005,金山,街道
420281100,金牛,镇
420281101,保安,镇
420281102,灵乡,镇
420281103,金山店,镇
420281106,还地桥,镇
420281107,殷祖,镇
420281109,刘仁八,镇
420281110,陈贵,镇
420281111,大箕铺,镇
420281112,汪仁,镇
420281202,茗山,乡
420302001,武当路,街道
420302002,二堰,街道
420302003,五堰,街道
420302005,白浪,街道
420302100,大川,镇
420302200,茅塔,乡
420302201,鸳鸯,乡
420303001,花果,街道
420303002,红卫,街道
420303003,车城路,街道
420303004,汉江路,街道
420303100,黄龙,镇
420303101,柏林,镇
420303200,方滩,乡
420303201,西沟,乡
420304100,城关,镇
420304101,安阳,镇
420304102,杨溪铺,镇
420304103,青曲,镇
420304104,白桑关,镇
420304105,南化塘,镇
420304106,白浪,镇
420304107,刘洞,镇
420304108,谭山,镇
420304109,梅铺,镇
420304110,青山,镇
420304111,茶店,镇
420304112,柳陂,镇
420304113,鲍峡,镇
420304114,胡家营,镇
420304115,谭家湾,镇
420304200,大柳,乡
420304201,五峰,乡
420304202,叶大,乡
420322100,城关,镇
420322101,土门,镇
420322102,上津,镇
420322103,店子,镇
420322104,夹河,镇
420322105,羊尾,镇
420322106,观音,镇
420322107,马安,镇
420322108,河夹,镇
420322200,香口,乡
420322201,关防,乡
420322202,湖北口|回族,乡
420322203,景阳,乡
420322204,六郎,乡
420322205,涧池,乡
420322206,安家,乡
420323100,城关,镇
420323101,溢水,镇
420323102,麻家渡,镇
420323103,宝丰,镇
420323104,擂鼓,镇
420323105,秦古,镇
420323106,得胜,镇
420323107,上庸,镇
420323108,官渡,镇
420323200,潘口,乡
420323201,竹坪,乡
420323202,大庙,乡
420323203,双台,乡
420323204,楼台,乡
420323205,文峰,乡
420323206,深河,乡
420323207,柳林,乡
420324100,城关,镇
420324101,蒋家堰,镇
420324102,中峰,镇
420324103,水坪,镇
420324104,县河,镇
420324105,泉溪,镇
420324106,丰溪,镇
420324107,龙坝,镇
420324108,兵营,镇
420324109,汇湾,镇
420324110,新洲,镇
420324201,鄂坪,乡
420324203,天宝,乡
420324206,桃源,乡
420324207,向坝,乡
420325100,城关,镇
420325101,军店,镇
420325102,化龙堰,镇
420325103,土城,镇
420325104,大木厂,镇
420325105,青峰,镇
420325106,门古寺,镇
420325107,白鹤,镇
420325108,野人谷,镇
420325109,红塔,镇
420325110,窑淮,镇
420325111,尹吉甫,镇
420325203,姚坪,乡
420325205,沙河,乡
420325206,万峪河,乡
420325208,上龛,乡
420325209,中坝,乡
420325210,九道,乡
420325211,回龙,乡
420325212,五台,乡
420381001,均州路,街道
420381002,大坝,街道
420381003,丹赵路,街道
420381004,武当山,街道
420381005,三官殿,街道
420381100,土关垭,镇
420381101,浪河,镇
420381102,丁家营,镇
420381103,六里坪,镇
420381104,盐池河,镇
420381105,均县,镇
420381106,习家店,镇
420381107,蒿坪,镇
420381108,石鼓,镇
420381109,凉水河,镇
420381110,官山,镇
420381111,龙山,镇
420502001,西陵,街道
420502002,学院,街道
420502003,云集,街道
420502005,西坝,街道
420502006,葛洲坝,街道
420502007,夜明珠,街道
420502008,东苑,街道
420502009,南苑,街道
420502010,北苑,街道
420502011,窑湾,街道
420503001,大公桥,街道
420503002,万寿桥,街道
420503003,宝塔河,街道
420503004,伍家岗,街道
420503201,伍家,乡
420504001,点军,街道
420504101,艾家,镇
420504102,桥边,镇
420504202,联棚,乡
420504203,土城,乡
420505001,古老背,街道
420505002,虎牙,街道
420505003,云池,街道
420506001,小溪塔,街道
420506101,樟村坪,镇
420506102,雾渡河,镇
420506103,太平溪,镇
420506104,三斗坪,镇
420506105,乐天溪,镇
420506106,分乡,镇
420506107,龙泉,镇
420506108,鸦鹊岭,镇
420506109,黄花,镇
420506201,下堡坪,乡
420506203,邓村,乡
420525101,鸣凤,镇
420525102,花林寺,镇
420525103,旧县,镇
420525104,洋坪,镇
420525105,茅坪场,镇
420525106,嫘祖,镇
420525201,河口,乡
420526101,昭君,镇
420526102,峡口,镇
420526103,南阳,镇
420526104,古夫,镇
420526105,黄粮,镇
420526106,水月寺,镇
420526201,高桥,乡
420526202,榛子,乡
420527101,茅坪,镇
420527102,归州,镇
420527103,屈原,镇
420527104,沙镇溪,镇
420527105,两河口,镇
420527106,郭家坝,镇
420527107,杨林桥,镇
420527108,九畹溪,镇
420527201,水田坝,乡
420527202,泄滩,乡
420527203,梅家河,乡
420527204,磨坪,乡
420528101,龙舟坪,镇
420528102,高家堰,镇
420528103,磨市,镇
420528104,都镇湾,镇
420528105,资丘,镇
420528106,渔峡口,镇
420528107,榔坪,镇
420528108,贺家坪,镇
420528201,大堰,乡
420528202,鸭子口,乡
420528203,火烧坪,乡
420529101,五峰,镇
420529102,长乐坪,镇
420529103,渔洋关,镇
420529104,仁和坪,镇
420529105,湾潭,镇
420529201,傅家堰,乡
420529202,牛庄,乡
420529203,采花,乡
420581001,陆城,街道
420581101,红花套,镇
420581102,高坝洲,镇
420581103,聂家河,镇
420581104,松木坪,镇
420581105,枝城,镇
420581106,姚家店,镇
420581107,五眼泉,镇
420581108,王家畈,镇
420581203,潘家湾|土家族,乡
420582001,玉阳,街道
420582002,坝陵,街道
420582003,玉泉,街道
420582101,两河,镇
420582102,河溶,镇
420582103,淯溪,镇
420582104,庙前,镇
420582105,王店,镇
420582106,半月,镇
420582107,草埠湖,镇
420583001,马家店,街道
420583101,安福寺,镇
420583102,白洋,镇
420583103,顾家店,镇
420583104,董市,镇
420583105,仙女,镇
420583106,问安,镇
420583107,七星台,镇
420583108,百里洲,镇
420602001,古城,街道
420602002,真武山,街道
420602003,庞公,街道
420602004,檀溪,街道
420602005,隆中,街道
420602006,余家湖,街道
420602100,欧庙,镇
420602101,卧龙,镇
420602200,尹集,乡
420606001,汉江,街道
420606002,王寨,街道
420606003,中原,街道
420606004,定中门,街道
420606005,清河口,街道
420606006,屏襄门,街道
420606007,米公,街道
420606008,柿铺,街道
420606009,七里河,街道
420606010,紫贞,街道
420606100,牛首,镇
420606101,太平店,镇
420606102,团山,镇
420607001,张湾,街道
420607002,刘集,街道
420607003,肖湾,街道
420607004,六两河,街道
420607005,浩然,街道
420607006,金华,街道
420607101,龙王,镇
420607102,石桥,镇
420607103,黄集,镇
420607104,伙牌,镇
420607105,古驿,镇
420607106,朱集,镇
420607107,程河,镇
420607108,双沟,镇
420607109,张家集,镇
420607110,黄龙,镇
420607111,峪山,镇
420607112,东津,镇
420607113,米庄,镇
420624100,城关,镇
420624101,武安,镇
420624102,九集,镇
420624103,李庙,镇
420624104,长坪,镇
420624105,薛坪,镇
420624106,板桥,镇
420624107,巡检,镇
420624108,东巩,镇
420624109,肖堰,镇
420625100,城关,镇
420625101,石花,镇
420625102,盛𡐓,镇
420625103,庙滩,镇
420625104,茨河,镇
420625105,南河,镇
420625106,紫金,镇
420625107,冷集,镇
420625108,五山,镇
420625200,赵湾,乡
420626100,城关,镇
420626101,黄堡,镇
420626102,后坪,镇
420626103,龙坪,镇
420626104,店垭,镇
420626105,马良,镇
420626106,歇马,镇
420626107,马桥,镇
420626108,寺坪,镇
420626109,过渡湾,镇
420626200,两峪,乡
420682001,光化,街道
420682002,酂阳,街道
420682100,孟楼,镇
420682101,竹林桥,镇
420682102,薛集,镇
420682103,张集,镇
420682104,仙人渡,镇
420682105,洪山嘴,镇
420682106,李楼,镇
420682200,袁冲,乡
420683001,北城,街道
420683002,南城,街道
420683003,环城,街道
420683100,琚湾,镇
420683101,七方,镇
420683102,杨垱,镇
420683103,太平,镇
420683104,新市,镇
420683105,鹿头,镇
420683106,刘升,镇
420683107,兴隆,镇
420683108,王城,镇
420683109,吴店,镇
420683110,熊集,镇
420683111,平林,镇
420684001,鄢城,街道
420684002,南营,街道
420684003,龙头,街道
420684100,郑集,镇
420684101,小河,镇
420684102,刘猴,镇
420684103,孔湾,镇
420684104,流水,镇
420684105,板桥店,镇
420684106,王集,镇
420684107,雷河,镇
420702100,太和,镇
420702101,东沟,镇
420702102,梁子,镇
420702103,涂家垴,镇
420702104,沼山,镇
420703100,华容,镇
420703101,葛店,镇
420703102,庙岭,镇
420703103,段店,镇
420703200,临江,乡
420703201,蒲团,乡
420704001,凤凰,街道
420704002,古楼,街道
420704003,西山,街道
420704004,樊口,街道
420704100,泽林,镇
420704101,杜山,镇
420704102,新庙,镇
420704103,碧石渡,镇
420704104,汀祖,镇
420704105,燕矶,镇
420704106,杨叶,镇
420704107,花湖,镇
420704108,长港,镇
420704200,沙窝,乡
420802001,龙泉,街道
420802002,泉口,街道
420802100,栗溪,镇
420802101,子陵铺,镇
420802102,漳河,镇
420802103,马河,镇
420802104,石桥驿,镇
420802105,牌楼,镇
420802200,仙居,乡
420804001,掇刀石,街道
420804002,白庙,街道
420804003,兴隆,街道
420804004,双喜,街道
420804100,团林铺,镇
420804101,麻城,镇
420822100,沙洋,镇
420822101,五里铺,镇
420822102,十里铺,镇
420822103,纪山,镇
420822104,拾回桥,镇
420822105,后港,镇
420822107,毛李,镇
420822108,官垱,镇
420822109,李市,镇
420822110,马良,镇
420822111,高阳,镇
420822112,沈集,镇
420822113,曾集,镇
420881001,郢中,街道
420881002,皇庄,街道
420881100,洋梓,镇
420881101,长寿,镇
420881102,丰乐,镇
420881103,胡集,镇
420881104,双河,镇
420881105,磷矿,镇
420881106,文集,镇
420881107,冷水,镇
420881108,石牌,镇
420881109,旧口,镇
420881110,柴湖,镇
420881111,长滩,镇
420881112,东桥,镇
420881113,客店,镇
420881114,张集,镇
420881200,九里|回族,乡
420882001,新市,街道
420882002,永兴,街道
420882003,温泉,街道
420882102,曹武,镇
420882103,罗店,镇
420882105,宋河,镇
420882106,坪坝,镇
420882107,三阳,镇
420882108,绿林,镇
420882109,杨集,镇
420882110,孙桥,镇
420882111,石龙,镇
420882112,永漋,镇
420882114,雁门口,镇
420882115,钱场,镇
420902001,书院,街道
420902002,新华,街道
420902003,广场,街道
420902004,车站,街道
420902100,新铺,镇
420902101,西河,镇
420902102,杨店,镇
420902103,陡岗,镇
420902104,肖港,镇
420902105,毛陈,镇
420902106,三汊,镇
420902107,祝站,镇
420902200,朋兴,乡
420902201,卧龙,乡
420902202,闵集,乡
420921100,花园,镇
420921101,丰山,镇
420921102,周巷,镇
420921103,小河,镇
420921104,王店,镇
420921105,卫店,镇
420921106,白沙,镇
420921107,邹岗,镇
420921200,小悟,乡
420921201,季店,乡
420921202,花西,乡
420921203,陡山,乡
420922100,城关,镇
420922101,阳平,镇
420922102,芳畈,镇
420922103,新城,镇
420922104,夏店,镇
420922105,刘集,镇
420922106,河口,镇
420922107,四姑,镇
420922108,吕王,镇
420922109,黄站,镇
420922110,宣化店,镇
420922111,丰店,镇
420922112,大新,镇
420922113,三里城,镇
420922201,高店,乡
420922202,彭店,乡
420922203,东新,乡
420923100,城关,镇
420923101,义堂,镇
420923102,曾店,镇
420923103,吴铺,镇
420923104,伍洛,镇
420923105,下辛店,镇
420923106,道桥,镇
420923107,隔蒲潭,镇
420923108,胡金店,镇
420923200,倒店,乡
420923201,沙河,乡
420923202,清明河,乡
420981001,城中,街道
420981002,城北,街道
420981003,四里棚,街道
420981004,东马坊,街道
420981005,长江埠,街道
420981100,田店,镇
420981101,杨河,镇
420981102,三合,镇
420981103,郎君,镇
420981105,天鹅,镇
420981106,义和,镇
420981107,陈河,镇
420981108,杨岭,镇
420981109,汤池,镇
420981110,黄滩,镇
420982001,府城,街道
420982002,南城,街道
420982100,赵棚,镇
420982101,李店,镇
420982102,巡店,镇
420982103,棠棣,镇
420982104,雷公,镇
420982105,王义贞,镇
420982106,孛畈,镇
420982107,烟店,镇
420982108,洑水,镇
420982200,陈店,乡
420982201,辛榨,乡
420982202,木梓,乡
420982203,接官,乡
420984001,仙女山,街道
420984002,汈东,街道
420984101,马口,镇
420984102,脉旺,镇
420984103,城隍,镇
420984104,分水,镇
420984105,沉湖,镇
420984106,田二河,镇
420984107,回龙,镇
420984108,新堰,镇
420984109,垌塚,镇
420984110,麻河,镇
420984111,刘家隔,镇
420984112,新河,镇
420984113,庙头,镇
420984114,杨林沟,镇
420984200,西江,乡
420984201,湾潭,乡
420984202,南河,乡
420984203,马鞍,乡
420984204,里潭,乡
420984205,韩集,乡
421002001,中山路,街道
421002002,崇文街,街道
421002003,解放路,街道
421002004,胜利街,街道
421002005,朝阳路,街道
421002006,西湖,街道
421002007,立新,街道
421002008,鱼农桥,街道
421002100,锣场,镇
421002101,岑河,镇
421002102,观音垱,镇
421002103,关沮,镇
421002202,联合,乡
421003001,西城,街道
421003002,东城,街道
421003003,城南,街道
421003004,凤凰,街道
421003005,太湖港,街道
421003100,纪南,镇
421003101,川店,镇
421003102,马山,镇
421003103,八岭山,镇
421003104,李埠,镇
421003105,弥市,镇
421003106,郢城,镇
421022100,埠河,镇
421022101,斗湖堤,镇
421022102,夹竹园,镇
421022103,闸口,镇
421022104,杨家厂,镇
421022105,麻豪口,镇
421022106,藕池,镇
421022107,黄山头,镇
421022108,孟家溪,镇
421022109,南平,镇
421022110,章庄铺,镇
421022111,狮子口,镇
421022112,斑竹垱,镇
421022113,毛家港,镇
421022200,甘家厂,乡
421022201,章田寺,乡
421024100,资市,镇
421024101,滩桥,镇
421024102,熊河,镇
421024103,白马寺,镇
421024104,沙岗,镇
421024105,普济,镇
421024106,郝穴,镇
421024200,马家寨,乡
421024201,秦市,乡
421081001,绣林,街道
421081002,笔架山,街道
421081100,新厂,镇
421081101,横沟市,镇
421081102,小河口,镇
421081103,桃花山,镇
421081104,调关,镇
421081105,东升,镇
421081106,高基庙,镇
421081107,南口,镇
421081108,高陵,镇
421081109,团山寺,镇
421081120,大垸,镇
421081202,久合垸,乡
421083001,新堤,街道
421083004,滨湖,街道
421083100,螺山,镇
421083101,乌林,镇
421083102,龙口,镇
421083103,燕窝,镇
421083104,新滩,镇
421083105,峰口,镇
421083106,曹市,镇
421083107,府场,镇
421083108,戴家场,镇
421083109,瞿家湾,镇
421083110,沙口,镇
421083111,万全,镇
421083112,汊河,镇
421083113,黄家口,镇
421083200,老湾|回族,乡
421087001,新江口,街道
421087002,乐乡,街道
421087101,南海,镇
421087102,八宝,镇
421087103,涴市,镇
421087104,老城,镇
421087105,陈店,镇
421087106,王家桥,镇
421087107,斯家场,镇
421087108,杨林市,镇
421087109,纸厂河,镇
421087110,街河市,镇
421087111,洈水,镇
421087112,刘家场,镇
421087113,沙道观,镇
421087200,万家,乡
421087201,卸甲坪|土家族,乡
421088100,容城,镇
421088101,朱河,镇
421088102,新沟,镇
421088103,龚场,镇
421088104,周老嘴,镇
421088105,黄歇口,镇
421088106,汪桥,镇
421088107,程集,镇
421088108,分盐,镇
421088109,毛市,镇
421088110,福田寺,镇
421088111,上车湾,镇
421088112,汴河,镇
421088113,尺八,镇
421088114,白螺,镇
421088115,网市,镇
421088116,三洲,镇
421088117,桥市,镇
421088200,红城,乡
421088201,棋盘,乡
421088202,柘木,乡
421102001,赤壁,街道
421102002,东湖,街道
421102003,禹王,街道
421102004,南湖,街道
421102005,西湖,街道
421102101,路口,镇
421102102,堵城,镇
421102103,陈策楼,镇
421102200,陶店,乡
421121100,团风,镇
421121101,淋山河,镇
421121102,方高坪,镇
421121103,回龙山,镇
421121104,马曹庙,镇
421121105,上巴河,镇
421121106,总路咀,镇
421121107,但店,镇
421121200,贾庙,乡
421121201,杜皮,乡
421122100,城关,镇
421122101,七里坪,镇
421122102,华家河,镇
421122103,二程,镇
421122104,上新集,镇
421122105,高桥,镇
421122106,觅儿寺,镇
421122107,八里湾,镇
421122108,太平桥,镇
421122109,永佳河,镇
421122200,杏花,乡
421123100,凤山,镇
421123101,骆驼坳,镇
421123103,大河岸,镇
421123104,九资河,镇
421123105,胜利,镇
421123106,河铺,镇
421123107,三里畈,镇
421123108,匡河,镇
421123109,白庙河,镇
421123110,大崎,镇
421123201,白莲河,乡
421123209,平湖,乡
421124100,温泉,镇
421124101,南河,镇
421124102,红山,镇
421124103,金家铺,镇
421124104,石头咀,镇
421124105,草盘地,镇
421124106,雷家店,镇
421124107,杨柳湾,镇
421124200,方家咀,乡
421124201,孔家坊,乡
421124202,陶家河,乡
421125100,清泉,镇
421125101,巴河,镇
421125102,竹瓦,镇
421125103,汪岗,镇
421125104,团陂,镇
421125105,关口,镇
421125106,白莲,镇
421125107,蔡河,镇
421125108,洗马,镇
421125109,丁司垱,镇
421125110,散花,镇
421125111,兰溪,镇
421125200,绿杨,乡
421126100,漕河,镇
421126101,赤东,镇
421126102,蕲州,镇
421126103,管窑,镇
421126104,彭思,镇
421126105,横车,镇
421126106,株林,镇
421126107,刘河,镇
421126108,狮子,镇
421126109,青石,镇
421126110,张塝,镇
421126111,大同,镇
421126112,檀林,镇
421126200,向桥,乡
421127100,黄梅,镇
421127101,孔垄,镇
421127102,小池,镇
421127103,下新,镇
421127104,大河,镇
421127105,停前,镇
421127106,五祖,镇
421127107,濯港,镇
421127108,蔡山,镇
421127109,新开,镇
421127110,独山,镇
421127111,分路,镇
421127200,柳林,乡
421127201,杉木,乡
421127202,苦竹,乡
421127203,刘佐,乡
421181002,鼓楼,街道
421181003,南湖,街道
421181004,龙池桥,街道
421181005,黄金桥,街道
421181100,中馆驿,镇
421181101,宋埠,镇
421181102,歧亭,镇
421181103,白果,镇
421181104,夫子河,镇
421181105,阎家河,镇
421181106,张家畈,镇
421181107,木子店,镇
421181108,盐田河,镇
421181109,三河口,镇
421181110,黄土岗,镇
421181111,福田河,镇
421181112,乘马岗,镇
421181113,顺河,镇
421181114,龟山,镇
421181200,铁门岗,乡
421182001,武穴,街道
421182002,刊江,街道
421182003,田家镇,街道
421182004,万丈湖,街道
421182100,梅川,镇
421182101,余川,镇
421182102,花桥,镇
421182103,大金,镇
421182104,石佛寺,镇
421182105,四望,镇
421182106,大法寺,镇
421182107,龙坪,镇
421202001,温泉,街道
421202002,浮山,街道
421202003,永安,街道
421202100,汀泗桥,镇
421202101,向阳湖,镇
421202102,官埠桥,镇
421202103,横沟桥,镇
421202104,贺胜桥,镇
421202105,双溪桥,镇
421202106,马桥,镇
421202107,桂花,镇
421202108,高桥,镇
421202200,大幕,乡
421221100,陆溪,镇
421221101,高铁岭,镇
421221102,官桥,镇
421221103,鱼岳,镇
421221104,新街,镇
421221105,渡普,镇
421221106,潘家湾,镇
421221107,簰洲湾,镇
421222100,隽水,镇
421222101,麦市,镇
421222102,塘湖,镇
421222103,关刀,镇
421222104,沙堆,镇
421222105,五里,镇
421222106,石南,镇
421222107,北港,镇
421222108,马港,镇
421222200,四庄,乡
421222201,大坪,乡
421223100,天城,镇
421223101,沙坪,镇
421223102,石城,镇
421223103,桂花泉,镇
421223104,白霓,镇
421223105,路口,镇
421223106,金塘,镇
421223107,青山,镇
421223200,肖岭,乡
421223201,铜钟,乡
421223202,港口,乡
421223203,高枧,乡
421224100,通羊,镇
421224101,南林桥,镇
421224102,厦铺,镇
421224103,闯王,镇
421224104,九宫山,镇
421224105,洪港,镇
421224106,大畈,镇
421224108,黄沙铺,镇
421224200,大路,乡
421224201,杨芳林,乡
421224202,燕厦,乡
421224203,慈口,乡
421281001,蒲圻,街道
421281002,陆水湖,街道
421281003,赤马港,街道
421281100,新店,镇
421281101,赵李桥,镇
421281102,茶庵岭,镇
421281103,中伙铺,镇
421281104,官塘驿,镇
421281105,神山,镇
421281106,车埠,镇
421281107,周郎嘴|回族,镇
421281108,柳山湖,镇
421281109,黄盖湖,镇
421281200,余家桥,乡
421303001,西城,街道
421303002,东城,街道
421303003,南郊,街道
421303004,北郊,街道
421303005,涢水,街道
421303100,淅河,镇
421303101,万店,镇
421303122,何店,镇
421303123,洛阳,镇
421303124,府河,镇
421321100,高城,镇
421321101,殷店,镇
421321102,草店,镇
421321103,小林,镇
421321104,淮河,镇
421321105,万和,镇
421321106,尚市,镇
421321107,厉山,镇
421321108,唐县,镇
421321109,吴山,镇
421321110,安居,镇
421321111,新街,镇
421321112,澴潭,镇
421321113,洪山,镇
421321114,长岗,镇
421321115,三里岗,镇
421321116,柳林,镇
421321117,均川,镇
421321118,万福,镇
421381001,应山,街道
421381002,十里,街道
421381003,广水,街道
421381004,城郊,街道
421381100,武胜关,镇
421381101,杨寨,镇
421381102,陈巷,镇
421381104,长岭,镇
421381105,马坪,镇
421381106,关庙,镇
421381107,余店,镇
421381108,吴店,镇
421381109,郝店,镇
421381110,蔡河,镇
421381111,太平,镇
421381112,李店,镇
421381113,骆店,镇
422801001,舞阳坝,街道
422801002,六角亭,街道
422801003,小渡船,街道
422801004,金子坝,街道
422801005,七里坪,街道
422801100,龙凤,镇
422801101,崔家坝,镇
422801102,板桥,镇
422801103,白杨坪,镇
422801104,三岔,镇
422801105,盛家坝,镇
422801201,新塘,乡
422801202,红土,乡
422801203,沙地,乡
422801205,太阳河,乡
422801206,屯堡,乡
422801207,白果,乡
422801208,芭蕉|侗族,乡
422802001,都亭,街道
422802002,东城,街道
422802101,柏杨坝,镇
422802102,汪营,镇
422802103,建南,镇
422802104,忠路,镇
422802105,团堡,镇
422802106,谋道,镇
422802107,毛坝,镇
422802108,文斗,镇
422802200,凉雾,乡
422802201,元堡,乡
422802202,南坪,乡
422802205,沙溪,乡
422822100,业州,镇
422822101,高坪,镇
422822102,红岩寺,镇
422822103,景阳,镇
422822104,官店,镇
422822105,花坪,镇
422822106,长梁,镇
422822201,茅田,乡
422822202,龙坪,乡
422822203,三里,乡
422823100,信陵,镇
422823101,东瀼口,镇
422823102,沿渡河,镇
422823103,官渡口,镇
422823104,茶店子,镇
422823105,绿葱坡,镇
422823106,大支坪,镇
422823107,野三关,镇
422823108,水布垭,镇
422823109,清太坪,镇
422823200,溪丘湾,乡
422823201,金果坪,乡
422825100,珠山,镇
422825101,椒园,镇
422825102,沙道沟,镇
422825103,李家河,镇
422825104,高罗,镇
422825200,万寨,乡
422825201,长潭河|侗族,乡
422825203,晓关|侗族,乡
422825205,椿木营,乡
422826100,高乐山,镇
422826101,朝阳寺,镇
422826102,坪坝营,镇
422826103,忠堡,镇
422826104,清坪,镇
422826105,唐崖,镇
422826106,曲江,镇
422826202,活龙坪,乡
422826203,小村,乡
422826204,黄金洞,乡
422827100,翔凤,镇
422827101,百福司,镇
422827102,大河,镇
422827103,绿水,镇
422827104,旧司,镇
422827105,革勒车,镇
422827201,漫水,乡
422827203,三胡,乡
422828100,容美,镇
422828101,走马,镇
422828102,太平,镇
422828103,燕子,镇
422828104,中营,镇
422828201,铁炉|白族,乡
422828202,五里,乡
422828204,下坪,乡
422828205,邬阳,乡
429004001,沙嘴,街道
429004002,干河,街道
429004003,龙华山,街道
429004004,杜湖,街道
429004101,郑场,镇
429004102,毛嘴,镇
429004103,剅河,镇
429004104,三伏潭,镇
429004105,胡场,镇
429004106,长埫口,镇
429004107,西流河,镇
429004108,沙湖,镇
429004109,杨林尾,镇
429004110,彭场,镇
429004111,张沟,镇
429004112,郭河,镇
429004113,沔城|回族,镇
429004114,通海口,镇
429004115,陈场,镇
429005001,园林,街道
429005002,泽口,街道
429005003,广华寺,街道
429005004,周矶,街道
429005005,杨市,街道
429005006,泰丰,街道
429005007,高场,街道
429005100,竹根滩,镇
429005101,渔洋,镇
429005102,老新,镇
429005103,熊口,镇
429005104,王场,镇
429005105,高石碑,镇
429005106,积玉口,镇
429005107,浩口,镇
429005108,张金,镇
429005109,龙湾,镇
429006001,竟陵,街道
429006002,侯口,街道
429006003,杨林,街道
429006100,多宝,镇
429006101,拖市,镇
429006102,张港,镇
429006103,蒋场,镇
429006104,汪场,镇
429006105,渔薪,镇
429006106,黄潭,镇
429006107,岳口,镇
429006108,横林,镇
429006109,彭市,镇
429006110,麻洋,镇
429006111,多祥,镇
429006112,干驿,镇
429006113,马湾,镇
429006114,卢市,镇
429006115,小板,镇
429006116,九真,镇
429006118,皂市,镇
429006119,胡市,镇
429006120,石家河,镇
429006121,佛子山,镇
429006201,净潭,乡
429021100,松柏,镇
429021101,阳日,镇
429021102,木鱼,镇
429021103,红坪,镇
429021104,新华,镇
429021105,大九湖,镇
429021201,宋洛,乡
429021203,下谷坪|土家族,乡
430102001,文艺路,街道
430102002,朝阳街,街道
430102003,韭菜园,街道
430102008,五里牌,街道
430102009,火星,街道
430102010,马王堆,街道
430102011,东屯渡,街道
430102012,湘湖,街道
430102013,东岸,街道
430102014,荷花园,街道
430102015,马坡岭,街道
430102016,东湖,街道
430102017,定王台,街道
430103002,坡子街,街道
430103004,城南路,街道
430103005,裕南街,街道
430103006,金盆岭,街道
430103007,新开铺,街道
430103008,青园,街道
430103009,桂花坪,街道
430103010,先锋,街道
430103011,赤岭路,街道
430103012,文源,街道
430103013,黑石铺,街道
430103014,大托铺,街道
430103015,暮云,街道
430103016,南托,街道
430104001,望月湖,街道
430104002,岳麓,街道
430104003,桔子洲,街道
430104004,银盆岭,街道
430104005,观沙岭,街道
430104006,望城坡,街道
430104007,西湖,街道
430104008,咸嘉湖,街道
430104009,望岳,街道
430104010,梅溪湖,街道
430104011,麓谷,街道
430104012,坪塘,街道
430104013,含浦,街道
430104014,天顶,街道
430104015,洋湖,街道
430104016,学士,街道
430104017,东方红,街道
430104101,莲花,镇
430104104,雨敞坪,镇
430105001,芙蓉北路,街道
430105002,东风路,街道
430105003,清水塘,街道
430105004,望麓园,街道
430105005,湘雅路,街道
430105006,伍家岭,街道
430105009,新河,街道
430105010,通泰街,街道
430105012,四方坪,街道
430105013,洪山,街道
430105015,捞刀河,街道
430105016,浏阳河,街道
430105017,月湖,街道
430105018,沙坪,街道
430105019,秀峰,街道
430105020,青竹湖,街道
430111001,侯家塘,街道
430111002,左家塘,街道
430111003,圭塘,街道
430111004,砂子塘,街道
430111005,东塘,街道
430111006,雨花亭,街道
430111007,高桥,街道
430111008,井湾子,街道
430111009,洞井,街道
430111010,黎托,街道
430111011,同升,街道
430111012,东山,街道
430111100,跳马,镇
430112001,高塘岭,街道
430112006,白沙洲,街道
430112007,大泽湖,街道
430112008,月亮岛,街道
430112009,丁字湾,街道
430112011,金山桥,街道
430112012,黄金园,街道
430112014,铜官,街道
430112015,乌山,街道
430112016,雷锋,街道
430112017,白马,街道
430112101,桥驿,镇
430112103,茶亭,镇
430112106,靖港,镇
430112107,乔口,镇
430112115,白箬铺,镇
430121001,星沙,街道
430121002,湘龙,街道
430121003,泉塘,街道
430121004,㮾梨,街道
430121005,长龙,街道
430121102,黄兴,镇
430121104,江背,镇
430121105,黄花,镇
430121106,春华,镇
430121107,果园,镇
430121108,路口,镇
430121109,高桥,镇
430121110,金井,镇
430121111,福临,镇
430121112,青山铺,镇
430121113,安沙,镇
430121114,北山,镇
430121117,开慧,镇
430181001,淮川,街道
430181002,集里,街道
430181003,荷花,街道
430181004,关口,街道
430181100,沙市,镇
430181101,淳口,镇
430181102,社港,镇
430181103,大围山,镇
430181104,官渡,镇
430181105,张坊,镇
430181106,达浒,镇
430181107,沿溪,镇
430181108,古港,镇
430181109,永和,镇
430181110,大瑶,镇
430181111,金刚,镇
430181112,文家市,镇
430181114,枨冲,镇
430181115,镇头,镇
430181116,普迹,镇
430181117,永安,镇
430181118,北盛,镇
430181120,龙伏,镇
430181121,澄潭江,镇
430181122,中和,镇
430181123,柏加,镇
430181124,洞阳,镇
430181125,高坪,镇
430181127,官桥,镇
430181128,葛家,镇
430181132,蕉溪,镇
430181201,小河,乡
430182001,玉潭,街道
430182002,城郊,街道
430182003,白马桥,街道
430182004,历经铺,街道
430182101,道林,镇
430182102,花明楼,镇
430182103,东湖塘,镇
430182104,夏铎铺,镇
430182105,双江口,镇
430182106,煤炭坝,镇
430182107,坝塘,镇
430182109,灰汤,镇
430182110,双凫铺,镇
430182111,老粮仓,镇
430182112,流沙河,镇
430182113,巷子口,镇
430182114,龙田,镇
430182115,黄材,镇
430182116,横市,镇
430182117,回龙铺,镇
430182118,大成桥,镇
430182119,青山桥,镇
430182120,金洲,镇
430182121,大屯营,镇
430182122,资福,镇
430182203,菁华铺,乡
430182209,喻家坳,乡
430182211,沩山,乡
430182213,沙田,乡
430202001,月塘,街道
430202002,茨菇塘,街道
430202003,宋家桥,街道
430202004,金山,街道
430202005,桂花,街道
430202006,明照,街道
430202100,仙庾,镇
430203001,贺家土,街道
430203002,建设,街道
430203003,建宁,街道
430203004,董家塅,街道
430203005,庆云,街道
430203006,龙泉,街道
430203007,枫溪,街道
430203100,白关,镇
430204001,田心,街道
430204002,响石岭,街道
430204003,清水塘,街道
430204004,铜塘湾,街道
430204005,井龙,街道
430204006,学林,街道
430204007,龙头铺,街道
430204101,云田,镇
430211001,嵩山路,街道
430211002,泰山路,街道
430211003,栗雨,街道
430211004,马家河,街道
430211101,群丰,镇
430211102,雷打石,镇
430211103,三门,镇
430212001,伏波,街道
430212101,朱亭,镇
430212102,淦田,镇
430212103,古岳峰,镇
430212104,南洲,镇
430212105,龙潭,镇
430212106,龙船,镇
430212112,漂沙井,镇
430223003,春联,街道
430223004,谭桥,街道
430223005,联星,街道
430223006,江桥,街道
430223102,酒埠江,镇
430223103,桃水,镇
430223104,鸾山,镇
430223108,丫江桥,镇
430223109,渌田,镇
430223115,石羊塘,镇
430223119,皇图岭,镇
430223120,菜花坪,镇
430223121,莲塘坳,镇
430223122,黄丰桥,镇
430223123,新市,镇
430223124,宁家坪,镇
430223125,网岭,镇
430224001,云阳,街道
430224002,思聪,街道
430224003,洣江,街道
430224004,下东,街道
430224101,界首,镇
430224102,严塘,镇
430224103,湖口,镇
430224105,马江,镇
430224106,高陇,镇
430224109,虎踞,镇
430224111,枣市,镇
430224112,火田,镇
430224113,秩堂,镇
430224114,腰潞,镇
430224201,桃坑,乡
430224203,舲舫,乡
430225100,霞阳,镇
430225101,沔渡,镇
430225102,十都,镇
430225103,水口,镇
430225105,鹿原,镇
430225200,垄溪,乡
430225202,策源,乡
430225203,下村,乡
430225207,船形,乡
430225208,中村|瑶族,乡
430281002,阳三石,街道
430281006,来龙门,街道
430281008,仙岳山,街道
430281009,国瓷,街道
430281010,长庆,街道
430281102,白兔潭,镇
430281103,浦口,镇
430281105,王仙,镇
430281106,东富,镇
430281107,泗汾,镇
430281108,沈潭,镇
430281109,船湾,镇
430281116,均楚,镇
430281117,石亭,镇
430281120,李畋,镇
430281121,明月,镇
430281122,茶山,镇
430281123,左权,镇
430281124,枫林,镇
430281125,沩山,镇
430281126,孙家湾,镇
430281127,嘉树,镇
430281128,板杉,镇
430281129,官庄,镇
430281604,王坊,镇
430302001,雨湖路,街道
430302002,城正街,街道
430302004,云塘,街道
430302005,广场,街道
430302007,窑湾,街道
430302009,昭潭,街道
430302010,先锋,街道
430302011,万楼,街道
430302012,和平,街道
430302013,九华,街道
430302100,鹤岭,镇
430302101,楠竹山,镇
430302102,姜畲,镇
430302202,长城,乡
430302205,响水,乡
430304001,岳塘,街道
430304002,东坪,街道
430304004,书院路,街道
430304005,下摄司,街道
430304006,建设路,街道
430304008,五里堆,街道
430304010,宝塔,街道
430304012,霞城,街道
430304013,荷塘,街道
430304014,板塘,街道
430304015,双马,街道
430304101,昭山,镇
430321100,易俗河,镇
430321102,谭家山,镇
430321103,中路铺,镇
430321104,茶恩寺,镇
430321105,河口,镇
430321106,射埠,镇
430321107,花石,镇
430321108,青山桥,镇
430321109,石鼓,镇
430321111,云湖桥,镇
430321112,石潭,镇
430321113,杨嘉桥,镇
430321114,乌石,镇
430321115,白石,镇
430321202,分水,乡
430321203,排头,乡
430321205,锦石,乡
430381001,望春门,街道
430381002,新湘路,街道
430381003,昆仑桥,街道
430381004,东山,街道
430381100,山枣,镇
430381101,栗山,镇
430381102,中沙,镇
430381103,虞唐,镇
430381104,潭市,镇
430381105,棋梓,镇
430381106,壶天,镇
430381107,翻江,镇
430381108,金石,镇
430381109,白田,镇
430381110,月山,镇
430381111,泉塘,镇
430381112,梅桥,镇
430381113,毛田,镇
430381114,龙洞,镇
430381200,东郊,乡
430381202,金薮,乡
430381203,育塅,乡
430382100,清溪,镇
430382101,银田,镇
430382200,韶山,乡
430382203,杨林,乡
430405001,广东路,街道
430405002,东风,街道
430405003,冶金,街道
430405004,苗圃,街道
430405005,粤汉,街道
430405007,衡州路,街道
430405008,东阳渡,街道
430405100,茶山坳,镇
430405200,和平,乡
430405201,酃湖,乡
430406001,先锋,街道
430406002,雁峰,街道
430406003,天马山,街道
430406004,黄茶岭,街道
430406005,白沙洲,街道
430406006,金龙坪,街道
430406100,岳屏,镇
430407001,人民路,街道
430407002,青山,街道
430407003,潇湘,街道
430407004,五一,街道
430407005,合江,街道
430407006,黄沙湾,街道
430407007,金源,街道
430407101,角山,镇
430408002,红湘,街道
430408003,华兴,街道
430408004,联合,街道
430408005,蒸湘,街道
430408100,呆鹰岭,镇
430408101,雨母山,镇
430412001,祝融,街道
430412100,南岳,镇
430412203,寿岳,乡
430421100,西渡,镇
430421101,集兵,镇
430421103,杉桥,镇
430421104,井头,镇
430421105,演陂,镇
430421106,金兰,镇
430421107,洪市,镇
430421108,曲兰,镇
430421109,金溪,镇
430421110,界牌,镇
430421111,渣江,镇
430421112,三湖,镇
430421113,台源,镇
430421114,关市,镇
430421115,库宗桥,镇
430421116,岘山,镇
430421117,石市,镇
430421200,樟木,乡
430421201,岣嵝,乡
430421205,栏垅,乡
430421207,大安,乡
430421208,溪江,乡
430421210,长安,乡
430421211,板市,乡
430421212,樟树,乡
430422001,云集,街道
430422002,车江,街道
430422003,向阳桥,街道
430422103,茶市,镇
430422104,冠市,镇
430422105,江口,镇
430422106,宝盖,镇
430422108,铁丝塘,镇
430422109,泉溪,镇
430422110,洪山,镇
430422112,谭子山,镇
430422114,泉湖,镇
430422115,柞市,镇
430422116,茅市,镇
430422117,硫市,镇
430422118,栗江,镇
430422119,近尾洲,镇
430422121,咸塘,镇
430422122,松江,镇
430422124,三塘,镇
430422125,花桥,镇
430422127,岐山,镇
430422200,相市,乡
430423104,长江,镇
430423105,新桥,镇
430423107,店门,镇
430423108,东湖,镇
430423109,白果,镇
430423110,萱洲,镇
430423111,开云,镇
430423201,永和,乡
430423203,福田铺,乡
430423207,贯塘,乡
430423208,江东,乡
430423209,岭坡,乡
430424101,石湾,镇
430424102,新塘,镇
430424103,大浦,镇
430424104,吴集,镇
430424105,甘溪,镇
430424106,杨林,镇
430424107,草市,镇
430424108,杨桥,镇
430424109,霞流,镇
430424110,荣桓,镇
430424111,高湖,镇
430424112,白莲,镇
430424114,蓬源,镇
430424115,洣水,镇
430424117,三樟,镇
430424204,南湾,乡
430424211,石滩,乡
430426001,洪桥,街道
430426002,玉合,街道
430426003,永昌,街道
430426004,白鹤,街道
430426102,金桥,镇
430426103,鸟江,镇
430426104,粮市,镇
430426105,河洲,镇
430426106,归阳,镇
430426107,过水坪,镇
430426108,双桥,镇
430426109,灵官,镇
430426110,风石堰,镇
430426111,白地市,镇
430426112,黄土铺,镇
430426113,石亭子,镇
430426114,官家嘴,镇
430426115,步云桥,镇
430426116,砖塘,镇
430426117,蒋家桥,镇
430426118,太和堂,镇
430426200,马杜桥,乡
430426201,凤歧坪,乡
430426202,城连墟,乡
430481001,蔡子池,街道
430481002,灶市街,街道
430481003,水东江,街道
430481004,五里牌,街道
430481006,三架,街道
430481007,余庆,街道
430481100,黄市,镇
430481101,小水,镇
430481102,公平圩,镇
430481104,三都,镇
430481105,南阳,镇
430481107,夏塘,镇
430481108,龙塘,镇
430481109,哲桥,镇
430481110,永济,镇
430481111,遥田,镇
430481112,新市,镇
430481113,淝田,镇
430481114,仁义,镇
430481115,南京,镇
430481116,大市,镇
430481117,导子,镇
430481118,马水,镇
430481119,大义,镇
430481120,东湖圩,镇
430481201,亮源,乡
430481203,太平圩,乡
430481213,长坪,乡
430481214,大和圩,乡
430481215,坛下,乡
430482001,泉峰,街道
430482002,培元,街道
430482003,宜阳,街道
430482005,曲潭,街道
430482101,柏坊,镇
430482103,烟洲,镇
430482104,荫田,镇
430482105,白沙,镇
430482106,西岭,镇
430482108,三角塘,镇
430482109,洋泉,镇
430482110,庙前,镇
430482111,罗桥,镇
430482112,板桥,镇
430482113,胜桥,镇
430482114,官岭,镇
430482115,新河,镇
430482116,水口山,镇
430482201,蓬塘,乡
430482202,兰江,乡
430482203,大堡,乡
430482206,塔山|瑶族,乡
430502001,兴隆,街道
430502002,龙须塘,街道
430502003,汽车站,街道
430502004,小江湖,街道
430502005,东风路,街道
430502006,桥头,街道
430502007,滨江,街道
430502008,石桥,街道
430502009,爱莲,街道
430502100,高崇山,镇
430502101,渡头桥,镇
430502202,火车站,乡
430502600,城东,乡
430503001,中心路,街道
430503002,红旗路,街道
430503003,城北路,街道
430503004,城西,街道
430503005,翠园,街道
430503006,百春园,街道
430503007,城南,街道
430503008,火车南站,街道
430503009,学院路,街道
430503010,雨溪,街道
430503011,檀江,街道
430503101,罗市,镇
430503203,蔡锷,乡
430503204,板桥,乡
430511001,新滩镇,街道
430511002,状元洲,街道
430511003,茶元头,街道
430511004,田江,街道
430511101,陈家桥,镇
430522100,酿溪,镇
430522101,严塘,镇
430522102,雀塘,镇
430522103,陈家坊,镇
430522104,潭溪,镇
430522105,寸石,镇
430522106,坪上,镇
430522107,龙溪铺,镇
430522108,巨口铺,镇
430522109,新田铺,镇
430522110,小塘,镇
430522111,太芝庙,镇
430522112,大新,镇
430522200,潭府,乡
430522203,迎光,乡
430523100,塘渡口,镇
430523101,白仓,镇
430523102,金称市,镇
430523103,塘田市,镇
430523104,黄亭市,镇
430523105,长阳铺,镇
430523106,岩口铺,镇
430523107,九公桥,镇
430523108,下花桥,镇
430523109,谷洲,镇
430523110,郦家坪,镇
430523111,五峰铺,镇
430523112,小溪市,镇
430523203,长乐,乡
430523204,蔡桥,乡
430523205,河伯,乡
430523206,黄荆,乡
430523207,诸甲亭,乡
430523208,罗城,乡
430523209,金江,乡
430524001,桃花坪,街道
430524002,花门,街道
430524101,小沙江,镇
430524102,金石桥,镇
430524103,司门前,镇
430524104,高平,镇
430524105,六都寨,镇
430524106,荷香桥,镇
430524107,横板桥,镇
430524108,周旺,镇
430524109,滩头,镇
430524110,鸭田,镇
430524111,西洋江,镇
430524113,岩口,镇
430524114,北山,镇
430524115,三阁司,镇
430524116,七江,镇
430524117,南岳庙,镇
430524118,罗洪,镇
430524119,羊古坳,镇
430524200,麻塘山,乡
430524201,虎形山|瑶族,乡
430524203,大水田,乡
430524207,荷田,乡
430524212,山界|回族,乡
430524600,桃洪,镇
430524608,石门,乡
430524612,雨山铺,镇
430525001,文昌,街道
430525002,雪峰,街道
430525003,花古,街道
430525101,江口,镇
430525102,毓兰,镇
430525103,高沙,镇
430525104,竹市,镇
430525105,石江,镇
430525106,黄桥,镇
430525107,山门,镇
430525108,醪田,镇
430525109,花园,镇
430525110,岩山,镇
430525111,水东,镇
430525112,杨林,镇
430525113,石柱,镇
430525114,月溪,镇
430525201,古楼,乡
430525202,长塘|瑶族,乡
430525203,𦰡溪|瑶族,乡
430525205,渣坪,乡
430525211,桐山,乡
430525212,大屋|瑶族,乡
430527100,长铺,镇
430527101,武阳,镇
430527102,李熙桥,镇
430527103,红岩,镇
430527104,唐家坊,镇
430527105,金屋塘,镇
430527106,瓦屋塘,镇
430527107,黄土矿,镇
430527200,东山|侗族,乡
430527201,鹅公岭|侗族|苗族,乡
430527203,寨市|苗族|侗族,乡
430527204,乐安铺|苗族|侗族,乡
430527206,关峡|苗族,乡
430527207,长铺子|苗族|侗族,乡
430527210,麻塘|苗族|瑶族,乡
430527212,河口|苗族,乡
430527217,水口,乡
430528101,水庙,镇
430528102,崀山,镇
430528104,黄龙,镇
430528105,高桥,镇
430528106,回龙寺,镇
430528107,一渡水,镇
430528108,马头桥,镇
430528109,金石,镇
430528200,黄金|瑶族,乡
430528201,麻林|瑶族,乡
430528203,万塘,乡
430528204,清江桥,乡
430528205,安山,乡
430528206,丰田,乡
430528208,巡田,乡
430528209,靖位,乡
430529100,儒林,镇
430529101,茅坪,镇
430529102,西岩,镇
430529103,丹口,镇
430529104,五团,镇
430529106,长安营,镇
430529107,白毛坪,镇
430529200,威溪,乡
430529203,兰蓉,乡
430529204,汀坪,乡
430529205,蒋坊,乡
430529206,金紫,乡
430581001,辕门口,街道
430581002,迎春亭,街道
430581003,法相岩,街道
430581004,水西门,街道
430581100,邓元泰,镇
430581101,湾头桥,镇
430581102,文坪,镇
430581103,荆竹铺,镇
430581104,稠树塘,镇
430581105,邓家铺,镇
430581106,龙溪,镇
430581107,司马冲,镇
430581108,秦桥,镇
430581109,大甸,镇
430581110,双牌,镇
430581204,马坪,乡
430581205,晏田,乡
430581207,水浸坪,乡
430582001,两市塘,街道
430582002,宋家塘,街道
430582003,大禾塘,街道
430582101,牛马司,镇
430582102,廉桥,镇
430582103,火厂坪,镇
430582104,仙槎桥,镇
430582105,佘田桥,镇
430582106,砂石,镇
430582107,团山,镇
430582108,灵官殿,镇
430582109,九龙岭,镇
430582110,流光岭,镇
430582111,流泽,镇
430582112,魏家桥,镇
430582113,杨桥,镇
430582114,水东江,镇
430582115,野鸡坪,镇
430582116,黑田铺,镇
430582117,简家陇,镇
430582118,界岭,镇
430582201,双凤,乡
430582202,周官桥,乡
430582203,堡面前,乡
430582204,斫𥕢,乡
430602001,岳阳楼,街道
430602002,三眼桥,街道
430602003,吕仙亭,街道
430602004,金鹗山,街道
430602005,东茅岭,街道
430602006,五里牌,街道
430602007,望岳路,街道
430602008,城陵矶,街道
430602009,枫桥湖,街道
430602010,奇家岭,街道
430602012,洛王,街道
430602014,站前路,街道
430602015,王家河,街道
430602016,湖滨,街道
430602017,南湖,街道
430602018,求索,街道
430602020,梅溪,街道
430602100,西塘,镇
430602201,郭镇,乡
430602202,康王,乡
430603001,长岭,街道
430603002,云溪,街道
430603003,松杨湖,街道
430603101,陆城,镇
430603102,路口,镇
430611002,柳林洲,街道
430611101,广兴洲,镇
430611102,许市,镇
430611103,钱粮湖,镇
430611104,良心堡,镇
430621001,荣家湾,街道
430621002,麻塘,街道
430621104,黄沙街,镇
430621105,新墙,镇
430621106,柏祥,镇
430621107,筻口,镇
430621108,公田,镇
430621109,毛田,镇
430621110,月田,镇
430621111,张谷英,镇
430621112,新开,镇
430621113,步仙,镇
430621114,杨林街,镇
430621202,中洲,乡
430621203,长湖,乡
430623101,三封寺,镇
430623102,治河渡,镇
430623103,北景港,镇
430623104,鲇鱼须,镇
430623106,万庾,镇
430623109,梅田湖,镇
430623110,插旗,镇
430623111,注滋口,镇
430623112,操军,镇
430623113,东山,镇
430623114,章华,镇
430623115,禹山,镇
430623201,新河,乡
430623207,团洲,乡
430624001,文星,街道
430624101,东塘,镇
430624104,樟树,镇
430624105,鹤龙湖,镇
430624107,新泉,镇
430624111,南湖洲,镇
430624114,岭北,镇
430624115,湘滨,镇
430624117,三塘,镇
430624120,静河,镇
430624124,石塘,镇
430624125,洋沙湖,镇
430624126,金龙,镇
430624201,六塘,乡
430624217,杨林寨,乡
430626001,汉昌,街道
430626002,天岳,街道
430626101,安定,镇
430626102,三市,镇
430626103,加义,镇
430626104,长寿,镇
430626105,龙门,镇
430626106,虹桥,镇
430626107,南江,镇
430626108,梅仙,镇
430626109,浯口,镇
430626110,瓮江,镇
430626111,伍市,镇
430626112,向家,镇
430626113,童市,镇
430626114,岑川,镇
430626115,福寿山,镇
430626116,上塔市,镇
430626117,石牛寨,镇
430626118,余坪,镇
430626200,三阳,乡
430626205,木金,乡
430626208,板江,乡
430626209,大洲,乡
430626211,三墩,乡
430681001,天问,街道
430681002,归义,街道
430681003,新市,街道
430681101,汨罗,镇
430681103,古培,镇
430681104,白水,镇
430681105,川山坪,镇
430681107,弼时,镇
430681111,大荆,镇
430681112,桃林寺,镇
430681113,三江,镇
430681118,屈子祠,镇
430681119,白塘,镇
430681120,河市,镇
430681121,营田,镇
430681124,罗江,镇
430681126,神鼎山,镇
430681127,长乐,镇
430681215,凤凰,乡
430682001,长安,街道
430682003,桃矿,街道
430682004,五里牌,街道
430682006,云湖,街道
430682101,忠防,镇
430682103,聂市,镇
430682105,江南,镇
430682106,羊楼司,镇
430682107,桃林,镇
430682108,长塘,镇
430682109,白羊田,镇
430682110,詹桥,镇
430682113,黄盖,镇
430682114,坦渡,镇
430702001,启明,街道
430702002,府坪,街道
430702003,穿紫河,街道
430702004,丹阳,街道
430702005,白马湖,街道
430702006,长庚,街道
430702007,南坪,街道
430702008,东江,街道
430702009,永安,街道
430702010,芙蓉,街道
430702011,芷兰,街道
430702012,德山,街道
430702013,柳叶湖,街道
430702014,七里桥,街道
430702015,樟木桥,街道
430702100,河洑,镇
430702104,白鹤,镇
430702200,芦荻山,乡
430702204,丹洲,乡
430703001,玉霞,街道
430703002,红云,街道
430703003,郭家铺,街道
430703004,斗姆湖,街道
430703005,金凤,街道
430703006,龙泉,街道
430703007,灌溪,街道
430703101,蒿子港,镇
430703102,中河口,镇
430703103,十美堂,镇
430703104,牛鼻滩,镇
430703105,韩公渡,镇
430703106,石公桥,镇
430703107,镇德桥,镇
430703108,周家店,镇
430703110,双桥坪,镇
430703112,蔡家岗,镇
430703114,草坪,镇
430703116,谢家铺,镇
430703117,黄土店,镇
430703118,尧天坪,镇
430703119,花岩溪,镇
430703121,石板滩,镇
430703122,石门桥,镇
430703123,祝丰,镇
430703204,许家桥|回族|维吾尔族,乡
430721100,深柳,镇
430721102,黄山头,镇
430721105,下渔口,镇
430721108,大鲸港,镇
430721109,官垱,镇
430721110,陈家嘴,镇
430721111,三岔河,镇
430721112,大湖口,镇
430721201,安障,乡
430721205,安全,乡
430721208,安丰,乡
430721210,安康,乡
430722001,辰阳,街道
430722002,龙阳,街道
430722003,沧浪,街道
430722004,株木山,街道
430722101,蒋家嘴,镇
430722102,岩汪湖,镇
430722103,坡头,镇
430722104,酉港,镇
430722105,洲口,镇
430722106,罐头嘴,镇
430722107,沧港,镇
430722108,朱家铺,镇
430722109,太子庙,镇
430722111,崔家桥,镇
430722112,军山铺,镇
430722113,百禄桥,镇
430722114,西湖,镇
430722115,洋淘湖,镇
430722116,丰家铺,镇
430722117,龙潭桥,镇
430722205,聂家桥,乡
430722206,毛家滩|回族|维吾尔族,乡
430722217,西洲,乡
430723001,澧西,街道
430723002,澧阳,街道
430723003,澧浦,街道
430723004,澧澹,街道
430723101,城头山,镇
430723102,小渡口,镇
430723103,梦溪,镇
430723104,复兴,镇
430723105,盐井,镇
430723107,大堰垱,镇
430723108,王家厂,镇
430723109,金罗,镇
430723110,码头铺,镇
430723112,甘溪滩,镇
430723113,火连坡,镇
430723114,澧南,镇
430723115,如东,镇
430723116,涔南,镇
430723117,官垸,镇
430723311,方石坪,镇
430723601,张公庙,镇
430723612,车溪,乡
430723613,中武,乡
430724001,安福,街道
430724002,望城,街道
430724101,合口,镇
430724102,新安,镇
430724103,佘市桥,镇
430724104,太浮,镇
430724105,四新岗,镇
430724106,停弦渡,镇
430724107,修梅,镇
430724204,烽火,乡
430724209,刻木山,乡
430725001,漳江,街道
430725002,浔阳,街道
430725101,陬市,镇
430725102,盘塘,镇
430725103,热市,镇
430725104,黄石,镇
430725105,漆河,镇
430725106,理公港,镇
430725107,观音寺,镇
430725108,龙潭,镇
430725109,三阳港,镇
430725110,剪市,镇
430725111,茶庵铺,镇
430725112,西安,镇
430725113,沙坪,镇
430725114,桃花源,镇
430725115,架桥,镇
430725116,马鬃岭,镇
430725117,夷望溪,镇
430725118,杨溪桥,镇
430725119,郑家驿,镇
430725120,双溪口,镇
430725121,牛车河,镇
430725122,九溪,镇
430725123,木塘垸,镇
430725124,佘家坪,镇
430725200,青林|回族|维吾尔族,乡
430725202,枫树|维吾尔族|回族,乡
430725216,泥窝潭,乡
430726001,楚江,街道
430726002,永兴,街道
430726003,宝峰,街道
430726004,二都,街道
430726101,蒙泉,镇
430726102,夹山,镇
430726103,易家渡,镇
430726104,新关,镇
430726105,皂市,镇
430726106,维新,镇
430726107,太平,镇
430726108,磨市,镇
430726109,壶瓶山,镇
430726110,南北,镇
430726111,白云,镇
430726112,子良,镇
430726113,新铺,镇
430726203,三圣,乡
430726205,所街,乡
430726206,雁池,乡
430726207,罗坪,乡
430781001,三洲驿,街道
430781002,汪家桥,街道
430781003,襄阳街,街道
430781004,金鱼岭,街道
430781005,嘉山,街道
430781100,新洲,镇
430781101,药山,镇
430781102,毛里湖,镇
430781103,白衣,镇
430802001,永定,街道
430802002,大庸桥,街道
430802003,西溪坪,街道
430802004,官黎坪,街道
430802005,崇文,街道
430802006,南庄坪,街道
430802100,新桥,镇
430802101,茅岩河,镇
430802102,教字垭,镇
430802103,天门山,镇
430802104,沅古坪,镇
430802105,尹家溪,镇
430802108,王家坪,镇
430802201,三家馆,乡
430802204,合作桥,乡
430802206,谢家垭,乡
430802208,罗塔坪,乡
430802209,罗水,乡
430802210,桥头,乡
430802212,四都坪,乡
430811004,军地坪,街道
430811005,锣鼓塔,街道
430811201,协合,乡
430811202,中湖,乡
430821001,零阳,街道
430821002,金慈,街道
430821100,零阳,镇
430821101,岩泊渡,镇
430821102,溪口,镇
430821103,东岳观,镇
430821104,通津铺,镇
430821105,杉木桥,镇
430821106,象市,镇
430821107,江垭,镇
430821108,苗市,镇
430821110,高桥,镇
430821112,广福桥,镇
430821113,零溪,镇
430821114,二坊坪,镇
430821115,三合,镇
430821116,龙潭河,镇
430821200,南山坪,乡
430821202,洞溪,乡
430821209,杨柳铺,乡
430821211,三官寺|土家族,乡
430821212,高峰|土家族,乡
430821213,许家坊|土家族,乡
430821214,金岩|土家族,乡
430821215,赵家岗|土家族,乡
430821217,阳和|土家族,乡
430821218,甘堰|土家族,乡
430821601,宜冲桥,乡
430822100,澧源,镇
430822101,瑞塔铺,镇
430822102,官地坪,镇
430822103,凉水口,镇
430822104,龙潭坪,镇
430822105,五道水,镇
430822106,陈家河,镇
430822107,廖家村,镇
430822108,利福塔,镇
430822109,人潮溪,镇
430822110,八大公山,镇
430822111,桥自弯,镇
430822200,空壳树,乡
430822202,竹叶坪,乡
430822203,走马坪|白族,乡
430822207,刘家坪|白族,乡
430822208,芙蓉桥|白族,乡
430822210,马合口|白族,乡
430822213,洪家关|白族,乡
430822216,沙塔坪,乡
430822224,河口,乡
430822225,上河溪,乡
430822228,上洞街,乡
430822606,白石,乡
430822609,麦地坪|白族,乡
430822615,谷罗山,乡
430822622,蹇家坡,乡
430902001,大码头,街道
430902003,汽车路,街道
430902100,长春,镇
430902101,新桥河,镇
430902102,迎风桥,镇
430902104,沙头,镇
430902105,茈湖口,镇
430902203,张家塞,乡
430903001,赫山,街道
430903002,桃花仑,街道
430903003,金银山,街道
430903004,会龙山,街道
430903005,鱼形山,街道
430903006,龙光桥,街道
430903007,朝阳,街道
430903100,兰溪,镇
430903101,八字哨,镇
430903103,泉交河,镇
430903104,欧江岔,镇
430903105,沧水铺,镇
430903106,衡龙桥,镇
430903107,岳家桥,镇
430903108,泥江口,镇
430903110,新市渡,镇
430903111,谢林港,镇
430903203,笔架山,乡
430921100,南洲,镇
430921101,华阁,镇
430921102,明山头,镇
430921103,青树嘴,镇
430921104,三仙湖,镇
430921105,茅草街,镇
430921106,厂窖,镇
430921107,武圣宫,镇
430921108,麻河口,镇
430921125,浪拔湖,镇
430921126,中鱼口,镇
430921127,金盆,镇
430921128,北洲子,镇
430921129,河坝,镇
430921201,乌嘴,乡
430922100,桃花江,镇
430922101,修山,镇
430922102,三堂街,镇
430922103,鸬鹚渡,镇
430922104,大栗港,镇
430922105,武潭,镇
430922106,马迹塘,镇
430922107,石牛江,镇
430922108,牛田,镇
430922109,松木塘,镇
430922111,灰山港,镇
430922112,沾溪,镇
430922119,高桥,镇
430922202,浮邱山,乡
430922208,鲊埠|回族,乡
430923100,东坪,镇
430923101,清塘铺,镇
430923102,梅城,镇
430923103,仙溪,镇
430923104,大福,镇
430923105,长塘,镇
430923106,小淹,镇
430923107,江南,镇
430923108,羊角塘,镇
430923109,冷市,镇
430923110,马路,镇
430923111,奎溪,镇
430923112,烟溪,镇
430923113,渠江,镇
430923114,平口,镇
430923115,柘溪,镇
430923116,乐安,镇
430923117,滔溪,镇
430923123,龙塘,镇
430923200,高明,乡
430923209,田庄,乡
430923211,南金,乡
430923212,古楼,乡
430981006,琼湖,街道
430981007,胭脂湖,街道
430981100,南大膳,镇
430981101,黄茅洲,镇
430981102,四季红,镇
430981103,阳罗洲,镇
430981104,草尾,镇
430981105,泗湖山,镇
430981106,共华,镇
430981107,南嘴,镇
430981108,新湾,镇
430981110,茶盘洲,镇
430981111,千山红,镇
430981309,三眼塘,镇
430981609,万子湖,乡
431002001,人民路,街道
431002002,北湖,街道
431002003,燕泉,街道
431002004,下湄桥,街道
431002005,郴江,街道
431002006,骆仙,街道
431002007,增福,街道
431002008,涌泉,街道
431002009,石盖塘,街道
431002010,安和,街道
431002101,华塘,镇
431002102,鲁塘,镇
431002209,仰天湖|瑶族,乡
431002210,保和|瑶族,乡
431003001,苏仙岭,街道
431003002,南塔,街道
431003003,白鹿洞,街道
431003004,王仙岭,街道
431003005,卜里坪,街道
431003006,观山洞,街道
431003101,白露塘,镇
431003102,良田,镇
431003103,栖凤渡,镇
431003104,坳上,镇
431003108,五盖山,镇
431003110,五里牌,镇
431003111,许家洞,镇
431003112,飞天山,镇
431021001,龙潭,街道
431021002,鹿峰,街道
431021003,黄沙坪,街道
431021102,仁义,镇
431021103,太和,镇
431021104,洋市,镇
431021105,和平,镇
431021106,流峰,镇
431021107,塘市,镇
431021108,莲塘,镇
431021110,荷叶,镇
431021111,方元,镇
431021112,樟市,镇
431021113,敖泉,镇
431021114,正和,镇
431021116,舂陵江,镇
431021122,雷坪,镇
431021123,四里,镇
431021124,欧阳海,镇
431021125,浩塘,镇
431021209,桥市,乡
431021226,白水|瑶族,乡
431022101,白石渡,镇
431022104,梅田,镇
431022106,黄沙,镇
431022107,迎春,镇
431022108,一六,镇
431022109,栗源,镇
431022110,岩泉,镇
431022111,玉溪,镇
431022112,瑶岗仙,镇
431022113,杨梅山,镇
431022114,笆篱,镇
431022115,五岭,镇
431022116,里田,镇
431022117,天塘,镇
431022201,浆水,乡
431022202,长村,乡
431022205,莽山|瑶族,乡
431022208,关溪,乡
431022212,赤石,乡
431023001,便江,街道
431023002,湘阴渡,街道
431023101,马田,镇
431023104,金龟,镇
431023105,柏林,镇
431023106,鲤鱼塘,镇
431023108,悦来,镇
431023111,黄泥,镇
431023112,樟树,镇
431023113,太和,镇
431023115,油麻,镇
431023116,高亭司,镇
431023203,洋塘,乡
431023214,大布江,乡
431023215,龙形市,乡
431023216,七甲,乡
431023607,油市,镇
431024102,塘村,镇
431024103,袁家,镇
431024104,行廊,镇
431024106,龙潭,镇
431024107,石桥,镇
431024108,珠泉,镇
431024110,坦坪,镇
431024111,广发,镇
431024120,晋屏,镇
431024201,普满,乡
431025101,金江,镇
431025105,南强,镇
431025109,麦市,镇
431025110,楚江,镇
431025111,香花,镇
431025112,舜峰,镇
431025113,汾市,镇
431025114,水东,镇
431025115,武水,镇
431025208,花塘,乡
431025211,万水,乡
431025214,镇南,乡
431025217,西山|瑶族,乡
431026102,热水,镇
431026104,泉水,镇
431026106,大坪,镇
431026107,三江口,镇
431026108,卢阳,镇
431026110,马桥,镇
431026111,暖水,镇
431026112,土桥,镇
431026113,井坡,镇
431026207,南洞,乡
431026209,濠头,乡
431026215,集益,乡
431026216,延寿|瑶族,乡
431026217,文明|瑶族,乡
431027101,沙田,镇
431027102,清泉,镇
431027103,大塘,镇
431027104,四都,镇
431027105,沤江,镇
431027106,寨前,镇
431027107,普乐,镇
431027200,桥头,乡
431027208,新坊,乡
431027210,东洛,乡
431027213,青山,乡
431028101,安平,镇
431028102,龙海,镇
431028105,灵官,镇
431028106,永乐江,镇
431028107,金紫仙,镇
431028201,龙市,乡
431028204,渡口,乡
431028205,华王,乡
431028206,牌楼,乡
431028207,平背,乡
431028209,承坪,乡
431028210,竹山,乡
431028214,洋际,乡
431081001,唐洞,街道
431081002,东江,街道
431081100,滁口,镇
431081102,三都,镇
431081103,蓼江,镇
431081105,兴宁,镇
431081106,州门司,镇
431081108,黄草,镇
431081110,汤溪,镇
431081112,白廊,镇
431081113,清江,镇
431081219,回龙山|瑶族,乡
431081220,八面山|瑶族,乡
431081617,龙溪,乡
431102001,朝阳,街道
431102002,南津渡,街道
431102003,七里店,街道
431102004,徐家井,街道
431102005,接履桥,街道
431102006,石山脚,街道
431102101,水口山,镇
431102102,珠山,镇
431102103,黄田铺,镇
431102104,富家桥,镇
431102105,菱角塘,镇
431102106,邮亭圩,镇
431102108,石岩头,镇
431102200,大庆坪,乡
431102201,梳子铺,乡
431102203,凼底,乡
431103001,梅湾,街道
431103002,菱角山,街道
431103003,肖家园,街道
431103004,杨家桥,街道
431103005,凤凰,街道
431103006,梧桐,街道
431103007,珊瑚,街道
431103008,曲河,街道
431103009,岚角山,街道
431103010,仁湾,街道
431103101,花桥街,镇
431103102,普利桥,镇
431103103,牛角坝,镇
431103104,高溪市,镇
431103105,黄阳司,镇
431103106,上岭桥,镇
431103108,伊塘,镇
431103110,蔡市,镇
431103201,杨村甸,乡
431122100,白牙市,镇
431122101,大庙口,镇
431122102,紫溪市,镇
431122103,横塘,镇
431122104,石期市,镇
431122105,井头圩,镇
431122106,端桥铺,镇
431122107,鹿马桥,镇
431122108,芦洪市,镇
431122109,新圩江,镇
431122110,花桥,镇
431122111,大盛,镇
431122112,南桥,镇
431122201,川岩,乡
431122202,水岭,乡
431123100,泷泊,镇
431123101,江村,镇
431123102,五里牌,镇
431123103,茶林,镇
431123104,何家洞,镇
431123105,麻江,镇
431123206,塘底,乡
431123207,上梧江|瑶族,乡
431123208,理家坪,乡
431123209,五星岭,乡
431123210,打鼓坪,乡
431124001,濂溪,街道
431124002,西洲,街道
431124003,上关,街道
431124004,营江,街道
431124005,东门,街道
431124006,富塘,街道
431124007,万家庄,街道
431124101,梅花,镇
431124102,寿雁,镇
431124103,仙子脚,镇
431124104,清塘,镇
431124105,祥霖铺,镇
431124106,蚣坝,镇
431124107,四马桥,镇
431124108,白马渡,镇
431124109,柑子园,镇
431124111,白芒铺,镇
431124112,桥头,镇
431124113,乐福堂,镇
431124210,审章塘|瑶族,乡
431124212,横岭|瑶族,乡
431124213,洪塘营|瑶族,乡
431124610,新车,镇
431125100,潇浦,镇
431125101,上江圩,镇
431125103,夏层铺,镇
431125104,桃川,镇
431125105,粗石江,镇
431125106,回龙圩,镇
431125200,松柏|瑶族,乡
431125202,千家峒|瑶族,乡
431125203,兰溪|瑶族,乡
431125204,源口|瑶族,乡
431125602,允山,镇
431126001,文庙,街道
431126002,舜陵,街道
431126003,桐山,街道
431126004,东溪,街道
431126101,天堂,镇
431126102,水市,镇
431126103,湾井,镇
431126104,冷水,镇
431126105,太平,镇
431126106,禾亭,镇
431126107,仁和,镇
431126108,中和,镇
431126109,柏家坪,镇
431126110,清水桥,镇
431126111,鲤溪,镇
431126112,保安,镇
431126200,九疑|瑶族,乡
431126202,五龙山|瑶族,乡
431126203,棉花坪|瑶族,乡
431126204,桐木漯|瑶族,乡
431127100,塔峰,镇
431127102,毛俊,镇
431127103,楠市,镇
431127104,所城,镇
431127105,新圩,镇
431127106,土市,镇
431127107,太平圩,镇
431127108,祠堂圩,镇
431127200,汇源|瑶族,乡
431127201,犁头|瑶族,乡
431127202,浆洞|瑶族,乡
431127204,大桥|瑶族,乡
431127205,荆竹|瑶族,乡
431127209,湘江源|瑶族,乡
431128001,龙泉,街道
431128002,中山,街道
431128101,金陵,镇
431128102,骥村,镇
431128103,枧头,镇
431128104,新圩,镇
431128105,石羊,镇
431128106,新隆,镇
431128108,大坪塘,镇
431128109,陶岭,镇
431128110,金盆,镇
431128111,三井,镇
431128202,门楼下|瑶族,乡
431129100,沱江,镇
431129103,大路铺,镇
431129104,白芒营,镇
431129105,涛圩,镇
431129106,河路口,镇
431129108,大圩,镇
431129109,水口,镇
431129110,码市,镇
431129111,涔天河,镇
431129200,界牌,乡
431129201,桥市,乡
431129202,大石桥,乡
431129207,湘江,乡
431129209,蔚竹口,乡
431129210,大锡,乡
431129211,小圩|壮族,乡
431129603,清塘|壮族,乡
431129609,未竹口,乡
431181001,龙山,街道
431181002,长虹,街道
431181003,浯溪,街道
431181101,观音滩,镇
431181102,茅竹,镇
431181103,三口塘,镇
431181104,大忠桥,镇
431181105,肖家,镇
431181106,八宝,镇
431181107,白水,镇
431181108,进宝塘,镇
431181109,黄泥塘,镇
431181110,羊角塘,镇
431181111,梅溪,镇
431181112,潘市,镇
431181113,七里桥,镇
431181114,下马渡,镇
431181115,黎家坪,镇
431181116,文富市,镇
431181117,大村甸,镇
431181118,文明铺,镇
431181119,龚家坪,镇
431181120,金洞,镇
431181201,凤凰,乡
431181202,石鼓源,乡
431181203,晒北滩|瑶族,乡
431202001,城中,街道
431202002,城北,街道
431202003,红星,街道
431202004,迎丰,街道
431202006,河西,街道
431202008,城南,街道
431202009,坨院,街道
431202010,盈口,街道
431202102,黄金坳,镇
431202206,凉亭坳,乡
431221105,桐木,镇
431221107,新建,镇
431221108,接龙,镇
431221109,铜鼎,镇
431221111,中方,镇
431221112,泸阳,镇
431221113,花桥,镇
431221114,铜湾,镇
431221115,铁坡,镇
431221116,新路河,镇
431221117,袁家,镇
431221214,蒿吉坪|瑶族,乡
431222101,明溪口,镇
431222102,麻溪铺,镇
431222103,凉水井,镇
431222104,官庄,镇
431222105,五强溪,镇
431222107,筲箕湾,镇
431222108,七甲坪,镇
431222109,沅陵,镇
431222204,盘古,乡
431222207,二酉|苗族,乡
431222215,荔溪,乡
431222223,杜家坪,乡
431222224,楠木铺,乡
431222225,马底驿,乡
431222228,北溶,乡
431222230,肖家桥,乡
431222232,大合坪,乡
431222234,火场|土家族,乡
431222235,借母溪,乡
431222238,陈家滩,乡
431222239,清浪,乡
431223100,辰阳,镇
431223101,孝坪,镇
431223102,田湾,镇
431223103,火马冲,镇
431223104,黄溪口,镇
431223105,潭湾,镇
431223106,安坪,镇
431223107,修溪,镇
431223108,锦滨,镇
431223200,船溪,乡
431223204,长田湾,乡
431223205,小龙门,乡
431223206,后塘|瑶族,乡
431223207,苏木溪|瑶族,乡
431223208,罗子山|瑶族,乡
431223209,上蒲溪|瑶族,乡
431223210,仙人湾|瑶族,乡
431223211,龙头庵,乡
431223215,大水田,乡
431223216,桥头溪,乡
431223218,龙泉岩,乡
431223221,柿溪,乡
431223222,谭家场,乡
431224100,卢峰,镇
431224101,大江口,镇
431224102,低庄,镇
431224103,桥江,镇
431224104,龙潭,镇
431224105,均坪,镇
431224106,观音阁,镇
431224107,双井,镇
431224108,水东,镇
431224109,两丫坪,镇
431224110,黄茅园,镇
431224111,祖师殿,镇
431224112,葛竹坪,镇
431224114,深子湖,镇
431224115,三江,镇
431224116,北斗溪,镇
431224117,思蒙,镇
431224118,统溪河,镇
431224204,舒溶溪,乡
431224213,油洋,乡
431224219,小横垅,乡
431224222,淘金坪,乡
431224223,中都,乡
431224224,沿溪,乡
431224230,龙庄湾,乡
431225100,林城,镇
431225101,坪村,镇
431225102,堡子,镇
431225103,团河,镇
431225104,若水,镇
431225106,广坪,镇
431225107,马鞍,镇
431225110,金竹,镇
431225200,沙溪,乡
431225201,金子岩|侗族|苗族,乡
431225204,高椅,乡
431225209,宝田|侗族|苗族,乡
431225210,漠滨|侗族|苗族,乡
431225211,蒲稳|侗族|苗族,乡
431225212,青朗|侗族|苗族,乡
431225213,炮团|侗族|苗族,乡
431225214,地灵,乡
431225215,连山,乡
431226100,高村,镇
431226101,锦和,镇
431226102,江口墟,镇
431226103,岩门,镇
431226104,兰里,镇
431226105,吕家坪,镇
431226106,尧市,镇
431226107,郭公坪,镇
431226204,文昌阁,乡
431226205,大桥江,乡
431226206,舒家村,乡
431226207,隆家堡,乡
431226208,谭家寨,乡
431226209,石羊哨,乡
431226210,板栗树,乡
431226213,兰村,乡
431226216,和平溪,乡
431226217,黄桑,乡
431227101,波洲,镇
431227103,鱼市,镇
431227106,中寨,镇
431227107,晃州,镇
431227108,凉伞,镇
431227109,林冲,镇
431227110,禾滩,镇
431227111,贡溪,镇
431227112,扶罗,镇
431227200,步头降|苗族,乡
431227215,米贝|苗族,乡
431227601,洞坪,乡
431227604,晏家,乡
431227607,黄雷,乡
431227614,碧朗,乡
431228101,罗旧,镇
431228104,公坪,镇
431228105,新店坪,镇
431228106,碧涌,镇
431228107,土桥,镇
431228108,三道坑,镇
431228109,岩桥,镇
431228110,楠木坪,镇
431228111,芷江,镇
431228201,牛牯坪,乡
431228204,水宽,乡
431228212,大树坳,乡
431228215,梨溪口,乡
431228216,洞下场,乡
431228220,禾梨坳,乡
431228221,冷水溪,乡
431228223,晓坪,乡
431228224,罗卜田,乡
431229100,渠阳,镇
431229101,甘棠,镇
431229102,大堡子,镇
431229103,坳上,镇
431229104,新厂,镇
431229105,平茶,镇
431229200,太阳坪,乡
431229201,三锹,乡
431229202,文溪,乡
431229203,寨牙,乡
431229206,藕团,乡
431230102,播阳,镇
431230104,牙屯堡,镇
431230105,菁芜洲,镇
431230108,双江,镇
431230109,陇城,镇
431230110,万佛山,镇
431230111,溪口,镇
431230112,县溪,镇
431230113,独坡,镇
431230203,大高坪|苗族,乡
431230220,坪坦,乡
431281001,河滨路,街道
431281002,沅江路,街道
431281003,新街,街道
431281004,高坡街,街道
431281101,黔城,镇
431281102,安江,镇
431281103,托口,镇
431281104,雪峰,镇
431281106,江市,镇
431281107,沅河,镇
431281108,塘湾,镇
431281202,岔头,乡
431281203,茅渡,乡
431281204,大崇,乡
431281205,熟坪,乡
431281206,铁山,乡
431281207,群峰,乡
431281208,湾溪,乡
431281209,洗马,乡
431281211,沙湾,乡
431281212,深渡|苗族,乡
431281213,龙船塘|瑶族,乡
431281214,太平,乡
431281217,岩垅,乡
431281218,横岩,乡
431281220,桂花园,乡
431281600,硖州,乡
431281601,龙田,乡
431302001,乐坪,街道
431302002,花山,街道
431302003,黄泥塘,街道
431302004,长青,街道
431302005,大科,街道
431302006,大埠桥,街道
431302007,涟滨,街道
431302100,杉山,镇
431302101,万宝,镇
431302104,石井,镇
431302105,蛇形山,镇
431302106,水洞底,镇
431302204,双江,乡
431321001,永丰,街道
431321002,金开,街道
431321101,荷叶,镇
431321102,井字,镇
431321103,梓门桥,镇
431321104,杏子铺,镇
431321105,走马街,镇
431321107,洪山殿,镇
431321108,甘棠,镇
431321109,三塘铺,镇
431321110,青树坪,镇
431321111,花门,镇
431321112,锁石,镇
431321200,石牛,乡
431321201,沙塘,乡
431321202,印塘,乡
431322001,上梅,街道
431322002,上渡,街道
431322003,枫林,街道
431322101,石冲口,镇
431322102,洋溪,镇
431322103,槎溪,镇
431322104,水车,镇
431322105,文田,镇
431322106,奉家,镇
431322107,炉观,镇
431322108,游家,镇
431322109,西河,镇
431322110,孟公,镇
431322111,琅塘,镇
431322112,白溪,镇
431322113,圳上,镇
431322114,吉庆,镇
431322115,温塘,镇
431322116,田坪,镇
431322117,桑梓,镇
431322118,曹家,镇
431322200,科头,乡
431322201,维山,乡
431322202,天门,乡
431322203,荣华,乡
431322204,金凤,乡
431322205,油溪,乡
431322206,坐石,乡
431381004,布溪,街道
431381005,锡矿山,街道
431381006,沙塘湾,街道
431381007,冷水江,街道
431381105,三尖,镇
431381106,金竹山,镇
431381107,铎山,镇
431381108,渣渡,镇
431381109,禾青,镇
431381205,中连,乡
431382001,蓝田,街道
431382002,六亩塘,街道
431382003,石马山,街道
431382102,安平,镇
431382103,湄江,镇
431382104,伏口,镇
431382105,桥头河,镇
431382106,七星街,镇
431382107,杨市,镇
431382108,枫坪,镇
431382109,斗笠山,镇
431382111,白马,镇
431382112,茅塘,镇
431382113,荷塘,镇
431382114,金石,镇
431382115,龙塘,镇
431382116,渡头塘,镇
431382117,湖泉,镇
431382200,三甲,乡
431382202,古塘,乡
433101005,镇溪,街道
433101006,峒河,街道
433101007,乾州,街道
433101008,吉凤,街道
433101009,石家冲,街道
433101010,双塘,街道
433101100,矮寨,镇
433101101,马颈坳,镇
433101102,河溪,镇
433101104,丹青,镇
433101105,太平,镇
433101203,己略,乡
433122101,浦市,镇
433122102,达岚,镇
433122103,合水,镇
433122104,兴隆场,镇
433122105,潭溪,镇
433122106,洗溪,镇
433122107,武溪,镇
433122203,石榴坪,乡
433122206,解放岩,乡
433122207,小章,乡
433122208,白羊溪,乡
433123100,沱江,镇
433123101,廖家桥,镇
433123102,木江坪,镇
433123103,阿拉营,镇
433123104,茶田,镇
433123105,吉信,镇
433123106,山江,镇
433123107,腊尔山,镇
433123108,禾库,镇
433123109,新场,镇
433123110,竿子坪,镇
433123111,千工坪,镇
433123112,落潮井,镇
433123204,水打田,乡
433123205,林峰,乡
433123216,麻冲,乡
433123220,两林,乡
433124100,花垣,镇
433124101,边城,镇
433124102,龙潭,镇
433124103,民乐,镇
433124105,吉卫,镇
433124106,麻栗场,镇
433124107,雅酉,镇
433124108,双龙,镇
433124109,石栏,镇
433124200,长乐,乡
433124206,猫儿,乡
433124208,补抽,乡
433125100,迁陵,镇
433125101,水田河,镇
433125102,葫芦,镇
433125103,毛沟,镇
433125104,普戎,镇
433125105,比耳,镇
433125106,清水坪,镇
433125108,复兴,镇
433125109,碗米坡,镇
433125110,吕洞山,镇
433125201,阳朝,乡
433125216,长潭河,乡
433126101,默戎,镇
433126103,红石林,镇
433126105,断龙山,镇
433126106,古阳,镇
433126107,岩头寨,镇
433126108,高峰,镇
433126109,坪坝,镇
433127101,首车,镇
433127102,泽家,镇
433127104,永茂,镇
433127105,石堤,镇
433127106,塔卧,镇
433127107,万坪,镇
433127109,青坪,镇
433127110,砂坝,镇
433127111,松柏,镇
433127112,灵溪,镇
433127113,小溪,镇
433127114,芙蓉,镇
433127200,两岔,乡
433127202,西歧,乡
433127203,对山,乡
433127210,高坪,乡
433127216,朗溪,乡
433127220,润雅,乡
433127222,车坪,乡
433127228,毛坝,乡
433127229,万民,乡
433127230,盐井,乡
433127236,颗砂,乡
433130001,民安,街道
433130002,华塘,街道
433130004,石羔,街道
433130005,兴隆,街道
433130102,茨岩塘,镇
433130103,红岩溪,镇
433130104,洗车河,镇
433130105,苗儿滩,镇
433130107,里耶,镇
433130108,召市,镇
433130109,桂塘,镇
433130110,石牌,镇
433130111,靛房,镇
433130112,洗洛,镇
433130113,水田坝,镇
433130114,农车,镇
433130200,洛塔,乡
433130210,大安,乡
433130215,茅坪,乡
433130222,内溪,乡
433130236,咱果,乡
440103001,沙面,街道
440103002,岭南,街道
440103003,华林,街道
440103004,多宝,街道
440103005,昌华,街道
440103006,逢源,街道
440103007,龙津,街道
440103008,金花,街道
440103009,彩虹,街道
440103010,南源,街道
440103011,西村,街道
440103012,站前,街道
440103013,桥中,街道
440103014,白鹤洞,街道
440103015,冲口,街道
440103016,花地,街道
440103017,石围塘,街道
440103018,茶滘,街道
440103019,东漖,街道
440103020,海龙,街道
440103021,东沙,街道
440103022,中南,街道
440104001,洪桥,街道
440104003,北京,街道
440104004,六榕,街道
440104005,流花,街道
440104007,光塔,街道
440104010,人民,街道
440104011,东山,街道
440104012,农林,街道
440104013,梅花村,街道
440104014,黄花岗,街道
440104015,华乐,街道
440104017,大塘,街道
440104018,珠光,街道
440104019,大东,街道
440104020,白云,街道
440104021,登峰,街道
440104022,矿泉,街道
440104024,建设,街道
440105001,赤岗,街道
440105002,新港,街道
440105003,昌岗,街道
440105004,江南中,街道
440105005,滨江,街道
440105006,素社,街道
440105007,海幢,街道
440105008,南华西,街道
440105009,龙凤,街道
440105010,沙园,街道
440105011,南石头,街道
440105012,凤阳,街道
440105013,瑞宝,街道
440105014,江海,街道
440105015,琶洲,街道
440105016,南洲,街道
440105017,华洲,街道
440105018,官洲,街道
440106001,五山,街道
440106002,员村,街道
440106003,车陂,街道
440106004,沙河,街道
440106006,石牌,街道
440106007,沙东,街道
440106008,天河南,街道
440106009,林和,街道
440106010,兴华,街道
440106011,棠下,街道
440106012,天园,街道
440106013,猎德,街道
440106014,冼村,街道
440106015,元岗,街道
440106016,黄村,街道
440106017,凤凰,街道
440106018,龙洞,街道
440106019,长兴,街道
440106020,前进,街道
440106021,珠吉,街道
440106022,新塘,街道
440111002,三元里,街道
440111003,松洲,街道
440111004,景泰,街道
440111005,同德,街道
440111006,黄石,街道
440111007,棠景,街道
440111008,新市,街道
440111009,同和,街道
440111010,京溪,街道
440111011,永平,街道
440111012,嘉禾,街道
440111013,均禾,街道
440111014,石井,街道
440111015,金沙,街道
440111016,云城,街道
440111017,鹤龙,街道
440111018,白云湖,街道
440111019,石门,街道
440111020,龙归,街道
440111021,大源,街道
440111103,人和,镇
440111107,太和,镇
440111108,钟落潭,镇
440111113,江高,镇
440112001,黄埔,街道
440112002,红山,街道
440112003,鱼珠,街道
440112005,大沙,街道
440112006,文冲,街道
440112007,穗东,街道
440112008,南岗,街道
440112010,长洲,街道
440112011,夏港,街道
440112012,萝岗,街道
440112014,联和,街道
440112015,永和,街道
440112016,长岭,街道
440112017,云埔,街道
440112018,龙湖,街道
440112019,九佛,街道
440112101,新龙,镇
440112190,九龙,镇
440113002,沙湾,街道
440113003,钟村,街道
440113004,大石,街道
440113005,市桥,街道
440113006,沙头,街道
440113007,东环,街道
440113008,桥南,街道
440113009,小谷围,街道
440113010,洛浦,街道
440113011,石壁,街道
440113012,大龙,街道
440113102,石碁,镇
440113103,南村,镇
440113104,新造,镇
440113105,化龙,镇
440113106,石楼,镇
440114001,新华,街道
440114002,新雅,街道
440114003,花城,街道
440114004,秀全,街道
440114103,梯面,镇
440114104,花山,镇
440114105,花东,镇
440114107,炭步,镇
440114108,赤坭,镇
440114109,狮岭,镇
440115001,南沙,街道
440115002,珠江,街道
440115003,龙穴,街道
440115004,港湾,街道
440115101,横沥,镇
440115102,万顷沙,镇
440115103,黄阁,镇
440115104,东涌,镇
440115105,大岗,镇
440115106,榄核,镇
440117001,街口,街道
440117002,城郊,街道
440117003,江埔,街道
440117100,温泉,镇
440117101,良口,镇
440117102,吕田,镇
440117103,太平,镇
440117104,鳌头,镇
440118001,荔城,街道
440118002,增江,街道
440118003,朱村,街道
440118004,永宁,街道
440118005,荔湖,街道
440118006,宁西,街道
440118100,正果,镇
440118101,石滩,镇
440118102,新塘,镇
440118103,中新,镇
440118104,派潭,镇
440118105,小楼,镇
440118106,仙村,镇
440203001,新华,街道
440203002,惠民,街道
440203100,西联,镇
440203101,西河,镇
440203102,重阳,镇
440203103,龙归,镇
440203104,江湾,镇
440204001,东河,街道
440204002,车站,街道
440204006,风采,街道
440204100,新韶,镇
440204101,乐园,镇
440204104,十里亭,镇
440204105,犁市,镇
440205001,松山,街道
440205100,马坝,镇
440205103,大塘,镇
440205104,枫湾,镇
440205105,小坑,镇
440205106,沙溪,镇
440205108,乌石,镇
440205109,樟市,镇
440205110,白土,镇
440205119,罗坑,镇
440222100,太平,镇
440222101,马市,镇
440222102,澄江,镇
440222103,顿岗,镇
440222104,罗坝,镇
440222105,司前,镇
440222106,隘子,镇
440222107,城南,镇
440222108,沈所,镇
440222203,深渡水|瑶族,乡
440224001,丹霞,街道
440224102,闻韶,镇
440224103,扶溪,镇
440224104,长江,镇
440224105,城口,镇
440224106,红山,镇
440224107,石塘,镇
440224108,董塘,镇
440224109,黄坑,镇
440224110,周田,镇
440224111,大桥,镇
440229100,龙仙,镇
440229104,坝仔,镇
440229106,江尾,镇
440229109,官渡,镇
440229111,周陂,镇
440229113,翁城,镇
440229114,新江,镇
440229115,铁龙,镇
440232100,乳城,镇
440232103,一六,镇
440232104,桂头,镇
440232106,洛阳,镇
440232108,大布,镇
440232109,大桥,镇
440232111,东坪,镇
440232112,游溪,镇
440232113,必背,镇
440233001,丰城,街道
440233101,黄磜,镇
440233102,马头,镇
440233103,梅坑,镇
440233104,沙田,镇
440233105,遥田,镇
440233106,回龙,镇
440281001,乐城,街道
440281103,九峰,镇
440281104,廊田,镇
440281105,长来,镇
440281106,梅花,镇
440281107,三溪,镇
440281108,坪石,镇
440281110,黄圃,镇
440281111,五山,镇
440281112,两江,镇
440281113,沙坪,镇
440281114,云岩,镇
440281115,秀水,镇
440281118,庆云,镇
440281119,白石,镇
440281120,北乡,镇
440282001,雄州,街道
440282100,乌迳,镇
440282103,界址,镇
440282104,坪田,镇
440282105,黄坑,镇
440282106,邓坊,镇
440282107,油山,镇
440282109,南亩,镇
440282110,水口,镇
440282111,江头,镇
440282112,湖口,镇
440282113,珠玑,镇
440282115,主田,镇
440282116,古市,镇
440282118,全安,镇
440282120,百顺,镇
440282121,澜河,镇
440282122,帽子峰,镇
440303001,桂园,街道
440303002,黄贝,街道
440303003,东门,街道
440303004,翠竹,街道
440303005,南湖,街道
440303006,笋岗,街道
440303007,东湖,街道
440303008,莲塘,街道
440303009,东晓,街道
440303010,清水河,街道
440304001,南园,街道
440304002,园岭,街道
440304004,福田,街道
440304005,沙头,街道
440304006,香蜜湖,街道
440304007,梅林,街道
440304008,莲花,街道
440304009,华富,街道
440304010,华强北,街道
440304011,福保,街道
440305001,南头,街道
440305002,南山,街道
440305003,沙河,街道
440305005,蛇口,街道
440305006,招商,街道
440305007,粤海,街道
440305008,桃源,街道
440305009,西丽,街道
440306001,新安,街道
440306003,西乡,街道
440306004,福永,街道
440306005,沙井,街道
440306006,松岗,街道
440306008,石岩,街道
440306009,航城,街道
440306010,福海,街道
440306011,新桥,街道
440306012,燕罗,街道
440307003,横岗,街道
440307004,布吉,街道
440307005,葵涌,街道
440307006,大鹏,街道
440307007,南澳,街道
440307008,平湖,街道
440307009,坪地,街道
440307011,龙岗,街道
440307012,龙城,街道
440307013,坂田,街道
440307014,南湾,街道
440307015,吉华,街道
440307016,园山,街道
440307017,宝龙,街道
440308001,梅沙,街道
440308002,盐田,街道
440308003,沙头角,街道
440308004,海山,街道
440309001,龙华,街道
440309002,大浪,街道
440309003,民治,街道
440309004,观澜,街道
440309005,观湖,街道
440309006,福城,街道
440310001,坪山,街道
440310002,坑梓,街道
440310003,马峦,街道
440310004,碧岭,街道
440310005,石井,街道
440310006,龙田,街道
440311001,公明,街道
440311002,光明,街道
440311003,新湖,街道
440311004,凤凰,街道
440311005,玉塘,街道
440311006,马田,街道
440402001,翠香,街道
440402002,梅华,街道
440402003,前山,街道
440402004,吉大,街道
440402005,拱北,街道
440402006,香湾,街道
440402007,狮山,街道
440402008,湾仔,街道
440402009,凤山,街道
440402100,唐家湾,镇
440402102,南屏,镇
440402104,横琴,镇
440402105,桂山,镇
440402106,担杆,镇
440402107,万山,镇
440403001,白藤,街道
440403102,莲洲,镇
440403103,斗门,镇
440403105,乾务,镇
440403106,白蕉,镇
440403107,井岸,镇
440404001,西城,街道
440404100,三灶,镇
440404101,南水,镇
440404103,红旗,镇
440404104,平沙,镇
440507001,金霞,街道
440507002,龙祥,街道
440507003,鸥汀,街道
440507004,新津,街道
440507006,龙华,街道
440507007,外砂,街道
440507008,珠池,街道
440507009,新溪,街道
440507010,新海,街道
440507011,龙腾,街道
440511006,𬶍莲,街道
440511007,𬶍江,街道
440511009,大华,街道
440511010,石炮台,街道
440511011,东方,街道
440511013,金砂,街道
440511015,广厦,街道
440511016,岐山,街道
440511017,月浦,街道
440511018,小公园,街道
440511019,金东,街道
440511020,光华,街道
440512001,𬒈石,街道
440512002,达濠,街道
440512003,马滘,街道
440512004,广澳,街道
440512005,河浦,街道
440512006,玉新,街道
440512007,滨海,街道
440513001,文光,街道
440513002,城南,街道
440513003,棉北,街道
440513004,金浦,街道
440513101,海门,镇
440513102,和平,镇
440513103,贵屿,镇
440513104,铜盂,镇
440513105,谷饶,镇
440513106,河溪,镇
440513107,西胪,镇
440513108,关埠,镇
440513110,金灶,镇
440514001,峡山,街道
440514101,井都,镇
440514102,陇田,镇
440514104,成田,镇
440514105,胪岗,镇
440514107,两英,镇
440514108,司马浦,镇
440514109,陈店,镇
440514111,仙城,镇
440514112,红场,镇
440514113,雷岭,镇
440515001,凤翔,街道
440515002,澄华,街道
440515003,广益,街道
440515101,东里,镇
440515102,盐鸿,镇
440515103,莲华,镇
440515104,溪南,镇
440515105,隆都,镇
440515106,莲上,镇
440515107,莲下,镇
440515108,上华,镇
440523101,后宅,镇
440523102,云澳,镇
440523103,深澳,镇
440604001,祖庙,街道
440604002,石湾镇,街道
440604003,张槎,街道
440604100,南庄,镇
440605001,桂城,街道
440605100,里水,镇
440605101,九江,镇
440605102,丹灶,镇
440605104,西樵,镇
440605105,大沥,镇
440605106,狮山,镇
440606001,容桂,街道
440606002,伦教,街道
440606003,勒流,街道
440606004,大良,街道
440606100,陈村,镇
440606101,北滘,镇
440606102,乐从,镇
440606103,龙江,镇
440606104,杏坛,镇
440606105,均安,镇
440607001,西南,街道
440607004,云东海,街道
440607101,大塘,镇
440607103,乐平,镇
440607104,白坭,镇
440607105,芦苞,镇
440607106,南山,镇
440608001,荷城,街道
440608103,明城,镇
440608107,杨和,镇
440608108,更合,镇
440703002,白沙,街道
440703005,潮连,街道
440703006,环市,街道
440703101,荷塘,镇
440703102,杜阮,镇
440703103,棠下,镇
440704001,江南,街道
440704004,外海,街道
440704005,礼乐,街道
440705001,会城,街道
440705101,大泽,镇
440705103,司前,镇
440705110,沙堆,镇
440705111,古井,镇
440705112,三江,镇
440705113,睦洲,镇
440705114,大鳌,镇
440705119,罗坑,镇
440705120,双水,镇
440705121,崖门,镇
440781001,台城,街道
440781101,大江,镇
440781102,水步,镇
440781103,四九,镇
440781105,白沙,镇
440781106,三合,镇
440781107,冲蒌,镇
440781108,斗山,镇
440781109,都斛,镇
440781110,赤溪,镇
440781111,端芬,镇
440781112,广海,镇
440781113,海宴,镇
440781114,汶村,镇
440781115,深井,镇
440781117,北陡,镇
440781120,川岛,镇
440783001,三埠,街道
440783002,长沙,街道
440783101,月山,镇
440783102,水口,镇
440783103,沙塘,镇
440783104,苍城,镇
440783105,龙胜,镇
440783106,大沙,镇
440783107,马冈,镇
440783108,塘口,镇
440783109,赤坎,镇
440783110,百合,镇
440783111,蚬冈,镇
440783112,金鸡,镇
440783113,赤水,镇
440784001,沙坪,街道
440784101,龙口,镇
440784102,雅瑶,镇
440784103,古劳,镇
440784104,桃源,镇
440784105,鹤城,镇
440784106,共和,镇
440784107,址山,镇
440784108,宅梧,镇
440784110,双合,镇
440785001,恩城,街道
440785100,横陂,镇
440785101,圣堂,镇
440785102,良西,镇
440785103,沙湖,镇
440785104,牛江,镇
440785105,君堂,镇
440785106,大田,镇
440785107,那吉,镇
440785108,大槐,镇
440785109,东成,镇
440802001,中华,街道
440802002,寸金,街道
440802003,民主,街道
440802004,中山,街道
440802005,调顺,街道
440802006,沙湾,街道
440802007,南桥,街道
440802008,北桥,街道
440803001,解放,街道
440803002,爱国,街道
440803003,工农,街道
440803004,友谊,街道
440803005,新兴,街道
440803006,海滨,街道
440803009,建设,街道
440803010,东新,街道
440803011,新园,街道
440803012,海头,街道
440803013,乐华,街道
440803014,泉庄,街道
440804001,南调,街道
440804002,麻斜,街道
440804100,南三,镇
440804101,坡头,镇
440804102,乾塘,镇
440804103,龙头,镇
440804104,官渡,镇
440811001,东山,街道
440811002,东简,街道
440811003,民安,街道
440811100,麻章,镇
440811101,太平,镇
440811102,湖光,镇
440811106,硇洲,镇
440823001,遂城,街道
440823101,黄略,镇
440823102,洋青,镇
440823104,界炮,镇
440823106,杨柑,镇
440823107,城月,镇
440823108,乌塘,镇
440823109,建新,镇
440823110,岭北,镇
440823111,北坡,镇
440823112,港门,镇
440823113,草潭,镇
440823115,河头,镇
440823116,乐民,镇
440823117,江洪,镇
440823118,附城,镇
440825001,徐城,街道
440825102,迈陈,镇
440825103,海安,镇
440825104,曲界,镇
440825105,前山,镇
440825106,西连,镇
440825107,下桥,镇
440825108,龙塘,镇
440825109,下洋,镇
440825110,锦和,镇
440825111,和安,镇
440825112,新寮,镇
440825113,南山,镇
440825201,城北,乡
440825204,角尾,乡
440881001,罗州,街道
440881002,城北,街道
440881003,城南,街道
440881101,石城,镇
440881102,新民,镇
440881103,吉水,镇
440881104,河唇,镇
440881105,石角,镇
440881106,良垌,镇
440881109,横山,镇
440881110,安铺,镇
440881111,营仔,镇
440881112,青平,镇
440881113,车板,镇
440881114,高桥,镇
440881115,石岭,镇
440881117,雅塘,镇
440881118,石颈,镇
440881119,长山,镇
440881120,塘蓬,镇
440881121,和寮,镇
440882001,雷城,街道
440882002,新城,街道
440882003,西湖,街道
440882101,附城,镇
440882102,白沙,镇
440882103,沈塘,镇
440882104,客路,镇
440882105,杨家,镇
440882106,唐家,镇
440882107,纪家,镇
440882108,企水,镇
440882109,南兴,镇
440882110,松竹,镇
440882111,调风,镇
440882112,雷高,镇
440882113,东里,镇
440882114,龙门,镇
440882115,英利,镇
440882116,北和,镇
440882118,覃斗,镇
440882119,乌石,镇
440883001,梅菉,街道
440883002,塘尾,街道
440883003,大山江,街道
440883004,博铺,街道
440883005,海滨,街道
440883100,浅水,镇
440883101,长岐,镇
440883102,覃巴,镇
440883103,王村港,镇
440883104,振文,镇
440883105,樟铺,镇
440883106,吴阳,镇
440883107,塘㙍,镇
440883109,黄坡,镇
440883111,兰石,镇
440902001,红旗,街道
440902002,河西,街道
440902003,河东,街道
440902004,露天矿,街道
440902005,新华,街道
440902006,官渡,街道
440902007,站前,街道
440902008,城南,街道
440902100,金塘,镇
440902101,公馆,镇
440902102,新坡,镇
440902103,镇盛,镇
440902104,鳌头,镇
440902105,袂花,镇
440902106,高山,镇
440902107,山阁,镇
440902108,羊角,镇
440904001,南海,街道
440904002,高地,街道
440904003,水东,街道
440904004,电海,街道
440904005,陈村,街道
440904101,坡心,镇
440904102,小良,镇
440904103,沙院,镇
440904104,马踏,镇
440904105,岭门,镇
440904106,树仔,镇
440904107,麻岗,镇
440904108,旦场,镇
440904109,林头,镇
440904110,霞洞,镇
440904111,观珠,镇
440904112,沙琅,镇
440904113,黄岭,镇
440904114,望夫,镇
440904115,罗坑,镇
440904116,那霍,镇
440904118,电城,镇
440904119,博贺,镇
440904120,七迳,镇
440981002,石仔岭,街道
440981003,山美,街道
440981006,金山,街道
440981007,宝光,街道
440981008,潘州,街道
440981100,谢鸡,镇
440981101,新垌,镇
440981102,云潭,镇
440981103,分界,镇
440981104,根子,镇
440981105,泗水,镇
440981106,石鼓,镇
440981107,镇江,镇
440981109,沙田,镇
440981110,南塘,镇
440981111,荷花,镇
440981112,石板,镇
440981113,东岸,镇
440981115,大井,镇
440981116,潭头,镇
440981117,长坡,镇
440981119,大坡,镇
440981120,平山,镇
440981121,深镇,镇
440981122,马贵,镇
440981123,古丁,镇
440981124,曹江,镇
440981126,荷塘,镇
440982001,河西,街道
440982002,东山,街道
440982003,下郭,街道
440982004,南盛,街道
440982005,石湾,街道
440982006,鉴江,街道
440982100,长岐,镇
440982101,同庆,镇
440982102,杨梅,镇
440982103,良光,镇
440982104,笪桥,镇
440982106,丽岗,镇
440982107,新安,镇
440982108,官桥,镇
440982110,林尘,镇
440982111,中垌,镇
440982112,合江,镇
440982113,那务,镇
440982114,播扬,镇
440982115,宝圩,镇
440982116,平定,镇
440982117,文楼,镇
440982118,江湖,镇
440983001,东镇,街道
440983002,玉都,街道
440983101,镇隆,镇
440983102,水口,镇
440983103,北界,镇
440983105,丁堡,镇
440983106,池洞,镇
440983107,金垌,镇
440983109,朱砂,镇
440983112,贵子,镇
440983113,怀乡,镇
440983114,茶山,镇
440983115,洪冠,镇
440983116,白石,镇
440983117,大成,镇
440983118,钱排,镇
440983119,合水,镇
440983120,新宝,镇
440983121,平塘,镇
440983122,思贺,镇
441202001,城东,街道
441202003,城西,街道
441202005,黄岗,街道
441202006,睦岗,街道
441203001,坑口,街道
441203002,桂城,街道
441203003,广利,街道
441203101,永安,镇
441203102,沙浦,镇
441203103,凤凰,镇
441203104,莲花,镇
441204001,南岸,街道
441204100,河台,镇
441204101,乐城,镇
441204102,水南,镇
441204103,禄步,镇
441204104,小湘,镇
441204105,大湾,镇
441204106,新桥,镇
441204107,白诸,镇
441204108,莲塘,镇
441204109,活道,镇
441204110,蛟塘,镇
441204111,回龙,镇
441204112,白土,镇
441204113,金渡,镇
441204114,金利,镇
441204115,蚬岗,镇
441223001,南街,街道
441223100,排沙,镇
441223102,潭布,镇
441223103,江屯,镇
441223106,北市,镇
441223107,坑口,镇
441223108,赤坑,镇
441223110,宾亨,镇
441223111,五和,镇
441223112,横山,镇
441223113,木格,镇
441223114,石咀,镇
441223115,古水,镇
441223116,洲仔,镇
441224001,怀城,街道
441224002,幸福,街道
441224102,坳仔,镇
441224104,甘洒,镇
441224105,凤岗,镇
441224106,洽水,镇
441224107,梁村,镇
441224108,大岗,镇
441224109,岗坪,镇
441224110,冷坑,镇
441224111,马宁,镇
441224112,蓝钟,镇
441224113,永固,镇
441224114,诗洞,镇
441224115,桥头,镇
441224116,中洲,镇
441224118,连麦,镇
441224200,下帅|壮族|瑶族,乡
441225001,江口,街道
441225102,白垢,镇
441225103,大洲,镇
441225104,渔涝,镇
441225105,河儿口,镇
441225106,莲都,镇
441225107,杏花,镇
441225108,罗董,镇
441225109,长岗,镇
441225111,南丰,镇
441225112,大玉口,镇
441225113,都平,镇
441225114,金装,镇
441225115,长安,镇
441225116,平凤,镇
441226001,德城,街道
441226102,回龙,镇
441226103,官圩,镇
441226105,马圩,镇
441226106,高良,镇
441226107,莫村,镇
441226109,永丰,镇
441226112,凤村,镇
441226113,悦城,镇
441226114,九市,镇
441226115,播植,镇
441284001,城中,街道
441284002,东城,街道
441284003,贞山,街道
441284004,大旺,街道
441284100,龙甫,镇
441284102,威整,镇
441284104,迳口,镇
441284105,大沙,镇
441284107,石狗,镇
441284108,黄田,镇
441284110,江谷,镇
441284113,下茆,镇
441284114,地豆,镇
441302001,桥东,街道
441302002,桥西,街道
441302003,江南,街道
441302004,江北,街道
441302005,龙丰,街道
441302006,小金口,街道
441302007,惠环,街道
441302008,河南岸,街道
441302009,陈江,街道
441302010,水口,街道
441302100,汝湖,镇
441302103,三栋,镇
441302106,沥林,镇
441302107,潼湖,镇
441302108,马安,镇
441302110,横沥,镇
441302113,芦洲,镇
441302114,潼侨,镇
441303001,淡水,街道
441303002,秋长,街道
441303003,三和,街道
441303004,西区,街道
441303005,澳头,街道
441303006,霞涌,街道
441303101,沙田,镇
441303103,新圩,镇
441303104,镇隆,镇
441303108,永湖,镇
441303109,良井,镇
441303110,平潭,镇
441322001,罗阳,街道
441322002,龙溪,街道
441322100,石坝,镇
441322102,麻陂,镇
441322103,观音阁,镇
441322104,公庄,镇
441322105,杨村,镇
441322106,柏塘,镇
441322108,泰美,镇
441322113,湖镇,镇
441322117,龙华,镇
441322119,园洲,镇
441322121,石湾,镇
441322122,杨侨,镇
441322123,横河,镇
441322124,长宁,镇
441323001,平山,街道
441323002,大岭,街道
441323102,白花,镇
441323103,梁化,镇
441323104,稔山,镇
441323105,铁涌,镇
441323106,平海,镇
441323109,吉隆,镇
441323113,多祝,镇
441323115,安墩,镇
441323118,高潭,镇
441323120,宝口,镇
441323121,白盆珠,镇
441323124,黄埠,镇
441324001,龙城,街道
441324002,平陵,街道
441324100,麻榨,镇
441324101,永汉,镇
441324103,龙华,镇
441324105,龙江,镇
441324107,龙田,镇
441324109,龙潭,镇
441324110,地派,镇
441324200,蓝田|瑶族,乡
441402004,江南,街道
441402006,金山,街道
441402007,西郊,街道
441402102,三角,镇
441402103,长沙,镇
441402105,城北,镇
441402106,西阳,镇
441403100,松口,镇
441403101,城东,镇
441403102,石扇,镇
441403103,梅西,镇
441403104,大坪,镇
441403105,石坑,镇
441403106,南口,镇
441403107,畲江,镇
441403108,水车,镇
441403109,梅南,镇
441403110,丙村,镇
441403111,雁洋,镇
441403112,白渡,镇
441403113,松源,镇
441403114,隆文,镇
441403115,桃尧,镇
441403116,程江,镇
441422100,湖寮,镇
441422101,茶阳,镇
441422102,高陂,镇
441422103,青溪,镇
441422105,三河,镇
441422107,大麻,镇
441422108,银江,镇
441422109,洲瑞,镇
441422112,光德,镇
441422113,桃源,镇
441422114,枫朗,镇
441422116,百侯,镇
441422117,大东,镇
441422118,西河,镇
441423100,汤坑,镇
441423103,北斗,镇
441423104,汤西,镇
441423105,汤南,镇
441423106,埔寨,镇
441423108,八乡山,镇
441423109,丰良,镇
441423110,建桥,镇
441423111,龙岗,镇
441423112,潘田,镇
441423114,黄金,镇
441423115,𨻧隍,镇
441423118,大龙华,镇
441423120,潭江,镇
441423122,小胜,镇
441423123,砂田,镇
441424100,水寨,镇
441424101,河东,镇
441424103,转水,镇
441424104,华城,镇
441424106,岐岭,镇
441424108,潭下,镇
441424109,长布,镇
441424111,周江,镇
441424113,横陂,镇
441424117,郭田,镇
441424118,双华,镇
441424120,安流,镇
441424123,棉洋,镇
441424125,梅林,镇
441424126,华阳,镇
441424127,龙村,镇
441426100,大柘,镇
441426101,石正,镇
441426102,东石,镇
441426103,仁居,镇
441426104,八尺,镇
441426105,差干,镇
441426107,河头,镇
441426108,中行,镇
441426109,上举,镇
441426110,泗水,镇
441426114,长田,镇
441426115,热柘,镇
441427100,蕉城,镇
441427102,长潭,镇
441427103,三圳,镇
441427104,新铺,镇
441427106,文福,镇
441427107,广福,镇
441427108,蓝坊,镇
441427110,南磜,镇
441481001,福兴,街道
441481002,兴田,街道
441481003,宁新,街道
441481102,宁中,镇
441481104,新陂,镇
441481105,刁坊,镇
441481107,永和,镇
441481108,径南,镇
441481110,坭陂,镇
441481111,新圩,镇
441481112,水口,镇
441481115,罗浮,镇
441481116,罗岗,镇
441481117,黄槐,镇
441481118,黄陂,镇
441481122,合水,镇
441481123,龙田,镇
441481124,石马,镇
441481125,大坪,镇
441481126,叶塘,镇
441502001,新港,街道
441502002,香洲,街道
441502003,凤山,街道
441502004,田墘,街道
441502006,遮浪,街道
441502007,马宫,街道
441502100,红草,镇
441502102,东涌,镇
441502103,捷胜,镇
441521001,小漠,街道
441521002,鹅埠,街道
441521003,赤石,街道
441521004,鲘门,街道
441521100,海城,镇
441521101,梅陇,镇
441521106,联安,镇
441521107,陶河,镇
441521108,赤坑,镇
441521109,大湖,镇
441521110,可塘,镇
441521111,公平,镇
441521112,黄羌,镇
441521113,平东,镇
441521114,附城,镇
441521115,城东,镇
441523100,河田,镇
441523101,水唇,镇
441523102,河口,镇
441523103,新田,镇
441523104,上护,镇
441523105,螺溪,镇
441523106,东坑,镇
441523107,南万,镇
441581001,东海,街道
441581002,城东,街道
441581003,河西,街道
441581101,甲子,镇
441581102,碣石,镇
441581103,湖东,镇
441581104,大安,镇
441581105,博美,镇
441581106,内湖,镇
441581107,南塘,镇
441581108,陂洋,镇
441581109,八万,镇
441581110,金厢,镇
441581111,潭西,镇
441581112,甲东,镇
441581115,河东,镇
441581116,上英,镇
441581117,桥冲,镇
441581118,甲西,镇
441581119,西南,镇
441602001,上城,街道
441602002,新江,街道
441602003,东埔,街道
441602004,源西,街道
441602005,高埔岗,街道
441602006,城东,街道
441602100,源南,镇
441602101,埔前,镇
441621100,紫城,镇
441621102,龙窝,镇
441621103,九和,镇
441621104,上义,镇
441621105,蓝塘,镇
441621106,凤安,镇
441621107,义容,镇
441621108,古竹,镇
441621109,临江,镇
441621110,柏埔,镇
441621111,黄塘,镇
441621112,敬梓,镇
441621114,水墩,镇
441621116,南岭,镇
441621117,苏区,镇
441621119,瓦溪,镇
441621120,好义,镇
441621122,中坝,镇
441622100,老隆,镇
441622102,义都,镇
441622103,佗城,镇
441622104,鹤市,镇
441622105,黄布,镇
441622106,紫市,镇
441622107,通衢,镇
441622109,登云,镇
441622110,丰稔,镇
441622111,四都,镇
441622112,铁场,镇
441622114,龙母,镇
441622115,田心,镇
441622116,黎咀,镇
441622117,黄石,镇
441622118,赤光,镇
441622119,廻龙,镇
441622120,新田,镇
441622121,车田,镇
441622123,岩,镇
441622124,麻布岗,镇
441622125,贝岭,镇
441622126,细坳,镇
441622127,上坪,镇
441623100,元善,镇
441623101,上坪,镇
441623102,内莞,镇
441623104,陂头,镇
441623105,溪山,镇
441623107,隆街,镇
441623108,田源,镇
441623109,油溪,镇
441623110,忠信,镇
441623111,高莞,镇
441623113,大湖,镇
441623114,三角,镇
441623115,绣缎,镇
441624100,阳明,镇
441624102,大坝,镇
441624103,长塘,镇
441624104,下车,镇
441624105,上陵,镇
441624106,优胜,镇
441624107,贝墩,镇
441624108,古寨,镇
441624110,彭寨,镇
441624112,合水,镇
441624113,公白,镇
441624114,青州,镇
441624115,浰源,镇
441624116,热水,镇
441624117,东水,镇
441624118,礼士,镇
441624119,林寨,镇
441625100,仙塘,镇
441625101,灯塔,镇
441625102,骆湖,镇
441625103,船塘,镇
441625104,顺天,镇
441625105,上莞,镇
441625106,曾田,镇
441625107,柳城,镇
441625108,义合,镇
441625109,蓝口,镇
441625110,黄田,镇
441625111,叶潭,镇
441625112,黄村,镇
441625113,康禾,镇
441625114,锡场,镇
441625115,新港,镇
441625116,双江,镇
441625117,涧头,镇
441625121,新回龙,镇
441625122,半江,镇
441625200,漳溪|畲族,乡
441702001,南恩,街道
441702002,城南,街道
441702005,中洲,街道
441702006,城东,街道
441702007,城北,街道
441702008,白沙,街道
441702009,岗列,街道
441702010,城西,街道
441702102,埠场,镇
441702103,平冈,镇
441702105,闸坡,镇
441702106,双捷,镇
441704100,东城,镇
441704101,北惯,镇
441704102,那龙,镇
441704103,东平,镇
441704104,雅韶,镇
441704105,大沟,镇
441704106,新洲,镇
441704107,合山,镇
441704108,塘坪,镇
441704109,大八,镇
441704110,红丰,镇
441721100,织𬕂,镇
441721101,程村,镇
441721102,塘口,镇
441721103,上洋,镇
441721104,溪头,镇
441721106,儒洞,镇
441721107,新墟,镇
441721108,沙扒,镇
441781001,春城,街道
441781002,河西,街道
441781101,河㙟,镇
441781102,松柏,镇
441781103,石望,镇
441781105,春湾,镇
441781106,合水,镇
441781107,陂面,镇
441781108,圭岗,镇
441781109,永宁,镇
441781110,马水,镇
441781111,岗美,镇
441781112,河口,镇
441781113,潭水,镇
441781114,三甲,镇
441781116,双滘,镇
441781117,八甲,镇
441802001,凤城,街道
441802002,东城,街道
441802003,洲心,街道
441802004,横荷,街道
441802100,源潭,镇
441802101,龙塘,镇
441802102,石角,镇
441802103,飞来峡,镇
441803102,太和,镇
441803104,太平,镇
441803105,山塘,镇
441803106,三坑,镇
441803112,龙颈,镇
441803113,禾云,镇
441803117,浸潭,镇
441803118,石潭,镇
441821100,石角,镇
441821101,水头,镇
441821102,汤塘,镇
441821103,龙山,镇
441821104,高岗,镇
441821107,迳头,镇
441823100,青莲,镇
441823101,江英,镇
441823104,杜步,镇
441823105,七拱,镇
441823107,太平,镇
441823108,杨梅,镇
441823110,大崀,镇
441823111,小江,镇
441823113,岭背,镇
441823115,黄坌,镇
441823116,黎埠,镇
441823119,阳城,镇
441823201,秤架|瑶族,乡
441825100,永和,镇
441825104,吉田,镇
441825105,太保,镇
441825106,禾洞,镇
441825108,福堂,镇
441825109,小三江,镇
441825111,上帅,镇
441826100,三江,镇
441826101,大麦山,镇
441826102,寨岗,镇
441826105,三排,镇
441826106,涡水,镇
441826108,大坪,镇
441826109,香坪,镇
441881001,英城,街道
441881101,沙口,镇
441881102,望埠,镇
441881103,横石水,镇
441881104,东华,镇
441881105,桥头,镇
441881106,青塘,镇
441881108,白沙,镇
441881109,大站,镇
441881110,西牛,镇
441881111,九龙,镇
441881112,浛洸,镇
441881114,大湾,镇
441881115,石灰铺,镇
441881116,石牯塘,镇
441881120,下𱳪,镇
441881121,黄花,镇
441881124,波罗,镇
441881125,横石塘,镇
441881126,大洞,镇
441881129,连江口,镇
441881130,黎溪,镇
441881131,水边,镇
441881132,英红,镇
441882100,连州,镇
441882101,星子,镇
441882102,大路边,镇
441882103,龙坪,镇
441882104,西岸,镇
441882105,保安,镇
441882106,丰阳,镇
441882107,东陂,镇
441882109,九陂,镇
441882118,西江,镇
441882200,瑶安|瑶族,乡
441882201,三水|瑶族,乡
441900003,东城,街道
441900004,南城,街道
441900005,万江,街道
441900006,莞城,街道
441900101,石碣,镇
441900102,石龙,镇
441900103,茶山,镇
441900104,石排,镇
441900105,企石,镇
441900106,横沥,镇
441900107,桥头,镇
441900108,谢岗,镇
441900109,东坑,镇
441900110,常平,镇
441900111,寮步,镇
441900112,樟木头,镇
441900113,大朗,镇
441900114,黄江,镇
441900115,清溪,镇
441900116,塘厦,镇
441900117,凤岗,镇
441900118,大岭山,镇
441900119,长安,镇
441900121,虎门,镇
441900122,厚街,镇
441900123,沙田,镇
441900124,道滘,镇
441900125,洪梅,镇
441900126,麻涌,镇
441900127,望牛墩,镇
441900128,中堂,镇
441900129,高埗,镇
442000001,石岐,街道
442000002,东区,街道
442000003,中山港,街道
442000004,西区,街道
442000005,南区,街道
442000006,五桂山,街道
442000007,民众,街道
442000008,南朗,街道
442000101,黄圃,镇
442000103,东凤,镇
442000105,古镇,镇
442000106,沙溪,镇
442000107,坦洲,镇
442000108,港口,镇
442000109,三角,镇
442000110,横栏,镇
442000111,南头,镇
442000112,阜沙,镇
442000114,三乡,镇
442000115,板芙,镇
442000116,大涌,镇
442000117,神湾,镇
442000118,小榄,镇
445102007,桥东,街道
445102008,城西,街道
445102009,凤新,街道
445102010,太平,街道
445102011,西新,街道
445102100,意溪,镇
445102101,磷溪,镇
445102102,官塘,镇
445102103,铁铺,镇
445103100,古巷,镇
445103101,登塘,镇
445103102,凤塘,镇
445103103,浮洋,镇
445103104,龙湖,镇
445103105,金石,镇
445103106,沙溪,镇
445103107,彩塘,镇
445103108,东凤,镇
445103109,庵埠,镇
445103110,江东,镇
445103111,归湖,镇
445103112,文祠,镇
445103113,凤凰,镇
445103114,赤凤,镇
445103115,枫溪,镇
445122100,黄冈,镇
445122102,上饶,镇
445122103,饶洋,镇
445122104,新丰,镇
445122106,建饶,镇
445122107,三饶,镇
445122108,新塘,镇
445122109,汤溪,镇
445122110,浮滨,镇
445122112,浮山,镇
445122113,东山,镇
445122114,新圩,镇
445122116,樟溪,镇
445122117,钱东,镇
445122118,高堂,镇
445122119,联饶,镇
445122120,所城,镇
445122121,大埕,镇
445122122,柘林,镇
445122123,汫洲,镇
445122124,海山,镇
445202001,榕华,街道
445202002,新兴,街道
445202006,榕东,街道
445202008,东阳,街道
445202009,东升,街道
445202010,东兴,街道
445202011,仙桥,街道
445202012,梅云,街道
445202013,渔湖,街道
445202014,溪南,街道
445202015,凤美,街道
445202016,京冈,街道
445202017,进贤门,街道
445202102,地都,镇
445202103,砲台,镇
445202104,登岗,镇
445203001,曲溪,街道
445203002,磐东,街道
445203100,云路,镇
445203102,霖磐,镇
445203103,月城,镇
445203104,白塔,镇
445203105,龙尾,镇
445203106,桂岭,镇
445203107,锡场,镇
445203108,新亨,镇
445203109,玉湖,镇
445203110,埔田,镇
445203112,玉滘,镇
445222001,河婆,街道
445222102,龙潭,镇
445222103,南山,镇
445222104,五经富,镇
445222105,京溪园,镇
445222106,灰寨,镇
445222107,塔头,镇
445222108,东园,镇
445222109,凤江,镇
445222110,棉湖,镇
445222111,金和,镇
445222112,大溪,镇
445222113,钱坑,镇
445222114,坪上,镇
445222115,五云,镇
445222116,上砂,镇
445222201,良田,乡
445224100,惠城,镇
445224101,靖海,镇
445224102,神泉,镇
445224103,仙庵,镇
445224104,周田,镇
445224105,华湖,镇
445224106,前詹,镇
445224107,葵潭,镇
445224108,隆江,镇
445224109,溪西,镇
445224110,鳌江,镇
445224111,东港,镇
445224112,东陇,镇
445224113,岐石,镇
445224114,侨园,镇
445281001,池尾,街道
445281002,流沙北,街道
445281003,流沙西,街道
445281004,流沙东,街道
445281005,流沙南,街道
445281006,燎原,街道
445281007,大南山,街道
445281102,赤岗,镇
445281103,大坝,镇
445281104,洪阳,镇
445281105,南溪,镇
445281106,广太,镇
445281107,麒麟,镇
445281108,南径,镇
445281109,占陇,镇
445281110,军埠,镇
445281111,下架山,镇
445281113,高埔,镇
445281114,云落,镇
445281115,大坪,镇
445281116,船埔,镇
445281117,梅林,镇
445281119,里湖,镇
445281121,梅塘,镇
445281122,普侨,镇
445281201,鲘溪,乡
445302001,云城,街道
445302002,高峰,街道
445302003,河口,街道
445302004,安塘,街道
445302102,腰古,镇
445302103,思劳,镇
445302105,前锋,镇
445302106,南盛,镇
445303100,六都,镇
445303101,高村,镇
445303102,白石,镇
445303103,镇安,镇
445303104,富林,镇
445303107,石城,镇
445303108,都杨,镇
445321100,新城,镇
445321101,车岗,镇
445321103,水台,镇
445321104,稔村,镇
445321105,东成,镇
445321107,太平,镇
445321108,里洞,镇
445321110,大江,镇
445321112,天堂,镇
445321113,河头,镇
445321114,簕竹,镇
445321115,六祖,镇
445322100,都城,镇
445322101,平台,镇
445322102,桂圩,镇
445322104,通门,镇
445322105,建城,镇
445322106,宝珠,镇
445322108,大方,镇
445322110,千官,镇
445322111,大湾,镇
445322112,河口,镇
445322113,宋桂,镇
445322114,东坝,镇
445322115,连滩,镇
445322116,历洞,镇
445322117,南江口,镇
445381001,罗城,街道
445381002,素龙,街道
445381003,附城,街道
445381004,双东,街道
445381100,罗镜,镇
445381101,太平,镇
445381102,分界,镇
445381104,罗平,镇
445381105,船步,镇
445381106,𬜯塘,镇
445381107,苹塘,镇
445381108,金鸡,镇
445381109,围底,镇
445381110,华石,镇
445381111,榃滨,镇
445381113,黎少,镇
445381114,生江,镇
445381115,连州,镇
445381116,泗纶,镇
445381118,加益,镇
445381119,龙湾,镇
450102001,民生,街道
450102002,朝阳,街道
450102003,兴东,街道
450102101,三塘,镇
450102107,五塘,镇
450102109,昆仑,镇
450103001,新竹,街道
450103002,中山,街道
450103003,建政,街道
450103004,南湖,街道
450103005,津头,街道
450103100,刘圩,镇
450103101,南阳,镇
450103102,伶俐,镇
450103103,长塘,镇
450105001,福建园,街道
450105002,江南,街道
450105003,沙井,街道
450105004,那洪,街道
450105005,金凯,街道
450105102,吴圩,镇
450105103,苏圩,镇
450105104,延安,镇
450105105,江西,镇
450107001,衡阳,街道
450107002,北湖,街道
450107003,西乡塘,街道
450107004,安吉,街道
450107005,华强,街道
450107006,新阳,街道
450107007,上尧,街道
450107008,安宁,街道
450107009,石埠,街道
450107010,心圩,街道
450107100,金陵,镇
450107101,双定,镇
450107105,坛洛,镇
450108001,大沙田,街道
450108002,玉洞,街道
450108100,良庆,镇
450108101,那马,镇
450108102,那陈,镇
450108103,大塘,镇
450108104,南晓,镇
450109100,蒲庙,镇
450109101,那楼,镇
450109102,新江,镇
450109103,百济,镇
450109104,中和,镇
450110100,城厢,镇
450110102,太平,镇
450110103,双桥,镇
450110104,宁武,镇
450110105,锣圩,镇
450110106,仙湖,镇
450110107,府城,镇
450110108,陆斡,镇
450110109,两江,镇
450110110,罗波,镇
450110111,灵马,镇
450110112,甘圩,镇
450110113,马头,镇
450123100,城厢,镇
450123101,南圩,镇
450123102,雁江,镇
450123103,那桐,镇
450123104,乔建,镇
450123105,丁当,镇
450123201,古潭,乡
450123203,都结,乡
450123204,布泉,乡
450123205,屏山,乡
450124100,白山,镇
450124101,百龙滩,镇
450124102,林圩,镇
450124103,古零,镇
450124104,金钗,镇
450124105,周鹿,镇
450124106,永州,镇
450124200,乔利,乡
450124201,加方,乡
450124202,古寨|瑶族,乡
450124203,里当|瑶族,乡
450125100,大丰,镇
450125101,明亮,镇
450125102,巷贤,镇
450125103,白圩,镇
450125104,三里,镇
450125105,乔贤,镇
450125106,西燕,镇
450125200,澄泰,乡
450125202,木山,乡
450125203,塘红,乡
450125205,镇圩|瑶族,乡
450126100,宾州,镇
450126101,黎塘,镇
450126102,甘棠,镇
450126103,思陇,镇
450126104,新桥,镇
450126105,新圩,镇
450126106,邹圩,镇
450126107,大桥,镇
450126108,武陵,镇
450126109,中华,镇
450126110,古辣,镇
450126111,露圩,镇
450126112,王灵,镇
450126113,和吉,镇
450126114,洋桥,镇
450126115,陈平,镇
450181100,横州,镇
450181101,百合,镇
450181102,那阳,镇
450181103,南乡,镇
450181104,新福,镇
450181105,莲塘,镇
450181106,平马,镇
450181107,峦城,镇
450181108,六景,镇
450181110,石塘,镇
450181112,陶圩,镇
450181113,校椅,镇
450181114,云表,镇
450181115,马岭,镇
450181116,马山,镇
450181117,平朗,镇
450181204,镇龙,乡
450202001,城中,街道
450202002,公园,街道
450202003,中南,街道
450202004,沿江,街道
450202005,潭中,街道
450202006,河东,街道
450202007,静兰,街道
450203001,天马,街道
450203002,驾鹤,街道
450203003,箭盘山,街道
450203004,五里亭,街道
450203005,荣军,街道
450203007,白莲,街道
450203008,麒麟,街道
450203009,阳和,街道
450203100,洛埠,镇
450203101,雒容,镇
450203102,里雍,镇
450203103,白沙,镇
450204001,河西,街道
450204002,柳南,街道
450204003,柳石,街道
450204004,南站,街道
450204005,鹅山,街道
450204006,银山,街道
450204007,潭西,街道
450204008,南环,街道
450204100,太阳村,镇
450204101,洛满,镇
450204102,流山,镇
450205001,解放,街道
450205002,雅儒,街道
450205003,胜利,街道
450205004,雀儿山,街道
450205005,钢城,街道
450205006,柳长,街道
450205007,锦绣,街道
450205008,白露,街道
450205009,跃进,街道
450205100,石碑坪,镇
450205101,沙塘,镇
450205102,长塘,镇
450206100,拉堡,镇
450206102,百朋,镇
450206103,成团,镇
450206106,三都,镇
450206107,里高,镇
450206108,进德,镇
450206109,穿山,镇
450206110,土博,镇
450222100,大埔,镇
450222101,龙头,镇
450222102,太平,镇
450222103,沙埔,镇
450222104,东泉,镇
450222105,凤山,镇
450222106,六塘,镇
450222107,冲脉,镇
450222108,寨隆,镇
450222109,马山,镇
450222201,社冲,乡
450222202,古砦|仫佬族,乡
450223100,鹿寨,镇
450223102,中渡,镇
450223103,寨沙,镇
450223104,平山,镇
450223105,黄冕,镇
450223106,四排,镇
450223202,江口,乡
450223203,导江,乡
450223205,拉沟,乡
450224100,长安,镇
450224101,浮石,镇
450224102,泗顶,镇
450224103,板榄,镇
450224104,大将,镇
450224105,大良,镇
450224202,雅瑶,乡
450224203,大坡,乡
450224204,东起,乡
450224205,沙子,乡
450224206,桥板,乡
450224207,潭头,乡
450225100,融水,镇
450225101,和睦,镇
450225102,三防,镇
450225103,怀宝,镇
450225104,洞头,镇
450225105,大浪,镇
450225106,永乐,镇
450225202,四荣,乡
450225203,香粉,乡
450225204,安太,乡
450225206,汪洞,乡
450225207,同练|瑶族,乡
450225208,滚贝|侗族,乡
450225209,杆洞,乡
450225210,安陲,乡
450225212,白云,乡
450225213,红水,乡
450225214,拱洞,乡
450225215,良寨,乡
450225216,大年,乡
450226100,古宜,镇
450226101,丹洲,镇
450226102,斗江,镇
450226103,林溪,镇
450226104,八江,镇
450226105,独峒,镇
450226201,程村,乡
450226202,和平,乡
450226203,老堡,乡
450226204,高基|瑶族,乡
450226205,良口,乡
450226206,洋溪,乡
450226207,富禄|苗族,乡
450226208,梅林,乡
450226212,同乐|苗族,乡
450302001,秀峰,街道
450302002,丽君,街道
450302003,甲山,街道
450303001,叠彩,街道
450303002,北门,街道
450303200,大河,乡
450304001,南门,街道
450304002,象山,街道
450304003,平山,街道
450304200,二塘,乡
450305001,七星,街道
450305002,东江,街道
450305003,穿山,街道
450305004,漓东,街道
450305201,朝阳,乡
450311001,良丰,街道
450311100,雁山,镇
450311101,柘木,镇
450311200,大埠,乡
450311201,草坪|回族,乡
450312100,临桂,镇
450312101,六塘,镇
450312102,会仙,镇
450312103,两江,镇
450312104,五通,镇
450312105,四塘,镇
450312106,南边山,镇
450312107,中庸,镇
450312108,茶洞,镇
450312203,宛田|瑶族,乡
450312204,黄沙|瑶族,乡
450321100,阳朔,镇
450321101,白沙,镇
450321102,福利,镇
450321103,兴坪,镇
450321104,葡萄,镇
450321105,高田,镇
450321200,金宝,乡
450321201,普益,乡
450321202,杨堤,乡
450323100,灵川,镇
450323101,大圩,镇
450323102,定江,镇
450323103,三街,镇
450323104,潭下,镇
450323106,九屋,镇
450323107,灵田,镇
450323200,潮田,乡
450323201,大境|瑶族,乡
450323202,海洋,乡
450323206,兰田|瑶族,乡
450323207,公平,乡
450324100,全州,镇
450324101,黄沙河,镇
450324102,庙头,镇
450324103,文桥,镇
450324104,大西江,镇
450324105,龙水,镇
450324106,才湾,镇
450324107,绍水,镇
450324108,石塘,镇
450324109,安和,镇
450324110,两河,镇
450324111,凤凰,镇
450324112,咸水,镇
450324113,枧塘,镇
450324114,永岁,镇
450324204,蕉江|瑶族,乡
450324208,白宝,乡
450324209,东山|瑶族,乡
450325100,兴安,镇
450325101,湘漓,镇
450325102,界首,镇
450325103,高尚,镇
450325104,严关,镇
450325105,溶江,镇
450325200,漠川,乡
450325201,白石,乡
450325202,崔家,乡
450325203,华江|瑶族,乡
450326100,永福,镇
450326101,罗锦,镇
450326102,百寿,镇
450326103,苏桥,镇
450326104,三皇,镇
450326105,堡里,镇
450326202,广福,乡
450326204,永安,乡
450326205,龙江,乡
450327100,灌阳,镇
450327101,黄关,镇
450327102,文市,镇
450327103,新街,镇
450327104,新圩,镇
450327105,水车,镇
450327200,洞井|瑶族,乡
450327201,观音阁,乡
450327202,西山|瑶族,乡
450328100,龙胜,镇
450328101,瓢里,镇
450328102,三门,镇
450328103,平等,镇
450328104,龙脊,镇
450328105,乐江,镇
450328201,泗水,乡
450328202,江底,乡
450328203,马堤,乡
450328204,伟江,乡
450329101,资源,镇
450329102,梅溪,镇
450329103,中峰,镇
450329203,瓜里,乡
450329204,车田|苗族,乡
450329205,两水|苗族,乡
450329206,河口|瑶族,乡
450330100,平乐,镇
450330101,二塘,镇
450330102,沙子,镇
450330103,同安,镇
450330104,张家,镇
450330105,源头,镇
450330201,阳安,乡
450330202,青龙,乡
450330203,桥亭,乡
450330205,大发|瑶族,乡
450332100,恭城,镇
450332101,栗木,镇
450332102,莲花,镇
450332103,嘉会,镇
450332104,西岭,镇
450332105,平安,镇
450332201,三江,乡
450332204,观音,乡
450332205,龙虎,乡
450381100,荔城,镇
450381101,东昌,镇
450381102,新坪,镇
450381103,杜莫,镇
450381104,青山,镇
450381105,修仁,镇
450381106,大塘,镇
450381107,花篢,镇
450381108,双江,镇
450381109,马岭,镇
450381200,龙怀,乡
450381201,茶城,乡
450381202,蒲芦|瑶族,乡
450403002,城南,街道
450403004,城北,街道
450403005,角嘴,街道
450403006,东兴,街道
450403007,富民,街道
450403105,城东,镇
450403107,龙湖,镇
450403108,夏郢,镇
450405001,大塘,街道
450405002,兴龙,街道
450405003,红岭,街道
450405101,长洲,镇
450405102,倒水,镇
450406100,龙圩,镇
450406101,新地,镇
450406102,广平,镇
450406103,大坡,镇
450421105,岭脚,镇
450421108,京南,镇
450421109,狮寨,镇
450421112,六堡,镇
450421113,梨埠,镇
450421114,木双,镇
450421115,石桥,镇
450421116,沙头,镇
450421117,旺甫,镇
450422100,藤州,镇
450422103,塘步,镇
450422104,埌南,镇
450422105,同心,镇
450422106,金鸡,镇
450422107,新庆,镇
450422108,象棋,镇
450422109,岭景,镇
450422110,天平,镇
450422111,濛江,镇
450422112,和平,镇
450422113,太平,镇
450422114,古龙,镇
450422115,东荣,镇
450422116,大黎,镇
450422200,平福,乡
450422201,宁康,乡
450423100,蒙山,镇
450423101,西河,镇
450423102,新圩,镇
450423103,文圩,镇
450423104,黄村,镇
450423105,陈塘,镇
450423200,汉豪,乡
450423201,长坪|瑶族,乡
450423202,夏宜|瑶族,乡
450481100,岑城,镇
450481102,马路,镇
450481103,南渡,镇
450481105,水汶,镇
450481106,大隆,镇
450481107,梨木,镇
450481108,大业,镇
450481109,筋竹,镇
450481110,诚谏,镇
450481111,归义,镇
450481112,糯垌,镇
450481113,安平,镇
450481114,三堡,镇
450481115,波塘,镇
450502001,中街,街道
450502002,东街,街道
450502003,西街,街道
450502004,海角,街道
450502005,地角,街道
450502006,高德,街道
450502007,驿马,街道
450502100,涠洲,镇
450503100,福成,镇
450503101,银滩,镇
450503102,平阳,镇
450503103,侨港,镇
450512100,南康,镇
450512101,营盘,镇
450512102,兴港,镇
450521100,廉州,镇
450521101,党江,镇
450521102,西场,镇
450521103,沙岗,镇
450521104,乌家,镇
450521105,闸口,镇
450521106,公馆,镇
450521107,白沙,镇
450521108,山口,镇
450521109,沙田,镇
450521110,石湾,镇
450521111,石康,镇
450521112,常乐,镇
450521113,星岛湖,镇
450521200,曲樟,乡
450602001,渔洲坪,街道
450602002,白沙𬇕,街道
450602003,沙潭江,街道
450602004,王府,街道
450602100,企沙,镇
450602101,光坡,镇
450603001,水营,街道
450603002,珠河,街道
450603003,文昌,街道
450603101,大菉,镇
450603102,华石,镇
450603103,那梭,镇
450603104,那良,镇
450603105,峒中,镇
450603106,茅岭,镇
450603107,江山,镇
450603108,扶隆,镇
450603204,滩营,乡
450603209,十万山|瑶族,乡
450621100,思阳,镇
450621101,在妙,镇
450621102,华兰,镇
450621103,叫安,镇
450621203,南屏|瑶族,乡
450621204,平福,乡
450621206,那琴,乡
450621208,公正,乡
450681100,东兴,镇
450681101,江平,镇
450681102,马路,镇
450702001,向阳,街道
450702002,水东,街道
450702003,文峰,街道
450702004,南珠,街道
450702005,尖山,街道
450702100,沙埠,镇
450702101,康熙岭,镇
450702102,黄屋屯,镇
450702104,大番坡,镇
450702105,龙门港,镇
450702106,犀牛脚,镇
450702107,久隆,镇
450702108,东场,镇
450702109,那丽,镇
450702110,那彭,镇
450702111,那思,镇
450703001,长田,街道
450703002,鸿亭,街道
450703003,子材,街道
450703100,大垌,镇
450703101,平吉,镇
450703102,青塘,镇
450703103,小董,镇
450703104,板城,镇
450703106,那蒙,镇
450703107,长滩,镇
450703108,新棠,镇
450703109,大直,镇
450703110,大寺,镇
450703111,贵台,镇
450721001,三海,街道
450721002,灵城,街道
450721102,新圩,镇
450721103,丰塘,镇
450721104,平山,镇
450721105,石塘,镇
450721106,佛子,镇
450721107,平南,镇
450721108,烟墩,镇
450721109,檀圩,镇
450721110,那隆,镇
450721111,三隆,镇
450721112,陆屋,镇
450721113,旧州,镇
450721114,太平,镇
450721115,沙坪,镇
450721116,武利,镇
450721117,文利,镇
450721118,伯劳,镇
450722001,小江,街道
450722002,江城,街道
450722101,泉水,镇
450722102,石埇,镇
450722103,安石,镇
450722104,张黄,镇
450722105,大成,镇
450722106,白石水,镇
450722107,北通,镇
450722108,三合,镇
450722109,龙门,镇
450722111,福旺,镇
450722112,寨圩,镇
450722113,乐民,镇
450722114,六硍,镇
450722115,平睦,镇
450722116,官垌,镇
450802001,贵城,街道
450802002,港城,街道
450802003,荷城,街道
450802004,布山,街道
450802005,西江,街道
450802101,大圩,镇
450802102,庆丰,镇
450802103,根竹,镇
450802104,武乐,镇
450802200,奇石,乡
450802201,中里,乡
450803001,江南,街道
450803002,八塘,街道
450803100,桥圩,镇
450803101,木格,镇
450803102,木梓,镇
450803103,湛江,镇
450803104,东津,镇
450803106,新塘,镇
450803107,瓦塘,镇
450804001,覃塘,街道
450804101,东龙,镇
450804102,三里,镇
450804103,黄练,镇
450804104,石卡,镇
450804105,五里,镇
450804106,樟木,镇
450804107,蒙公,镇
450804200,山北,乡
450804203,大岭,乡
450821001,平南,街道
450821002,上渡,街道
450821101,平山,镇
450821102,寺面,镇
450821103,六陈,镇
450821104,大新,镇
450821105,大安,镇
450821106,武林,镇
450821107,大坡,镇
450821108,大洲,镇
450821109,镇隆,镇
450821112,安怀,镇
450821113,丹竹,镇
450821114,官成,镇
450821115,思旺,镇
450821116,大鹏,镇
450821117,同和,镇
450821118,东华,镇
450821202,思界,乡
450821203,国安|瑶族,乡
450821204,马练|瑶族,乡
450881100,西山,镇
450881101,木乐,镇
450881102,木圭,镇
450881103,石咀,镇
450881104,油麻,镇
450881105,社坡,镇
450881106,罗秀,镇
450881107,麻垌,镇
450881108,社步,镇
450881109,下湾,镇
450881110,木根,镇
450881111,中沙,镇
450881113,大洋,镇
450881114,大湾,镇
450881115,白沙,镇
450881116,石龙,镇
450881117,蒙圩,镇
450881118,紫荆,镇
450881119,南木,镇
450881120,江口,镇
450881121,金田,镇
450881200,马皮,乡
450881201,垌心,乡
450881202,寻旺,乡
450881203,罗播,乡
450881204,厚禄,乡
450902001,玉城,街道
450902002,南江,街道
450902003,城西,街道
450902004,城北,街道
450902005,名山,街道
450902101,茂林,镇
450902102,仁东,镇
450902103,仁厚,镇
450902104,大塘,镇
450903100,福绵,镇
450903101,成均,镇
450903102,樟木,镇
450903103,新桥,镇
450903104,沙田,镇
450903105,石和,镇
450921100,容州,镇
450921102,杨梅,镇
450921103,灵山,镇
450921104,六王,镇
450921105,黎村,镇
450921106,杨村,镇
450921107,县底,镇
450921108,自良,镇
450921109,松山,镇
450921110,罗江,镇
450921111,石头,镇
450921112,石寨,镇
450921113,十里,镇
450921114,容西,镇
450921115,浪水,镇
450922101,温泉,镇
450922102,米场,镇
450922103,马坡,镇
450922104,珊罗,镇
450922105,平乐,镇
450922106,沙坡,镇
450922107,大桥,镇
450922108,乌石,镇
450922109,良田,镇
450922110,清湖,镇
450922111,古城,镇
450922112,横山,镇
450922113,滩面,镇
450922114,沙湖,镇
450923100,博白,镇
450923101,径口,镇
450923102,双凤,镇
450923105,顿谷,镇
450923106,水鸣,镇
450923107,那林,镇
450923108,江宁,镇
450923109,三滩,镇
450923110,黄凌,镇
450923111,亚山,镇
450923112,旺茂,镇
450923114,东平,镇
450923115,沙河,镇
450923116,菱角,镇
450923117,新田,镇
450923118,凤山,镇
450923119,宁潭,镇
450923120,文地,镇
450923121,英桥,镇
450923122,那卜,镇
450923123,大垌,镇
450923124,沙陂,镇
450923125,双旺,镇
450923126,松旺,镇
450923127,龙潭,镇
450923128,大坝,镇
450923129,永安,镇
450923130,浪平,镇
450924100,石南,镇
450924101,大平山,镇
450924102,葵阳,镇
450924103,城隍,镇
450924104,山心,镇
450924105,沙塘,镇
450924106,蒲塘,镇
450924107,北市,镇
450924108,龙安,镇
450924109,高峰,镇
450924110,小平山,镇
450924111,卖酒,镇
450924124,洛阳,镇
450981001,陵城,街道
450981002,城南,街道
450981003,城北,街道
450981100,北流,镇
450981101,新荣,镇
450981102,民安,镇
450981103,山围,镇
450981104,民乐,镇
450981105,西埌,镇
450981106,新圩,镇
450981107,大里,镇
450981108,塘岸,镇
450981109,清水口,镇
450981110,隆盛,镇
450981111,大坡外,镇
450981112,六麻,镇
450981113,新丰,镇
450981114,沙垌,镇
450981115,平政,镇
450981116,白马,镇
450981117,大伦,镇
450981118,扶新,镇
450981119,六靖,镇
450981120,石窝,镇
450981122,清湾,镇
451002001,百城,街道
451002002,龙景,街道
451002101,阳圩,镇
451002102,四塘,镇
451002103,龙川,镇
451002104,永乐,镇
451002202,汪甸|瑶族,乡
451002204,大楞,乡
451002206,泮水,乡
451003100,田州,镇
451003101,那坡,镇
451003102,坡洪,镇
451003103,那满,镇
451003104,百育,镇
451003105,玉凤,镇
451003106,头塘,镇
451003107,五村,镇
451003108,洞靖,镇
451003204,巴别,乡
451022100,平马,镇
451022101,祥周,镇
451022103,林逢,镇
451022105,思林,镇
451022106,印茶,镇
451022107,江城,镇
451022108,朔良,镇
451022109,义圩,镇
451022110,那拔,镇
451022201,作登|瑶族,乡
451024100,城关,镇
451024101,隆桑,镇
451024102,敬德,镇
451024103,足荣,镇
451024122,马隘,镇
451024123,东凌,镇
451024124,那甲,镇
451024201,都安,乡
451024205,荣华,乡
451024207,燕峒,乡
451024208,龙光,乡
451024210,巴头,乡
451026100,城厢,镇
451026101,平孟,镇
451026102,龙合,镇
451026200,坡荷,乡
451026203,德隆,乡
451026204,百合,乡
451026205,百南,乡
451026207,百省,乡
451026208,百都,乡
451027100,泗城,镇
451027101,逻楼,镇
451027102,加尤,镇
451027103,下甲,镇
451027201,伶站|瑶族,乡
451027202,朝里|瑶族,乡
451027203,沙里|瑶族,乡
451027205,玉洪|瑶族,乡
451028100,同乐,镇
451028101,甘田,镇
451028102,新化,镇
451028103,花坪,镇
451028201,逻沙,乡
451028203,逻西,乡
451028204,幼平,乡
451028205,雅长,乡
451029100,乐里,镇
451029101,旧州,镇
451029102,定安,镇
451029103,六隆,镇
451029104,浪平,镇
451029200,潞城|瑶族,乡
451029202,利周|瑶族,乡
451029203,平塘,乡
451029206,八桂|瑶族,乡
451029208,八渡|瑶族,乡
451029210,那比,乡
451029211,高龙,乡
451029213,百乐,乡
451029215,者苗,乡
451030100,八达,镇
451030101,古障,镇
451030102,那劳,镇
451030103,马蚌,镇
451030203,普合|苗族,乡
451030204,西平,乡
451030206,那佐|苗族,乡
451030208,足别|瑶族|苗族,乡
451031100,新州,镇
451031101,桠杈,镇
451031102,天生桥,镇
451031103,平班,镇
451031104,德峨,镇
451031105,隆或,镇
451031200,沙梨,乡
451031203,者保,乡
451031204,者浪,乡
451031205,革步,乡
451031206,金钟山,乡
451031208,猪场,乡
451031210,蛇场,乡
451031211,克长,乡
451031213,岩茶,乡
451031215,介廷,乡
451081100,新靖,镇
451081101,化峒,镇
451081102,湖润,镇
451081103,安德,镇
451081104,龙临,镇
451081105,渠洋,镇
451081106,岳圩,镇
451081107,龙邦,镇
451081108,武平,镇
451081109,禄峒,镇
451081110,地州,镇
451081200,同德,乡
451081201,壬庄,乡
451081202,安宁,乡
451081206,南坡,乡
451081207,吞盘,乡
451081209,果乐,乡
451081210,新甲,乡
451081215,魁圩,乡
451082100,马头,镇
451082101,新安,镇
451082102,果化,镇
451082103,太平,镇
451082104,坡造,镇
451082105,四塘,镇
451082106,旧城,镇
451082107,榜圩,镇
451082108,凤梧,镇
451082202,海城,乡
451082205,黎明,乡
451082206,同老,乡
451102001,八步,街道
451102002,城东,街道
451102003,江南,街道
451102101,贺街,镇
451102102,步头,镇
451102103,莲塘,镇
451102104,大宁,镇
451102105,南乡,镇
451102106,桂岭,镇
451102107,开山,镇
451102109,里松,镇
451102114,信都,镇
451102115,灵峰,镇
451102116,仁义,镇
451102117,铺门,镇
451102200,黄洞|瑶族,乡
451103001,西湾,街道
451103100,黄田,镇
451103101,鹅塘,镇
451103102,沙田,镇
451103103,公会,镇
451103104,水口,镇
451103105,望高,镇
451103106,羊头,镇
451103200,大平|瑶族,乡
451121100,昭平,镇
451121101,文竹,镇
451121102,黄姚,镇
451121103,富罗,镇
451121104,北陀,镇
451121105,马江,镇
451121107,五将,镇
451121108,走马,镇
451121109,樟木林,镇
451121201,仙回|瑶族,乡
451121206,凤凰,乡
451121208,木格,乡
451122100,钟山,镇
451122105,回龙,镇
451122106,石龙,镇
451122107,凤翔,镇
451122108,珊瑚,镇
451122109,同古,镇
451122110,公安,镇
451122112,清塘,镇
451122113,燕塘,镇
451122114,红花,镇
451122200,花山|瑶族,乡
451122201,两安|瑶族,乡
451123100,富阳,镇
451123101,白沙,镇
451123102,莲山,镇
451123103,古城,镇
451123104,福利,镇
451123105,麦岭,镇
451123106,葛坡,镇
451123107,城北,镇
451123108,朝东,镇
451123200,新华,乡
451123201,石家,乡
451123203,柳家,乡
451202001,金城江,街道
451202101,东江,镇
451202102,六圩,镇
451202103,六甲,镇
451202104,河池,镇
451202105,拔贡,镇
451202106,九圩,镇
451202107,五圩,镇
451202200,白土,乡
451202203,侧岭,乡
451202204,保平,乡
451202205,长老,乡
451203100,庆远,镇
451203101,三岔,镇
451203102,洛西,镇
451203103,怀远,镇
451203104,德胜,镇
451203105,石别,镇
451203106,北山,镇
451203107,洛东,镇
451203108,刘三姐,镇
451203200,祥贝,乡
451203203,屏南,乡
451203207,福龙|瑶族,乡
451203208,北牙|瑶族,乡
451203210,同德,乡
451203211,安马,乡
451203213,龙头,乡
451221100,城关,镇
451221101,大厂,镇
451221102,车河,镇
451221103,芒场,镇
451221104,六寨,镇
451221105,月里,镇
451221106,吾隘,镇
451221107,罗富,镇
451221202,中堡|苗族,乡
451221203,八圩|瑶族,乡
451221204,里湖|瑶族,乡
451222100,六排,镇
451222101,向阳,镇
451222200,岜暮,乡
451222201,八腊|瑶族,乡
451222203,纳直,乡
451222204,更新,乡
451222206,下老,乡
451222207,坡结,乡
451222208,三堡,乡
451223001,思源,街道
451223100,凤城,镇
451223101,长洲,镇
451223102,三门海,镇
451223201,砦牙,乡
451223203,乔音,乡
451223205,金牙|瑶族,乡
451223207,中亭,乡
451223208,平乐|瑶族,乡
451223209,江洲|瑶族,乡
451224100,东兰,镇
451224101,隘洞,镇
451224102,长乐,镇
451224103,三石,镇
451224104,武篆,镇
451224105,长江,镇
451224200,泗孟,乡
451224201,兰木,乡
451224203,巴畴,乡
451224204,金谷,乡
451224205,三弄|瑶族,乡
451224206,大同,乡
451224207,花香,乡
451224208,切学,乡
451225100,东门,镇
451225101,龙岸,镇
451225102,黄金,镇
451225103,小长安,镇
451225105,四把,镇
451225106,天河,镇
451225107,怀群,镇
451225200,宝坛,乡
451225202,乔善,乡
451225203,纳翁,乡
451225204,兼爱,乡
451226001,城西,街道
451226100,思恩,镇
451226101,水源,镇
451226102,洛阳,镇
451226103,川山,镇
451226104,明伦,镇
451226105,东兴,镇
451226200,大才,乡
451226202,下南,乡
451226204,大安,乡
451226205,长美,乡
451226206,龙岩,乡
451226207,驯乐|苗族,乡
451227100,巴马,镇
451227101,甲篆,镇
451227102,燕洞,镇
451227202,那社,乡
451227203,所略,乡
451227205,西山,乡
451227207,东山,乡
451227208,凤凰,乡
451227209,百林,乡
451227210,那桃,乡
451228100,安阳,镇
451228101,高岭,镇
451228102,地苏,镇
451228103,下坳,镇
451228104,拉烈,镇
451228105,百旺,镇
451228106,澄江,镇
451228107,大兴,镇
451228108,拉仁,镇
451228109,永安,镇
451228204,东庙,乡
451228208,隆福,乡
451228209,保安,乡
451228210,板岭,乡
451228212,三只羊,乡
451228213,龙湾,乡
451228214,菁盛,乡
451228217,加贵,乡
451228219,九渡,乡
451229100,大化,镇
451229101,都阳,镇
451229102,岩滩,镇
451229103,北景,镇
451229200,共和,乡
451229201,贡川,乡
451229202,百马,乡
451229203,古河,乡
451229204,古文,乡
451229205,江南,乡
451229206,羌圩,乡
451229207,乙圩,乡
451229210,板升,乡
451229211,七百弄,乡
451229213,雅龙,乡
451229214,六也,乡
451302001,城北,街道
451302002,城东,街道
451302003,河西,街道
451302004,来华,街道
451302101,凤凰,镇
451302102,良江,镇
451302103,小平阳,镇
451302104,迁江,镇
451302105,石陵,镇
451302106,平阳,镇
451302107,蒙村,镇
451302108,大湾,镇
451302109,桥巩,镇
451302110,寺山,镇
451302111,城厢,镇
451302112,三五,镇
451302113,陶邓,镇
451302114,石牙,镇
451302115,五山,镇
451302116,良塘,镇
451302206,七洞,乡
451302213,南泗,乡
451302214,高安,乡
451302216,正龙,乡
451321100,城关,镇
451321101,大塘,镇
451321102,思练,镇
451321103,红渡,镇
451321104,古蓬,镇
451321105,果遂,镇
451321201,马泗,乡
451321202,欧洞,乡
451321203,安东,乡
451321205,新圩,乡
451321206,遂意,乡
451321207,北更,乡
451322100,象州,镇
451322101,石龙,镇
451322102,运江,镇
451322103,寺村,镇
451322104,中平,镇
451322105,罗秀,镇
451322106,大乐,镇
451322107,马坪,镇
451322201,妙皇,乡
451322202,百丈,乡
451322203,水晶,乡
451323100,武宣,镇
451323101,桐岭,镇
451323102,通挽,镇
451323103,东乡,镇
451323104,三里,镇
451323105,二塘,镇
451323106,黄茆,镇
451323107,禄新,镇
451323108,思灵,镇
451323205,金鸡,乡
451324100,金秀,镇
451324101,桐木,镇
451324102,头排,镇
451324200,三角,乡
451324201,忠良,乡
451324202,罗香,乡
451324203,长垌,乡
451324204,大樟,乡
451324205,六巷,乡
451324207,三江,乡
451381100,岭南,镇
451381101,北泗,镇
451381102,河里,镇
451402001,太平,街道
451402002,江南,街道
451402003,石景林,街道
451402101,新和,镇
451402102,濑湍,镇
451402103,江州,镇
451402104,左州,镇
451402105,那隆,镇
451402106,驮卢,镇
451402201,罗白,乡
451402202,板利,乡
451421100,新宁,镇
451421101,渠黎,镇
451421102,渠旧,镇
451421103,柳桥,镇
451421104,东门,镇
451421105,山圩,镇
451421106,中东,镇
451421107,东罗,镇
451421201,龙头,乡
451421202,岜盆,乡
451421203,昌平,乡
451422100,城中,镇
451422101,爱店,镇
451422102,明江,镇
451422103,海渊,镇
451422104,那堪,镇
451422105,桐棉,镇
451422106,亭亮,镇
451422202,寨安,乡
451422203,峙浪,乡
451422204,东安,乡
451422205,板棍,乡
451422206,北江,乡
451422209,那楠,乡
451423100,龙州,镇
451423101,下冻,镇
451423102,水口,镇
451423103,金龙,镇
451423104,响水,镇
451423201,八角,乡
451423202,上降,乡
451423203,彬桥,乡
451423204,上龙,乡
451423205,武德,乡
451423206,逐卜,乡
451423207,上金,乡
451424100,桃城,镇
451424101,全茗,镇
451424102,雷平,镇
451424103,硕龙,镇
451424104,下雷,镇
451424200,五山,乡
451424201,龙门,乡
451424202,昌明,乡
451424203,福隆,乡
451424204,那岭,乡
451424205,恩城,乡
451424206,榄圩,乡
451424207,宝圩,乡
451424208,堪圩,乡
451425100,天等,镇
451425101,龙茗,镇
451425102,进结,镇
451425103,向都,镇
451425104,东平,镇
451425105,福新,镇
451425200,都康,乡
451425201,宁干,乡
451425202,驮堪,乡
451425205,进远,乡
451425206,上映,乡
451425207,把荷,乡
451425208,小山,乡
451481100,凭祥,镇
451481101,友谊,镇
451481102,上石,镇
451481103,夏石,镇
460105001,秀英,街道
460105002,海秀,街道
460105100,长流,镇
460105101,西秀,镇
460105102,海秀,镇
460105103,石山,镇
460105104,永兴,镇
460105105,东山,镇
460106001,中山,街道
460106002,滨海,街道
460106003,金贸,街道
460106004,大同,街道
460106005,海垦,街道
460106006,金宇,街道
460106100,城西,镇
460106101,龙桥,镇
460106102,新坡,镇
460106103,遵谭,镇
460106104,龙泉,镇
460107001,国兴,街道
460107002,府城,街道
460107003,滨江,街道
460107004,凤翔,街道
460107101,龙塘,镇
460107102,云龙,镇
460107103,红旗,镇
460107104,三门坡,镇
460107105,大坡,镇
460107106,甲子,镇
460107107,旧州,镇
460108001,海府路,街道
460108002,蓝天,街道
460108003,博爱,街道
460108004,海甸,街道
460108005,人民路,街道
460108006,白龙,街道
460108007,和平南,街道
460108008,白沙,街道
460108009,新埠,街道
460108101,灵山,镇
460108102,演丰,镇
460108103,三江,镇
460108104,大致坡,镇
460400001,三都,街道
460400100,那大,镇
460400101,和庆,镇
460400102,南丰,镇
460400103,大成,镇
460400104,雅星,镇
460400105,兰洋,镇
460400106,光村,镇
460400107,木棠,镇
460400108,海头,镇
460400109,峨蔓,镇
460400111,王五,镇
460400112,白马井,镇
460400113,中和,镇
460400114,排浦,镇
460400115,东成,镇
460400116,新州,镇
469001100,通什,镇
469001101,南圣,镇
469001102,毛阳,镇
469001103,番阳,镇
469001200,畅好,乡
469001201,毛道,乡
469001202,水满,乡
469002100,嘉积,镇
469002101,万泉,镇
469002102,石壁,镇
469002103,中原,镇
469002104,博鳌,镇
469002105,阳江,镇
469002106,龙江,镇
469002107,潭门,镇
469002108,塔洋,镇
469002109,长坡,镇
469002110,大路,镇
469002111,会山,镇
469005100,文城,镇
469005101,重兴,镇
469005102,蓬莱,镇
469005103,会文,镇
469005104,东路,镇
469005105,潭牛,镇
469005106,东阁,镇
469005107,文教,镇
469005108,东郊,镇
469005109,龙楼,镇
469005110,昌洒,镇
469005111,翁田,镇
469005112,抱罗,镇
469005113,冯坡,镇
469005114,锦山,镇
469005115,铺前,镇
469005116,公坡,镇
469006100,万城,镇
469006101,龙滚,镇
469006102,和乐,镇
469006103,后安,镇
469006104,大茂,镇
469006105,东澳,镇
469006106,礼纪,镇
469006107,长丰,镇
469006108,山根,镇
469006109,北大,镇
469006110,南桥,镇
469006111,三更罗,镇
469007100,八所,镇
469007101,东河,镇
469007102,大田,镇
469007103,感城,镇
469007104,板桥,镇
469007105,三家,镇
469007106,四更,镇
469007107,新龙,镇
469007200,天安,乡
469007201,江边,乡
469021100,定城,镇
469021101,新竹,镇
469021102,龙湖,镇
469021103,黄竹,镇
469021104,雷鸣,镇
469021105,龙门,镇
469021106,龙河,镇
469021107,岭口,镇
469021108,翰林,镇
469021109,富文,镇
469022100,屯城,镇
469022101,新兴,镇
469022102,枫木,镇
469022103,乌坡,镇
469022104,南吕,镇
469022105,南坤,镇
469022106,坡心,镇
469022107,西昌,镇
469023100,金江,镇
469023101,老城,镇
469023102,瑞溪,镇
469023103,永发,镇
469023104,加乐,镇
469023105,文儒,镇
469023106,中兴,镇
469023107,仁兴,镇
469023108,福山,镇
469023109,桥头,镇
469023110,大丰,镇
469024100,临城,镇
469024101,波莲,镇
469024102,东英,镇
469024103,博厚,镇
469024104,皇桐,镇
469024105,多文,镇
469024106,和舍,镇
469024107,南宝,镇
469024108,新盈,镇
469024109,调楼,镇
469024110,加来,镇
469025100,牙叉,镇
469025101,七坊,镇
469025102,邦溪,镇
469025103,打安,镇
469025200,细水,乡
469025201,元门,乡
469025202,南开,乡
469025203,阜龙,乡
469025204,青松,乡
469025205,金波,乡
469025206,荣邦,乡
469026100,石碌,镇
469026101,叉河,镇
469026102,十月田,镇
469026103,乌烈,镇
469026104,昌化,镇
469026105,海尾,镇
469026106,七叉,镇
469026200,王下,乡
469027100,抱由,镇
469027101,万冲,镇
469027102,大安,镇
469027103,志仲,镇
469027104,千家,镇
469027105,九所,镇
469027106,利国,镇
469027107,黄流,镇
469027108,佛罗,镇
469027109,尖峰,镇
469027110,莺歌海,镇
469028100,椰林,镇
469028101,光坡,镇
469028102,三才,镇
469028103,英州,镇
469028104,隆广,镇
469028105,文罗,镇
469028106,本号,镇
469028107,新村,镇
469028108,黎安,镇
469028200,提蒙,乡
469028201,群英,乡
469029100,保城,镇
469029101,什玲,镇
469029102,加茂,镇
469029103,响水,镇
469029104,新政,镇
469029105,三道,镇
469029200,六弓,乡
469029201,南林,乡
469029202,毛感,乡
469030100,营根,镇
469030101,湾岭,镇
469030102,黎母山,镇
469030103,和平,镇
469030104,长征,镇
469030105,红毛,镇
469030106,中平,镇
469030200,吊罗山,乡
469030201,上安,乡
469030202,什运,乡
500101001,高笋塘,街道
500101002,太白,街道
500101003,牌楼,街道
500101004,双河口,街道
500101005,龙都,街道
500101006,周家坝,街道
500101007,沙河,街道
500101008,钟鼓楼,街道
500101009,百安坝,街道
500101010,五桥,街道
500101011,陈家坝,街道
500101012,高峰,街道
500101013,天城,街道
500101014,九池,街道
500101102,龙沙,镇
500101103,响水,镇
500101104,武陵,镇
500101105,瀼渡,镇
500101106,甘宁,镇
500101108,熊家,镇
500101109,小周,镇
500101110,大周,镇
500101111,高梁,镇
500101112,李河,镇
500101113,分水,镇
500101114,孙家,镇
500101115,余家,镇
500101116,后山,镇
500101117,弹子,镇
500101118,长岭,镇
500101119,新田,镇
500101120,新乡,镇
500101121,走马,镇
500101122,罗田,镇
500101123,龙驹,镇
500101124,白土,镇
500101125,长滩,镇
500101126,太安,镇
500101127,白羊,镇
500101128,太龙,镇
500101129,郭村,镇
500101201,柱山,乡
500101203,铁峰,乡
500101204,茨竹,乡
500101205,溪口,乡
500101206,长坪,乡
500101207,燕山,乡
500101208,梨树,乡
500101209,恒合|土家族,乡
500101210,普子,乡
500101211,地宝|土家族,乡
500101212,黄柏,乡
500102001,敦仁,街道
500102002,崇义,街道
500102003,荔枝,街道
500102004,江北,街道
500102005,江东,街道
500102006,李渡,街道
500102007,龙桥,街道
500102008,白涛,街道
500102009,马鞍,街道
500102010,蔺市,街道
500102011,义和,街道
500102100,百胜,镇
500102101,珍溪,镇
500102102,清溪,镇
500102103,南沱,镇
500102104,焦石,镇
500102106,马武,镇
500102107,青羊,镇
500102108,龙潭,镇
500102112,新妙,镇
500102113,石沱,镇
500102116,同乐,镇
500102117,大顺,镇
500102118,增福,镇
500102119,罗云,镇
500102128,大木,镇
500102129,武陵山,镇
500103001,七星岗,街道
500103003,解放碑,街道
500103004,两路口,街道
500103005,上清寺,街道
500103007,菜园坝,街道
500103008,南纪门,街道
500103010,朝天门,街道
500103011,大溪沟,街道
500103012,大坪,街道
500103013,化龙桥,街道
500103014,石油路,街道
500104001,新山村,街道
500104002,跃进村,街道
500104003,九宫庙,街道
500104004,茄子溪,街道
500104005,春晖路,街道
500104101,八桥,镇
500104102,建胜,镇
500104103,跳磴,镇
500106001,小龙坎,街道
500106002,沙坪坝,街道
500106003,渝碚路,街道
500106004,磁器口,街道
500106005,童家桥,街道
500106006,石井坡,街道
500106007,双碑,街道
500106008,井口,街道
500106009,歌乐山,街道
500106010,山洞,街道
500106011,新桥,街道
500106012,天星桥,街道
500106013,土湾,街道
500106014,覃家岗,街道
500106015,陈家桥,街道
500106016,虎溪,街道
500106017,西永,街道
500106018,联芳,街道
500106019,丰文,街道
500106020,香炉山,街道
500106021,土主,街道
500106104,青木关,镇
500106105,凤凰,镇
500106106,回龙坝,镇
500106108,曾家,镇
500106112,中梁,镇
500107001,杨家坪,街道
500107002,黄桷坪,街道
500107003,谢家湾,街道
500107004,石坪桥,街道
500107006,中梁山,街道
500107007,渝州路,街道
500107008,石桥铺,街道
500107009,二郎,街道
500107010,九龙,街道
500107102,华岩,镇
500107103,含谷,镇
500107104,金凤,镇
500107105,白市驿,镇
500107106,走马,镇
500107107,石板,镇
500107108,巴福,镇
500107109,陶家,镇
500107110,西彭,镇
500107111,铜罐驿,镇
500108001,铜元局,街道
500108002,花园路,街道
500108003,南坪,街道
500108004,海棠溪,街道
500108005,龙门浩,街道
500108006,弹子石,街道
500108007,南山,街道
500108008,天文,街道
500108101,南坪,镇
500108102,涂山,镇
500108103,鸡冠石,镇
500108105,峡口,镇
500108106,长生桥,镇
500108107,迎龙,镇
500108108,广阳,镇
500109001,天生,街道
500109002,朝阳,街道
500109003,龙凤桥,街道
500109004,北温泉,街道
500109005,东阳,街道
500109006,蔡家岗,街道
500109007,歇马,街道
500109008,水土,街道
500109009,复兴,街道
500109102,澄江,镇
500109104,童家溪,镇
500109105,天府,镇
500109106,施家梁,镇
500109108,静观,镇
500109109,柳荫,镇
500109111,三圣,镇
500109112,金刀峡,镇
500109123,大湾,镇
500109124,统景,镇
500109125,大盛,镇
500109126,兴隆,镇
500109127,茨竹,镇
500110001,万盛,街道
500110002,东林,街道
500110003,古南,街道
500110004,文龙,街道
500110005,三江,街道
500110006,新盛,街道
500110007,通惠,街道
500110100,万东,镇
500110101,南桐,镇
500110102,青年,镇
500110103,关坝,镇
500110104,丛林,镇
500110105,石林,镇
500110106,金桥,镇
500110107,黑山,镇
500110108,石角,镇
500110109,东溪,镇
500110110,赶水,镇
500110111,打通,镇
500110112,石壕,镇
500110113,永新,镇
500110114,三角,镇
500110115,隆盛,镇
500110116,郭扶,镇
500110117,篆塘,镇
500110118,丁山,镇
500110119,安稳,镇
500110120,扶欢,镇
500110121,永城,镇
500110123,中峰,镇
500110124,横山,镇
500111001,龙滩子,街道
500111002,龙岗,街道
500111003,棠香,街道
500111004,双路,街道
500111005,通桥,街道
500111006,智凤,街道
500111102,龙水,镇
500111104,宝顶,镇
500111105,中敖,镇
500111106,三驱,镇
500111107,宝兴,镇
500111108,玉龙,镇
500111109,石马,镇
500111110,拾万,镇
500111111,回龙,镇
500111112,金山,镇
500111113,万古,镇
500111114,国梁,镇
500111115,雍溪,镇
500111116,珠溪,镇
500111117,龙石,镇
500111118,邮亭,镇
500111119,铁山,镇
500111120,高升,镇
500111121,季家,镇
500111122,古龙,镇
500111123,高坪,镇
500113001,鱼洞,街道
500113002,李家沱,街道
500113003,龙洲湾,街道
500113004,花溪,街道
500113005,南泉,街道
500113006,南彭,街道
500113007,一品,街道
500113008,惠民,街道
500113009,莲花,街道
500113103,界石,镇
500113107,安澜,镇
500113108,圣灯山,镇
500113109,木洞,镇
500113110,双河口,镇
500113111,麻柳嘴,镇
500113112,丰盛,镇
500113113,二圣,镇
500113114,东温泉,镇
500113115,姜家,镇
500113116,天星寺,镇
500113117,接龙,镇
500113118,石滩,镇
500113119,石龙,镇
500114001,城东,街道
500114002,城南,街道
500114003,城西,街道
500114004,正阳,街道
500114005,舟白,街道
500114006,冯家,街道
500114102,小南海,镇
500114104,邻鄂,镇
500114105,阿蓬江,镇
500114106,石会,镇
500114107,黑溪,镇
500114108,黄溪,镇
500114109,黎水,镇
500114110,金溪,镇
500114111,马喇,镇
500114112,濯水,镇
500114113,石家,镇
500114114,鹅池,镇
500114115,中塘,镇
500114116,沙坝,镇
500114117,白石,镇
500114118,太极,镇
500114119,五里,镇
500114120,水市,镇
500114201,蓬东,乡
500114204,杉岭,乡
500114206,水田,乡
500114207,白土,乡
500114208,金洞,乡
500114211,新华,乡
500115001,凤城,街道
500115002,晏家,街道
500115003,江南,街道
500115004,渡舟,街道
500115005,八颗,街道
500115006,新市,街道
500115007,菩提,街道
500115101,邻封,镇
500115102,但渡,镇
500115103,云集,镇
500115104,长寿湖,镇
500115105,双龙,镇
500115106,龙河,镇
500115107,石堰,镇
500115108,云台,镇
500115109,海棠,镇
500115110,葛兰,镇
500115113,洪湖,镇
500115114,万顺,镇
500116001,几江,街道
500116002,德感,街道
500116004,双福,街道
500116005,鼎山,街道
500116006,圣泉,街道
500116100,油溪,镇
500116101,吴滩,镇
500116102,石门,镇
500116103,朱杨,镇
500116104,石蟆,镇
500116105,永兴,镇
500116106,塘河,镇
500116107,白沙,镇
500116108,龙华,镇
500116109,李市,镇
500116110,慈云,镇
500116111,蔡家,镇
500116112,中山,镇
500116113,嘉平,镇
500116114,柏林,镇
500116115,先锋,镇
500116116,珞璜,镇
500116117,贾嗣,镇
500116118,夏坝,镇
500116119,西湖,镇
500116120,杜市,镇
500116121,广兴,镇
500116122,四面山,镇
500116123,支坪,镇
500116124,四屏,镇
500117001,合阳城,街道
500117002,钓鱼城,街道
500117003,南津街,街道
500117004,云门,街道
500117005,大石,街道
500117006,盐井,街道
500117007,草街,街道
500117101,钱塘,镇
500117102,沙鱼,镇
500117103,官渡,镇
500117104,涞滩,镇
500117105,龙市,镇
500117106,肖家,镇
500117108,古楼,镇
500117109,三庙,镇
500117110,燕窝,镇
500117111,二郎,镇
500117112,龙凤,镇
500117113,太和,镇
500117114,隆兴,镇
500117115,铜溪,镇
500117116,渭沱,镇
500117119,双凤,镇
500117120,狮滩,镇
500117121,清平,镇
500117122,土场,镇
500117123,小沔,镇
500117124,双槐,镇
500117125,三汇,镇
500117126,香龙,镇
500118001,中山路,街道
500118002,胜利路,街道
500118003,南大街,街道
500118004,茶山竹海,街道
500118005,卫星湖,街道
500118006,大安,街道
500118007,陈食,街道
500118008,永昌,街道
500118102,临江,镇
500118104,何埂,镇
500118105,松溉,镇
500118106,朱沱,镇
500118107,仙龙,镇
500118108,五间,镇
500118109,来苏,镇
500118110,宝峰,镇
500118111,红炉,镇
500118112,永荣,镇
500118113,双石,镇
500118114,三教,镇
500118115,板桥,镇
500118116,青峰,镇
500118117,金龙,镇
500118118,吉安,镇
500119001,东城,街道
500119002,南城,街道
500119003,西城,街道
500119100,三泉,镇
500119101,南平,镇
500119102,神童,镇
500119103,鸣玉,镇
500119104,大观,镇
500119105,兴隆,镇
500119106,太平场,镇
500119107,白沙,镇
500119108,水江,镇
500119109,石墙,镇
500119110,金山,镇
500119111,头渡,镇
500119112,大有,镇
500119113,合溪,镇
500119114,黎香湖,镇
500119115,山王坪,镇
500119116,木凉,镇
500119117,楠竹山,镇
500119118,石溪,镇
500119119,民主,镇
500119120,德隆,镇
500119121,福寿,镇
500119122,河图,镇
500119123,古花,镇
500119124,庆元,镇
500119125,乾丰,镇
500119126,石莲,镇
500119127,冷水关,镇
500119128,骑龙,镇
500119207,中桥,乡
500119212,峰岩,乡
500120001,璧城,街道
500120002,青杠,街道
500120003,璧泉,街道
500120004,来凤,街道
500120005,丁家,街道
500120006,大路,街道
500120100,河边,镇
500120101,福禄,镇
500120102,大兴,镇
500120103,广普,镇
500120104,三合,镇
500120105,正兴,镇
500120106,八塘,镇
500120107,七塘,镇
500120108,健龙,镇
500151001,东城,街道
500151002,南城,街道
500151003,巴川,街道
500151004,蒲吕,街道
500151005,旧县,街道
500151100,土桥,镇
500151102,二坪,镇
500151103,水口,镇
500151104,安居,镇
500151105,白羊,镇
500151106,平滩,镇
500151107,虎峰,镇
500151108,石鱼,镇
500151109,福果,镇
500151110,少云,镇
500151111,维新,镇
500151112,高楼,镇
500151113,大庙,镇
500151114,围龙,镇
500151115,华兴,镇
500151117,永嘉,镇
500151118,安溪,镇
500151119,西河,镇
500151120,侣俸,镇
500151121,太平,镇
500151122,小林,镇
500151123,双山,镇
500151124,庆隆,镇
500152001,梓潼,街道
500152002,桂林,街道
500152003,大佛,街道
500152100,上和,镇
500152101,龙形,镇
500152102,古溪,镇
500152103,宝龙,镇
500152104,玉溪,镇
500152105,米心,镇
500152106,群力,镇
500152107,双江,镇
500152108,花岩,镇
500152109,柏梓,镇
500152110,崇龛,镇
500152111,塘坝,镇
500152112,新胜,镇
500152113,太安,镇
500152114,小渡,镇
500152115,卧佛,镇
500152116,五桂,镇
500152117,田家,镇
500152118,别口,镇
500152119,寿桥,镇
500153001,昌元,街道
500153002,广顺,街道
500153003,昌州,街道
500153004,峰高,街道
500153005,安富,街道
500153006,双河,街道
500153100,直升,镇
500153101,万灵,镇
500153102,清江,镇
500153103,仁义,镇
500153104,河包,镇
500153105,古昌,镇
500153106,吴家,镇
500153107,观胜,镇
500153108,铜鼓,镇
500153109,清流,镇
500153110,盘龙,镇
500153111,远觉,镇
500153112,清升,镇
500153113,荣隆,镇
500153114,龙集,镇
500154001,汉丰,街道
500154002,丰乐,街道
500154003,镇东,街道
500154004,白鹤,街道
500154005,文峰,街道
500154006,云枫,街道
500154007,赵家,街道
500154008,正安,街道
500154100,大进,镇
500154101,厚坝,镇
500154102,长沙,镇
500154103,郭家,镇
500154104,临江,镇
500154105,天和,镇
500154106,温泉,镇
500154107,铁桥,镇
500154108,义和,镇
500154109,中和,镇
500154110,岳溪,镇
500154111,南门,镇
500154112,南雅,镇
500154113,河堰,镇
500154114,和谦,镇
500154115,九龙山,镇
500154117,敦好,镇
500154118,竹溪,镇
500154119,渠口,镇
500154120,高桥,镇
500154121,金峰,镇
500154122,大德,镇
500154123,白桥,镇
500154124,巫山,镇
500154125,谭家,镇
500154126,满月,镇
500154127,雪宝山,镇
500154200,三汇口,乡
500154201,五通,乡
500154203,关面,乡
500154205,麻柳,乡
500154206,紫水,乡
500155001,梁山,街道
500155002,双桂,街道
500155003,合兴,街道
500155004,仁贤,街道
500155005,金带,街道
500155102,礼让,镇
500155103,云龙,镇
500155104,屏锦,镇
500155106,袁驿,镇
500155107,新盛,镇
500155108,福禄,镇
500155110,聚奎,镇
500155111,明达,镇
500155112,荫平,镇
500155113,和林,镇
500155114,回龙,镇
500155115,碧山,镇
500155116,虎城,镇
500155117,七星,镇
500155118,龙门,镇
500155119,文化,镇
500155121,石安,镇
500155122,柏家,镇
500155123,大观,镇
500155124,竹山,镇
500155125,蟠龙,镇
500155126,星桥,镇
500155127,曲水,镇
500155128,安胜,镇
500155129,复平,镇
500155130,紫照,镇
500155201,铁门,乡
500155202,龙胜,乡
500156001,凤山,街道
500156002,芙蓉,街道
500156003,仙女山,街道
500156004,羊角,街道
500156100,巷口,镇
500156101,桐梓,镇
500156102,火炉,镇
500156103,江口,镇
500156106,长坝,镇
500156107,白马,镇
500156108,鸭江,镇
500156109,平桥,镇
500156111,和顺,镇
500156112,双河,镇
500156113,凤来,镇
500156201,黄莺,乡
500156207,后坪|苗族|土家族,乡
500156209,接龙,乡
500156210,土地,乡
500156213,沧沟,乡
500156216,石桥|苗族|土家族,乡
500156218,浩口|苗族|仡佬族,乡
500156219,文复|苗族|土家族,乡
500156225,赵家,乡
500156226,白云,乡
500156227,大洞河,乡
500156231,庙垭,乡
500157001,人和,街道
500157002,大石坝,街道
500157003,大竹林,街道
500157004,寸滩,街道
500157005,水土,街道
500157006,双凤桥,街道
500157007,双龙湖,街道
500157008,五里店,街道
500157009,天宫殿,街道
500157010,王家,街道
500157011,龙山,街道
500157012,龙塔,街道
500157013,龙溪,街道
500157014,石马河,街道
500157015,仙桃,街道
500157016,礼嘉,街道
500157017,江北城,街道
500157018,回兴,街道
500157019,观音桥,街道
500157020,华新街,街道
500157021,两路,街道
500157022,金山,街道
500157023,宝圣湖,街道
500157024,复兴,街道
500157025,铁山坪,街道
500157026,悦来,街道
500157027,鸳鸯,街道
500157028,郭家沱,街道
500157029,康美,街道
500157030,翠云,街道
500157031,蔡家岗,街道
500157100,木耳,镇
500157101,五宝,镇
500157102,龙兴,镇
500157103,玉峰山,镇
500157104,石船,镇
500157105,古路,镇
500157106,鱼嘴,镇
500157107,施家梁,镇
500157108,复盛,镇
500157109,洛碛,镇
500157110,童家溪,镇
500229001,葛城,街道
500229002,复兴,街道
500229102,巴山,镇
500229104,坪坝,镇
500229105,庙坝,镇
500229106,明通,镇
500229107,修齐,镇
500229108,高观,镇
500229109,高燕,镇
500229110,东安,镇
500229111,咸宜,镇
500229112,高楠,镇
500229118,北屏,镇
500229119,龙田,镇
500229205,左岚,乡
500229208,沿河,乡
500229210,双河,乡
500229211,蓼子,乡
500229212,鸡鸣,乡
500229214,周溪,乡
500229216,明中,乡
500229217,治平,乡
500229219,岚天,乡
500229220,厚坪,乡
500229221,河鱼,乡
500230001,三合,街道
500230002,名山,街道
500230101,虎威,镇
500230102,社坛,镇
500230103,三元,镇
500230104,许明寺,镇
500230105,董家,镇
500230106,树人,镇
500230107,十直,镇
500230109,高家,镇
500230110,兴义,镇
500230111,双路,镇
500230112,江池,镇
500230113,龙河,镇
500230114,武平,镇
500230115,包鸾,镇
500230116,湛普,镇
500230118,保合,镇
500230119,南天湖,镇
500230120,仁沙,镇
500230121,兴龙,镇
500230122,龙孔,镇
500230123,暨龙,镇
500230124,双龙,镇
500230125,仙女湖,镇
500230131,三建,镇
500230202,青龙,乡
500230206,太平坝,乡
500230207,都督,乡
500230209,栗子,乡
500231001,桂溪,街道
500231002,桂阳,街道
500231003,澄溪,街道
500231004,桂东,街道
500231101,新民,镇
500231102,沙坪,镇
500231103,周嘉,镇
500231104,普顺,镇
500231105,永安,镇
500231106,高安,镇
500231107,高峰,镇
500231108,五洞,镇
500231109,太平,镇
500231111,砚台,镇
500231112,鹤游,镇
500231113,坪山,镇
500231114,曹回,镇
500231115,杠家,镇
500231116,包家,镇
500231117,白家,镇
500231118,裴兴,镇
500231119,三溪,镇
500231120,永平,镇
500231204,大石,乡
500233001,忠州,街道
500233002,白公,街道
500233003,新生,街道
500233004,乌杨,街道
500233102,任家,镇
500233104,洋渡,镇
500233105,东溪,镇
500233106,复兴,镇
500233107,石宝,镇
500233108,汝溪,镇
500233109,野鹤,镇
500233110,官坝,镇
500233111,石黄,镇
500233112,马灌,镇
500233113,金鸡,镇
500233114,新立,镇
500233115,双桂,镇
500233116,拔山,镇
500233117,花桥,镇
500233118,永丰,镇
500233119,三汇,镇
500233120,白石,镇
500233122,黄金,镇
500233201,善广,乡
500233203,石子,乡
500233204,磨子|土家族,乡
500233206,涂井,乡
500233208,金声,乡
500233210,兴峰,乡
500235001,青龙,街道
500235002,双江,街道
500235003,人和,街道
500235004,盘龙,街道
500235005,黄石,街道
500235100,云阳,镇
500235101,云安,镇
500235103,凤鸣,镇
500235105,龙角,镇
500235106,宝坪,镇
500235107,故陵,镇
500235108,红狮,镇
500235109,南溪,镇
500235111,双土,镇
500235112,桑坪,镇
500235113,江口,镇
500235115,路阳,镇
500235116,农坝,镇
500235117,高阳,镇
500235118,渠马,镇
500235122,巴阳,镇
500235124,鱼泉,镇
500235126,平安,镇
500235127,沙市,镇
500235128,双龙,镇
500235129,栖霞,镇
500235130,水口,镇
500235131,蔈草,镇
500235132,泥溪,镇
500235133,养鹿,镇
500235134,后叶,镇
500235135,龙洞,镇
500235136,堰坪,镇
500235137,大阳,镇
500235138,耀灵,镇
500235208,外郎,乡
500235215,新津,乡
500235216,普安,乡
500235218,洞鹿,乡
500235219,石门,乡
500235239,上坝,乡
500235241,清水|土家族,乡
500236001,夔门,街道
500236002,鱼复,街道
500236003,永安,街道
500236004,夔州,街道
500236101,白帝,镇
500236102,草堂,镇
500236103,汾河,镇
500236104,康乐,镇
500236105,大树,镇
500236106,竹园,镇
500236107,公平,镇
500236108,朱衣,镇
500236109,甲高,镇
500236110,羊市,镇
500236111,吐祥,镇
500236112,青龙,镇
500236113,兴隆,镇
500236114,新民,镇
500236115,永乐,镇
500236116,青莲,镇
500236117,五马,镇
500236118,安坪,镇
500236200,红土,乡
500236201,平安,乡
500236203,岩湾,乡
500236204,石岗,乡
500236205,康坪,乡
500236207,云雾|土家族,乡
500236208,太和|土家族,乡
500236209,龙桥|土家族,乡
500236210,长安|土家族,乡
500236211,冯坪,乡
500236213,鹤峰,乡
500237001,高唐,街道
500237002,龙门,街道
500237100,巫峡,镇
500237101,庙宇,镇
500237102,大昌,镇
500237103,福田,镇
500237104,龙溪,镇
500237105,双龙,镇
500237106,官阳,镇
500237107,骡坪,镇
500237108,抱龙,镇
500237109,官渡,镇
500237110,铜鼓,镇
500237200,红椿|土家族,乡
500237207,两坪,乡
500237208,曲尺,乡
500237210,建平,乡
500237211,大溪,乡
500237214,金坪,乡
500237216,平河,乡
500237219,当阳,乡
500237222,竹贤,乡
500237225,三溪,乡
500237227,培石,乡
500237229,笃坪,乡
500237231,邓家|土家族,乡
500238001,宁河,街道
500238002,柏杨,街道
500238003,凤凰,街道
500238100,城厢,镇
500238102,宁厂,镇
500238103,上磺,镇
500238104,古路,镇
500238105,文峰,镇
500238106,徐家,镇
500238107,白鹿,镇
500238108,尖山,镇
500238109,下堡,镇
500238110,峰灵,镇
500238111,塘坊,镇
500238112,朝阳,镇
500238113,田坝,镇
500238114,通城,镇
500238115,土城,镇
500238116,菱角,镇
500238117,蒲莲,镇
500238118,红池坝,镇
500238200,胜利,乡
500238202,大河,乡
500238203,天星,乡
500238204,长桂,乡
500238209,鱼鳞,乡
500238210,乌龙,乡
500238214,花台,乡
500238215,兰英,乡
500238216,双阳,乡
500238217,中梁,乡
500238218,天元,乡
500240001,南宾,街道
500240002,万安,街道
500240003,下路,街道
500240101,西沱,镇
500240103,悦崃,镇
500240104,临溪,镇
500240105,黄水,镇
500240106,马武,镇
500240107,沙子,镇
500240108,王场,镇
500240109,沿溪,镇
500240110,龙沙,镇
500240111,鱼池,镇
500240112,大歇,镇
500240113,三河,镇
500240114,万朝,镇
500240115,桥头,镇
500240116,冷水,镇
500240117,黄鹤,镇
500240118,枫木,镇
500240124,金铃,镇
500240125,新乐,镇
500240203,黎场,乡
500240204,三星,乡
500240205,六塘,乡
500240207,三益,乡
500240208,王家,乡
500240209,河嘴,乡
500240210,石家,乡
500240213,中益,乡
500240216,龙潭,乡
500241001,乌杨,街道
500241002,中和,街道
500241003,平凯,街道
500241004,官庄,街道
500241005,清溪场,街道
500241103,隘口,镇
500241104,溶溪,镇
500241106,龙池,镇
500241107,石堤,镇
500241108,峨溶,镇
500241109,洪安,镇
500241110,雅江,镇
500241111,石耶,镇
500241112,梅江,镇
500241113,兰桥,镇
500241114,膏田,镇
500241115,溪口,镇
500241116,妙泉,镇
500241117,宋农,镇
500241118,钟灵,镇
500241119,里仁,镇
500241120,龙凤坝,镇
500241121,涌洞,镇
500241128,大溪,镇
500241207,海洋,乡
500241214,中平,乡
500241215,岑溪,乡
500242001,钟多,街道
500242002,桃花源,街道
500242101,龙潭,镇
500242102,麻旺,镇
500242103,酉酬,镇
500242104,大溪,镇
500242105,兴隆,镇
500242106,黑水,镇
500242107,丁市,镇
500242108,龚滩,镇
500242109,李溪,镇
500242110,泔溪,镇
500242111,酉水河,镇
500242112,苍岭,镇
500242113,小河,镇
500242114,板溪,镇
500242115,涂市,镇
500242116,铜鼓,镇
500242117,万木,镇
500242118,五福,镇
500242119,南腰界,镇
500242125,宜居,镇
500242126,庙溪,镇
500242204,可大,乡
500242205,偏柏,乡
500242207,木叶,乡
500242208,毛坝,乡
500242209,花田,乡
500242210,后坪,乡
500242211,天馆,乡
500242214,两罾,乡
500242215,板桥,乡
500242216,官清,乡
500242218,车田,乡
500242219,腴地,乡
500242220,清泉,乡
500242222,浪坪,乡
500242223,双泉,乡
500242224,楠木,乡
500243001,汉葭,街道
500243002,绍庆,街道
500243003,靛水,街道
500243101,保家,镇
500243102,郁山,镇
500243103,高谷,镇
500243104,桑柘,镇
500243105,鹿角,镇
500243106,黄家,镇
500243107,普子,镇
500243108,龙射,镇
500243109,连湖,镇
500243110,万足,镇
500243111,新田,镇
500243112,鞍子,镇
500243113,平安,镇
500243114,长生,镇
500243115,梅子垭,镇
500243116,太原,镇
500243117,龙溪,镇
500243118,大同,镇
500243201,岩东,乡
500243202,鹿鸣,乡
500243204,棣棠,乡
500243206,三义,乡
500243207,联合,乡
500243208,石柳,乡
500243210,走马,乡
500243211,芦塘,乡
500243213,乔梓,乡
500243217,诸佛,乡
500243219,桐楼,乡
500243222,善感,乡
500243223,双龙,乡
500243224,石盘,乡
500243225,大垭,乡
500243226,润溪,乡
500243227,朗溪,乡
500243228,龙塘,乡
510104003,春熙路,街道
510104004,书院街,街道
510104007,牛市口,街道
510104011,沙河,街道
510104013,狮子山,街道
510104014,成龙路,街道
510104015,柳江,街道
510104016,三圣,街道
510104017,锦官驿,街道
510104018,东湖,街道
510104019,锦华路,街道
510105002,草市街,街道
510105003,西御河,街道
510105007,草堂,街道
510105008,府南,街道
510105009,光华,街道
510105012,黄田坝,街道
510105014,文家,街道
510105015,少城,街道
510105016,苏坡,街道
510105017,金沙,街道
510105018,蔡桥,街道
510105019,康河,街道
510106002,荷花池,街道
510106007,驷马桥,街道
510106009,茶店子,街道
510106010,营门口,街道
510106012,九里堤,街道
510106013,西安路,街道
510106014,抚琴,街道
510106015,五块石,街道
510106016,金泉,街道
510106017,沙河源,街道
510106018,天回镇,街道
510106019,西华,街道
510106020,凤凰山,街道
510107001,浆洗街,街道
510107002,红牌楼,街道
510107003,簇桥,街道
510107004,望江路,街道
510107005,玉林,街道
510107007,火车南站,街道
510107011,晋阳,街道
510107012,机投桥,街道
510107013,金花桥,街道
510107016,华兴,街道
510107017,簇锦,街道
510107018,肖家河,街道
510107019,芳草街,街道
510107020,石羊,街道
510107021,桂溪,街道
510108001,府青路,街道
510108003,双水碾,街道
510108005,万年场,街道
510108006,双桥子,街道
510108007,猛追湾,街道
510108008,跳蹬河,街道
510108009,二仙桥,街道
510108012,保和,街道
510108013,青龙,街道
510108014,龙潭,街道
510108015,白莲池,街道
510112001,龙泉,街道
510112002,大面,街道
510112003,同安,街道
510112004,十陵,街道
510112005,西河,街道
510112006,柏合,街道
510112007,东安,街道
510112102,洛带,镇
510112108,洪安,镇
510112115,山泉,镇
510113002,大弯,街道
510113003,大同,街道
510113102,弥牟,镇
510113104,城厢,镇
510113106,姚渡,镇
510113107,清泉,镇
510113108,福洪,镇
510114001,三河,街道
510114002,大丰,街道
510114003,新都,街道
510114005,新繁,街道
510114006,石板滩,街道
510114007,斑竹园,街道
510114008,桂湖,街道
510114109,清流,镇
510114116,军屯,镇
510115001,柳城,街道
510115002,公平,街道
510115003,天府,街道
510115004,涌泉,街道
510115005,金马,街道
510115006,永宁,街道
510115101,和盛,镇
510115106,万春,镇
510115110,寿安,镇
510116001,东升,街道
510116002,西航港,街道
510116003,中和,街道
510116004,华阳,街道
510116005,九江,街道
510116006,黄甲,街道
510116017,怡心,街道
510116018,万安,街道
510116019,正兴,街道
510116020,兴隆,街道
510116021,煎茶,街道
510116022,新兴,街道
510116023,籍田,街道
510116024,太平,街道
510116025,永兴,街道
510116108,彭,镇
510116111,黄龙溪,镇
510116112,永安,镇
510116115,黄水,镇
510117001,郫筒,街道
510117002,合作,街道
510117003,西园,街道
510117004,安德,街道
510117005,红光,街道
510117006,犀浦,街道
510117007,德源,街道
510117008,安靖,街道
510117009,团结,街道
510117104,唐昌,镇
510117106,三道堰,镇
510117115,友爱,镇
510118001,五津,街道
510118002,普兴,街道
510118003,花桥,街道
510118004,花源,街道
510118101,兴义,镇
510118102,安西,镇
510118103,永商,镇
510118104,宝墩,镇
510121001,赵镇,街道
510121002,官仓,街道
510121003,栖贤,街道
510121004,高板,街道
510121005,白果,街道
510121006,淮口,街道
510121106,五凤,镇
510121109,三溪,镇
510121110,福兴,镇
510121111,金龙,镇
510121112,赵家,镇
510121113,竹篙,镇
510121116,转龙,镇
510121117,土桥,镇
510121118,云合,镇
510121119,又新,镇
510129001,晋原,街道
510129002,沙渠,街道
510129003,青霞,街道
510129101,王泗,镇
510129103,新场,镇
510129104,悦来,镇
510129105,安仁,镇
510129106,䢺江,镇
510129108,西岭,镇
510129118,花水湾,镇
510129119,鹤鸣,镇
510129192,三岔,镇
510129194,苏家,镇
510129197,蔡场,镇
510129199,斜源,镇
510131001,鹤山,街道
510131002,寿安,街道
510131104,西来,镇
510131105,大塘,镇
510131106,甘溪,镇
510131107,大兴,镇
510131108,成佳,镇
510131109,朝阳湖,镇
510181001,灌口,街道
510181002,幸福,街道
510181003,银杏,街道
510181005,奎光塔,街道
510181006,玉堂,街道
510181007,蒲阳,街道
510181094,永丰,街道
510181103,聚源,镇
510181105,天马,镇
510181106,石羊,镇
510181110,青城山,镇
510181111,龙池,镇
510182001,天彭,街道
510182002,隆丰,街道
510182003,濛阳,街道
510182004,致和,街道
510182101,龙门山,镇
510182103,丽春,镇
510182104,九尺,镇
510182106,通济,镇
510182107,丹景山,镇
510182109,敖平,镇
510182111,桂花,镇
510182121,白鹿,镇
510182122,葛仙山,镇
510183001,临邛,街道
510183002,文君,街道
510183003,固驿,街道
510183004,羊安,街道
510183005,高埂,街道
510183006,孔明,街道
510183103,桑园,镇
510183104,平乐,镇
510183105,夹关,镇
510183106,火井,镇
510183115,临济,镇
510183118,天台山,镇
510183120,南宝山,镇
510183122,大同,镇
510184001,崇阳,街道
510184002,羊马,街道
510184003,三江,街道
510184004,江源,街道
510184005,大划,街道
510184006,崇庆,街道
510184104,廖家,镇
510184105,元通,镇
510184106,观胜,镇
510184107,怀远,镇
510184109,街子,镇
510184112,白头,镇
510184113,道明,镇
510184114,隆兴,镇
510184120,文井江,镇
510185001,简城,街道
510185002,射洪坝,街道
510185003,新市,街道
510185005,东溪,街道
510185006,平泉,街道
510185007,石桥,街道
510185008,赤水,街道
510185009,石盘,街道
510185010,养马,街道
510185011,贾家,街道
510185012,石板凳,街道
510185013,三岔,街道
510185014,草池,街道
510185015,福田,街道
510185016,玉成,街道
510185017,丹景,街道
510185101,杨家,镇
510185105,禾丰,镇
510185106,云龙,镇
510185107,三星,镇
510185112,镇金,镇
510185113,石钟,镇
510185114,施家,镇
510185115,三合,镇
510185116,平武,镇
510185118,踏水,镇
510185119,江源,镇
510185120,涌泉,镇
510185121,芦葭,镇
510185124,青龙,镇
510185126,高明,镇
510185127,武庙,镇
510185128,壮溪,镇
510185129,宏缘,镇
510185130,雷家,镇
510185131,董家埂,镇
510185132,海螺,镇
510302001,五星街,街道
510302002,东兴寺,街道
510302003,新街,街道
510302004,郭家坳,街道
510302005,丹桂,街道
510302006,学苑,街道
510302007,舒坪,街道
510302008,红旗,街道
510302009,高峰,街道
510302101,仲权,镇
510302103,荣边,镇
510302105,飞龙峡,镇
510303001,筱溪,街道
510303002,贡井,街道
510303003,长土,街道
510303100,艾叶,镇
510303101,建设,镇
510303103,成佳,镇
510303105,龙潭,镇
510303106,五宝,镇
510303107,桥头,镇
510303108,莲花,镇
510304001,大安,街道
510304002,龙井,街道
510304003,马冲口,街道
510304004,凉高山,街道
510304005,和平,街道
510304006,凤凰,街道
510304100,大山铺,镇
510304101,新民,镇
510304102,团结,镇
510304103,三多寨,镇
510304104,何市,镇
510304105,新店,镇
510304106,牛佛,镇
510304107,庙坝,镇
510304108,回龙,镇
510311001,卫坪,街道
510311002,邓关,街道
510311100,沿滩,镇
510311102,兴隆,镇
510311105,富全,镇
510311106,永安,镇
510311107,联络,镇
510311109,王井,镇
510311110,黄市,镇
510311111,瓦市,镇
510311112,仙市,镇
510311204,九洪,乡
510321001,梧桐,街道
510321002,青阳,街道
510321100,旭阳,镇
510321102,双石,镇
510321107,鼎新,镇
510321110,乐德,镇
510321112,古文,镇
510321113,河口,镇
510321114,新桥,镇
510321115,正紫,镇
510321116,度佳,镇
510321117,东佳,镇
510321118,长山,镇
510321119,保华,镇
510321120,留佳,镇
510321121,来牟,镇
510321122,双古,镇
510321123,观山,镇
510321124,高山,镇
510321125,东兴,镇
510321126,铁厂,镇
510322001,富世,街道
510322002,邓井关,街道
510322003,东湖,街道
510322102,琵琶,镇
510322103,狮市,镇
510322104,骑龙,镇
510322111,代寺,镇
510322113,童寺,镇
510322114,古佛,镇
510322115,永年,镇
510322117,兜山,镇
510322118,板桥,镇
510322119,福善,镇
510322120,李桥,镇
510322121,赵化,镇
510322122,安溪,镇
510322124,飞龙,镇
510322125,怀德,镇
510322126,长滩,镇
510322200,龙万,乡
510402001,大渡口,街道
510402002,炳草岗,街道
510402005,弄弄坪,街道
510402009,瓜子坪,街道
510402010,东华,街道
510402100,银江,镇
510403001,清香坪,街道
510403002,玉泉,街道
510403003,河门口,街道
510403004,陶家渡,街道
510403006,大宝鼎,街道
510403100,格里坪,镇
510411001,大河中路,街道
510411100,仁和,镇
510411101,平地,镇
510411102,大田,镇
510411103,福田,镇
510411104,同德,镇
510411105,金江,镇
510411106,布德,镇
510411107,前进,镇
510411200,大龙潭|彝族,乡
510411201,啊喇|彝族,乡
510411203,太平,乡
510411204,务本,乡
510411205,中坝,乡
510421100,攀莲,镇
510421101,丙谷,镇
510421102,得石,镇
510421103,撒莲,镇
510421106,普威,镇
510421112,白马,镇
510421113,草场,镇
510421213,麻陇|彝族,乡
510421219,新山|傈僳族,乡
510421220,湾丘|彝族,乡
510421221,白坡|彝族,乡
510422100,桐子林,镇
510422101,红格,镇
510422102,渔门,镇
510422103,永兴,镇
510422104,新九,镇
510422105,惠民,镇
510422205,红果|彝族,乡
510422212,共和,乡
510422215,国胜,乡
510422216,红宝|苗族|彝族,乡
510422224,温泉|彝族,乡
510422226,格萨拉|彝族,乡
510422290,益民,乡
510502001,南城,街道
510502002,北城,街道
510502003,大山坪,街道
510502004,邻玉,街道
510502005,蓝田,街道
510502006,茜草,街道
510502007,华阳,街道
510502009,泰安,街道
510502010,况场,街道
510502098,张坝,街道
510502103,黄舣,镇
510502106,通滩,镇
510502107,江北,镇
510502108,方山,镇
510502109,分水岭,镇
510502111,丹林,镇
510503001,安富,街道
510503002,永宁,街道
510503003,东升,街道
510503100,大渡口,镇
510503101,护国,镇
510503102,打古,镇
510503103,上马,镇
510503104,合面,镇
510503106,丰乐,镇
510503107,白节,镇
510503108,天仙,镇
510503109,新乐,镇
510503111,龙车,镇
510503195,棉花坡,镇
510504001,小市,街道
510504003,红星,街道
510504004,莲花池,街道
510504005,罗汉,街道
510504006,鱼塘,街道
510504007,安宁,街道
510504008,石洞,街道
510504009,特兴,街道
510504103,胡市,镇
510504106,双加,镇
510504107,金龙,镇
510521001,玉蟾,街道
510521100,福集,镇
510521101,嘉明,镇
510521102,喻寺,镇
510521103,得胜,镇
510521105,牛滩,镇
510521106,兆雅,镇
510521107,玄滩,镇
510521108,太伏,镇
510521109,云龙,镇
510521110,石桥,镇
510521111,毗卢,镇
510521112,奇峰,镇
510521113,潮河,镇
510521114,云锦,镇
510521115,立石,镇
510521116,百和,镇
510521117,天兴,镇
510521118,方洞,镇
510521119,海潮,镇
510522001,符阳,街道
510522002,临港,街道
510522101,望龙,镇
510522102,白沙,镇
510522104,先市,镇
510522105,尧坝,镇
510522106,九支,镇
510522108,凤鸣,镇
510522109,榕山,镇
510522110,白鹿,镇
510522111,甘雨,镇
510522112,福宝,镇
510522113,先滩,镇
510522115,大桥,镇
510522116,车辋,镇
510522117,白米,镇
510522119,法王寺,镇
510522121,神臂城,镇
510522124,石龙,镇
510522125,真龙,镇
510522126,荔江,镇
510524100,叙永,镇
510524101,江门,镇
510524102,马岭,镇
510524103,天池,镇
510524104,水尾,镇
510524105,两河,镇
510524106,落卜,镇
510524107,后山,镇
510524108,分水,镇
510524109,摩尼,镇
510524110,赤水,镇
510524111,观兴,镇
510524112,正东,镇
510524113,龙凤,镇
510524115,麻城,镇
510524116,向林,镇
510524118,大石,镇
510524119,黄坭,镇
510524210,合乐|苗族,乡
510524211,白腊|苗族,乡
510524212,枧槽|苗族,乡
510524213,水潦|彝族,乡
510524214,石厢子|彝族,乡
510525001,彰德,街道
510525002,金兰,街道
510525003,永乐,街道
510525101,龙山,镇
510525103,太平,镇
510525104,二郎,镇
510525105,大村,镇
510525106,石宝,镇
510525107,丹桂,镇
510525108,茅溪,镇
510525109,观文,镇
510525110,白沙场,镇
510525111,德耀,镇
510525112,石屏,镇
510525113,皇华,镇
510525117,东新,镇
510525118,马蹄,镇
510525119,椒园,镇
510525121,黄荆,镇
510525122,白泥,镇
510525195,土城,镇
510525209,马嘶|苗族,乡
510525212,箭竹|苗族,乡
510525214,大寨|苗族,乡
510525606,金星,乡
510603001,旌阳,街道
510603004,旌东,街道
510603006,八角井,街道
510603009,东湖,街道
510603010,天元,街道
510603011,孝感,街道
510603100,黄许,镇
510603101,孝泉,镇
510603103,柏隆,镇
510603108,德新,镇
510603110,双东,镇
510603111,新中,镇
510603117,和新,镇
510604100,万安,镇
510604101,鄢家,镇
510604102,金山,镇
510604103,略坪,镇
510604106,调元,镇
510604107,新盛,镇
510604109,白马关,镇
510623100,凯江,镇
510623101,南华,镇
510623102,回龙,镇
510623103,通济,镇
510623104,永太,镇
510623105,黄鹿,镇
510623106,集凤,镇
510623107,富兴,镇
510623108,辑庆,镇
510623109,兴隆,镇
510623110,龙台,镇
510623111,永安,镇
510623113,玉兴,镇
510623114,永兴,镇
510623115,悦来,镇
510623116,继光,镇
510623117,仓山,镇
510623118,广福,镇
510623119,会龙,镇
510623120,万福,镇
510623121,普兴,镇
510623122,联合,镇
510623123,冯店,镇
510623124,积金,镇
510623125,太安,镇
510623131,东北,镇
510623206,柏树,乡
510623207,白果,乡
510623214,永丰,乡
510623218,通山,乡
510623299,石龙,乡
510681001,雒城,街道
510681002,汉州,街道
510681003,金雁,街道
510681101,三水,镇
510681102,连山,镇
510681103,高坪,镇
510681105,向阳,镇
510681106,小汉,镇
510681107,金轮,镇
510681114,金鱼,镇
510681116,南丰,镇
510681117,三星堆,镇
510681192,和兴,镇
510682001,方亭,街道
510682002,雍城,街道
510682105,洛水,镇
510682106,禾丰,镇
510682108,马祖,镇
510682110,马井,镇
510682111,蓥华,镇
510682113,南泉,镇
510682114,师古,镇
510682116,湔氐,镇
510683001,剑南,街道
510683002,紫岩,街道
510683104,九龙,镇
510683106,汉旺,镇
510683109,麓棠,镇
510683110,广济,镇
510683112,玉泉,镇
510683115,新市,镇
510683116,孝德,镇
510683119,富新,镇
510683122,什地,镇
510683124,清平,镇
510703001,城厢,街道
510703003,工区,街道
510703007,普明,街道
510703009,创业园,街道
510703010,城郊,街道
510703011,石塘,街道
510703013,塘汛,街道
510703100,丰谷,镇
510703103,青义,镇
510703106,吴家,镇
510703107,杨家,镇
510703110,新皂,镇
510703113,永兴,镇
510704001,涪江,街道
510704003,富乐,街道
510704006,科学城春雷,街道
510704009,游仙,街道
510704101,石马,镇
510704102,新桥,镇
510704104,魏城,镇
510704105,沉抗,镇
510704106,忠兴,镇
510704112,松垭,镇
510704121,小枧,镇
510704122,信义,镇
510704123,仙鹤,镇
510704124,盐泉,镇
510705100,花荄,镇
510705102,桑枣,镇
510705103,黄土,镇
510705104,塔水,镇
510705105,秀水,镇
510705106,河清,镇
510705108,界牌,镇
510705110,雎水,镇
510705116,千佛,镇
510705204,高川,乡
510722101,潼川,镇
510722104,塔山,镇
510722106,龙树,镇
510722107,石安,镇
510722108,富顺,镇
510722109,三元,镇
510722110,秋林,镇
510722112,新德,镇
510722113,新生,镇
510722114,鲁班,镇
510722115,景福,镇
510722116,紫河,镇
510722118,观桥,镇
510722119,郪江,镇
510722120,中新,镇
510722121,古井,镇
510722123,西平,镇
510722124,八洞,镇
510722126,乐安,镇
510722127,建平,镇
510722131,中太,镇
510722132,金石,镇
510722133,新鲁,镇
510722135,刘营,镇
510722136,灵兴,镇
510722137,芦溪,镇
510722138,立新,镇
510722140,永明,镇
510722141,建中,镇
510722145,老马,镇
510722151,北坝,镇
510722201,忠孝,乡
510722204,断石,乡
510723002,凤灵,街道
510723100,云溪,镇
510723101,玉龙,镇
510723102,富驿,镇
510723103,金孔,镇
510723105,黄甸,镇
510723113,巨龙,镇
510723114,高渠,镇
510723115,鹅溪,镇
510723116,岐伯,镇
510723117,文通,镇
510723118,永泰,镇
510723119,九龙,镇
510723120,西陵,镇
510723121,嫘祖,镇
510723211,大兴|回族,乡
510723222,莲花湖,乡
510725100,文昌,镇
510725101,长卿,镇
510725102,许州,镇
510725103,黎雅,镇
510725105,卧龙,镇
510725106,观义,镇
510725107,玛瑙,镇
510725108,石牛,镇
510725109,自强,镇
510725110,仁和,镇
510725111,双板,镇
510725112,金龙,镇
510725113,文兴,镇
510725114,演武,镇
510725118,宏仁,镇
510725217,宝石,乡
510726100,曲山,镇
510726101,擂鼓,镇
510726104,永安,镇
510726105,永昌,镇
510726106,禹里,镇
510726107,桂溪,镇
510726108,小坝,镇
510726109,陈家坝,镇
510726110,通泉,镇
510726206,漩坪,乡
510726207,白坭,乡
510726209,桃龙|藏族,乡
510726210,片口,乡
510726211,开坪,乡
510726212,坝底,乡
510726214,马槽,乡
510726215,白什,乡
510726216,青片,乡
510726217,都贯,乡
510727100,龙安,镇
510727101,古城,镇
510727103,响岩,镇
510727107,大桥,镇
510727108,水晶,镇
510727109,江油关,镇
510727200,高村,乡
510727202,坝子,乡
510727206,锁江|羌族,乡
510727207,土城|藏族,乡
510727208,旧堡|羌族,乡
510727209,阔达|藏族,乡
510727210,黄羊关|藏族,乡
510727211,虎牙|藏族,乡
510727212,泗耳|藏族,乡
510727213,白马|藏族,乡
510727214,木座|藏族,乡
510727215,木皮|藏族,乡
510727216,豆叩|羌族,乡
510727217,平通|羌族,乡
510781006,中坝,街道
510781101,太平,镇
510781102,三合,镇
510781103,含增,镇
510781104,青莲,镇
510781105,彰明,镇
510781106,龙凤,镇
510781107,武都,镇
510781108,大康,镇
510781109,新安,镇
510781110,战旗,镇
510781111,双河,镇
510781112,永胜,镇
510781113,小溪坝,镇
510781114,河口,镇
510781115,重华,镇
510781116,厚坝,镇
510781117,二郎庙,镇
510781118,马角,镇
510781119,雁门,镇
510781122,大堰,镇
510781124,西屏,镇
510781125,方水,镇
510781219,枫顺,乡
510802001,东坝,街道
510802002,嘉陵,街道
510802004,雪峰,街道
510802007,河西,街道
510802009,上西,街道
510802010,南河,街道
510802011,万缘,街道
510802100,荣山,镇
510802101,大石,镇
510802102,盘龙,镇
510802103,宝轮,镇
510802105,三堆,镇
510802200,白朝,乡
510802201,金洞,乡
510802202,龙潭,乡
510811100,元坝,镇
510811101,卫子,镇
510811102,王家,镇
510811103,磨滩,镇
510811104,柏林沟,镇
510811105,太公,镇
510811106,虎跳,镇
510811107,红岩,镇
510811108,昭化,镇
510811111,青牛,镇
510811112,射箭,镇
510811113,清水,镇
510812100,朝天,镇
510812101,大滩,镇
510812102,羊木,镇
510812103,曾家,镇
510812104,中子,镇
510812105,沙河,镇
510812109,两河口,镇
510812110,云雾山,镇
510812111,水磨沟,镇
510812112,李家,镇
510812214,麻柳,乡
510812215,临溪,乡
510821100,东河,镇
510821101,嘉川,镇
510821102,木门,镇
510821103,白水,镇
510821105,张华,镇
510821106,黄洋,镇
510821107,普济,镇
510821108,三江,镇
510821110,五权,镇
510821111,高阳,镇
510821112,双汇,镇
510821113,英萃,镇
510821114,国华,镇
510821115,九龙,镇
510821116,龙凤,镇
510821117,米仓山,镇
510821118,大德,镇
510821119,大两,镇
510821120,水磨,镇
510821121,盐河,镇
510821122,天星,镇
510821204,燕子,乡
510821207,檬子,乡
510822100,乔庄,镇
510822101,青溪,镇
510822102,房石,镇
510822103,关庄,镇
510822104,凉水,镇
510822105,竹园,镇
510822106,木鱼,镇
510822107,沙州,镇
510822108,姚渡,镇
510822109,三锅,镇
510822111,建峰,镇
510822112,乐安,镇
510822203,茶坝,乡
510822207,蒿溪|回族,乡
510822210,曲河,乡
510822212,石坝,乡
510822216,大院|回族,乡
510822220,七佛,乡
510822224,骑马,乡
510822225,观音店,乡
510823100,普安,镇
510823101,龙源,镇
510823103,盐店,镇
510823104,柳沟,镇
510823105,武连,镇
510823106,东宝,镇
510823107,开封,镇
510823108,元山,镇
510823109,演圣,镇
510823110,王河,镇
510823111,公兴,镇
510823112,金仙,镇
510823113,香沉,镇
510823114,白龙,镇
510823115,鹤龄,镇
510823116,杨村,镇
510823117,羊岭,镇
510823118,江口,镇
510823119,木马,镇
510823120,剑门关,镇
510823121,汉阳,镇
510823122,下寺,镇
510823123,张王,镇
510823125,店子,镇
510823126,涂山,镇
510823127,姚家,镇
510823128,义兴,镇
510823210,秀钟,乡
510823228,樵店,乡
510824100,陵江,镇
510824102,云峰,镇
510824104,东青,镇
510824105,白桥,镇
510824107,五龙,镇
510824108,永宁,镇
510824109,鸳溪,镇
510824110,三川,镇
510824111,龙王,镇
510824112,元坝,镇
510824113,唤马,镇
510824114,歧坪,镇
510824115,白驿,镇
510824116,漓江,镇
510824117,文昌,镇
510824118,岳东,镇
510824119,石马,镇
510824120,运山,镇
510824121,东溪,镇
510824122,高坡,镇
510824123,龙山,镇
510824125,亭子,镇
510824126,百利,镇
510824127,黄猫垭,镇
510824128,河地,镇
510824208,白鹤,乡
510824209,浙水,乡
510824223,月山,乡
510824226,白山,乡
510824228,彭店,乡
510824229,桥溪,乡
510903001,凯旋路,街道
510903002,南津路,街道
510903004,镇江寺,街道
510903005,育才路,街道
510903006,介福路,街道
510903007,嘉禾,街道
510903008,广德,街道
510903009,九莲,街道
510903011,富源路,街道
510903012,灵泉,街道
510903013,慈音,街道
510903014,南强,街道
510903016,西宁,街道
510903017,杨渡,街道
510903093,高升街,街道
510903101,仁里,镇
510903103,河沙,镇
510903104,新桥,镇
510903105,桂花,镇
510903110,龙凤,镇
510903111,永兴,镇
510903112,老池,镇
510903113,保升,镇
510903114,北固,镇
510903202,唐家,乡
510904001,柔刚,街道
510904002,凤凰,街道
510904101,安居,镇
510904102,白马,镇
510904103,中兴,镇
510904104,横山,镇
510904105,会龙,镇
510904106,东禅,镇
510904107,分水,镇
510904108,石洞,镇
510904109,拦江,镇
510904110,保石,镇
510904111,三家,镇
510904112,玉丰,镇
510904113,西眉,镇
510904114,磨溪,镇
510904115,聚贤,镇
510904116,常理,镇
510921001,普安,街道
510921100,赤城,镇
510921101,新会,镇
510921102,文井,镇
510921103,明月,镇
510921104,常乐,镇
510921105,天福,镇
510921106,红江,镇
510921107,宝梵,镇
510921108,大石,镇
510921109,吉祥,镇
510921110,鸣凤,镇
510921111,任隆,镇
510921112,三凤,镇
510921114,蓬南,镇
510921115,群利,镇
510921117,金桥,镇
510921118,槐花,镇
510921207,荷叶,乡
510921213,高升,乡
510923001,盐井,街道
510923101,隆盛,镇
510923102,回马,镇
510923103,天保,镇
510923104,河边,镇
510923105,卓筒井,镇
510923106,玉峰,镇
510923107,象山,镇
510923108,蓬莱,镇
510923112,金元,镇
510981001,平安,街道
510981002,太和,街道
510981101,大榆,镇
510981102,广兴,镇
510981103,金华,镇
510981104,沱牌,镇
510981105,太乙,镇
510981106,金家,镇
510981107,复兴,镇
510981108,天仙,镇
510981109,仁和,镇
510981110,青岗,镇
510981111,洋溪,镇
510981112,香山,镇
510981113,明星,镇
510981114,涪西,镇
510981117,潼射,镇
510981118,曹碑,镇
510981119,官升,镇
510981120,文升,镇
510981121,东岳,镇
510981122,瞿河,镇
510981123,武安,镇
511002001,城东,街道
511002003,城西,街道
511002004,玉溪,街道
511002005,牌楼,街道
511002006,壕子口,街道
511002007,乐贤,街道
511002100,白马,镇
511002101,史家,镇
511002102,凌家,镇
511002103,朝阳,镇
511002104,永安,镇
511002105,全安,镇
511002106,靖民,镇
511002110,交通,镇
511002113,龙门,镇
511011001,东兴,街道
511011002,西林,街道
511011003,新江,街道
511011004,胜利,街道
511011005,高桥,街道
511011100,田家,镇
511011101,郭北,镇
511011102,高梁,镇
511011103,白合,镇
511011104,顺河,镇
511011107,双才,镇
511011109,杨家,镇
511011110,椑木,镇
511011111,石子,镇
511011113,永兴,镇
511011114,平坦,镇
511011117,双桥,镇
511011118,富溪,镇
511011120,永福,镇
511024100,严陵,镇
511024102,新店,镇
511024103,向义,镇
511024104,界牌,镇
511024105,龙会,镇
511024106,高石,镇
511024107,东联,镇
511024109,镇西,镇
511024111,山王,镇
511024113,观英滩,镇
511024114,新场,镇
511024115,连界,镇
511024116,越溪,镇
511024119,小河,镇
511025100,重龙,镇
511025102,归德,镇
511025103,鱼溪,镇
511025105,铁佛,镇
511025106,球溪,镇
511025108,龙结,镇
511025109,罗泉,镇
511025110,发轮,镇
511025112,银山,镇
511025114,太平,镇
511025116,水南,镇
511025118,新桥,镇
511025119,明心寺,镇
511025120,双河,镇
511025121,公民,镇
511025122,龙江,镇
511025123,双龙,镇
511025124,高楼,镇
511025125,陈家,镇
511025128,孟塘,镇
511025129,马鞍,镇
511025130,狮子,镇
511083001,古湖,街道
511083002,金鹅,街道
511083101,响石,镇
511083102,圣灯,镇
511083103,黄家,镇
511083104,双凤,镇
511083105,龙市,镇
511083106,迎祥,镇
511083107,界市,镇
511083108,石碾,镇
511083111,石燕桥,镇
511083113,胡家,镇
511083114,云顶,镇
511083115,普润,镇
511083199,周兴,镇
511102004,大佛,街道
511102007,通江,街道
511102008,海棠,街道
511102009,绿心,街道
511102010,全福,街道
511102101,牟子,镇
511102102,土主,镇
511102103,白马,镇
511102104,茅桥,镇
511102105,青平,镇
511102106,苏稽,镇
511102107,水口,镇
511102108,安谷,镇
511102109,棉竹,镇
511102116,平兴,镇
511102117,悦来,镇
511102118,剑峰,镇
511111002,铜河,街道
511111100,沙湾,镇
511111101,嘉农,镇
511111102,太平,镇
511111103,福禄,镇
511111104,牛石,镇
511111106,葫芦,镇
511111107,踏水,镇
511111108,轸溪,镇
511111195,龚嘴,镇
511111293,铜茨,乡
511112100,竹根,镇
511112101,牛华,镇
511112104,金粟,镇
511112105,金山,镇
511112107,西坝,镇
511112108,冠英,镇
511112109,蔡金,镇
511112110,石麟,镇
511113100,永和,镇
511113101,金河,镇
511113200,和平|彝族,乡
511113201,共安|彝族,乡
511113203,永胜,乡
511123100,玉津,镇
511123101,孝姑,镇
511123102,石溪,镇
511123103,清溪,镇
511123105,罗城,镇
511123106,芭沟,镇
511123107,龙孔,镇
511123108,定文,镇
511123112,舞雩,镇
511123113,玉屏,镇
511123114,大兴,镇
511123115,九井,镇
511123116,铁炉,镇
511123117,寿保,镇
511123118,双溪,镇
511123291,下渡,乡
511123294,塘坝,乡
511123295,马庙,乡
511124001,研城,街道
511124101,马踏,镇
511124102,竹园,镇
511124103,研经,镇
511124104,周坡,镇
511124105,千佛,镇
511124106,王村,镇
511124107,三江,镇
511124108,东林,镇
511124110,集益,镇
511124111,纯复,镇
511124112,宝五,镇
511124113,镇阳,镇
511124114,高凤,镇
511124115,门坎,镇
511126001,漹城,街道
511126002,青衣,街道
511126101,黄土,镇
511126102,甘江,镇
511126106,吴场,镇
511126107,木城,镇
511126108,华头,镇
511126110,新场,镇
511126111,马村,镇
511129100,沐溪,镇
511129101,永福,镇
511129102,大楠,镇
511129103,箭板,镇
511129104,舟坝,镇
511129105,黄丹,镇
511129106,利店,镇
511129107,富新,镇
511129205,底堡,乡
511129206,杨村,乡
511129207,高笋,乡
511129208,茨竹,乡
511129210,武圣,乡
511132100,沙坪,镇
511132101,大堡,镇
511132102,毛坪,镇
511132103,五渡,镇
511132104,新林,镇
511132105,黑竹沟,镇
511132106,红旗,镇
511132201,宜坪,乡
511132206,杨河,乡
511132208,新场,乡
511132209,平等,乡
511132211,金岩,乡
511132212,勒乌,乡
511133100,民建,镇
511133101,荣丁,镇
511133102,烟峰,镇
511133103,苏坝,镇
511133104,下溪,镇
511133105,劳动,镇
511133106,荍坝,镇
511133107,建设,镇
511133108,民主,镇
511133109,梅林,镇
511133110,雪口山,镇
511133111,三河口,镇
511133211,大竹堡,乡
511133223,高卓营,乡
511133226,永红,乡
511181001,胜利,街道
511181002,峨山,街道
511181100,绥山,镇
511181101,高桥,镇
511181102,罗目,镇
511181103,九里,镇
511181104,龙池,镇
511181106,符溪,镇
511181108,双福,镇
511181109,桂花桥,镇
511181110,大为,镇
511181112,黄湾,镇
511181200,龙门,乡
511302001,中城,街道
511302002,北城,街道
511302003,西城,街道
511302004,东南,街道
511302005,和平路,街道
511302006,舞凤,街道
511302007,新建,街道
511302008,华凤,街道
511302009,潆溪,街道
511302010,荆溪,街道
511302011,西山,街道
511302012,搬罾,街道
511302104,共兴,镇
511302105,金台,镇
511302106,芦溪,镇
511302107,李家,镇
511302108,双桥,镇
511302109,渔溪,镇
511302200,新复,乡
511303001,白塔,街道
511303002,清溪,街道
511303004,小龙,街道
511303005,青莲,街道
511303006,龙门,街道
511303007,都京,街道
511303008,螺溪,街道
511303009,老君,街道
511303103,江陵,镇
511303104,擦耳,镇
511303106,东观,镇
511303107,长乐,镇
511303108,胜观,镇
511303110,阙家,镇
511303111,石圭,镇
511303112,青居,镇
511303115,会龙,镇
511303117,走马,镇
511303211,佛门,乡
511304001,火花,街道
511304002,文峰,街道
511304004,都尉,街道
511304005,西兴,街道
511304006,南湖,街道
511304101,曲水,镇
511304102,李渡,镇
511304103,吉安,镇
511304104,龙岭,镇
511304105,金凤,镇
511304106,安福,镇
511304107,安平,镇
511304108,世阳,镇
511304109,大通,镇
511304110,一立,镇
511304111,龙蟠,镇
511304112,里坝,镇
511304114,金宝,镇
511304115,三会,镇
511304117,双桂,镇
511304119,七宝寺,镇
511304122,河西,镇
511304215,盐溪,乡
511304220,大兴,乡
511321001,滨江,街道
511321002,蜀北,街道
511321003,满福,街道
511321004,南隆,街道
511321102,老鸦,镇
511321103,永定,镇
511321104,碑院,镇
511321105,谢河,镇
511321106,盘龙,镇
511321107,铁佛塘,镇
511321108,石河,镇
511321110,王家,镇
511321111,富利,镇
511321112,楠木,镇
511321113,长坪,镇
511321114,东坝,镇
511321115,河坝,镇
511321116,定水,镇
511321117,大王,镇
511321118,黄金,镇
511321119,流马,镇
511321120,建兴,镇
511321121,三官,镇
511321122,伏虎,镇
511321123,双佛,镇
511321124,花罐,镇
511321125,大桥,镇
511321126,大河,镇
511321127,万年,镇
511321128,升钟,镇
511321129,升水,镇
511321130,大坪,镇
511321131,神坝,镇
511321132,八尔湖,镇
511321133,石龙,镇
511321134,西水,镇
511321136,桐坪,镇
511321211,五灵,乡
511321230,小元,乡
511321234,宏观,乡
511321239,双峰,乡
511321244,太霞,乡
511322001,绥安,街道
511322002,朗池,街道
511322003,城南,街道
511322101,渌井,镇
511322102,东升,镇
511322103,骆市,镇
511322104,黄渡,镇
511322105,小桥,镇
511322106,灵鹫,镇
511322107,老林,镇
511322108,木垭,镇
511322109,消水,镇
511322110,双流,镇
511322111,绿水,镇
511322113,蓼叶,镇
511322114,新店,镇
511322115,回龙,镇
511322116,星火,镇
511322117,西桥,镇
511322120,望龙湖,镇
511322121,青山,镇
511322208,木顶,乡
511322212,明德,乡
511322215,太蓬,乡
511322216,柏林,乡
511322220,悦中,乡
511322223,大庙,乡
511322225,安化,乡
511322229,清水,乡
511323003,相如,街道
511323004,周口,街道
511323101,锦屏,镇
511323102,巨龙,镇
511323103,正源,镇
511323107,河舒,镇
511323108,利溪,镇
511323109,龙蚕,镇
511323110,杨家,镇
511323112,福德,镇
511323113,银汉,镇
511323114,兴旺,镇
511323116,金溪,镇
511323117,罗家,镇
511323118,徐家,镇
511323119,睦坝,镇
511323195,相如,镇
511323208,平头,乡
511323209,鲜店,乡
511323217,新园,乡
511323222,石孔,乡
511323232,金甲,乡
511324001,度门,街道
511324100,金城,镇
511324101,新政,镇
511324102,马鞍,镇
511324103,永乐,镇
511324104,日兴,镇
511324105,土门,镇
511324106,复兴,镇
511324107,观紫,镇
511324108,先锋,镇
511324109,三蛟,镇
511324110,回春,镇
511324111,柳垭,镇
511324112,义路,镇
511324113,立山,镇
511324114,三河,镇
511324115,瓦子,镇
511324116,大寅,镇
511324117,二道,镇
511324118,赛金,镇
511324119,丁字桥,镇
511324120,大仪,镇
511324121,张公,镇
511324122,五福,镇
511324124,杨桥,镇
511324125,保平,镇
511324126,文星,镇
511324127,双胜,镇
511324129,永光,镇
511324130,思德,镇
511324202,铜鼓,乡
511324207,凤仪,乡
511324210,福临,乡
511324212,来仪,乡
511324226,板桥,乡
511324230,芭蕉,乡
511324241,柴井,乡
511325001,南台,街道
511325002,晋城,街道
511325101,太平,镇
511325102,大全,镇
511325103,仙林,镇
511325104,古楼,镇
511325105,义兴,镇
511325106,关文,镇
511325107,凤鸣,镇
511325108,青狮,镇
511325109,槐树,镇
511325110,鸣龙,镇
511325111,双凤,镇
511325112,高院,镇
511325113,仁和,镇
511325114,多扶,镇
511325115,莲池,镇
511325116,常林,镇
511325203,占山,乡
511325220,罐垭,乡
511325226,祥龙,乡
511325227,车龙,乡
511325229,东太,乡
511381001,保宁,街道
511381002,七里,街道
511381003,沙溪,街道
511381004,江南,街道
511381005,河溪,街道
511381103,彭城,镇
511381104,玉台,镇
511381105,柏垭,镇
511381106,飞凤,镇
511381107,思依,镇
511381108,文成,镇
511381109,二龙,镇
511381110,石滩,镇
511381111,老观,镇
511381112,龙泉,镇
511381113,千佛,镇
511381114,望垭,镇
511381116,妙高,镇
511381117,洪山,镇
511381120,水观,镇
511381121,金垭,镇
511381124,五马,镇
511381125,木兰,镇
511381126,天宫,镇
511381207,鹤峰,乡
511381212,桥楼,乡
511381214,峰占,乡
511381219,博树|回族,乡
511402001,通惠,街道
511402002,大石桥,街道
511402003,苏祠,街道
511402102,太和,镇
511402104,尚义,镇
511402105,多悦,镇
511402106,秦家,镇
511402110,修文,镇
511402112,松江,镇
511402113,崇礼,镇
511402114,富牛,镇
511402115,永寿,镇
511402118,万胜,镇
511402119,思蒙,镇
511402120,三苏,镇
511402121,复兴,镇
511403001,凤鸣,街道
511403003,青龙,街道
511403004,观音,街道
511403006,谢家,街道
511403007,江口,街道
511403103,公义,镇
511403107,黄丰,镇
511403110,锦江,镇
511421001,文林,街道
511421002,普宁,街道
511421003,怀仁,街道
511421004,视高,街道
511421101,大化,镇
511421102,文宫,镇
511421103,高家,镇
511421104,富加,镇
511421105,汪洋,镇
511421106,钟祥,镇
511421107,始建,镇
511421108,彰加,镇
511421109,慈航,镇
511421110,龙正,镇
511421111,北斗,镇
511421112,禾加,镇
511421114,禄加,镇
511421115,宝飞,镇
511421116,龙马,镇
511421117,方家,镇
511421120,满井,镇
511421121,黑龙滩,镇
511421125,宝马,镇
511421126,珠嘉,镇
511421128,曹家,镇
511421142,谢安,镇
511421143,新店,镇
511421144,藕塘,镇
511421145,板桥,镇
511421146,贵平,镇
511421190,文林,镇
511421202,青岗,乡
511421206,虞丞,乡
511423100,洪川,镇
511423101,止戈,镇
511423103,余坪,镇
511423105,槽渔滩,镇
511423106,中保,镇
511423107,东岳,镇
511423109,柳江,镇
511423110,高庙,镇
511423111,瓦屋山,镇
511423112,七里坪,镇
511423113,将军,镇
511423114,中山,镇
511424101,杨场,镇
511424102,仁美,镇
511424104,张场,镇
511424105,齐乐,镇
511424204,顺龙,乡
511425001,青竹,街道
511425101,瑞峰,镇
511425102,汉阳,镇
511425104,西龙,镇
511425108,高台,镇
511425202,白果,乡
511425208,罗波,乡
511502006,西郊,街道
511502007,安阜,街道
511502008,白沙湾,街道
511502009,象鼻,街道
511502011,沙坪,街道
511502013,双城,街道
511502014,合江门,街道
511502015,大观楼,街道
511502101,李庄,镇
511502102,菜坝,镇
511502104,金坪,镇
511502108,牟坪,镇
511502109,李端,镇
511502110,宗场,镇
511502112,宋家,镇
511502113,思坡,镇
511502118,白花,镇
511502119,永兴,镇
511502120,双谊,镇
511502121,金秋湖,镇
511503001,南溪,街道
511503002,罗龙,街道
511503003,仙源,街道
511503004,裴石,街道
511503102,刘家,镇
511503103,江南,镇
511503104,大观,镇
511503105,汪家,镇
511503106,黄沙,镇
511503107,仙临,镇
511503108,长兴,镇
511504001,南岸,街道
511504002,赵场,街道
511504003,柏溪,街道
511504102,观音,镇
511504103,横江,镇
511504104,柳嘉,镇
511504105,泥溪,镇
511504106,蕨溪,镇
511504107,商州,镇
511504108,高场,镇
511504109,安边,镇
511504110,双龙,镇
511504112,合什,镇
511504118,南广,镇
511504119,樟海,镇
511504201,龙池,乡
511504202,凤仪,乡
511523100,江安,镇
511523101,红桥,镇
511523104,怡乐,镇
511523105,留耕,镇
511523108,五矿,镇
511523109,迎安,镇
511523110,夕佳山,镇
511523113,铁清,镇
511523114,四面山,镇
511523115,大井,镇
511523116,阳春,镇
511523117,下长,镇
511523118,大妙,镇
511523119,仁和,镇
511524100,长宁,镇
511524101,梅硐,镇
511524102,双河,镇
511524103,硐底,镇
511524104,花滩,镇
511524105,竹海,镇
511524106,老翁,镇
511524107,古河,镇
511524110,龙头,镇
511524112,井江,镇
511524113,铜鼓,镇
511524119,梅白,镇
511524120,铜锣,镇
511525100,文江,镇
511525101,庆符,镇
511525102,沙河,镇
511525103,嘉乐,镇
511525105,罗场,镇
511525106,蕉村,镇
511525107,可久,镇
511525108,来复,镇
511525109,月江,镇
511525110,胜天,镇
511525111,复兴,镇
511525115,落润,镇
511525116,庆岭,镇
511526100,珙泉,镇
511526101,巡场,镇
511526102,孝儿,镇
511526103,底洞,镇
511526104,上罗,镇
511526105,洛表,镇
511526106,洛亥,镇
511526107,王家,镇
511526109,沐滩,镇
511526110,曹营,镇
511526205,玉和|苗族,乡
511526209,罗渡|苗族,乡
511526212,观斗|苗族,乡
511527100,筠连,镇
511527101,腾达,镇
511527102,巡司,镇
511527104,沐爱,镇
511527106,大雪山,镇
511527107,镇舟,镇
511527108,蒿坝,镇
511527205,乐义,乡
511527208,团林|苗族,乡
511527209,联合|苗族,乡
511527210,高坪|苗族,乡
511527211,丰乐,乡
511528100,古宋,镇
511528101,僰王山,镇
511528103,共乐,镇
511528105,莲花,镇
511528107,九丝城,镇
511528108,石海,镇
511528110,周家,镇
511528111,五星,镇
511528203,大坝|苗族,乡
511528205,大河|苗族,乡
511528206,麒麟|苗族,乡
511528207,仙峰|苗族,乡
511529100,锦屏,镇
511529101,新市,镇
511529102,中都,镇
511529103,龙华,镇
511529104,大乘,镇
511529107,新安,镇
511529108,书楼,镇
511529109,屏山,镇
511529208,夏溪,乡
511529210,屏边|彝族,乡
511529211,清平|彝族,乡
511602001,浓洄,街道
511602002,北辰,街道
511602004,广福,街道
511602005,万盛,街道
511602006,中桥,街道
511602007,枣山,街道
511602101,官盛,镇
511602102,协兴,镇
511602103,浓溪,镇
511602104,悦来,镇
511602105,兴平,镇
511602106,井河,镇
511602107,花桥,镇
511602108,龙台,镇
511602109,肖溪,镇
511602110,恒升,镇
511602111,石笋,镇
511602112,白市,镇
511602113,大安,镇
511602121,穿石,镇
511602122,大龙,镇
511602123,东岳,镇
511602207,龙安,乡
511602208,彭家,乡
511602216,白马,乡
511603001,奎阁,街道
511603002,大佛寺,街道
511603003,龙塘,街道
511603004,新桥,街道
511603101,代市,镇
511603102,观塘,镇
511603103,护安,镇
511603104,广兴,镇
511603105,观阁,镇
511603106,桂兴,镇
511603107,虎城,镇
511603108,龙滩,镇
511603290,光辉,乡
511603292,小井,乡
511621001,九龙,街道
511621002,朝阳,街道
511621101,花园,镇
511621102,坪滩,镇
511621103,龙孔,镇
511621104,镇裕,镇
511621105,白庙,镇
511621106,酉溪,镇
511621107,同兴,镇
511621108,兴隆,镇
511621109,秦溪,镇
511621110,顾县,镇
511621111,苟角,镇
511621112,天平,镇
511621113,石垭,镇
511621114,乔家,镇
511621115,罗渡,镇
511621116,裕民,镇
511621117,中和,镇
511621118,新场,镇
511621119,普安,镇
511621121,临溪,镇
511621122,西板,镇
511621123,齐福,镇
511621124,伏龙,镇
511621212,黄龙,乡
511621216,鱼峰,乡
511622100,沿口,镇
511622101,中心,镇
511622102,烈面,镇
511622103,飞龙,镇
511622104,乐善,镇
511622105,万善,镇
511622106,龙女,镇
511622107,三溪,镇
511622108,赛马,镇
511622109,胜利,镇
511622110,金牛,镇
511622111,清平,镇
511622112,街子,镇
511622113,万隆,镇
511622114,礼安,镇
511622115,华封,镇
511622116,宝箴塞,镇
511622117,石盘,镇
511622118,鸣钟,镇
511622201,真静,乡
511622202,猛山,乡
511622203,双星,乡
511622208,鼓匠,乡
511623100,鼎屏,镇
511623101,城北,镇
511623102,城南,镇
511623103,柑子,镇
511623105,观音桥,镇
511623106,牟家,镇
511623107,合流,镇
511623108,坛同,镇
511623109,高滩,镇
511623110,九龙,镇
511623111,御临,镇
511623112,袁市,镇
511623113,丰禾,镇
511623114,八耳,镇
511623115,石永,镇
511623116,兴仁,镇
511623117,王家,镇
511623118,石滓,镇
511623119,三古,镇
511623120,两河,镇
511623121,太和,镇
511623122,椿木,镇
511623123,梁板,镇
511623124,复盛,镇
511623125,黎家,镇
511681001,双河,街道
511681002,华龙,街道
511681003,古桥,街道
511681101,天池,镇
511681102,禄市,镇
511681103,永兴,镇
511681104,明月,镇
511681105,阳和,镇
511681106,高兴,镇
511681108,溪口,镇
511681109,庆华,镇
511681200,红岩,乡
511702001,东城,街道
511702002,西城,街道
511702003,朝阳,街道
511702004,凤西,街道
511702005,凤北,街道
511702102,罗江,镇
511702103,蒲家,镇
511702104,复兴,镇
511702105,双龙,镇
511702107,碑庙,镇
511702108,江陵,镇
511702109,东岳,镇
511702110,磐石,镇
511702111,北山,镇
511702112,金石,镇
511702113,梓桐,镇
511702114,青宁,镇
511702205,安云,乡
511703001,三里坪,街道
511703002,翠屏,街道
511703003,石板,街道
511703004,斌郎,街道
511703005,明月江,街道
511703006,杨柳,街道
511703100,亭子,镇
511703101,麻柳,镇
511703103,大树,镇
511703104,南岳,镇
511703105,景市,镇
511703106,赵家,镇
511703107,河市,镇
511703109,渡市,镇
511703110,管村,镇
511703111,石梯,镇
511703112,石桥,镇
511703113,堡子,镇
511703114,福善,镇
511703115,万家,镇
511703116,百节,镇
511703117,金垭,镇
511703119,双庙,镇
511703120,桥湾,镇
511703121,赵固,镇
511703123,平滩,镇
511703125,大堰,镇
511703127,罐子,镇
511703203,安仁,乡
511703215,幺塘,乡
511703217,龙会,乡
511703234,虎让,乡
511703235,米城,乡
511722001,东乡,街道
511722002,蒲江,街道
511722101,君塘,镇
511722102,清溪,镇
511722103,普光,镇
511722104,天生,镇
511722105,柏树,镇
511722106,芭蕉,镇
511722107,南坝,镇
511722108,五宝,镇
511722109,峰城,镇
511722110,土黄,镇
511722111,华景,镇
511722112,樊哙,镇
511722113,新华,镇
511722114,黄金,镇
511722115,胡家,镇
511722116,毛坝,镇
511722118,大成,镇
511722120,下八,镇
511722122,塔河,镇
511722123,茶河,镇
511722124,厂溪,镇
511722126,马渡关,镇
511722127,红峰,镇
511722129,白马,镇
511722130,桃花,镇
511722131,庙安,镇
511722132,上峡,镇
511722133,南坪,镇
511722190,东乡,镇
511722195,柳池,镇
511722204,老君,乡
511722205,黄石,乡
511722222,三墩|土家族,乡
511722223,漆树|土家族,乡
511722224,龙泉|土家族,乡
511722225,渡口|土家族,乡
511722226,石铁,乡
511723001,淙城,街道
511723100,新宁,镇
511723101,普安,镇
511723102,回龙,镇
511723104,永兴,镇
511723105,讲治,镇
511723106,甘棠,镇
511723107,任市,镇
511723108,广福,镇
511723109,长岭,镇
511723110,八庙,镇
511723112,灵岩,镇
511723207,梅家,乡
511723294,骑龙,乡
511724001,竹阳,街道
511724002,东柳,街道
511724003,白塔,街道
511724101,乌木,镇
511724102,团坝,镇
511724103,杨家,镇
511724104,清河,镇
511724105,柏林,镇
511724106,石河,镇
511724108,石桥铺,镇
511724109,观音,镇
511724110,周家,镇
511724111,石子,镇
511724112,文星,镇
511724113,妈妈,镇
511724114,高穴,镇
511724115,欧家,镇
511724116,庙坝,镇
511724117,清水,镇
511724118,月华,镇
511724119,高明,镇
511724120,童家,镇
511724121,天城,镇
511724125,四合,镇
511724126,永胜,镇
511724128,中华,镇
511724204,朝阳,乡
511724218,安吉,乡
511724224,八渡,乡
511724228,杨通,乡
511724244,川主,乡
511725001,渠江,街道
511725002,天星,街道
511725003,渠南,街道
511725102,临巴,镇
511725103,三汇,镇
511725104,涌兴,镇
511725105,有庆,镇
511725106,土溪,镇
511725107,文崇,镇
511725108,贵福,镇
511725109,岩峰,镇
511725110,静边,镇
511725111,清溪场,镇
511725112,宝城,镇
511725113,𰝟渡,镇
511725114,琅琊,镇
511725115,李渡,镇
511725116,中滩,镇
511725118,三板,镇
511725119,丰乐,镇
511725120,李馥,镇
511725123,青龙,镇
511725125,卷硐,镇
511725126,望溪,镇
511725128,龙凤,镇
511725129,新市,镇
511725131,渠北,镇
511725132,定远,镇
511725133,合力,镇
511725134,万寿,镇
511725135,东安,镇
511725194,水口,镇
511725227,报恩,乡
511725228,安北,乡
511725238,大义,乡
511725245,巨光,乡
511725255,望江,乡
511725263,拱市,乡
511725293,青神,乡
511725294,射洪,乡
511725295,屏西,乡
511781001,古东关,街道
511781100,太平,镇
511781101,青花,镇
511781102,旧院,镇
511781103,罗文,镇
511781104,河口,镇
511781105,草坝,镇
511781106,竹峪,镇
511781107,大竹,镇
511781108,官渡,镇
511781109,黄钟,镇
511781110,白沙,镇
511781111,沙滩,镇
511781112,石塘,镇
511781113,八台,镇
511781114,石窝,镇
511781115,铁矿,镇
511781116,大沙,镇
511781117,魏家,镇
511781118,白果,镇
511781119,井溪,镇
511781121,长坝,镇
511781122,鹰背,镇
511781123,永宁,镇
511781124,固军,镇
511781125,黑宝山,镇
511781201,茶垭,乡
511781208,蜂桶,乡
511781210,花楼,乡
511781212,曾家,乡
511781218,玉带,乡
511781227,紫溪,乡
511781229,庙子,乡
511781297,罐坝,乡
511802001,东城,街道
511802002,西城,街道
511802003,河北,街道
511802004,青江,街道
511802005,大兴,街道
511802101,草坝,镇
511802107,上里,镇
511802109,晏场,镇
511802110,多营,镇
511802111,碧峰峡,镇
511802112,望鱼,镇
511802113,周公山,镇
511802114,八步,镇
511802190,北郊,镇
511802194,对岩,镇
511803001,永兴,街道
511803002,蒙阳,街道
511803101,百丈,镇
511803102,车岭,镇
511803104,马岭,镇
511803105,新店,镇
511803106,蒙顶山,镇
511803107,黑竹,镇
511803108,红星,镇
511803109,中峰,镇
511803112,茅河,镇
511803118,前进,镇
511803119,万古,镇
511822001,严道,街道
511822101,花滩,镇
511822102,龙苍沟,镇
511822103,牛背山,镇
511822104,新添,镇
511822105,青龙,镇
511822106,荥河,镇
511822107,五宪,镇
511822200,六合,乡
511822203,安靖,乡
511822205,民建|彝族,乡
511822209,泗坪,乡
511822216,宝峰|彝族,乡
511823100,富林,镇
511823101,九襄,镇
511823102,乌斯河,镇
511823103,宜东,镇
511823104,富庄,镇
511823105,清溪,镇
511823106,大树,镇
511823107,皇木,镇
511823108,富泉,镇
511823109,唐家,镇
511823110,安乐,镇
511823111,前域,镇
511823209,富乡,乡
511823220,马烈,乡
511823224,河南,乡
511823225,晒经,乡
511823227,小堡|藏族|彝族,乡
511823228,片马|彝族,乡
511823229,坭美|彝族,乡
511823230,永利|彝族,乡
511823231,顺河|彝族,乡
511824002,新棉,街道
511824101,回隆,镇
511824102,美罗,镇
511824106,安顺场,镇
511824202,蟹螺|藏族,乡
511824203,永和,乡
511824207,栗子坪|彝族,乡
511824209,迎政,乡
511824211,丰乐,乡
511824212,新民|藏族|彝族,乡
511824215,草科|藏族,乡
511824216,王岗坪|彝族|藏族,乡
511825100,城厢,镇
511825101,始阳,镇
511825102,思经,镇
511825103,喇叭河,镇
511825104,小河,镇
511825105,仁义,镇
511825106,新场,镇
511825210,乐英,乡
511825216,新华,乡
511825219,兴业,乡
511826001,芦阳,街道
511826101,飞仙关,镇
511826102,双石,镇
511826103,太平,镇
511826104,大川,镇
511826105,龙门,镇
511826106,思延,镇
511826208,宝盛,乡
511827100,穆坪,镇
511827101,灵关,镇
511827102,陇东,镇
511827202,硗碛|藏族,乡
511827205,五龙,乡
511827207,大溪,乡
511827208,蜂桶寨,乡
511902001,东城,街道
511902002,西城,街道
511902003,回风,街道
511902004,宕梁,街道
511902005,玉堂,街道
511902006,江北,街道
511902007,兴文,街道
511902008,奇章,街道
511902009,时新,街道
511902100,大茅坪,镇
511902101,清江,镇
511902103,水宁寺,镇
511902105,曾口,镇
511902106,梁永,镇
511902110,鼎山,镇
511902111,大罗,镇
511902118,化成,镇
511902121,三江,镇
511902122,枣林,镇
511902123,平梁,镇
511902125,光辉,镇
511902127,凤溪,镇
511902128,天马山,镇
511902196,梓橦庙,镇
511902203,大和,乡
511902205,白庙,乡
511903001,登科,街道
511903002,文治,街道
511903003,司城,街道
511903101,玉山,镇
511903102,茶坝,镇
511903104,花丛,镇
511903105,柳林,镇
511903106,下八庙,镇
511903107,渔溪,镇
511903111,上八庙,镇
511903112,明阳,镇
511903113,兴隆,镇
511903114,群乐,镇
511903115,双胜,镇
511903116,关公,镇
511903118,尹家,镇
511903119,九,镇
511903120,雪山,镇
511921001,壁州,街道
511921100,诺江,镇
511921101,民胜,镇
511921102,火炬,镇
511921103,广纳,镇
511921104,铁佛,镇
511921105,麻石,镇
511921106,至诚,镇
511921107,洪口,镇
511921108,沙溪,镇
511921109,瓦室,镇
511921110,永安,镇
511921111,铁溪,镇
511921112,涪阳,镇
511921113,诺水河,镇
511921114,毛浴,镇
511921115,两河口,镇
511921116,泥溪,镇
511921117,板桥口,镇
511921118,新场,镇
511921119,龙凤场,镇
511921120,空山,镇
511921121,三溪,镇
511921122,春在,镇
511921123,杨柏,镇
511921124,唱歌,镇
511921125,陈河,镇
511921126,青峪,镇
511921127,兴隆,镇
511921128,烟溪,镇
511921129,长坪,镇
511921214,松溪,乡
511921216,胜利,乡
511922001,集州,街道
511922101,沙河,镇
511922103,长赤,镇
511922104,正直,镇
511922105,大河,镇
511922106,光雾山,镇
511922108,下两,镇
511922109,赶场,镇
511922110,杨坝,镇
511922111,关坝,镇
511922112,天池,镇
511922113,红光,镇
511922114,元潭,镇
511922115,八庙,镇
511922116,赤溪,镇
511922117,双流,镇
511922118,坪河,镇
511922119,仁和,镇
511922120,和平,镇
511922121,侯家,镇
511922122,桥亭,镇
511922123,高塔,镇
511922125,兴马,镇
511922126,关门,镇
511922127,石滩,镇
511922128,高桥,镇
511922130,贵民,镇
511922131,关路,镇
511922132,云顶,镇
511922133,公山,镇
511922197,东榆,镇
511922209,团结,乡
511922219,双桂,乡
511922247,神门,乡
511923001,同州,街道
511923002,金宝,街道
511923003,江口,街道
511923101,响滩,镇
511923102,西兴,镇
511923103,佛楼,镇
511923104,白衣,镇
511923105,涵水,镇
511923106,岳家,镇
511923107,兰草,镇
511923108,驷马,镇
511923110,元山,镇
511923111,云台,镇
511923112,邱家,镇
511923113,笔山,镇
511923114,镇龙,镇
511923115,得胜,镇
511923118,灵山,镇
511923119,望京,镇
511923120,土兴,镇
511923122,泥龙,镇
511923123,板庙,镇
511923124,龙岗,镇
511923125,青云,镇
511923126,大寨,镇
511923127,土垭,镇
511923128,澌岸,镇
511923130,粉壁,镇
511923133,三十二梁,镇
511923134,江家口,镇
511923135,岩口,镇
511923191,澌滩,镇
511923293,福申,乡
511923295,双鹿,乡
512002001,莲花,街道
512002002,三贤祠,街道
512002003,资溪,街道
512002004,狮子山,街道
512002005,宝莲,街道
512002100,雁江,镇
512002101,松涛,镇
512002102,宝台,镇
512002103,临江,镇
512002104,保和,镇
512002105,老君,镇
512002106,中和,镇
512002107,丹山,镇
512002108,小院,镇
512002109,堪嘉,镇
512002110,伍隍,镇
512002111,石岭,镇
512002112,东峰,镇
512002113,南津,镇
512002116,丰裕,镇
512002117,迎接,镇
512002118,祥符,镇
512002194,忠义,镇
512021001,岳城,街道
512021002,石桥,街道
512021100,岳阳,镇
512021101,鸳大,镇
512021103,通贤,镇
512021104,龙台,镇
512021105,姚市,镇
512021106,林凤,镇
512021107,毛家,镇
512021108,永清,镇
512021109,永顺,镇
512021110,石羊,镇
512021111,两板桥,镇
512021112,护龙,镇
512021113,李家,镇
512021114,元坝,镇
512021115,兴隆,镇
512021116,天林,镇
512021117,镇子,镇
512021118,文化,镇
512021119,周礼,镇
512021120,驯龙,镇
512021121,华严,镇
512021122,长河源,镇
512021123,护建,镇
512021124,忠义,镇
512021125,卧佛,镇
512021126,南薰,镇
512021127,思贤,镇
512021129,协和,镇
512021130,清流,镇
512021131,朝阳,镇
512021132,乾龙,镇
512021133,大平,镇
512021205,来凤,乡
512021206,天马,乡
512021210,悦来,乡
512021212,云峰,乡
512021213,岳新,乡
512021215,东胜,乡
512021218,高升,乡
512021219,横庙,乡
512021221,白塔寺,乡
512021222,双龙街,乡
512021227,合义,乡
512021240,千佛,乡
512021241,拱桥,乡
512022001,天池,街道
512022002,南塔,街道
512022101,石佛,镇
512022102,回澜,镇
512022103,石湍,镇
512022104,童家,镇
512022105,宝林,镇
512022106,大佛,镇
512022107,良安,镇
512022108,金顺,镇
512022109,中和场,镇
512022110,劳动,镇
512022111,中天,镇
512022112,佛星,镇
512022113,蟠龙,镇
512022114,东山,镇
512022115,通旅,镇
512022116,高寺,镇
512022117,龙门,镇
512022118,盛池,镇
512022204,双河场,乡
512022292,孔雀,乡
513201100,马尔康,镇
513201102,松岗,镇
513201103,沙尔宗,镇
513201200,梭磨,乡
513201201,白湾,乡
513201202,党坝,乡
513201203,木尔宗,乡
513201204,脚木足,乡
513201206,龙尔甲,乡
513201207,大藏,乡
513201208,康山,乡
513201209,草登,乡
513201210,日部,乡
513221100,威州,镇
513221101,绵虒,镇
513221102,映秀,镇
513221103,卧龙,镇
513221104,漩口,镇
513221105,水磨,镇
513221106,三江,镇
513221107,耿达,镇
513221111,灞州,镇
513222100,杂谷脑,镇
513222101,米亚罗,镇
513222102,古尔沟,镇
513222103,薛城,镇
513222104,桃坪,镇
513222105,朴头,镇
513222202,甘堡,乡
513222203,蒲溪,乡
513222204,上孟,乡
513222205,下孟,乡
513222207,通化,乡
513223100,凤仪,镇
513223101,南新,镇
513223102,叠溪,镇
513223105,富顺,镇
513223107,土门,镇
513223109,洼底,镇
513223110,沙坝,镇
513223111,渭门,镇
513223112,黑虎,镇
513223113,沟口,镇
513223114,赤不苏,镇
513223292,白溪,乡
513223299,飞虹,乡
513224100,进安,镇
513224101,川主寺,镇
513224102,青云,镇
513224103,毛儿盖,镇
513224104,镇江关,镇
513224105,红土,镇
513224106,小河,镇
513224201,十里|回族,乡
513224203,安宏,乡
513224207,镇坪,乡
513224208,岷江,乡
513224209,大姓,乡
513224210,白羊,乡
513224213,小姓,乡
513224214,燕云,乡
513224219,黄龙,乡
513224221,下八寨,乡
513225101,漳扎,镇
513225102,双河,镇
513225103,南坪,镇
513225104,黑河,镇
513225105,勿角,镇
513225201,永和,乡
513225203,白河,乡
513225205,保华,乡
513225209,郭元,乡
513225210,草地,乡
513225213,玉瓦,乡
513225214,大录,乡
513226101,观音桥,镇
513226102,安宁,镇
513226103,勒乌,镇
513226104,马奈,镇
513226200,沙耳,乡
513226201,庆宁,乡
513226202,咯尔,乡
513226205,河东,乡
513226206,河西,乡
513226207,集沐,乡
513226208,撒瓦脚,乡
513226209,卡拉脚,乡
513226210,俄热,乡
513226212,二嘎里,乡
513226213,阿科里,乡
513226215,卡撒,乡
513226216,曾达,乡
513226217,独松,乡
513226220,毛日,乡
513227100,美兴,镇
513227101,四姑娘山,镇
513227103,两河口,镇
513227104,达维,镇
513227105,沃日,镇
513227106,宅垄,镇
513227107,八角,镇
513227201,崇德,乡
513227202,新桥,乡
513227203,美沃,乡
513227204,沙龙,乡
513227208,日尔,乡
513227209,结斯,乡
513227211,木坡,乡
513227213,抚边,乡
513227216,窝底,乡
513227217,汗牛,乡
513227218,潘安,乡
513228100,芦花,镇
513228101,卡龙,镇
513228102,色尔古,镇
513228103,沙石多,镇
513228104,知木林,镇
513228105,扎窝,镇
513228106,西尔,镇
513228107,木苏,镇
513228204,瓦钵梁子,乡
513228206,石碉楼,乡
513228207,龙坝,乡
513228208,洛多,乡
513228210,维古,乡
513228213,晴朗,乡
513228214,慈坝,乡
513230101,南木达,镇
513230102,中壤塘,镇
513230103,岗木达,镇
513230200,蒲西,乡
513230201,宗科,乡
513230202,石里,乡
513230203,吾伊,乡
513230205,上杜柯,乡
513230206,茸木达,乡
513230208,尕多,乡
513230210,上壤塘,乡
513231100,阿坝,镇
513231101,贾洛,镇
513231102,麦尔玛,镇
513231103,河支,镇
513231104,各莫,镇
513231105,安羌,镇
513231201,麦昆,乡
513231203,龙藏,乡
513231204,求吉玛,乡
513231208,四洼,乡
513231209,安斗,乡
513231210,柯河,乡
513231211,垮沙,乡
513231213,查理,乡
513231214,茸安,乡
513232100,达扎寺,镇
513232102,唐克,镇
513232103,红星,镇
513232104,辖曼,镇
513232105,巴西,镇
513232106,阿西,镇
513232107,铁布,镇
513232205,麦溪,乡
513232206,嫩哇,乡
513232207,降扎,乡
513232208,占哇,乡
513232214,求吉,乡
513232215,包座,乡
513233100,邛溪,镇
513233101,刷经寺,镇
513233102,瓦切,镇
513233103,安曲,镇
513233104,色地,镇
513233105,龙日,镇
513233202,江茸,乡
513233204,阿木,乡
513233206,麦洼,乡
513233208,查尔玛,乡
513301001,榆林,街道
513301002,炉城,街道
513301101,姑咱,镇
513301102,新都桥,镇
513301103,金汤,镇
513301104,沙德,镇
513301105,塔公,镇
513301106,甲根坝,镇
513301107,贡嘎山,镇
513301108,鱼通,镇
513301200,雅拉,乡
513301204,麦崩,乡
513301206,捧塔,乡
513301208,普沙绒,乡
513301209,吉居,乡
513301211,呷巴,乡
513301214,孔玉,乡
513322100,泸桥,镇
513322101,冷碛,镇
513322102,兴隆,镇
513322103,磨西,镇
513322104,得妥,镇
513322105,烹坝,镇
513322106,燕子沟,镇
513322107,德威,镇
513322200,岚安,乡
513323100,章谷,镇
513323101,巴底,镇
513323102,革什扎,镇
513323103,东谷,镇
513323104,墨尔多山,镇
513323105,甲居,镇
513323106,格宗,镇
513323107,半扇门,镇
513323108,丹东,镇
513323201,巴旺,乡
513323209,梭坡,乡
513323213,太平桥,乡
513323290,中路,乡
513324100,呷尔,镇
513324101,烟袋,镇
513324102,三垭,镇
513324103,雪洼龙,镇
513324104,湾坝,镇
513324105,汤古,镇
513324106,乌拉溪,镇
513324107,魁多,镇
513324108,乃渠,镇
513324202,三岩龙,乡
513324203,上团,乡
513324204,八窝龙,乡
513324209,子耳|彝族,乡
513324212,小金|彝族,乡
513324213,朵洛|彝族,乡
513324216,洪坝,乡
513325100,河口,镇
513325101,呷拉,镇
513325102,西俄洛,镇
513325103,红龙,镇
513325104,波斯河,镇
513325105,麻郎措,镇
513325201,八角楼,乡
513325202,普巴绒,乡
513325203,祝桑,乡
513325204,米龙,乡
513325205,八衣绒,乡
513325208,牙衣河,乡
513325211,德差,乡
513325213,柯拉,乡
513325214,瓦多,乡
513325215,木绒,乡
513326100,鲜水,镇
513326101,八美,镇
513326102,亚卓,镇
513326104,玉科,镇
513326105,仲尼,镇
513326106,泰宁,镇
513326107,瓦日,镇
513326201,麻孜,乡
513326202,孔色,乡
513326203,葛卡,乡
513326207,扎拖,乡
513326208,下拖,乡
513326210,木茹,乡
513326211,甲斯孔,乡
513326213,七美,乡
513326214,银恩,乡
513326216,龙灯,乡
513326218,色卡,乡
513326219,沙冲,乡
513326296,红顶,乡
513327100,新都,镇
513327101,朱倭,镇
513327103,上罗科马,镇
513327104,虾拉沱,镇
513327200,泥巴,乡
513327201,雅德,乡
513327202,洛秋,乡
513327205,仁达,乡
513327207,旦都,乡
513327208,充古,乡
513327209,更知,乡
513327210,卡娘,乡
513327211,宗塔,乡
513327212,宗麦,乡
513327214,下罗科马,乡
513328100,甘孜,镇
513328101,查龙,镇
513328102,来马,镇
513328200,呷拉,乡
513328201,色西底,乡
513328202,南多,乡
513328203,生康,乡
513328204,贡隆,乡
513328205,扎科,乡
513328207,昔色,乡
513328208,卡攻,乡
513328209,仁果,乡
513328210,拖坝,乡
513328212,庭卡,乡
513328213,下雄,乡
513328214,四通达,乡
513328215,夺多,乡
513328216,泥柯,乡
513328217,茶扎,乡
513328218,大德,乡
513328219,卡龙,乡
513329100,如龙,镇
513329101,拉日马,镇
513329102,大盖,镇
513329103,色威,镇
513329104,通宵,镇
513329105,尤拉西,镇
513329200,沙堆,乡
513329203,绕鲁,乡
513329207,博美,乡
513329209,子拖西,乡
513329210,和平,乡
513329211,洛古,乡
513329212,雄龙西,乡
513329213,麻日,乡
513329215,友谊,乡
513329217,银多,乡
513330100,更庆,镇
513330101,马尼干戈,镇
513330102,竹庆,镇
513330103,阿须,镇
513330105,错阿,镇
513330106,龚垭,镇
513330107,温拖,镇
513330108,打滚,镇
513330109,麦宿,镇
513330110,中扎科,镇
513330202,岳巴,乡
513330203,八帮,乡
513330205,白垭,乡
513330206,汪布顶,乡
513330207,柯洛洞,乡
513330208,卡松渡,乡
513330209,俄南,乡
513330211,俄支,乡
513330213,玉隆,乡
513330216,上然姑,乡
513330219,年古,乡
513330220,浪多,乡
513330223,亚丁,乡
513331100,建设,镇
513331101,阿察,镇
513331102,河坡,镇
513331103,盖玉,镇
513331201,绒盖,乡
513331202,章都,乡
513331203,麻绒,乡
513331205,热加,乡
513331206,登龙,乡
513331207,赠科,乡
513331210,辽西,乡
513331211,纳塔,乡
513331212,麻邛,乡
513331214,沙马,乡
513331215,安孜,乡
513331216,金沙,乡
513332100,尼呷,镇
513332101,洛须,镇
513332102,色须,镇
513332103,虾扎,镇
513332104,温波,镇
513332105,蒙宜,镇
513332106,阿日扎,镇
513332200,真达,乡
513332201,奔达,乡
513332202,正科,乡
513332204,德荣马,乡
513332206,长沙贡马,乡
513332207,呷衣,乡
513332208,格孟,乡
513332210,新荣,乡
513332211,宜牛,乡
513332213,起坞,乡
513332215,长须贡马,乡
513332216,长沙干马,乡
513332217,长须干马,乡
513332219,瓦须,乡
513333100,色柯,镇
513333101,翁达,镇
513333102,洛若,镇
513333103,泥朵,镇
513333104,甲学,镇
513333201,克戈,乡
513333202,然充,乡
513333203,康勒,乡
513333204,大章,乡
513333205,大则,乡
513333206,亚龙,乡
513333207,塔子,乡
513333208,年龙,乡
513333210,霍西,乡
513333211,旭日,乡
513333212,杨各,乡
513334100,高城,镇
513334101,甲洼,镇
513334102,觉吾,镇
513334103,拉波,镇
513334104,君坝,镇
513334105,格聂,镇
513334106,木拉,镇
513334201,哈依,乡
513334203,莫坝,乡
513334204,亚火,乡
513334205,绒坝,乡
513334206,呷洼,乡
513334207,奔戈,乡
513334208,村戈,乡
513334209,禾尼,乡
513334210,曲登,乡
513334213,上木拉,乡
513334216,濯桑,乡
513334218,藏坝,乡
513334219,格木,乡
513334221,麦洼,乡
513334222,德巫,乡
513335100,夏邛,镇
513335101,中咱,镇
513335102,措拉,镇
513335103,甲英,镇
513335104,地巫,镇
513335200,拉哇,乡
513335202,竹巴龙,乡
513335204,苏哇龙,乡
513335205,昌波,乡
513335208,亚日贡,乡
513335209,波密,乡
513335210,莫多,乡
513335211,松多,乡
513335212,波戈溪,乡
513335215,茶洛,乡
513335216,列衣,乡
513335217,德达,乡
513336100,香巴拉,镇
513336101,青德,镇
513336103,热打,镇
513336201,沙贡,乡
513336202,水洼,乡
513336205,然乌,乡
513336206,洞松,乡
513336208,定波,乡
513336209,正斗,乡
513336210,白依,乡
513337100,金珠,镇
513337101,香格里拉,镇
513337102,桑堆,镇
513337103,吉呷,镇
513337104,噶通,镇
513337201,省母,乡
513337204,巨龙,乡
513337205,邓坡,乡
513337206,木拉,乡
513337207,赤土,乡
513337209,蒙自,乡
513337210,各卡,乡
513337212,俄牙同,乡
513338101,瓦卡,镇
513338102,白松,镇
513338103,日雨,镇
513338104,太阳谷,镇
513338201,徐龙,乡
513338204,奔都,乡
513338205,八日,乡
513338206,古学,乡
513338208,贡波,乡
513338210,茨巫,乡
513401001,西城,街道
513401002,东城,街道
513401003,北城,街道
513401004,长安,街道
513401005,新村,街道
513401007,海南,街道
513401008,马道,街道
513401101,礼州,镇
513401102,安宁,镇
513401103,川兴,镇
513401104,黄联关,镇
513401105,佑君,镇
513401106,太和,镇
513401107,安哈,镇
513401108,阿七,镇
513401109,樟木箐,镇
513401110,琅环,镇
513401111,巴汝,镇
513401201,高枧,乡
513401203,四合,乡
513401211,开元,乡
513401212,大兴,乡
513401215,经久,乡
513401219,裕隆|回族,乡
513401220,高草|回族,乡
513401228,马鞍山,乡
513401290,西郊,乡
513401295,兴胜,乡
513402001,城北,街道
513402002,城南,街道
513402003,古城,街道
513402101,鹿厂,镇
513402102,黎溪,镇
513402103,通安,镇
513402104,太平,镇
513402105,益门,镇
513402106,绿水,镇
513402107,云甸,镇
513402108,新发,镇
513402109,关河,镇
513402110,彰冠,镇
513402111,木古,镇
513402112,六华,镇
513402113,小黑箐,镇
513402201,内东,乡
513402202,树堡,乡
513402203,新安|傣族,乡
513402204,槽元,乡
513402295,杨家坝,乡
513402620,江竹,乡
513402626,江普,乡
513402629,海潮,乡
513402640,龙泉,乡
513422100,乔瓦,镇
513422101,瓦厂,镇
513422102,茶布朗,镇
513422103,雅砻江,镇
513422104,水洛,镇
513422105,列瓦,镇
513422201,博科,乡
513422202,宁朗,乡
513422203,依吉,乡
513422204,俄亚|纳西族,乡
513422206,牦牛坪,乡
513422207,屋脚|蒙古族,乡
513422208,项脚|蒙古族,乡
513422209,李子坪,乡
513422213,西秋,乡
513422214,克尔,乡
513422215,白碉|苗族,乡
513422216,三桷垭,乡
513422217,倮波,乡
513422218,卡拉,乡
513422219,后所,乡
513422220,沙湾,乡
513422222,固增|苗族,乡
513422223,麦日,乡
513422224,东朗,乡
513422225,唐央,乡
513422226,博窝,乡
513422292,下麦地,乡
513423001,盐井,街道
513423101,卫城,镇
513423102,梅雨,镇
513423103,白乌,镇
513423104,树河,镇
513423105,黄草,镇
513423106,平川,镇
513423107,泸沽湖,镇
513423108,官地,镇
513423109,梅子坪,镇
513423110,润盐,镇
513423111,长柏,镇
513423112,甲米,镇
513423113,棉桠,镇
513423114,盐塘,镇
513423115,金河,镇
513423116,龙塘,镇
513423117,兴隆,镇
513423206,藤桥,乡
513423207,田湾,乡
513423214,右所,乡
513423221,沃底,乡
513423222,大坡|蒙古族,乡
513423223,洼里,乡
513423290,双河,乡
513423291,大草,乡
513423292,博大,乡
513423299,盖租,乡
513423601,干海,乡
513424001,德州,街道
513424002,昌州,街道
513424101,永郎,镇
513424102,乐跃,镇
513424103,麻栗,镇
513424104,茨达,镇
513424109,巴洞,镇
513424113,铁炉,镇
513424114,黑龙潭,镇
513424115,热河,镇
513424217,南山|傈僳族,乡
513424218,金沙|傈僳族,乡
513426001,鱼城,街道
513426002,金江,街道
513426101,铅锌,镇
513426102,乌东德,镇
513426103,姜州,镇
513426104,堵格,镇
513426105,淌塘,镇
513426106,铁柳,镇
513426107,嘎吉,镇
513426108,松坪,镇
513426109,新街,镇
513426110,满银沟,镇
513426111,大崇,镇
513426112,鲁吉,镇
513426113,鲹鱼河,镇
513426235,溜姑,乡
513426246,野租,乡
513426251,老君滩,乡
513426252,江西街,乡
513427101,松新,镇
513427102,竹寿,镇
513427103,华弹,镇
513427104,白鹤滩,镇
513427106,西瑶,镇
513427108,大同,镇
513427109,骑骡沟,镇
513427110,跑马,镇
513427111,幸福,镇
513427112,石梨,镇
513427113,六铁,镇
513427116,宁远,镇
513427117,俱乐,镇
513428100,普基,镇
513428101,荞窝,镇
513428102,螺髻山,镇
513428103,五道箐,镇
513428104,花山,镇
513428105,日都迪萨,镇
513428106,西洛,镇
513428107,夹铁,镇
513428108,大坪,镇
513428201,向阳,乡
513428203,黎安,乡
513428210,甘天地,乡
513428213,特兹,乡
513428218,瓦洛,乡
513428220,菜子,乡
513428222,刘家坪,乡
513428227,大槽,乡
513429100,特木里,镇
513429101,龙潭,镇
513429102,拖觉,镇
513429103,九都,镇
513429104,乐安,镇
513429105,俄里坪,镇
513429106,地洛,镇
513429107,牛角湾,镇
513429200,木尔,乡
513429206,补尔,乡
513429209,拉果,乡
513429214,罗家坪,乡
513429217,火烈,乡
513429222,瓦都,乡
513429224,委只洛,乡
513429225,联补,乡
513429226,基只,乡
513430100,天地坝,镇
513430101,派来,镇
513430102,芦稿,镇
513430103,对坪,镇
513430104,南瓦,镇
513430105,百草坡,镇
513430106,洛觉,镇
513430107,德溪,镇
513430108,丙底,镇
513430201,热水河,乡
513430206,甲依,乡
513430210,基觉,乡
513430211,小银木,乡
513430214,青松,乡
513430217,山江,乡
513431100,新城,镇
513431101,城北,镇
513431102,竹核,镇
513431103,谷曲,镇
513431104,比尔,镇
513431105,解放沟,镇
513431106,三岔河,镇
513431107,四开,镇
513431108,地莫,镇
513431109,古里,镇
513431110,俄尔,镇
513431205,美甘,乡
513431210,博洛,乡
513431227,特布洛,乡
513431228,庆恒,乡
513431231,补约,乡
513431234,金曲,乡
513431238,则普,乡
513431244,日哈,乡
513431245,哈甘,乡
513432100,光明,镇
513432101,冕山,镇
513432102,红莫,镇
513432103,两河口,镇
513432104,米市,镇
513432105,洛哈,镇
513432106,尼波,镇
513432107,贺波洛,镇
513432108,鲁基,镇
513432204,李子,乡
513432205,北山,乡
513432208,且拖,乡
513432210,沙马拉达,乡
513433001,高阳,街道
513433101,漫水湾,镇
513433102,大桥,镇
513433103,复兴,镇
513433104,泸沽,镇
513433107,石龙,镇
513433108,彝海,镇
513433109,河边,镇
513433110,锦屏,镇
513433112,里庄,镇
513433113,惠安,镇
513433114,宏模,镇
513433115,泽远,镇
513433116,若水,镇
513433117,棉沙,镇
513433118,磨房沟,镇
513433226,和爱|藏族,乡
513433230,新兴,乡
513433231,健美,乡
513434100,越城,镇
513434101,中所,镇
513434102,新民,镇
513434103,乃托,镇
513434104,普雄,镇
513434105,大瑞,镇
513434106,竹阿觉,镇
513434107,书古,镇
513434108,依洛地坝,镇
513434109,南箐,镇
513434110,贡莫,镇
513434111,梅花,镇
513434112,尔觉,镇
513434113,拉普,镇
513434114,马拖,镇
513434115,大花,镇
513434116,板桥,镇
513434211,保安|藏族,乡
513434220,乐青地,乡
513434227,五里箐,乡
513434235,拉吉,乡
513434236,申果庄,乡
513434634,瓦里觉,乡
513435100,新市坝,镇
513435101,田坝,镇
513435102,海棠,镇
513435103,吉米,镇
513435104,斯觉,镇
513435105,普昌,镇
513435106,玉田,镇
513435107,苏雄,镇
513435108,乌史大桥,镇
513435202,新茶,乡
513435211,团结,乡
513435212,嘎日,乡
513435219,沙岱,乡
513435293,两河,乡
513435294,坪坝,乡
513435296,阿兹觉,乡
513436100,巴普,镇
513436101,洪溪,镇
513436102,新桥,镇
513436103,牛牛坝,镇
513436104,拉马,镇
513436105,候播乃拖,镇
513436106,候古莫,镇
513436107,峨曲古,镇
513436200,觉洛,乡
513436201,井叶特西,乡
513436202,合姑洛,乡
513436208,典补,乡
513436217,九口,乡
513436218,洛俄依甘,乡
513436221,柳洪,乡
513436229,龙门,乡
513436231,洒库,乡
513436235,瓦候,乡
513437100,锦城,镇
513437101,西宁,镇
513437102,汶水,镇
513437103,黄琅,镇
513437104,金沙,镇
513437105,永盛,镇
513437106,渡口,镇
513437107,宝山,镇
513437108,马颈子,镇
513437109,瓦岗,镇
513437110,上田坝,镇
513437203,箐口,乡
513437214,柑子,乡
513437217,桂花,乡
513437220,山棱岗,乡
513437222,谷堆,乡
513437224,拉咪,乡
513437227,千万贯,乡
513437233,莫红,乡
513437237,巴姑,乡
513437241,卡哈洛,乡
513437290,回龙场,乡
513437299,一车,乡
520102001,五里冲,街道
520102002,小车河,街道
520102003,新华路,街道
520102004,西湖路,街道
520102005,中华南路,街道
520102006,河滨,街道
520102007,遵义路,街道
520102008,兴关路,街道
520102009,沙冲路,街道
520102010,太慈桥,街道
520102011,湘雅,街道
520102012,油榨,街道
520102013,中曹司,街道
520102014,二戈,街道
520102015,龙洞堡,街道
520102016,水口寺,街道
520102017,望城,街道
520102018,花果园,街道
520102019,兰花都,街道
520102200,后巢,乡
520102201,云关,乡
520102202,永乐,乡
520102203,小碧|布依族|苗族,乡
520103001,文昌阁,街道
520103002,毓秀路,街道
520103003,八鸽岩,街道
520103004,市西河,街道
520103005,普陀路,街道
520103006,大营路,街道
520103007,黔灵东路,街道
520103008,威清门,街道
520103009,头桥,街道
520103010,三桥路,街道
520103011,盐务街,街道
520103012,金关,街道
520103013,马王,街道
520103014,茶园路,街道
520103015,杨惠,街道
520103016,水东路,街道
520103017,渔安,街道
520103100,黔灵,镇
520111001,贵筑,街道
520111002,阳光,街道
520111003,清溪,街道
520111004,溪北,街道
520111005,黄河路,街道
520111006,平桥,街道
520111007,小孟,街道
520111008,金筑,街道
520111009,党武,街道
520111101,青岩,镇
520111102,石板,镇
520111104,麦坪,镇
520111105,燕楼,镇
520111201,孟关|苗族|布依族,乡
520111204,湖潮|苗族|布依族,乡
520111205,久安,乡
520111207,高坡|苗族,乡
520111208,黔陶|布依族|苗族,乡
520111209,马铃|布依族|苗族,乡
520112001,龙广路,街道
520112002,新创路,街道
520112003,观溪路,街道
520112004,新光路,街道
520112005,高新路,街道
520112101,东风,镇
520112102,水田,镇
520112103,羊昌,镇
520112104,新场,镇
520112105,下坝,镇
520112106,百宜,镇
520112203,新堡|布依族,乡
520112206,偏坡|布依族,乡
520113001,泉湖,街道
520113010,大山洞,街道
520113013,云城,街道
520113014,龚家寨,街道
520113015,都拉营,街道
520113101,麦架,镇
520113102,沙文,镇
520113103,艳山红,镇
520113202,都拉|布依族,乡
520113204,牛场|布依族,乡
520115001,宾阳,街道
520115002,云潭,街道
520115003,观山,街道
520115004,金华园,街道
520115005,金阳,街道
520115006,世纪城,街道
520115007,长岭,街道
520115100,金华,镇
520115101,朱昌,镇
520115102,百花湖,镇
520121001,硒城,街道
520121002,云开,街道
520121003,紫兴,街道
520121101,双流,镇
520121102,金中,镇
520121103,冯三,镇
520121104,楠木渡,镇
520121105,龙岗,镇
520121106,花梨,镇
520121107,永温,镇
520121190,城关,镇
520121200,南龙,乡
520121202,宅吉,乡
520121204,龙水,乡
520121205,米坪,乡
520121206,禾丰|布依族|苗族,乡
520121207,南江|布依族|苗族,乡
520121208,高寨|苗族|布依族,乡
520121209,毛云,乡
520122001,永阳,街道
520122100,永靖,镇
520122101,温泉,镇
520122102,九庄,镇
520122103,小寨坝,镇
520122104,养龙司,镇
520122105,石硐,镇
520122106,西山,镇
520122107,鹿窝,镇
520122108,流长,镇
520122200,青山|苗族,乡
520123001,龙场,街道
520123002,阳明洞,街道
520123003,景阳,街道
520123004,扎佐,街道
520123005,久长,街道
520123103,六广,镇
520123104,六桶,镇
520123105,洒坪,镇
520123106,六屯,镇
520123107,谷堡,镇
520123108,小箐,镇
520123204,大石|布依族,乡
520181002,滨湖,街道
520181003,巢凤,街道
520181004,青龙山,街道
520181100,红枫湖,镇
520181101,站街,镇
520181102,卫城,镇
520181103,新店,镇
520181104,犁倭,镇
520181105,暗流,镇
520181201,麦格|苗族|布依族,乡
520181203,王庄|布依族|苗族,乡
520181204,流长|苗族,乡
520201001,黄土坡,街道
520201002,荷城,街道
520201003,凤凰,街道
520201004,德坞,街道
520201005,荷泉,街道
520201006,红岩,街道
520201007,杨柳,街道
520201008,月照,街道
520201009,双戛,街道
520201101,大河,镇
520201102,汪家寨,镇
520201103,大湾,镇
520201104,木果,镇
520201105,保华,镇
520201201,青林|苗族|彝族,乡
520201202,金盆|苗族|彝族,乡
520201203,南开|苗族|彝族,乡
520203001,九龙,街道
520203002,银壶,街道
520203003,塔山,街道
520203102,岩脚,镇
520203103,木岗,镇
520203104,大用,镇
520203105,关寨,镇
520203106,牂牁,镇
520203107,新华,镇
520203108,龙河,镇
520203109,新窑,镇
520203110,郎岱,镇
520203203,梭戛|苗族|彝族|回族,乡
520203204,牛场|苗族|彝族,乡
520203205,新场,乡
520203208,中寨|苗族|彝族|布依族,乡
520203213,落别|布依族|彝族,乡
520203214,月亮河|彝族|布依族|苗族,乡
520203600,平寨,镇
520204001,尖山,街道
520204002,双水,街道
520204003,老鹰山,街道
520204004,董地,街道
520204005,海坪,街道
520204006,新桥,街道
520204007,以朵,街道
520204008,石龙,街道
520204009,红桥,街道
520204100,蟠龙,镇
520204101,发耳,镇
520204102,都格,镇
520204103,鸡场,镇
520204104,勺米,镇
520204105,化乐,镇
520204106,比德,镇
520204107,阿戛,镇
520204108,玉舍,镇
520204109,陡箐,镇
520204110,米箩,镇
520204200,坪寨|彝族,乡
520204201,龙场|苗族|白族|彝族,乡
520204202,营盘|苗族|彝族|白族,乡
520204203,顺场|苗族|彝族|布依族,乡
520204204,花戛|苗族|布依族|彝族,乡
520204205,杨梅|彝族|苗族|回族,乡
520204206,新街|彝族|苗族|布依族,乡
520204207,野钟|苗族|彝族|布依族,乡
520204208,果布戛|彝族|苗族|布依族,乡
520204209,猴场|苗族|布依族,乡
520204600,滥坝,镇
520204609,发箐|苗族|彝族,乡
520281001,亦资,街道
520281002,翰林,街道
520281003,两河,街道
520281004,刘官,街道
520281005,胜境,街道
520281006,红果,街道
520281111,响水,镇
520281118,民主,镇
520281121,新民,镇
520281123,柏果,镇
520281124,盘关,镇
520281125,石桥,镇
520281126,竹海,镇
520281127,保田,镇
520281128,英武,镇
520281129,大山,镇
520281130,鸡场坪,镇
520281131,双凤,镇
520281132,丹霞,镇
520281133,乌蒙,镇
520281201,坪地|彝族,乡
520281206,羊场|布依族|白族|苗族,乡
520281207,旧营|白族|彝族|苗族,乡
520281208,保基|苗族|彝族,乡
520281209,淤泥|彝族,乡
520281210,普古|彝族|苗族,乡
520281214,普田|回族,乡
520302001,舟水桥,街道
520302002,老城,街道
520302003,万里路,街道
520302005,延安路,街道
520302006,中山路,街道
520302007,迎红,街道
520302008,中华路,街道
520302009,长征,街道
520302010,南关,街道
520302011,忠庄,街道
520302012,北京路,街道
520302013,新蒲,街道
520302014,新中,街道
520302015,礼仪,街道
520302097,南门关,街道
520302103,巷口,镇
520302105,海龙,镇
520302107,深溪,镇
520302108,金鼎山,镇
520302109,新舟,镇
520302110,永乐,镇
520302111,喇叭,镇
520302112,虾子,镇
520302113,三渡,镇
520303001,上海路,街道
520303002,洗马路,街道
520303003,大连路,街道
520303005,董公寺,街道
520303006,高坪,街道
520303007,高桥,街道
520303102,团泽,镇
520303104,板桥,镇
520303105,泗渡,镇
520303106,沙湾,镇
520303107,松林,镇
520303108,毛石,镇
520303109,山盆,镇
520303110,芝麻,镇
520304001,南白,街道
520304002,播南,街道
520304003,影山湖,街道
520304004,桂花桥,街道
520304005,龙坑,街道
520304102,三岔,镇
520304103,苟江,镇
520304104,三合,镇
520304105,乌江,镇
520304106,龙坪,镇
520304107,团溪,镇
520304108,铁厂,镇
520304109,西坪,镇
520304110,尚嵇,镇
520304111,茅栗,镇
520304112,新民,镇
520304113,鸭溪,镇
520304114,石板,镇
520304115,乐山,镇
520304116,枫香,镇
520304117,泮水,镇
520304118,马蹄,镇
520304200,平正|仡佬族,乡
520304201,洪关|苗族,乡
520322001,娄山关,街道
520322002,海校,街道
520322101,楚米,镇
520322102,新站,镇
520322103,松坎,镇
520322104,高桥,镇
520322105,水坝塘,镇
520322106,官仓,镇
520322107,花秋,镇
520322108,羊磴,镇
520322109,九坝,镇
520322110,大河,镇
520322111,夜郎,镇
520322112,木瓜,镇
520322113,坡渡,镇
520322114,燎原,镇
520322115,狮溪,镇
520322116,茅石,镇
520322117,尧龙山,镇
520322118,风水,镇
520322119,容光,镇
520322120,芭蕉,镇
520322203,小水,乡
520322205,黄莲,乡
520322207,马鬃|苗族,乡
520323001,洋川,街道
520323101,郑场,镇
520323102,旺草,镇
520323103,蒲场,镇
520323104,风华,镇
520323105,茅垭,镇
520323106,枧坝,镇
520323107,宽阔,镇
520323108,黄杨,镇
520323109,青杠塘,镇
520323110,太白,镇
520323111,温泉,镇
520323112,坪乐,镇
520323200,大路槽,乡
520323201,小关,乡
520324001,凤仪,街道
520324002,瑞濠,街道
520324101,瑞溪,镇
520324102,和溪,镇
520324103,安场,镇
520324104,土坪,镇
520324105,流渡,镇
520324106,格林,镇
520324107,新州,镇
520324108,庙塘,镇
520324109,小雅,镇
520324110,中观,镇
520324111,班竹,镇
520324112,芙蓉江,镇
520324113,碧峰,镇
520324114,乐俭,镇
520324115,杨兴,镇
520324116,桴㯊,镇
520324202,谢坝|仡佬族|苗族,乡
520324203,市坪|苗族|仡佬族,乡
520325001,尹珍,街道
520325100,玉溪,镇
520325101,三江,镇
520325102,隆兴,镇
520325103,旧城,镇
520325104,忠信,镇
520325105,洛龙,镇
520325106,阳溪,镇
520325107,三桥,镇
520325108,大磏,镇
520325109,平模,镇
520325110,河口,镇
520325200,上坝|土家族,乡
520325201,棕坪,乡
520325202,桃源,乡
520326001,都濡,街道
520326002,丹砂,街道
520326003,大坪,街道
520326101,丰乐,镇
520326102,黄都,镇
520326103,涪洋,镇
520326104,镇南,镇
520326105,砚山,镇
520326106,浞水,镇
520326107,茅天,镇
520326108,柏村,镇
520326110,蕉坝,镇
520326111,分水,镇
520326112,泥高,镇
520326203,红丝,乡
520326204,石朝,乡
520327001,龙泉,街道
520327002,何坝,街道
520327003,凤岭,街道
520327004,花坪,街道
520327101,进化,镇
520327102,琊川,镇
520327103,蜂岩,镇
520327104,永和,镇
520327106,绥阳,镇
520327107,土溪,镇
520327108,永安,镇
520327109,天桥,镇
520327111,新建,镇
520327112,王寨,镇
520327603,石径,乡
520328004,湄江,街道
520328005,黄家坝,街道
520328006,鱼泉,街道
520328101,永兴,镇
520328102,复兴,镇
520328103,马山,镇
520328106,高台,镇
520328107,茅坪,镇
520328108,兴隆,镇
520328109,新南,镇
520328110,石莲,镇
520328111,抄乐,镇
520328112,洗马,镇
520328113,西河,镇
520328114,天城,镇
520328602,茶城,街道
520328603,桃花江,街道
520329001,子营,街道
520329102,龙溪,镇
520329103,构皮滩,镇
520329104,大乌江,镇
520329105,敖溪,镇
520329106,龙家,镇
520329107,松烟,镇
520329108,关兴,镇
520329109,白泥,镇
520329200,花山|苗族,乡
520330001,东皇,街道
520330002,杉王,街道
520330003,九龙,街道
520330004,马临,街道
520330101,土城,镇
520330102,同民,镇
520330103,醒民,镇
520330104,隆兴,镇
520330105,习酒,镇
520330106,回龙,镇
520330107,桑木,镇
520330108,永安,镇
520330109,良村,镇
520330110,温水,镇
520330111,仙源,镇
520330112,官店,镇
520330113,寨坝,镇
520330114,民化,镇
520330115,二郎,镇
520330116,二里,镇
520330117,三岔河,镇
520330118,大坡,镇
520330120,桃林,镇
520330122,程寨,镇
520330205,双龙,乡
520330207,坭坝,乡
520381001,市中,街道
520381002,文华,街道
520381003,金华,街道
520381100,天台,镇
520381101,复兴,镇
520381102,大同,镇
520381103,旺隆,镇
520381104,葫市,镇
520381105,元厚,镇
520381106,官渡,镇
520381107,长期,镇
520381108,长沙,镇
520381109,丙安,镇
520381110,两河口,镇
520381202,宝源,乡
520381203,石堡,乡
520381204,白云,乡
520382001,中枢,街道
520382002,盐津,街道
520382003,苍龙,街道
520382004,坛厂,街道
520382005,鲁班,街道
520382103,长岗,镇
520382105,五马,镇
520382106,茅坝,镇
520382107,九仓,镇
520382108,喜头,镇
520382109,大坝,镇
520382110,三合,镇
520382111,合马,镇
520382113,火石,镇
520382114,学孔,镇
520382115,龙井,镇
520382116,美酒河,镇
520382117,高大坪,镇
520382118,茅台,镇
520382201,后山|苗族|布依族,乡
520402001,南街,街道
520402002,东街,街道
520402003,西街,街道
520402004,北街,街道
520402005,东关,街道
520402006,华西,街道
520402007,西航,街道
520402010,新安,街道
520402100,宋旗,镇
520402101,幺铺,镇
520402102,宁谷,镇
520402103,龙宫,镇
520402104,双堡,镇
520402105,大西桥,镇
520402106,七眼桥,镇
520402107,蔡官,镇
520402108,轿子山,镇
520402109,旧州,镇
520402200,新场|布依族|苗族,乡
520402201,岩腊|苗族|布依族,乡
520402202,鸡场|布依族|苗族,乡
520402203,杨武|布依族|苗族,乡
520402204,东屯,乡
520402205,黄腊|布依族|苗族,乡
520402206,刘官,乡
520403001,鼓楼,街道
520403002,安平,街道
520403100,白云,镇
520403101,天龙,镇
520403102,夏云,镇
520403103,乐平,镇
520403104,齐伯,镇
520403105,高峰,镇
520403106,马场,镇
520403200,十字|回族|苗族,乡
520403201,羊昌|布依族|苗族,乡
520422001,定南,街道
520422002,黄桶,街道
520422003,穿洞,街道
520422004,玉秀,街道
520422101,马官,镇
520422102,化处,镇
520422103,马场,镇
520422104,白岩,镇
520422105,坪上,镇
520422106,鸡场坡,镇
520422203,补郎|苗族,乡
520422204,猴场|苗族|仡佬族,乡
520422205,猫洞|苗族|仡佬族,乡
520423001,白马湖,街道
520423002,环翠,街道
520423003,双龙山,街道
520423004,丁旗,街道
520423005,宁西,街道
520423102,黄果树,镇
520423104,马厂,镇
520423107,良田,镇
520423108,扁担山,镇
520423109,募役,镇
520423110,本寨,镇
520423111,江龙,镇
520423112,六马,镇
520423204,沙子,乡
520423206,革利,乡
520423210,简嘎,乡
520424002,顶云,街道
520424003,关索,街道
520424004,龙潭,街道
520424005,百合,街道
520424102,永宁,镇
520424103,白水,镇
520424104,坡贡,镇
520424105,上关,镇
520424106,岗乌,镇
520424108,沙营,镇
520424109,新铺,镇
520424110,断桥,镇
520424111,花江,镇
520424204,普利,乡
520425001,松山,街道
520425002,五峰,街道
520425003,云岭,街道
520425101,格凸河,镇
520425102,猴场,镇
520425103,猫营,镇
520425104,板当,镇
520425105,大营,镇
520425106,宗地,镇
520425107,坝羊,镇
520425108,火花,镇
520425200,白石岩,乡
520425203,四大寨,乡
520502001,市西,街道
520502002,市东,街道
520502003,三板桥,街道
520502005,大新桥,街道
520502006,观音桥,街道
520502007,洪山,街道
520502008,麻园,街道
520502009,碧海,街道
520502010,碧阳,街道
520502011,德溪,街道
520502012,青龙,街道
520502013,柏杨林,街道
520502014,甘河,街道
520502100,鸭池,镇
520502101,梨树,镇
520502102,岔河,镇
520502103,朱昌,镇
520502104,田坝,镇
520502105,长春堡,镇
520502106,撒拉溪,镇
520502107,杨家湾,镇
520502108,放珠,镇
520502109,青场,镇
520502110,水箐,镇
520502111,何官屯,镇
520502112,对坡,镇
520502113,大银,镇
520502114,林口,镇
520502115,生机,镇
520502116,清水铺,镇
520502117,亮岩,镇
520502118,燕子口,镇
520502119,八寨,镇
520502120,田坝桥,镇
520502121,海子街,镇
520502122,小坝,镇
520502123,层台,镇
520502124,小吉场,镇
520502125,普宜,镇
520502126,龙场营,镇
520502200,千溪|彝族|苗族|白族,乡
520502201,阴底|彝族|苗族|白族,乡
520502202,野角,乡
520502203,大河,乡
520502204,团结|彝族|苗族,乡
520502205,阿市|苗族|彝族,乡
520502206,大屯|彝族,乡
520502207,田坎|彝族,乡
520521001,慕俄格古城,街道
520521002,顺德,街道
520521003,红旗,街道
520521004,九驿,街道
520521005,归化,街道
520521006,鹏程,街道
520521101,双山,镇
520521102,猫场,镇
520521103,马场,镇
520521104,羊场,镇
520521105,黄泥塘,镇
520521106,六龙,镇
520521107,达溪,镇
520521108,瓢井,镇
520521109,长石,镇
520521110,对江,镇
520521200,东关,乡
520521201,竹园|彝族|苗族,乡
520521202,响水|白族|彝族|仡佬族,乡
520521203,文阁,乡
520521204,绿塘,乡
520521205,鼎新|彝族|苗族,乡
520521206,牛场|苗族|彝族,乡
520521208,小屯,乡
520521209,理化|苗族|彝族,乡
520521211,凤山|彝族|蒙古族,乡
520521212,安乐|彝族|仡佬族,乡
520521213,核桃|彝族|白族,乡
520521214,八堡|彝族|苗族,乡
520521215,兴隆|苗族,乡
520521216,果瓦,乡
520521217,大山|苗族|彝族,乡
520521218,雨冲,乡
520521219,黄泥|彝族|苗族|满族,乡
520521220,大水|彝族|苗族|布依族,乡
520521221,沙厂|彝族,乡
520521222,普底|彝族|苗族|白族,乡
520521223,百纳|彝族,乡
520521224,三元|彝族|苗族|白族,乡
520521225,星宿|苗族|彝族|仡佬族,乡
520523001,鼓场,街道
520523002,岩孔,街道
520523003,西洛,街道
520523004,五龙,街道
520523005,民兴,街道
520523101,安底,镇
520523102,沙土,镇
520523104,禹谟,镇
520523105,岚头,镇
520523106,清池,镇
520523107,柳塘,镇
520523108,平坝,镇
520523109,源村,镇
520523111,木孔,镇
520523112,长坝,镇
520523113,茶园,镇
520523114,后山,镇
520523115,高坪,镇
520523116,化觉,镇
520523202,石场|苗族|彝族,乡
520523203,桂花,乡
520523204,太平|彝族|苗族,乡
520523215,安洛|苗族|彝族|满族,乡
520523216,新化|苗族|彝族|满族,乡
520523217,大田|彝族|苗族|布依族,乡
520523218,马路|彝族|苗族,乡
520524001,金凤,街道
520524002,双堰,街道
520524003,文腾,街道
520524004,八步,街道
520524005,绮陌,街道
520524006,三甲,街道
520524007,惠民,街道
520524101,桂果,镇
520524102,牛场,镇
520524103,猫场,镇
520524104,化起,镇
520524105,龙场,镇
520524107,以那,镇
520524108,三塘,镇
520524109,阿弓,镇
520524110,珠藏,镇
520524111,马场,镇
520524112,少普,镇
520524113,熊家场,镇
520524114,白泥,镇
520524115,黑土,镇
520524116,板桥,镇
520524117,中寨,镇
520524201,自强|苗族,乡
520524202,大平|苗族|彝族,乡
520524203,官寨|苗族,乡
520524204,茶店|布依族|苗族|彝族,乡
520524205,金龙|苗族|彝族|布依族,乡
520524206,后寨|苗族,乡
520524207,鸡场|苗族|彝族|布依族,乡
520524211,实兴,乡
520524213,上坪寨,乡
520524215,纳雍,乡
520525001,雍熙,街道
520525002,文昌,街道
520525003,居仁,街道
520525004,宣慰,街道
520525005,利园,街道
520525006,珙桐,街道
520525101,鬃岭,镇
520525102,阳长,镇
520525103,维新,镇
520525104,龙场,镇
520525105,乐治,镇
520525107,百兴,镇
520525108,张家湾,镇
520525109,玉龙坝,镇
520525110,曙光,镇
520525111,水东,镇
520525112,沙包,镇
520525113,寨乐,镇
520525114,勺窝,镇
520525201,新房|彝族|苗族,乡
520525202,厍东关|彝族|苗族|白族,乡
520525203,董地|苗族|彝族,乡
520525205,化作|苗族|彝族,乡
520525210,姑开|苗族|彝族,乡
520525211,羊场|苗族|彝族,乡
520525212,锅圈岩|苗族|彝族,乡
520525213,昆寨|苗族|彝族|白族,乡
520525214,左鶂戛|彝族|苗族,乡
520525215,猪场|苗族|彝族,乡
520526001,五里岗,街道
520526002,六桥,街道
520526003,海边,街道
520526004,陕桥,街道
520526005,雄山,街道
520526006,开华,街道
520526100,草海,镇
520526101,么站,镇
520526102,金钟,镇
520526103,炉山,镇
520526104,龙场,镇
520526105,黑石头,镇
520526106,哲觉,镇
520526107,观风海,镇
520526108,牛棚,镇
520526109,迤那,镇
520526110,中水,镇
520526111,龙街,镇
520526112,雪山,镇
520526113,羊街,镇
520526114,小海,镇
520526115,盐仓,镇
520526116,东风,镇
520526117,二塘,镇
520526118,猴场,镇
520526119,秀水,镇
520526120,双龙,镇
520526121,麻乍,镇
520526122,玉龙,镇
520526123,兔街,镇
520526124,海拉,镇
520526125,岔河,镇
520526126,黑土河,镇
520526127,金斗,镇
520526128,哈喇河,镇
520526129,斗古,镇
520526201,新发|布依族,乡
520526210,石门,乡
520526211,云贵,乡
520526214,板底,乡
520526215,大街,乡
520527001,双河,街道
520527002,白果,街道
520527003,汉阳,街道
520527004,金银山,街道
520527005,七家湾,街道
520527102,妈姑,镇
520527103,财神,镇
520527104,六曲河,镇
520527105,野马川,镇
520527106,德卓,镇
520527107,平山,镇
520527108,哲庄,镇
520527109,古基,镇
520527110,朱明,镇
520527111,罗州,镇
520527200,达依,乡
520527201,水塘堡|彝族|苗族,乡
520527202,兴发|苗族|彝族|回族,乡
520527203,松林坡|白族|彝族|苗族,乡
520527204,雉街|彝族|苗族,乡
520527205,珠市|彝族,乡
520527207,双坪|彝族|苗族,乡
520527208,铁匠|苗族,乡
520527209,辅处|彝族|苗族,乡
520527210,可乐|彝族|苗族,乡
520527211,河镇|彝族|苗族,乡
520527213,安乐溪,乡
520527215,结构|彝族|苗族,乡
520527219,古达|苗族|彝族,乡
520527220,威奢,乡
520581001,水西,街道
520581002,莲城,街道
520581003,文峰,街道
520581004,杜鹃,街道
520581005,锦绣,街道
520581100,金碧,镇
520581101,雨朵,镇
520581102,大关,镇
520581103,谷里,镇
520581104,素朴,镇
520581105,中坪,镇
520581106,重新,镇
520581107,林泉,镇
520581108,金兰,镇
520581109,锦星,镇
520581110,洪水,镇
520581111,甘棠,镇
520581112,钟山,镇
520581113,协和,镇
520581114,观音洞,镇
520581200,五里|布依族|苗族,乡
520581201,绿化|白族|彝族,乡
520581202,新仁|苗族,乡
520581203,铁石|苗族|彝族,乡
520581204,太来|彝族|苗族,乡
520581205,永燊|彝族|苗族,乡
520581206,中建|苗族|彝族,乡
520581207,花溪|彝族|苗族,乡
520581208,定新|彝族|苗族,乡
520581209,金坡|苗族|彝族|满族,乡
520581210,仁和|彝族|苗族,乡
520581211,红林|彝族|苗族,乡
520602001,锦江,街道
520602002,环北,街道
520602003,河西,街道
520602005,灯塔,街道
520602006,川硐,街道
520602007,铜兴,街道
520602008,正光,街道
520602101,坝黄,镇
520602102,云场坪,镇
520602103,漾头,镇
520602200,桐木坪|侗族,乡
520602201,滑石|侗族|苗族|土家族,乡
520602202,和平|土家族|侗族,乡
520602203,瓦屋|侗族,乡
520602204,六龙山|侗族|土家族,乡
520603001,谢桥,街道
520603002,茶店,街道
520603003,仁山,街道
520603004,丹都,街道
520603100,万山,镇
520603200,高楼坪|侗族,乡
520603201,黄道|侗族,乡
520603202,敖寨|侗族,乡
520603203,下溪|侗族,乡
520603205,大坪|侗族|土家族|苗族,乡
520603206,鱼塘|侗族|苗族,乡
520621001,双江,街道
520621002,凯德,街道
520621101,闵孝,镇
520621102,桃映,镇
520621103,民和,镇
520621104,怒溪,镇
520621105,太平,镇
520621106,坝盘,镇
520621200,德旺|土家族|苗族,乡
520621201,官和|侗族|土家族|苗族,乡
520622001,平溪,街道
520622002,皂角坪,街道
520622003,麻音塘,街道
520622004,大龙,街道
520622102,朱家场,镇
520622103,田坪,镇
520622104,新店,镇
520622201,亚鱼,乡
520623001,汤山,街道
520623002,泉都,街道
520623003,中坝,街道
520623004,龙川,街道
520623101,本庄,镇
520623102,白沙,镇
520623103,龙塘,镇
520623104,花桥,镇
520623105,五德,镇
520623106,河坝,镇
520623201,国荣,乡
520623202,聚凤|仡佬族|侗族,乡
520623203,龙井|侗族|仡佬族,乡
520623204,大沙坝|仡佬族|侗族,乡
520623205,枫香|侗族|仡佬族,乡
520623206,青阳|苗族|仡佬族|侗族,乡
520623207,石固|仡佬族|侗族,乡
520623208,坪地场|仡佬族|侗族,乡
520623209,甘溪|仡佬族|侗族,乡
520623210,坪山|仡佬族|侗族,乡
520624001,思唐,街道
520624002,关中坝,街道
520624003,双塘,街道
520624101,凉水井,镇
520624102,鹦鹉溪,镇
520624103,张家寨,镇
520624104,许家坝,镇
520624105,合朋溪,镇
520624106,塘头,镇
520624107,大坝场,镇
520624108,孙家坝,镇
520624109,邵家桥,镇
520624110,文家店,镇
520624111,瓮溪,镇
520624112,青杠坡,镇
520624113,长坝,镇
520624114,板桥,镇
520624115,大河坝,镇
520624116,香坝,镇
520624117,亭子坝,镇
520624201,思林|土家族|苗族,乡
520624203,胡家湾|苗族|土家族,乡
520624204,宽坪|苗族|土家族,乡
520624206,枫芸|土家族|苗族,乡
520624210,天桥|土家族|苗族,乡
520624211,兴隆|土家族|苗族,乡
520624212,杨家坳|苗族|土家族,乡
520624213,三道水|土家族|苗族,乡
520625001,峨岭,街道
520625002,龙津,街道
520625003,中兴,街道
520625101,板溪,镇
520625102,沙子坡,镇
520625103,天堂,镇
520625105,合水,镇
520625106,朗溪,镇
520625107,缠溪,镇
520625108,洋溪,镇
520625109,新寨,镇
520625110,杉树,镇
520625111,紫薇,镇
520625112,刀坝,镇
520625113,杨柳,镇
520625114,木黄,镇
520625206,罗场,乡
520626001,青龙,街道
520626002,玉水,街道
520626003,安化,街道
520626101,煎茶,镇
520626102,潮砥,镇
520626103,稳坪,镇
520626104,枫香溪,镇
520626105,复兴,镇
520626106,合兴,镇
520626107,高山,镇
520626108,泉口,镇
520626109,长堡,镇
520626110,共和,镇
520626111,平原,镇
520626200,堰塘|土家族,乡
520626203,沙溪|土家族,乡
520626204,钱家|土家族,乡
520626205,龙泉|土家族,乡
520626209,楠杆|土家族,乡
520626210,桶井|土家族,乡
520626211,荆角|土家族,乡
520626212,长丰|土家族,乡
520627001,和平,街道
520627002,团结,街道
520627003,沙子,街道
520627004,祐溪,街道
520627102,谯家,镇
520627103,夹石,镇
520627104,淇滩,镇
520627105,官舟,镇
520627106,土地坳,镇
520627107,思渠,镇
520627108,客田,镇
520627109,洪渡,镇
520627110,黑水,镇
520627111,甘溪,镇
520627112,中界,镇
520627113,泉坝,镇
520627114,中寨,镇
520627115,黄土,镇
520627116,新景,镇
520627117,板场,镇
520627118,塘坝,镇
520627203,晓景,乡
520627211,后坪,乡
520627600,黑獭,乡
520628001,大兴,街道
520628002,蓼皋,街道
520628003,世昌,街道
520628004,太平营,街道
520628005,九江,街道
520628006,松江,街道
520628101,盘石,镇
520628102,盘信,镇
520628103,大坪场,镇
520628104,普觉,镇
520628105,寨英,镇
520628106,孟溪,镇
520628107,乌罗,镇
520628108,甘龙,镇
520628109,长兴堡,镇
520628110,迓驾,镇
520628112,牛郎,镇
520628114,大路,镇
520628115,木树,镇
520628116,冷水溪,镇
520628117,黄板,镇
520628118,正大,镇
520628119,平头,镇
520628203,长坪,乡
520628207,妙隘,乡
520628209,石梁,乡
520628210,瓦溪,乡
520628211,永安,乡
520628214,沙坝河,乡
522301001,黄草,街道
522301002,桔山,街道
522301003,坪东,街道
522301004,下五屯,街道
522301005,兴泰,街道
522301006,丰都,街道
522301007,木贾,街道
522301008,万峰林,街道
522301009,马岭,街道
522301010,洒金,街道
522301011,顶效,街道
522301012,木陇,街道
522301104,敬南,镇
522301105,泥凼,镇
522301106,南盘江,镇
522301107,捧乍,镇
522301108,鲁布格,镇
522301109,三江口,镇
522301110,乌沙,镇
522301111,白碗窑,镇
522301113,威舍,镇
522301114,清水河,镇
522301116,郑屯,镇
522301117,万屯,镇
522301118,鲁屯,镇
522301119,仓更,镇
522301120,七舍,镇
522301121,猪场坪,镇
522301122,则戎,镇
522301201,沧江,乡
522301202,洛万,乡
522301204,雄武,乡
522302001,城北,街道
522302002,真武山,街道
522302003,城南,街道
522302004,东湖,街道
522302005,陆官,街道
522302006,薏品田园,街道
522302101,屯脚,镇
522302103,百德,镇
522302104,雨樟,镇
522302105,潘家庄,镇
522302107,下山,镇
522302108,新龙场,镇
522302109,大山,镇
522302110,波阳,镇
522302111,马马崖,镇
522302112,巴铃,镇
522302113,回龙,镇
522302200,鲁础营|回族,乡
522323001,盘水,街道
522323002,南湖,街道
522323003,茶源,街道
522323004,九峰,街道
522323101,龙吟,镇
522323103,江西坡,镇
522323105,地瓜,镇
522323107,楼下,镇
522323108,罗汉,镇
522323109,新店,镇
522323110,兴中,镇
522323111,青山,镇
522323200,白沙,乡
522323201,高棉,乡
522323602,窝沿,乡
522323604,三板桥,镇
522323605,雪浦,乡
522323702,罐子窑,镇
522324001,莲城,街道
522324002,东观,街道
522324003,三宝,街道
522324004,腾龙,街道
522324101,沙子,镇
522324102,碧痕,镇
522324103,大厂,镇
522324104,鸡场,镇
522324105,花贡,镇
522324106,中营,镇
522324107,光照,镇
522324108,茶马,镇
522324200,长流,乡
522324204,紫马,乡
522324205,安谷,乡
522325001,永丰,街道
522325002,珉谷,街道
522325003,丰茂,街道
522325004,双峰,街道
522325005,龙兴,街道
522325101,龙场,镇
522325102,者相,镇
522325103,北盘江,镇
522325104,白层,镇
522325105,鲁贡,镇
522325106,小屯,镇
522325107,长田,镇
522325108,沙坪,镇
522325109,挽澜,镇
522325200,连环,乡
522325204,平街,乡
522325205,鲁容,乡
522326001,王母,街道
522326002,平洞,街道
522326003,新屯,街道
522326004,蟠桃,街道
522326101,乐元,镇
522326102,打易,镇
522326103,乐旺,镇
522326104,桑郎,镇
522326108,郊纳,镇
522326109,蔗香,镇
522326110,大观,镇
522326112,石屯,镇
522326113,麻山,镇
522326114,边饶,镇
522326115,昂武,镇
522326206,油迈|瑶族,乡
522326600,坎边,乡
522326601,岜饶,乡
522326605,纳夜,镇
522327001,者楼,街道
522327002,纳福,街道
522327003,高洛,街道
522327103,丫他,镇
522327104,巧马,镇
522327105,秧坝,镇
522327107,岩架,镇
522327108,八渡,镇
522327109,双江,镇
522327110,坡妹,镇
522327111,冗渡,镇
522327112,弼佑,镇
522327204,百口,乡
522327600,庆坪,乡
522327601,达央,乡
522328003,钱相,街道
522328004,招堤,街道
522328005,栖凤,街道
522328006,五福,街道
522328007,春潭,街道
522328101,龙广,镇
522328102,德卧,镇
522328103,万峰湖,镇
522328104,海子,镇
522328105,洒雨,镇
522328107,龙山,镇
522328110,笃山,镇
522328111,普坪,镇
522328112,木咱,镇
522328113,新桥,镇
522601001,城西,街道
522601002,大十字,街道
522601003,西门,街道
522601004,洗马河,街道
522601005,湾溪,街道
522601006,鸭塘,街道
522601007,开怀,街道
522601008,白午,街道
522601009,白果井,街道
522601100,三棵树,镇
522601101,舟溪,镇
522601103,旁海,镇
522601104,湾水,镇
522601105,炉山,镇
522601106,万潮,镇
522601107,龙场,镇
522601108,下司,镇
522601109,碧波,镇
522601110,凯棠,镇
522601111,大风洞,镇
522622100,新州,镇
522622101,旧州,镇
522622102,重安,镇
522622103,谷陇,镇
522622104,平溪,镇
522622105,野洞河,镇
522622106,上塘,镇
522622107,浪洞,镇
522622203,一碗水,乡
522622204,纸房,乡
522622206,翁坪,乡
522623100,城关,镇
522623101,杨柳塘,镇
522623102,双井,镇
522623103,牛大场,镇
522623104,马号,镇
522623200,白垛,乡
522623201,甘溪,乡
522623203,马溪,乡
522624001,文笔,街道
522624002,武笔,街道
522624100,八弓,镇
522624101,台烈,镇
522624102,瓦寨,镇
522624103,桐林,镇
522624104,雪洞,镇
522624105,长吉,镇
522624106,良上,镇
522624200,滚马,乡
522624202,款场,乡
522625100,㵲阳,镇
522625101,蕉溪,镇
522625102,青溪,镇
522625103,羊坪,镇
522625104,羊场,镇
522625105,都坪,镇
522625106,江古,镇
522625107,金堡,镇
522625201,涌溪,乡
522625203,报京,乡
522625204,大地,乡
522625205,尚寨|土家族,乡
522626001,㵲水,街道
522626100,思旸,镇
522626101,水尾,镇
522626102,天马,镇
522626103,龙田,镇
522626104,注溪,镇
522626105,大有,镇
522626106,凯本,镇
522626107,客楼,镇
522626108,平庄,镇
522626202,天星,乡
522626203,羊桥|土家族,乡
522627001,凤城,街道
522627002,邦洞,街道
522627003,社学,街道
522627004,联山,街道
522627102,坪地,镇
522627103,蓝田,镇
522627104,瓮洞,镇
522627105,高酿,镇
522627106,石洞,镇
522627107,远口,镇
522627108,坌处,镇
522627109,白市,镇
522627110,渡马,镇
522627111,竹林,镇
522627112,江东,镇
522627202,注溪,乡
522627203,地湖,乡
522628100,三江,镇
522628101,茅坪,镇
522628102,敦寨,镇
522628103,启蒙,镇
522628104,平秋,镇
522628105,铜鼓,镇
522628106,平略,镇
522628200,大同,乡
522628201,新化,乡
522628202,隆里,乡
522628203,钟灵,乡
522628204,偶里,乡
522628205,固本,乡
522628206,河口,乡
522628207,彦洞,乡
522629001,仰阿莎,街道
522629100,柳川,镇
522629101,岑松,镇
522629102,南加,镇
522629103,南明,镇
522629104,革东,镇
522629105,磻溪,镇
522629106,太拥,镇
522629107,久仰,镇
522629108,南哨,镇
522629109,南寨,镇
522629110,观么,镇
522629205,敏洞,乡
522630001,台拱,街道
522630002,萃文,街道
522630101,施洞,镇
522630102,南宫,镇
522630103,革一,镇
522630104,方召,镇
522630201,排羊,乡
522630202,台盘,乡
522630204,老屯,乡
522631001,德凤,街道
522631002,高屯,街道
522631003,龙形,街道
522631102,中潮,镇
522631103,孟彦,镇
522631104,敖市,镇
522631105,九潮,镇
522631106,岩洞,镇
522631107,水口,镇
522631108,洪州,镇
522631109,尚重,镇
522631110,肇兴,镇
522631111,龙额,镇
522631112,双江,镇
522631113,永从,镇
522631114,茅贡,镇
522631115,地坪,镇
522631200,顺化|瑶族,乡
522631201,雷洞|瑶族|水族,乡
522631203,罗里,乡
522631205,坝寨,乡
522631206,口江,乡
522631211,德顺,乡
522631212,大稼,乡
522631213,平寨,乡
522631214,德化,乡
522632001,车民,街道
522632100,古州,镇
522632101,忠诚,镇
522632102,寨蒿,镇
522632103,平永,镇
522632104,乐里,镇
522632105,朗洞,镇
522632106,栽麻,镇
522632107,平江,镇
522632108,八开,镇
522632202,崇义,乡
522632204,三江|水族,乡
522632205,仁里|水族,乡
522632206,塔石|瑶族|水族,乡
522632208,定威|水族,乡
522632209,兴华|水族,乡
522632210,计划,乡
522632211,水尾|水族,乡
522632212,平阳,乡
522632213,两汪,乡
522633001,丙梅,街道
522633101,贯洞,镇
522633102,洛香,镇
522633103,下江,镇
522633104,宰便,镇
522633105,西山,镇
522633106,停洞,镇
522633107,往洞,镇
522633108,加鸠,镇
522633109,斗里,镇
522633110,庆云,镇
522633111,东朗,镇
522633112,丙妹,镇
522633200,高增,乡
522633201,谷坪,乡
522633204,刚边|壮族,乡
522633205,加榜,乡
522633206,秀塘|壮族,乡
522633208,翠里|瑶族|壮族,乡
522633212,加勉,乡
522634001,龙头,街道
522634100,丹江,镇
522634101,西江,镇
522634102,永乐,镇
522634103,郎德,镇
522634104,大塘,镇
522634200,望丰,乡
522634203,达地|水族,乡
522634204,方祥,乡
522635001,杏山,街道
522635002,金竹,街道
522635101,谷硐,镇
522635103,宣威,镇
522635105,龙山,镇
522635106,贤昌,镇
522635203,坝芒|布依族,乡
522636001,金泉,街道
522636100,龙泉,镇
522636101,兴仁,镇
522636102,排调,镇
522636103,扬武,镇
522636202,雅灰,乡
522636203,南皋,乡
522701006,文峰,街道
522701007,广惠,街道
522701008,小围寨,街道
522701009,沙包堡,街道
522701010,绿茵湖,街道
522701011,杉木湖,街道
522701108,墨冲,镇
522701109,平浪,镇
522701112,毛尖,镇
522701113,匀东,镇
522701208,归兰|水族,乡
522702001,金山,街道
522702002,马场坪,街道
522702102,凤山,镇
522702103,陆坪,镇
522702105,龙昌,镇
522702106,牛场,镇
522702107,道坪,镇
522702203,仙桥,乡
522722001,玉屏,街道
522722101,朝阳,镇
522722102,茂兰,镇
522722104,甲良,镇
522722105,佳荣,镇
522722106,小七孔,镇
522722203,瑶山|瑶族,乡
522722211,黎明关|水族,乡
522723001,宝山,街道
522723002,金南,街道
522723101,德新,镇
522723102,新巴,镇
522723103,盘江,镇
522723104,沿山,镇
522723106,昌明,镇
522723107,云雾,镇
522725001,瓮水,街道
522725002,雍阳,街道
522725101,平定营,镇
522725102,猴场,镇
522725103,中坪,镇
522725104,建中,镇
522725105,永和,镇
522725106,珠藏,镇
522725107,玉山,镇
522725108,天文,镇
522725109,江界河,镇
522725110,银盏,镇
522725205,岚关,乡
522726002,井城,街道
522726102,麻万,镇
522726103,基长,镇
522726104,上司,镇
522726105,下司,镇
522726107,麻尾,镇
522726108,百泉,镇
522726109,影山,镇
522726110,玉水,镇
522727001,金盆,街道
522727100,平舟,镇
522727101,牙舟,镇
522727102,通州,镇
522727103,大塘,镇
522727104,克度,镇
522727105,塘边,镇
522727106,甲茶,镇
522727107,者密,镇
522727108,掌布,镇
522727200,卡蒲|毛南族,乡
522728001,斛兴,街道
522728100,龙坪,镇
522728101,边阳,镇
522728102,逢亭,镇
522728103,沫阳,镇
522728104,茂井,镇
522728105,罗悃,镇
522728106,红水河,镇
522728107,木引,镇
522728212,凤亭,乡
522729001,长寨,街道
522729101,广顺,镇
522729103,摆所,镇
522729104,代化,镇
522729105,白云山,镇
522729106,鼓扬,镇
522729209,敦操,乡
522730001,冠山,街道
522730100,龙山,镇
522730102,醒狮,镇
522730103,谷脚,镇
522730105,洗马,镇
522730106,湾滩河,镇
522731001,涟江,街道
522731002,濛江,街道
522731003,明田,街道
522731103,摆金,镇
522731104,雅水,镇
522731105,断杉,镇
522731106,芦山,镇
522731107,王佑,镇
522731108,好花红,镇
522731109,羡塘,镇
522731110,岗度,镇
522732001,三合,街道
522732002,凤羽,街道
522732101,大河,镇
522732102,普安,镇
522732103,都江,镇
522732104,中和,镇
522732105,周覃,镇
522732106,九阡,镇
530102001,护国,街道
530102002,大观,街道
530102003,华山,街道
530102004,龙翔,街道
530102005,莲华,街道
530102006,丰宁,街道
530102007,红云,街道
530102008,黑林铺,街道
530102009,普吉,街道
530102010,西翥,街道
530103001,拓东,街道
530103002,鼓楼,街道
530103003,东华,街道
530103004,联盟,街道
530103005,金辰,街道
530103006,青云,街道
530103007,龙泉,街道
530103008,茨坝,街道
530103009,双龙,街道
530103010,松华,街道
530103012,滇源,街道
530103013,阿子营,街道
530111001,吴井,街道
530111002,关上,街道
530111003,金马,街道
530111004,太和,街道
530111005,官渡,街道
530111006,小板桥,街道
530111007,大板桥,街道
530111008,矣六,街道
530111009,六甲,街道
530111010,阿拉,街道
530111011,长水,街道
530111012,小哨,街道
530112001,金碧,街道
530112002,永昌,街道
530112003,前卫,街道
530112004,福海,街道
530112005,棕树营,街道
530112006,马街,街道
530112007,西苑,街道
530112008,海口,街道
530112009,碧鸡,街道
530112010,团结,街道
530113001,铜都,街道
530113002,碧谷,街道
530113003,集义,街道
530113102,汤丹,镇
530113103,因民,镇
530113104,阿旺,镇
530113106,乌龙,镇
530113107,拖布卡,镇
530113108,红土地,镇
530114001,龙城,街道
530114003,斗南,街道
530114005,吴家营,街道
530114008,乌龙,街道
530114009,洛龙,街道
530114010,雨花,街道
530114011,马金铺,街道
530114012,洛羊,街道
530114013,大渔,街道
530114014,七甸,街道
530115001,昆阳,街道
530115002,宝峰,街道
530115003,晋城,街道
530115101,二街,镇
530115102,上蒜,镇
530115103,六街,镇
530115200,双河|彝族,乡
530115201,夕阳|彝族,乡
530124001,永定,街道
530124002,大营,街道
530124102,罗免,镇
530124103,赤鹫,镇
530124104,东村,镇
530124105,款庄,镇
530124106,散旦,镇
530125001,匡远,街道
530125002,汤池,街道
530125003,南羊,街道
530125101,北古城,镇
530125103,狗街,镇
530125105,马街,镇
530125106,竹山,镇
530125204,耿家营|彝族|苗族,乡
530125205,九乡|彝族|回族,乡
530126001,鹿阜,街道
530126002,石林,街道
530126003,板桥,街道
530126104,西街口,镇
530126105,长湖,镇
530126106,圭山,镇
530126202,大可,乡
530127001,嵩阳,街道
530127002,杨桥,街道
530127101,小街,镇
530127102,杨林,镇
530127103,牛栏江,镇
530128001,屏山,街道
530128002,崇德,街道
530128101,撒营盘,镇
530128103,茂山,镇
530128104,翠华,镇
530128105,团街,镇
530128106,中屏,镇
530128107,皎平渡,镇
530128108,乌东德,镇
530128109,九龙,镇
530128110,转龙,镇
530128204,云龙,乡
530128208,汤郎,乡
530128209,马鹿塘,乡
530128212,则黑,乡
530128213,乌蒙,乡
530128214,雪山,乡
530129001,仁德,街道
530129002,塘子,街道
530129003,金所,街道
530129102,羊街,镇
530129103,柯渡,镇
530129105,功山,镇
530129106,七星,镇
530129107,河口,镇
530129108,先锋,镇
530129109,鸡街,镇
530129110,倘甸,镇
530129111,凤合,镇
530129205,六哨,乡
530129210,甸沙,乡
530129211,联合,乡
530129212,金源,乡
530181001,连然,街道
530181002,金方,街道
530181003,八街,街道
530181004,县街,街道
530181005,太平新城,街道
530181006,温泉,街道
530181007,草铺,街道
530181008,青龙,街道
530181009,禄脿,街道
530302001,南宁,街道
530302002,建宁,街道
530302003,白石江,街道
530302004,寥廓,街道
530302005,西城,街道
530302006,珠街,街道
530302007,沿江,街道
530302008,三宝,街道
530302009,太和,街道
530302010,文华,街道
530302011,潇湘,街道
530302012,益宁,街道
530302013,翠峰,街道
530302101,越州,镇
530302102,东山,镇
530302103,茨营,镇
530303001,龙华,街道
530303002,金龙,街道
530303003,西平,街道
530303004,花山,街道
530303100,白水,镇
530303101,盘江,镇
530303200,炎方,乡
530303201,播乐,乡
530303202,大坡,乡
530303203,菱角,乡
530303204,德泽,乡
530304001,通泉,街道
530304002,鸡头村,街道
530304003,王家庄,街道
530304004,张安屯,街道
530304005,旧县,街道
530304100,马过河,镇
530304101,纳章,镇
530304200,马鸣,乡
530304201,大庄,乡
530304202,月望,乡
530322001,中枢,街道
530322002,同乐,街道
530322101,板桥,镇
530322102,三岔河,镇
530322103,马街,镇
530322104,召夸,镇
530322105,大莫古,镇
530322106,芳华,镇
530322107,小百户,镇
530322200,活水,乡
530322202,龙海,乡
530323001,丹凤,街道
530323002,漾月,街道
530323003,大同,街道
530323101,雄壁,镇
530323103,葵山,镇
530323104,彩云,镇
530323105,竹基,镇
530323201,龙庆|彝族|壮族,乡
530323202,五龙|壮族,乡
530323203,高良|壮族|苗族|瑶族,乡
530324001,罗雄,街道
530324002,腊山,街道
530324003,九龙,街道
530324101,板桥,镇
530324102,马街,镇
530324103,富乐,镇
530324105,阿岗,镇
530324201,大水井,乡
530324202,鲁布革|布依族|苗族,乡
530324203,旧屋基|彝族,乡
530324204,钟山,乡
530324205,长底|布依族,乡
530324208,老厂,乡
530325001,中安,街道
530325002,胜境,街道
530325101,营上,镇
530325102,黄泥河,镇
530325103,竹园,镇
530325104,后所,镇
530325105,大河,镇
530325106,墨红,镇
530325107,富村,镇
530325109,老厂,镇
530325110,十八连山,镇
530325203,古敢|水族,乡
530326001,金钟,街道
530326002,古城,街道
530326003,宝云,街道
530326007,钟屏,街道
530326008,以礼,街道
530326101,娜姑,镇
530326102,迤车,镇
530326104,矿山,镇
530326105,者海,镇
530326106,待补,镇
530326107,乐业,镇
530326108,大井,镇
530326200,纸厂,乡
530326202,马路,乡
530326203,火红,乡
530326206,新街|回族,乡
530326208,雨碌,乡
530326209,大海,乡
530326210,鲁纳,乡
530326211,老厂,乡
530326212,上村,乡
530326213,五星,乡
530326214,驾车,乡
530326215,大桥,乡
530326216,田坝,乡
530381001,宛水,街道
530381002,西宁,街道
530381003,双龙,街道
530381004,虹桥,街道
530381005,来宾,街道
530381006,板桥,街道
530381007,凤凰,街道
530381008,丰华,街道
530381009,复兴,街道
530381102,格宜,镇
530381103,田坝,镇
530381104,羊场,镇
530381106,倘塘,镇
530381107,落水,镇
530381108,务德,镇
530381109,海岱,镇
530381110,龙场,镇
530381111,龙潭,镇
530381112,宝山,镇
530381113,东山,镇
530381114,热水,镇
530381115,杨柳,镇
530381201,普立,乡
530381204,西泽,乡
530381205,得禄,乡
530381207,双河,乡
530381208,乐丰,乡
530381209,文兴,乡
530381210,阿都,乡
530402001,玉兴,街道
530402002,凤凰,街道
530402003,玉带,街道
530402004,北城,街道
530402005,春和,街道
530402006,李棋,街道
530402007,大营街,街道
530402008,研和,街道
530402009,高仓,街道
530402200,小石桥|彝族,乡
530402201,洛河|彝族,乡
530403001,星云,街道
530403002,宁海,街道
530403101,江城,镇
530403102,前卫,镇
530403103,九溪,镇
530403104,路居,镇
530403200,安化|彝族,乡
530403201,雄关,乡
530423001,秀山,街道
530423002,九龙,街道
530423101,杨广,镇
530423103,河西,镇
530423104,四街,镇
530423105,纳古,镇
530423200,里山|彝族,乡
530423201,高大|傣族|彝族,乡
530423202,兴蒙|蒙古族,乡
530424001,宁州,街道
530424101,盘溪,镇
530424102,华溪,镇
530424103,青龙,镇
530424200,通红甸|彝族|苗族,乡
530425001,龙泉,街道
530425002,六街,街道
530425102,绿汁,镇
530425200,浦贝|彝族,乡
530425201,十街|彝族,乡
530425202,铜厂|彝族,乡
530425203,小街,乡
530426001,双江,街道
530426002,小街,街道
530426102,甸中,镇
530426103,化念,镇
530426104,塔甸,镇
530426200,岔河,乡
530426201,大龙潭,乡
530426202,富良棚,乡
530427001,桂山,街道
530427002,古城,街道
530427101,扬武,镇
530427102,漠沙,镇
530427103,戛洒,镇
530427104,水塘,镇
530427200,平甸,乡
530427201,新化,乡
530427202,建兴,乡
530427203,老厂,乡
530427204,者竜,乡
530427205,平掌,乡
530428001,澧江,街道
530428002,红河,街道
530428003,甘庄,街道
530428101,因远,镇
530428102,曼来,镇
530428201,羊街,乡
530428202,那诺,乡
530428203,洼垤,乡
530428204,咪哩,乡
530428205,龙潭,乡
530481001,凤麓,街道
530481002,龙街,街道
530481100,阳宗,镇
530481101,右所,镇
530481102,海口,镇
530481103,九村,镇
530502001,兰城,街道
530502002,永昌,街道
530502003,河图,街道
530502004,永盛,街道
530502005,九隆,街道
530502006,青华,街道
530502101,板桥,镇
530502103,蒲缥,镇
530502104,汉庄,镇
530502105,潞江,镇
530502106,瓦窑,镇
530502200,金鸡,乡
530502201,辛街,乡
530502202,西邑,乡
530502203,丙麻,乡
530502204,瓦渡,乡
530502205,水寨,乡
530502208,瓦马|彝族|白族,乡
530502210,瓦房|彝族|苗族,乡
530502211,杨柳|白族|彝族,乡
530502214,芒宽|彝族|傣族,乡
530521100,甸阳,镇
530521101,由旺,镇
530521102,姚关,镇
530521103,太平,镇
530521104,仁和,镇
530521202,万兴,乡
530521203,摆榔|彝族|布朗族,乡
530521204,酒房,乡
530521205,旧城,乡
530521206,木老元|布朗族|彝族,乡
530521207,老麦,乡
530521208,何元,乡
530521209,水长,乡
530523101,镇安,镇
530523102,勐糯,镇
530523103,龙山,镇
530523104,腊勐,镇
530523105,象达,镇
530523201,龙江,乡
530523204,碧寨,乡
530523205,龙新,乡
530523207,平达,乡
530523208,木城|彝族|傈僳族,乡
530524102,漭水,镇
530524103,柯街,镇
530524104,卡斯,镇
530524105,勐统,镇
530524106,田园,镇
530524107,温泉,镇
530524108,鸡飞,镇
530524109,大田坝,镇
530524110,翁堵,镇
530524204,湾甸|傣族,乡
530524205,更戛,乡
530524206,珠街|彝族,乡
530524207,耈街|彝族|苗族,乡
530581001,腾越,街道
530581002,西源,街道
530581101,固东,镇
530581103,滇滩,镇
530581104,猴桥,镇
530581105,和顺,镇
530581106,界头,镇
530581107,曲石,镇
530581108,明光,镇
530581109,中和,镇
530581110,芒棒,镇
530581111,荷花,镇
530581112,北海,镇
530581113,清水,镇
530581203,马站,乡
530581210,五合,乡
530581211,新华,乡
530581212,蒲川,乡
530581213,团田,乡
530602001,龙泉,街道
530602002,凤凰,街道
530602003,太平,街道
530602004,北闸,街道
530602101,旧圃,镇
530602102,永丰,镇
530602104,大山包,镇
530602106,苏家院,镇
530602107,洒渔,镇
530602108,乐居,镇
530602109,盘河,镇
530602110,炎山,镇
530602202,布嘎|回族,乡
530602203,守望|回族,乡
530602205,小龙洞|回族|彝族,乡
530602208,青岗岭|回族|彝族,乡
530602212,苏甲,乡
530602214,大寨子,乡
530602216,田坝,乡
530621001,文屏,街道
530621002,砚池,街道
530621101,龙头山,镇
530621102,水磨,镇
530621103,小寨,镇
530621104,江底,镇
530621105,龙树,镇
530621106,新街,镇
530621107,火德红,镇
530621108,乐红,镇
530621109,梭山,镇
530621200,桃源|回族,乡
530621201,茨院|回族,乡
530622001,白鹤滩,街道
530622002,玉屏,街道
530622101,马树,镇
530622102,药山,镇
530622103,小河,镇
530622104,大寨,镇
530622105,老店,镇
530622106,蒙姑,镇
530622107,金塘,镇
530622108,新店,镇
530622109,茂租,镇
530622110,崇溪,镇
530622111,东坪,镇
530622202,红山,乡
530622209,包谷垴,乡
530622212,中寨,乡
530622216,炉房,乡
530623100,盐井,镇
530623101,普洱,镇
530623102,豆沙,镇
530623103,中和,镇
530623104,庙坝,镇
530623105,柿子,镇
530623202,兴隆,乡
530623204,落雁,乡
530623205,滩头,乡
530623206,牛寨,乡
530624100,翠华,镇
530624101,玉碗,镇
530624102,吉利,镇
530624103,天星,镇
530624104,木杆,镇
530624105,悦乐,镇
530624106,高桥,镇
530624107,寿山,镇
530624108,靖安,镇
530624200,上高桥|回族|彝族|苗族,乡
530625001,溪洛渡,街道
530625002,永兴,街道
530625102,桧溪,镇
530625103,黄华,镇
530625104,茂林,镇
530625105,大兴,镇
530625106,莲峰,镇
530625107,码口,镇
530625108,务基,镇
530625201,团结,乡
530625203,细沙,乡
530625204,青胜,乡
530625208,马楠|苗族|彝族,乡
530625209,水竹,乡
530625212,墨翰,乡
530625214,伍寨|彝族|苗族,乡
530626100,中城,镇
530626101,南岸,镇
530626103,新滩,镇
530626104,会仪,镇
530626105,板栗,镇
530627001,乌峰,街道
530627002,南台,街道
530627003,旧府,街道
530627101,泼机,镇
530627102,黑树,镇
530627103,母享,镇
530627104,坡头,镇
530627105,大湾,镇
530627106,以勒,镇
530627107,赤水源,镇
530627108,芒部,镇
530627109,雨河,镇
530627110,罗坎,镇
530627111,牛场,镇
530627112,五德,镇
530627113,塘房,镇
530627114,场坝,镇
530627115,以古,镇
530627116,木卓,镇
530627117,坪上,镇
530627118,碗厂,镇
530627119,盐源,镇
530627120,中屯,镇
530627202,鱼洞,乡
530627205,花朗,乡
530627207,尖山,乡
530627213,杉树,乡
530627214,花山,乡
530627219,果珠|彝族,乡
530627221,林口|彝族|苗族,乡
530628001,角奎,街道
530628002,发界,街道
530628101,洛泽河,镇
530628102,牛街,镇
530628103,小草坝,镇
530628104,龙安,镇
530628105,龙海,镇
530628106,荞山,镇
530628107,钟鸣,镇
530628108,海子,镇
530628109,两河,镇
530628202,龙街|苗族|彝族,乡
530628203,奎香|苗族|彝族,乡
530628204,树林|彝族|苗族,乡
530628213,柳溪|苗族,乡
530628214,洛旺|苗族,乡
530629100,扎西,镇
530629101,旧城,镇
530629102,罗布,镇
530629103,麟凤,镇
530629104,庙沟,镇
530629105,水田,镇
530629106,长安,镇
530629201,双河|苗族|彝族,乡
530629202,高田,乡
530629207,三桃,乡
530681001,云富,街道
530681100,向家坝,镇
530681101,太平,镇
530681102,两碗,镇
530702001,大研,街道
530702002,西安,街道
530702003,祥和,街道
530702004,束河,街道
530702005,金山,街道
530702006,开南,街道
530702007,文化,街道
530702100,金安,镇
530702101,七河,镇
530702207,金江|白族,乡
530702215,大东,乡
530721001,黄山,街道
530721101,石鼓,镇
530721102,巨甸,镇
530721104,鸣音,镇
530721105,奉科,镇
530721106,白沙,镇
530721107,拉市,镇
530721205,太安,乡
530721208,石头|白族,乡
530721211,黎明|傈僳族,乡
530721212,鲁甸,乡
530721213,塔城,乡
530721216,大具,乡
530721217,宝山,乡
530721219,九河|白族,乡
530721220,龙蟠,乡
530722100,永北,镇
530722101,仁和,镇
530722102,期纳,镇
530722103,三川,镇
530722105,程海,镇
530722106,涛源,镇
530722107,片角,镇
530722108,顺州,镇
530722109,鲁地拉,镇
530722200,羊坪|彝族,乡
530722201,六德|傈僳族|彝族,乡
530722202,东山|傈僳族|彝族,乡
530722207,光华|傈僳族|彝族,乡
530722208,松坪|傈僳族|彝族,乡
530722209,大安|彝族|纳西族,乡
530723100,中心,镇
530723101,荣将,镇
530723102,兴泉,镇
530723103,石龙坝,镇
530723205,新庄|傈僳族|傣族,乡
530723206,通达|傈僳族,乡
530723207,永兴|傈僳族,乡
530723208,船房|傈僳族|傣族,乡
530724001,大兴,街道
530724002,紫玛,街道
530724100,大兴,镇
530724101,永宁,镇
530724102,红桥,镇
530724103,战河,镇
530724200,拉伯,乡
530724202,翠玉|傈僳族|普米族,乡
530724205,宁利,乡
530724206,金棉,乡
530724207,西川,乡
530724208,西布河,乡
530724210,永宁坪,乡
530724211,跑马坪,乡
530724212,蝉战河,乡
530724213,新营盘,乡
530724214,烂泥箐,乡
530802001,思茅,街道
530802101,南屏,镇
530802102,倚象,镇
530802103,思茅港,镇
530802104,六顺,镇
530802200,龙潭|彝族|傣族,乡
530802201,云仙|彝族,乡
530821100,宁洱,镇
530821101,磨黑,镇
530821102,勐先,镇
530821103,德化,镇
530821104,同心,镇
530821105,梅子,镇
530821204,普义,乡
530821205,黎明,乡
530821207,德安,乡
530822100,联珠,镇
530822101,通关,镇
530822102,鱼塘,镇
530822103,雅邑,镇
530822104,泗南江,镇
530822105,坝溜,镇
530822106,文武,镇
530822107,景星,镇
530822108,新抚,镇
530822109,新安,镇
530822110,团田,镇
530822111,龙坝,镇
530822202,孟弄|彝族,乡
530822207,龙潭,乡
530822211,那哈,乡
530823100,锦屏,镇
530823101,文井,镇
530823102,漫湾,镇
530823103,大朝山东,镇
530823104,花山,镇
530823105,大街,镇
530823106,安定,镇
530823107,太忠,镇
530823108,文龙,镇
530823109,景福,镇
530823204,龙街,乡
530823207,林街,乡
530823209,曼等,乡
530824100,威远,镇
530824101,永平,镇
530824102,正兴,镇
530824103,民乐,镇
530824104,景谷,镇
530824105,凤山,镇
530824205,半坡,乡
530824206,勐班,乡
530824207,碧安,乡
530824208,益智,乡
530825100,恩乐,镇
530825101,按板,镇
530825102,勐大,镇
530825103,者东,镇
530825104,九甲,镇
530825105,振太,镇
530825106,古城,镇
530825107,和平,镇
530825200,田坝,乡
530826100,勐烈,镇
530826101,整董,镇
530826102,康平,镇
530826103,宝藏,镇
530826104,曲水,镇
530826201,国庆,乡
530826202,嘉禾,乡
530827100,娜允,镇
530827101,勐马,镇
530827102,芒信,镇
530827103,富岩,镇
530827200,景信,乡
530827203,公信,乡
530828100,勐朗,镇
530828101,上允,镇
530828102,糯扎渡,镇
530828103,东回,镇
530828104,惠民,镇
530828201,谦六|彝族,乡
530828203,东河,乡
530828204,大山,乡
530828205,南岭,乡
530828208,酒井|哈尼族,乡
530828211,拉巴,乡
530828212,竹塘,乡
530828213,富邦,乡
530828214,安康|佤族,乡
530828215,文东|佤族,乡
530828216,富东,乡
530828217,雪林|佤族,乡
530828218,木戛,乡
530828219,发展河|哈尼族,乡
530828220,糯福,乡
530829100,勐梭,镇
530829101,勐卡,镇
530829102,翁嘎科,镇
530829103,新厂,镇
530829104,中课,镇
530829201,力所|拉祜族,乡
530829202,岳宋,乡
530902001,凤翔,街道
530902002,忙畔,街道
530902101,博尚,镇
530902201,南美|拉祜族,乡
530902202,蚂蚁堆,乡
530902203,章驮,乡
530902205,圈内,乡
530902206,马台,乡
530902207,邦东,乡
530902208,平村|彝族|傣族,乡
530921100,凤山,镇
530921101,鲁史,镇
530921102,小湾,镇
530921103,营盘,镇
530921104,勐佑,镇
530921107,洛党,镇
530921108,雪山,镇
530921109,三岔河,镇
530921200,诗礼,乡
530921201,新华|彝族|苗族,乡
530921203,大寺,乡
530921206,腰街|彝族,乡
530921210,郭大寨|彝族|白族,乡
530922100,爱华,镇
530922101,漫湾,镇
530922102,大朝山西,镇
530922103,茂兰,镇
530922104,大寨,镇
530922105,涌宝,镇
530922106,幸福,镇
530922201,忙怀|彝族|布朗族,乡
530922202,晓街,乡
530922203,茶房,乡
530922206,栗树|彝族|傣族,乡
530922207,后箐|彝族,乡
530923100,德党,镇
530923101,小勐统,镇
530923102,永康,镇
530923202,勐板,乡
530923203,亚练,乡
530923204,乌木龙|彝族,乡
530923205,大雪山|彝族|拉祜族|傣族,乡
530923206,班卡,乡
530923207,崇岗,乡
530923208,大山,乡
530924100,凤尾,镇
530924101,勐捧,镇
530924102,南伞,镇
530924200,忙丙,乡
530924201,勐堆,乡
530924203,木场,乡
530924204,军赛|佤族|拉祜族|傈僳族|德昂族,乡
530925100,勐勐,镇
530925101,勐库,镇
530925102,沙河,镇
530925201,大文,乡
530925202,忙糯,乡
530925204,邦丙,乡
530926100,耿马,镇
530926101,勐永,镇
530926102,勐撒,镇
530926103,孟定,镇
530926200,大兴,乡
530926201,芒洪|拉祜族|布朗族,乡
530926202,四排山,乡
530926203,贺派,乡
530926204,勐简,乡
530927100,勐董,镇
530927101,岩帅,镇
530927102,勐省,镇
530927103,芒卡,镇
530927104,糯良,镇
530927201,单甲,乡
530927203,勐来,乡
530927204,勐角|傣族|彝族|拉祜族,乡
530927205,班洪,乡
530927207,班老,乡
532301001,鹿城,街道
532301002,彝海,街道
532301003,东瓜,街道
532301103,吕合,镇
532301104,东华,镇
532301105,子午,镇
532301108,苍岭,镇
532301109,三街,镇
532301110,中山,镇
532301111,八角,镇
532301112,紫溪,镇
532301113,新村,镇
532301114,西舍路,镇
532301201,树苴,乡
532301203,大过口,乡
532301205,大地基,乡
532302100,金山,镇
532302101,仁兴,镇
532302102,碧城,镇
532302103,勤丰,镇
532302104,一平浪,镇
532302105,和平,镇
532302106,广通,镇
532302107,黑井,镇
532302108,土官,镇
532302109,彩云,镇
532302110,恐龙山,镇
532302200,中村,乡
532302205,高峰,乡
532302206,妥安,乡
532322100,妥甸,镇
532322101,大庄,镇
532322102,法脿,镇
532322103,𥔲嘉,镇
532322104,大麦地,镇
532322204,安龙堡,乡
532322206,爱尼山,乡
532322207,独田,乡
532323100,共和,镇
532323101,新桥,镇
532323102,江坡,镇
532323103,凤屯,镇
532323201,蟠猫,乡
532323202,戌街,乡
532323203,安乐,乡
532324100,龙川,镇
532324103,红土坡,镇
532324105,沙桥,镇
532324106,五街,镇
532324107,马街,镇
532324108,兔街,镇
532324201,雨露|白族,乡
532324204,一街,乡
532324205,罗武庄,乡
532324207,五顶山,乡
532325100,栋川,镇
532325101,光禄,镇
532325102,前场,镇
532325103,官屯,镇
532325106,弥兴,镇
532325108,太平,镇
532325204,适中,乡
532325205,左门,乡
532325208,大河口,乡
532326100,金碧,镇
532326101,石羊,镇
532326102,六苴,镇
532326103,龙街,镇
532326104,赵家店,镇
532326105,新街,镇
532326106,桂花,镇
532326107,三岔河,镇
532326205,昙华,乡
532326207,湾碧|傣族|傈僳族,乡
532326208,铁锁,乡
532326209,三台,乡
532327100,永定,镇
532327101,宜就,镇
532327103,中和,镇
532327200,莲池,乡
532327201,维的,乡
532327202,猛虎,乡
532327205,永兴|傣族,乡
532328100,元马,镇
532328102,黄瓜园,镇
532328103,羊街,镇
532328201,老城,乡
532328202,物茂,乡
532328203,平田,乡
532328204,江边,乡
532328205,新华,乡
532328206,姜驿,乡
532328209,凉山,乡
532329101,高桥,镇
532329102,猫街,镇
532329103,狮山,镇
532329104,插甸,镇
532329105,白路,镇
532329106,己衣,镇
532329107,万德,镇
532329202,田心,乡
532329203,发窝,乡
532329208,环州,乡
532329209,东坡|傣族,乡
532501001,城区,街道
532501002,大屯,街道
532501003,沙甸,街道
532501004,锡城,街道
532501005,金湖,街道
532501006,宝华,街道
532501101,鸡街,镇
532501104,老厂,镇
532501105,卡房,镇
532501107,蔓耗,镇
532501201,贾沙,乡
532501202,保和,乡
532502002,灵泉,街道
532502003,乐白道,街道
532502101,小龙潭,镇
532502103,中和营,镇
532502200,大庄|回族,乡
532502201,羊街,乡
532502204,碑格,乡
532503001,文澜,街道
532503002,雨过铺,街道
532503003,观澜,街道
532503004,文萃,街道
532503005,新安所,街道
532503101,草坝,镇
532503104,芷村,镇
532503106,鸣鹫,镇
532503109,冷泉,镇
532503200,期路白|苗族,乡
532503201,老寨|苗族,乡
532503202,水田,乡
532503203,西北勒,乡
532504001,弥阳,街道
532504002,太平,街道
532504003,福城,街道
532504004,东风,街道
532504101,新哨,镇
532504102,虹溪,镇
532504103,竹园,镇
532504105,巡检司,镇
532504107,西一,镇
532504108,西二,镇
532504109,西三,镇
532504110,东山,镇
532504201,五山,乡
532504202,江边,乡
532523100,玉屏,镇
532523101,新现,镇
532523102,和平,镇
532523103,白河,镇
532523204,白云,乡
532523205,新华,乡
532523206,湾塘,乡
532524100,临安,镇
532524101,官厅,镇
532524102,西庄,镇
532524103,青龙,镇
532524104,南庄,镇
532524105,岔科,镇
532524106,曲江,镇
532524107,面甸,镇
532524200,普雄,乡
532524202,坡头,乡
532524203,盘江,乡
532524205,甸尾,乡
532525100,异龙,镇
532525101,宝秀,镇
532525102,坝心,镇
532525103,龙朋,镇
532525106,龙武,镇
532525107,哨冲,镇
532525108,牛街,镇
532525200,新城,乡
532525202,大桥,乡
532527100,中枢,镇
532527101,金马,镇
532527103,旧城,镇
532527105,午街铺,镇
532527106,白水,镇
532527200,向阳,乡
532527201,三塘,乡
532527202,永宁,乡
532528100,南沙,镇
532528101,新街,镇
532528102,牛角寨,镇
532528202,沙拉托,乡
532528203,嘎娘,乡
532528204,上新城,乡
532528205,小新街,乡
532528206,逢春岭,乡
532528207,大坪,乡
532528208,攀枝花,乡
532528209,黄茅岭,乡
532528210,黄草岭,乡
532528211,俄扎,乡
532528212,马街,乡
532529100,迤萨,镇
532529101,甲寅,镇
532529102,宝华,镇
532529103,乐育,镇
532529104,浪堤,镇
532529203,洛恩,乡
532529204,石头寨,乡
532529205,阿扎河,乡
532529208,大羊街,乡
532529209,车古,乡
532529210,架车,乡
532529211,垤玛,乡
532529212,三村,乡
532530100,金河,镇
532530101,金水河,镇
532530102,勐拉,镇
532530103,老勐,镇
532530201,铜厂,乡
532530203,老集寨,乡
532530204,者米|拉祜族,乡
532530205,阿得博,乡
532530206,沙依坡,乡
532530207,大寨,乡
532530208,马鞍底,乡
532530209,勐桥,乡
532530210,营盘,乡
532531100,大兴,镇
532531101,牛孔,镇
532531102,大黑山,镇
532531103,平河,镇
532531200,戈奎,乡
532531202,大水沟,乡
532531204,半坡,乡
532531205,骑马坝,乡
532531206,三猛,乡
532532100,河口,镇
532532101,南溪,镇
532532200,老范寨,乡
532532201,桥头|苗族|壮族,乡
532532202,瑶山,乡
532532203,莲花滩,乡
532601001,开化,街道
532601002,卧龙,街道
532601003,新平,街道
532601102,古木,镇
532601103,平坝,镇
532601104,马塘,镇
532601105,德厚,镇
532601106,小街,镇
532601107,薄竹,镇
532601108,追栗街,镇
532601200,东山|彝族,乡
532601201,柳井|彝族,乡
532601202,新街,乡
532601203,喜古,乡
532601204,坝心|彝族,乡
532601205,秉烈|彝族,乡
532601206,红甸|回族,乡
532622100,江那,镇
532622101,平远,镇
532622102,稼依,镇
532622103,阿猛,镇
532622200,阿舍|彝族,乡
532622201,维摩|彝族,乡
532622202,盘龙|彝族,乡
532622203,八嘎,乡
532622204,者腊,乡
532622205,蚌峨,乡
532622207,干河|彝族,乡
532623100,西洒,镇
532623101,兴街,镇
532623200,蚌谷,乡
532623201,莲花塘,乡
532623202,新马街,乡
532623203,柏林,乡
532623204,法斗,乡
532623205,董马,乡
532623206,鸡街,乡
532624100,麻栗,镇
532624101,大坪,镇
532624102,董干,镇
532624103,天保,镇
532624201,猛硐|瑶族,乡
532624202,下金厂,乡
532624203,八布,乡
532624204,六河,乡
532624205,杨万,乡
532624206,铁厂,乡
532624207,马街,乡
532625100,马白,镇
532625101,八寨,镇
532625102,仁和,镇
532625103,木厂,镇
532625104,夹寒箐,镇
532625105,小坝子,镇
532625106,都龙,镇
532625107,金厂,镇
532625108,坡脚,镇
532625200,南捞,乡
532625201,大栗树,乡
532625202,篾厂,乡
532625203,古林箐,乡
532626100,锦屏,镇
532626101,曰者,镇
532626102,双龙营,镇
532626200,八道哨|彝族,乡
532626201,天星,乡
532626202,平寨,乡
532626203,树皮|彝族,乡
532626204,腻脚|彝族,乡
532626205,新店|彝族,乡
532626206,舍得|彝族,乡
532626207,官寨,乡
532626209,温浏,乡
532627100,莲城,镇
532627101,八宝,镇
532627102,南屏,镇
532627103,珠街,镇
532627104,那洒,镇
532627105,珠琳,镇
532627106,坝美,镇
532627201,董堡,乡
532627202,旧莫,乡
532627203,杨柳井,乡
532627204,板蚌,乡
532627205,曙光,乡
532627206,黑支果,乡
532627207,篆角,乡
532627208,五珠,乡
532627209,者兔,乡
532627210,者太,乡
532627211,底圩,乡
532628100,新华,镇
532628101,归朝,镇
532628102,剥隘,镇
532628103,里达,镇
532628104,田蓬,镇
532628105,木央,镇
532628200,板仑,乡
532628201,谷拉,乡
532628202,者桑,乡
532628203,那能,乡
532628204,洞波|瑶族,乡
532628205,阿用,乡
532628206,花甲,乡
532801001,允景洪,街道
532801002,江北,街道
532801003,嘎洒,街道
532801004,嘎栋,街道
532801005,曼弄枫,街道
532801102,勐龙,镇
532801103,勐罕,镇
532801104,勐养,镇
532801105,普文,镇
532801106,东风,镇
532801202,景哈|哈尼族,乡
532801203,景讷,乡
532801204,大渡岗,乡
532801205,勐旺,乡
532801206,基诺山|基诺族,乡
532822100,勐海,镇
532822101,打洛,镇
532822103,勐遮,镇
532822104,勐混,镇
532822105,勐满,镇
532822106,勐阿,镇
532822201,勐宋,乡
532822203,勐往,乡
532822205,格朗和|哈尼族,乡
532822206,布朗山|布朗族,乡
532822209,西定|哈尼族|布朗族,乡
532823100,勐腊,镇
532823101,勐捧,镇
532823102,勐满,镇
532823103,勐仑,镇
532823104,磨憨,镇
532823105,勐伴,镇
532823106,关累,镇
532823107,易武,镇
532823204,象明|彝族,乡
532823205,瑶区|瑶族,乡
532901001,下关,街道
532901002,太和,街道
532901003,满江,街道
532901101,大理,镇
532901102,凤仪,镇
532901103,喜洲,镇
532901104,海东,镇
532901105,挖色,镇
532901106,湾桥,镇
532901107,银桥,镇
532901109,双廊,镇
532901110,上关,镇
532901190,下关,镇
532901200,太邑|彝族,乡
532922101,苍山西,镇
532922102,漾江,镇
532922104,平坡,镇
532922105,顺濞,镇
532922201,富恒,乡
532922202,太平,乡
532922204,瓦厂,乡
532922205,龙潭,乡
532922206,鸡街,乡
532923100,祥城,镇
532923101,云南驿,镇
532923102,下庄,镇
532923103,刘厂,镇
532923104,禾甸,镇
532923105,沙龙,镇
532923106,米甸,镇
532923107,普淜,镇
532923203,鹿鸣,乡
532923204,东山|彝族,乡
532924100,金牛,镇
532924101,宾居,镇
532924102,州城,镇
532924104,鸡足山,镇
532924105,力角,镇
532924107,乔甸,镇
532924108,大营,镇
532924109,平川,镇
532924200,钟英|傈僳族|彝族,乡
532924202,拉乌|彝族,乡
532925100,弥城,镇
532925101,红岩,镇
532925102,新街,镇
532925103,寅街,镇
532925104,苴力,镇
532925105,密祉,镇
532925203,德苴,乡
532925204,牛街|彝族,乡
532926100,南涧,镇
532926101,小湾东,镇
532926103,宝华,镇
532926104,公郎,镇
532926105,无量山,镇
532926201,拥翠,乡
532926202,乐秋,乡
532926203,碧溪,乡
532927100,南诏,镇
532927101,庙街,镇
532927102,大仓,镇
532927103,永建,镇
532927200,巍宝山,乡
532927201,马鞍山,乡
532927202,紫金,乡
532927203,五印,乡
532927204,牛街,乡
532927206,青华,乡
532928100,博南,镇
532928102,杉阳,镇
532928103,龙街,镇
532928200,龙门,乡
532928202,厂街|彝族,乡
532928203,水泄|彝族,乡
532928204,北斗|彝族,乡
532929100,诺邓,镇
532929101,功果桥,镇
532929102,漕涧,镇
532929103,白石,镇
532929201,宝丰,乡
532929202,关坪,乡
532929203,团结|彝族,乡
532929204,长新,乡
532929205,检槽,乡
532929206,苗尾|傈僳族,乡
532929207,民建,乡
532930100,茈碧湖,镇
532930103,邓川,镇
532930104,右所,镇
532930105,三营,镇
532930106,凤羽,镇
532930107,乔后,镇
532930201,牛街,乡
532930202,炼铁,乡
532930203,西山,乡
532931100,金华,镇
532931102,甸南,镇
532931103,马登,镇
532931104,沙溪,镇
532931105,老君山,镇
532931200,羊岑,乡
532931202,弥沙,乡
532931203,象图,乡
532932100,云鹤,镇
532932101,辛屯,镇
532932102,松桂,镇
532932103,黄坪,镇
532932104,草海,镇
532932105,西邑,镇
532932106,龙开口,镇
532932200,金墩,乡
532932202,六合|彝族,乡
533102001,勐卯,街道
533102101,畹町,镇
533102102,弄岛,镇
533102103,姐相,镇
533102202,户育,乡
533102203,勐秀,乡
533103001,勐焕,街道
533103107,芒市,镇
533103108,风平,镇
533103109,勐戛,镇
533103110,芒海,镇
533103111,遮放,镇
533103208,三台山|德昂族,乡
533103210,江东,乡
533103211,轩岗,乡
533103212,中山,乡
533103213,西山,乡
533103214,五岔路,乡
533122100,遮岛,镇
533122101,芒东,镇
533122102,勐养,镇
533122200,平山,乡
533122201,小厂,乡
533122202,大厂,乡
533122204,九保|阿昌族,乡
533122205,曩宋|阿昌族,乡
533122206,河西,乡
533123100,平原,镇
533123101,旧城,镇
533123102,那邦,镇
533123103,太平,镇
533123104,弄璋,镇
533123105,盏西,镇
533123106,卡场,镇
533123107,昔马,镇
533123205,新城,乡
533123206,油松岭,乡
533123207,芒章,乡
533123209,姐那,乡
533123210,苏典|傈僳族,乡
533123211,勐弄,乡
533123214,铜壁关,乡
533124100,章凤,镇
533124101,陇把,镇
533124102,景罕,镇
533124103,城子,镇
533124200,户撒|阿昌族,乡
533124201,护国,乡
533124202,清平,乡
533124204,王子树,乡
533124207,勐约,乡
533301001,六库,街道
533301002,大练地,街道
533301100,鲁掌,镇
533301102,片马,镇
533301103,上江,镇
533301104,老窝,镇
533301105,大兴地,镇
533301200,称杆,乡
533301201,古登,乡
533301202,洛本卓|白族,乡
533323100,上帕,镇
533323200,匹河|怒族,乡
533323201,子里甲,乡
533323202,架科底,乡
533323203,鹿马登,乡
533323204,石月亮,乡
533323205,马吉,乡
533324100,茨开,镇
533324101,丙中洛,镇
533324201,捧当,乡
533324202,普拉底,乡
533324203,独龙江,乡
533325001,金顶,街道
533325002,翠屏,街道
533325101,啦井,镇
533325102,营盘,镇
533325103,通甸,镇
533325201,河西,乡
533325202,中排,乡
533325203,石登,乡
533325204,兔峨,乡
533401100,建塘,镇
533401101,虎跳峡,镇
533401102,金江,镇
533401103,小中甸,镇
533401200,上江,乡
533401202,三坝|纳西族,乡
533401203,洛吉,乡
533401205,尼西,乡
533401206,格咱,乡
533401207,东旺,乡
533401208,五境,乡
533422100,升平,镇
533422101,奔子栏,镇
533422102,叶枝,镇
533422200,佛山,乡
533422201,云岭,乡
533422202,燕门,乡
533422203,拖顶|傈僳族,乡
533422204,霞若|傈僳族,乡
533422206,羊拉,乡
533422207,巴迪,乡
533423100,保和,镇
533423101,塔城,镇
533423200,永春,乡
533423201,攀天阁,乡
533423202,白济汛,乡
533423203,康普,乡
533423207,中路,乡
533423208,维登,乡
540102002,八廓,街道
540102003,吉日,街道
540102004,吉崩岗,街道
540102005,扎细,街道
540102006,功德林,街道
540102007,嘎玛贡桑,街道
540102008,两岛,街道
540102009,金珠西路,街道
540102010,蔡公堂,街道
540102011,夺底,街道
540102012,娘热,街道
540102013,纳金,街道
540102014,慈觉林,街道
540102015,塔玛,街道
540102016,八一,街道
540103001,东嘎,街道
540103002,乃琼,街道
540103003,羊达,街道
540103004,柳梧,街道
540103006,热玛岗,街道
540103007,加玛,街道
540103102,古荣,镇
540103103,马,镇
540103104,德庆,镇
540104100,德庆,镇
540104200,塔杰,乡
540104201,章多,乡
540104202,唐嘎,乡
540104203,雪,乡
540104204,邦堆,乡
540121100,甘丹曲果,镇
540121101,强嘎,镇
540121102,边交林,镇
540121103,唐古,镇
540121200,春堆,乡
540121201,松盘,乡
540121204,江热夏,乡
540121205,卡孜,乡
540121206,旁多,乡
540121208,阿朗,乡
540122100,当曲卡,镇
540122101,羊八井,镇
540122102,纳木湖,镇
540122200,格达,乡
540122201,宁中,乡
540122202,公塘,乡
540122203,龙仁,乡
540122204,乌玛塘,乡
540123100,塔荣,镇
540123101,吞巴,镇
540123200,麻江,乡
540123201,普松,乡
540123202,卡如,乡
540123203,尼木,乡
540123204,续迈,乡
540123205,帕古,乡
540124100,曲水,镇
540124101,达嘎,镇
540124102,才纳,镇
540124103,聂当,镇
540124202,南木,乡
540124204,茶巴拉,乡
540127100,工卡,镇
540127101,甲玛,镇
540127200,唐加,乡
540127202,尼玛江热,乡
540127203,日多,乡
540127204,扎西岗,乡
540127205,门巴,乡
540127206,扎雪,乡
540202001,城南,街道
540202002,城北,街道
540202003,城东,街道
540202004,城西,街道
540202200,曲布雄,乡
540202201,曲美,乡
540202202,聂日雄,乡
540202203,甲措雄,乡
540202204,纳尔,乡
540202205,东嘎,乡
540202206,边雄,乡
540202207,江当,乡
540202208,年木,乡
540202209,联,乡
540221100,南木林,镇
540221200,达那,乡
540221201,卡孜,乡
540221202,多角,乡
540221203,秋木,乡
540221204,艾玛,乡
540221205,土布加,乡
540221206,查尔,乡
540221207,索金,乡
540221208,达孜,乡
540221209,奴玛,乡
540221210,热当,乡
540221211,拉布普,乡
540221212,普当,乡
540221213,仁堆,乡
540221214,芒热,乡
540221215,甲措,乡
540222100,江孜,镇
540222200,纳如,乡
540222201,卡麦,乡
540222202,卡堆,乡
540222203,藏改,乡
540222204,日朗,乡
540222205,达孜,乡
540222206,热索,乡
540222207,重孜,乡
540222208,龙马,乡
540222209,加克西,乡
540222210,紫金,乡
540222211,江热,乡
540222212,年堆,乡
540222213,康卓,乡
540222214,金嘎,乡
540222215,日星,乡
540222216,车仁,乡
540222217,热龙,乡
540223100,协格尔,镇
540223101,岗嘎,镇
540223102,扎西宗,镇
540223103,曲当,镇
540223104,扎果,镇
540223105,绒辖,镇
540223203,措果,乡
540223204,曲洛,乡
540223205,长所,乡
540223206,尼辖,乡
540223208,克玛,乡
540223209,盆吉,乡
540223210,加措,乡
540224100,萨迦,镇
540224101,吉定,镇
540224200,雄麦,乡
540224201,麻布加,乡
540224202,雄玛,乡
540224203,扎西岗,乡
540224204,扯休,乡
540224205,赛,乡
540224206,拉洛,乡
540224207,查荣,乡
540224208,木拉,乡
540225100,曲下,镇
540225101,拉孜,镇
540225200,扎西宗,乡
540225201,曲玛,乡
540225202,彭措林,乡
540225203,扎西岗,乡
540225204,柳,乡
540225205,热萨,乡
540225206,锡钦,乡
540225207,芒普,乡
540225208,查务,乡
540226100,卡嘎,镇
540226101,桑桑,镇
540226200,达若,乡
540226201,贡久布,乡
540226202,措迈,乡
540226203,雄巴,乡
540226204,查孜,乡
540226205,阿木雄,乡
540226206,如萨,乡
540226207,孔隆,乡
540226208,尼果,乡
540226209,日吾其,乡
540226210,多白,乡
540226211,切热,乡
540226212,秋窝,乡
540226213,达居,乡
540226214,亚木,乡
540227100,卡嘎,镇
540227200,达木夏,乡
540227201,查布,乡
540227202,春哲,乡
540227203,则许,乡
540227204,娘热,乡
540227205,措布西,乡
540227206,纳当,乡
540227207,青都,乡
540227208,切琼,乡
540227209,美巴切勤,乡
540227210,列巴,乡
540227211,塔丁,乡
540227212,荣玛,乡
540227213,通门,乡
540227214,达那普,乡
540227215,达那答,乡
540227216,南木切,乡
540227217,仁钦则,乡
540228100,洛江,镇
540228101,嘎东,镇
540228200,巴扎,乡
540228201,玛,乡
540228202,旺丹,乡
540228203,曲奴,乡
540228204,杜琼,乡
540228205,强堆,乡
540228206,嘎普,乡
540228207,者下,乡
540228208,东喜,乡
540229100,德吉林,镇
540229200,康雄,乡
540229201,普松,乡
540229202,帕当,乡
540229203,然巴,乡
540229204,查巴,乡
540229205,切娃,乡
540229206,姆,乡
540229207,仁布,乡
540230100,康马,镇
540230200,南尼,乡
540230201,少岗,乡
540230202,康如,乡
540230203,萨玛达,乡
540230204,嘎拉,乡
540230205,涅如堆,乡
540230206,涅如麦,乡
540230207,雄章,乡
540231100,江嘎,镇
540231101,陈塘,镇
540231102,日屋,镇
540231201,确布,乡
540231202,定结,乡
540231203,多布扎,乡
540231204,扎西岗,乡
540231205,琼孜,乡
540231206,萨尔,乡
540231207,郭加,乡
540232100,帕羊,镇
540232101,里孜,镇
540232200,拉让,乡
540232201,琼果,乡
540232202,亚热,乡
540232203,布多,乡
540232204,偏吉,乡
540232205,纳久,乡
540232206,吉拉,乡
540232207,霍尔巴,乡
540232208,隆格尔,乡
540232209,吉玛,乡
540232211,帕江,乡
540233100,下司马,镇
540233101,帕里,镇
540233200,下亚东,乡
540233201,上亚东,乡
540233202,康布,乡
540233203,堆纳,乡
540233204,吉汝,乡
540234100,宗嘎,镇
540234101,吉隆,镇
540234200,差那,乡
540234201,折巴,乡
540234202,贡当,乡
540234203,萨勒,乡
540235100,聂拉木,镇
540235101,樟木,镇
540235200,亚来,乡
540235201,琐作,乡
540235202,乃龙,乡
540235203,门布,乡
540235204,波绒,乡
540236100,加加,镇
540236200,昌果,乡
540236201,雄如,乡
540236202,拉藏,乡
540236203,如角,乡
540236204,达吉岭,乡
540236205,旦嘎,乡
540236206,夏如,乡
540237100,岗巴,镇
540237200,昌龙,乡
540237201,直克,乡
540237202,孔玛,乡
540237203,龙中,乡
540302001,四川桥,街道
540302002,玛塘,街道
540302003,马草坝,街道
540302100,城关,镇
540302101,俄洛,镇
540302102,卡若,镇
540302200,芒达,乡
540302201,约巴,乡
540302202,妥坝,乡
540302203,拉多,乡
540302204,面达,乡
540302205,嘎玛,乡
540302206,柴维,乡
540302207,日通,乡
540302208,如意,乡
540302209,埃西,乡
540302210,若巴,乡
540302211,沙贡,乡
540321100,江达,镇
540321101,岗托,镇
540321200,卡贡,乡
540321201,岩比,乡
540321202,邓柯,乡
540321203,生达,乡
540321204,娘西,乡
540321205,字呷,乡
540321206,青泥洞,乡
540321207,汪布顶,乡
540321208,德登,乡
540321209,同普,乡
540321210,波罗,乡
540322100,莫洛,镇
540322200,相皮,乡
540322201,哈加,乡
540322202,雄松,乡
540322203,拉妥,乡
540322204,阿旺,乡
540322205,木协,乡
540322206,罗麦,乡
540322207,沙东,乡
540322208,克日,乡
540322209,则巴,乡
540322210,敏都,乡
540323100,类乌齐,镇
540323101,桑多,镇
540323200,加桑卡,乡
540323201,长毛岭,乡
540323202,岗色,乡
540323203,吉多,乡
540323204,滨达,乡
540323205,卡玛多,乡
540323206,尚卡,乡
540323207,伊日,乡
540324100,丁青,镇
540324101,尺犊,镇
540324200,觉恩,乡
540324201,沙贡,乡
540324202,当堆,乡
540324203,桑多,乡
540324204,木塔,乡
540324205,布塔,乡
540324206,巴达,乡
540324207,甘岩,乡
540324208,嘎塔,乡
540324209,色扎,乡
540324210,协雄,乡
540325100,烟多,镇
540325101,香堆,镇
540325102,吉塘,镇
540325200,宗沙,乡
540325201,卡贡,乡
540325202,荣周,乡
540325203,巴日,乡
540325204,阿孜,乡
540325205,王卡,乡
540325206,新卡,乡
540325207,肯通,乡
540325208,扩达,乡
540325209,察拉,乡
540326100,白玛,镇
540326101,帮达,镇
540326102,然乌,镇
540326103,同卡,镇
540326202,郭庆,乡
540326203,拉根,乡
540326204,益庆,乡
540326205,吉中,乡
540326206,卡瓦白庆,乡
540326207,吉达,乡
540326208,夏里,乡
540326209,拥巴,乡
540326210,瓦,乡
540326211,林卡,乡
540327100,旺达,镇
540327101,田妥,镇
540327102,扎玉,镇
540327203,东坝,乡
540327204,仁果,乡
540327207,绕金,乡
540327208,碧土,乡
540327210,美玉,乡
540327211,中林卡,乡
540327212,下林卡,乡
540328100,嘎托,镇
540328101,如美,镇
540328200,索多西,乡
540328201,莽岭,乡
540328202,宗西,乡
540328203,昂多,乡
540328204,措瓦,乡
540328205,洛尼,乡
540328206,戈波,乡
540328207,帮达,乡
540328208,徐中,乡
540328209,曲登,乡
540328210,木许,乡
540328211,|纳西,民族乡
540328212,朱巴龙,乡
540328213,曲孜卡,乡
540329100,孜托,镇
540329101,硕督,镇
540329111,康沙,镇
540329112,马利,镇
540329200,达龙,乡
540329201,新荣,乡
540329202,白达,乡
540329203,玉西,乡
540329204,腊久,乡
540329205,俄西,乡
540329206,中亦,乡
540330100,边坝,镇
540330101,草卡,镇
540330201,沙丁,乡
540330202,金岭,乡
540330203,加贡,乡
540330204,马武,乡
540330205,热玉,乡
540330206,尼木,乡
540330207,马秀,乡
540330208,拉孜,乡
540330209,都瓦,乡
540402001,白玛岗,街道
540402002,觉木,街道
540402100,林芝,镇
540402101,百巴,镇
540402102,八一,镇
540402103,鲁朗,镇
540402200,更章|门巴,民族乡
540402202,布久,乡
540402203,米瑞,乡
540421100,工布江达,镇
540421101,金达,镇
540421102,巴河,镇
540421200,朱拉,乡
540421201,错高,乡
540421202,仲萨,乡
540421203,江达,乡
540421204,娘蒲,乡
540421205,加兴,乡
540423100,墨脱,镇
540423200,加热萨,乡
540423201,甘登,乡
540423202,达木|珞巴,民族乡
540423203,帮辛,乡
540423204,格当,乡
540423205,德兴,乡
540423206,背崩,乡
540424100,扎木,镇
540424101,倾多,镇
540424102,松宗,镇
540424200,易贡,乡
540424201,玉普,乡
540424202,康玉,乡
540424203,多吉,乡
540424204,玉许,乡
540424205,八盖,乡
540424207,古,乡
540425100,竹瓦根,镇
540425101,上察隅,镇
540425102,下察隅,镇
540425200,察瓦龙,乡
540425201,古拉,乡
540425202,古玉,乡
540426100,朗,镇
540426101,仲达,镇
540426102,洞嘎,镇
540426200,拉多,乡
540426201,金东,乡
540426202,登木,乡
540481100,米林,镇
540481101,派,镇
540481102,卧龙,镇
540481200,丹娘,乡
540481201,南伊|珞巴,民族乡
540481202,扎西绕登,乡
540481203,里龙,乡
540481204,羌纳,乡
540502001,泽当,街道
540502002,乃东,街道
540502003,结莎,街道
540502101,昌珠,镇
540502200,亚堆,乡
540502201,索珠,乡
540502202,多颇章,乡
540502203,结巴,乡
540502204,颇章,乡
540521100,扎塘,镇
540521101,桑耶,镇
540521200,扎其,乡
540521201,阿扎,乡
540521202,吉汝,乡
540522100,吉雄,镇
540522101,甲竹林,镇
540522102,杰德秀,镇
540522103,岗堆,镇
540522104,江塘,镇
540522200,朗杰学,乡
540522201,昌果,乡
540522205,东拉,乡
540522206,克西,乡
540523100,桑日,镇
540523200,增期,乡
540523201,白堆,乡
540523202,绒,乡
540524100,琼结,镇
540524200,加麻,乡
540524201,下水,乡
540524202,拉玉,乡
540525100,曲松,镇
540525101,罗布沙,镇
540525200,下江,乡
540525201,邱多江,乡
540525202,堆随,乡
540526100,措美,镇
540526101,哲古,镇
540526200,乃西,乡
540526201,古堆,乡
540527100,洛扎,镇
540527101,拉康,镇
540527201,扎日,乡
540527202,色,乡
540527203,生格,乡
540527204,边巴,乡
540527205,拉郊,乡
540528100,加查,镇
540528101,安绕,镇
540528200,拉绥,乡
540528201,崔久,乡
540528202,坝,乡
540528203,冷达,乡
540528204,洛林,乡
540529100,隆子,镇
540529101,日当,镇
540529200,列麦,乡
540529201,热荣,乡
540529202,三安曲林,乡
540529203,准巴,乡
540529204,雪萨,乡
540529205,扎日,乡
540529206,玉麦,乡
540529207,加玉,乡
540529208,斗玉|珞巴,民族乡
540531100,浪卡子,镇
540531101,打隆,镇
540531200,张达,乡
540531201,伦布雪,乡
540531202,多却,乡
540531203,普玛江塘,乡
540531204,阿扎,乡
540531205,卡龙,乡
540531206,白地,乡
540531207,卡热,乡
540581100,错那,镇
540581200,卡达,乡
540581201,觉拉,乡
540581202,浪坡,乡
540581203,曲卓木,乡
540581204,库局,乡
540581205,麻麻|门巴,民族乡
540581206,贡日|门巴,民族乡
540581207,吉巴|门巴,民族乡
540581208,勒|门巴,民族乡
540602001,黑河,街道
540602002,团结,街道
540602003,幸福,街道
540602004,红旗,街道
540602005,羌塘,街道
540602100,那曲,镇
540602101,罗玛,镇
540602102,古露,镇
540602200,达萨,乡
540602202,油恰,乡
540602203,香茂,乡
540602205,那玛切,乡
540602209,达前,乡
540602210,洛麦,乡
540602211,孔玛,乡
540602213,尼玛,乡
540602217,色雄,乡
540621100,阿扎,镇
540621101,嘉黎,镇
540621201,尼屋,乡
540621202,藏比,乡
540621203,措多,乡
540621204,夏玛,乡
540621206,林堤,乡
540621207,麦地卡,乡
540621209,绒多,乡
540621210,鸽群,乡
540622100,比如,镇
540622101,夏曲,镇
540622201,白嘎,乡
540622202,达塘,乡
540622203,恰则,乡
540622204,扎拉,乡
540622207,羊秀,乡
540622208,香曲,乡
540622209,良曲,乡
540622210,茶曲,乡
540623100,聂荣,镇
540623201,尼玛,乡
540623203,色庆,乡
540623205,桑荣,乡
540623206,下曲,乡
540623207,白雄,乡
540623208,索雄,乡
540623210,当木江,乡
540623211,查当,乡
540623212,永曲,乡
540624100,帕那,镇
540624101,强玛,镇
540624102,扎仁,镇
540624103,雁石坪,镇
540624201,多玛,乡
540624202,玛曲,乡
540624205,滩堆,乡
540624207,帮麦,乡
540624209,玛荣,乡
540624210,扎曲,乡
540624211,色务,乡
540624212,措玛,乡
540624213,岗尼,乡
540625100,申扎,镇
540625101,雄梅,镇
540625201,下过,乡
540625202,恰,乡
540625203,巴扎,乡
540625204,塔尔玛,乡
540625206,买巴,乡
540625207,马跃,乡
540626100,亚拉,镇
540626101,荣布,镇
540626201,若达,乡
540626202,加勤,乡
540626203,赤多,乡
540626205,西昌,乡
540626206,江达,乡
540626208,热瓦,乡
540626209,嘎美,乡
540626210,嘎木,乡
540627100,普保,镇
540627101,北拉,镇
540627102,德庆,镇
540627103,佳琼,镇
540627205,尼玛,乡
540627207,保吉,乡
540627209,青龙,乡
540627211,马前,乡
540627215,门当,乡
540627216,新吉,乡
540628100,拉西,镇
540628101,杂色,镇
540628102,雅安,镇
540628201,江绵,乡
540628202,玛如,乡
540628204,阿秀,乡
540628205,贡日,乡
540628206,岗切,乡
540628210,巴青,乡
540628211,本塔,乡
540629100,尼玛,镇
540629201,卓尼,乡
540629202,达果,乡
540629203,阿索,乡
540629204,荣玛,乡
540629205,中仓,乡
540629206,来多,乡
540629207,申亚,乡
540629208,卓瓦,乡
540629209,俄久,乡
540629210,文部,乡
540629211,甲谷,乡
540629212,军仓,乡
540629213,吉瓦,乡
540630101,措折罗玛,镇
540630200,协德,乡
540630201,雅曲,乡
540630202,嘎措,乡
540630203,措折强玛,乡
540630204,多玛,乡
540630205,巴岭,乡
542521100,普兰,镇
542521101,巴嘎,镇
542521102,霍尔,镇
542522100,托林,镇
542522200,萨让,乡
542522201,达巴,乡
542522202,底雅,乡
542522203,香孜,乡
542522204,曲松,乡
542522205,楚鲁松杰,乡
542523100,狮泉河,镇
542523200,昆莎,乡
542523201,左左,乡
542523202,门士,乡
542523203,扎西岗,乡
542524100,日土,镇
542524200,多玛,乡
542524201,东汝,乡
542524202,热帮,乡
542524203,日松,乡
542525100,革吉,镇
542525200,雄巴,乡
542525201,亚热,乡
542525202,擦咔,乡
542525203,文布当桑,乡
542526100,改则,镇
542526200,物玛,乡
542526201,先遣,乡
542526202,麻米,乡
542526203,洞措,乡
542526204,古姆,乡
542526205,察布,乡
542527100,措勤,镇
542527200,磁石,乡
542527201,曲洛,乡
542527202,江让,乡
542527203,达雄,乡
610102001,西一路,街道
610102002,长乐中路,街道
610102003,中山门,街道
610102004,韩森寨,街道
610102005,解放门,街道
610102006,自强路,街道
610102007,太华路,街道
610102008,长乐西路,街道
610102009,胡家庙,街道
610103001,南院门,街道
610103002,柏树林,街道
610103003,长乐坊,街道
610103004,东关南街,街道
610103005,太乙路,街道
610103006,文艺路,街道
610103007,长安路,街道
610103008,张家村,街道
610104001,青年路,街道
610104002,北院门,街道
610104003,北关,街道
610104004,红庙坡,街道
610104005,环城西路,街道
610104006,西关,街道
610104007,土门,街道
610104008,桃园路,街道
610104009,枣园,街道
610111001,纺织城,街道
610111002,十里铺,街道
610111003,红旗,街道
610111004,席王,街道
610111005,洪庆,街道
610111006,狄寨,街道
610111007,灞桥,街道
610111008,新筑,街道
610111009,新合,街道
610112001,张家堡,街道
610112002,三桥,街道
610112003,辛家庙,街道
610112004,徐家湾,街道
610112005,大明宫,街道
610112006,谭家,街道
610112007,草滩,街道
610112008,六村堡,街道
610112009,未央宫,街道
610112010,汉城,街道
610112011,建章路,街道
610112012,未央湖,街道
610113001,小寨路,街道
610113002,大雁塔,街道
610113003,长延堡,街道
610113004,电子城,街道
610113005,等驾坡,街道
610113006,鱼化寨,街道
610113007,丈八,街道
610113008,曲江,街道
610113009,杜城,街道
610113010,漳浒寨,街道
610114001,凤凰路,街道
610114002,新华路,街道
610114003,振兴,街道
610114004,新兴,街道
610114005,北屯,街道
610114006,武屯,街道
610114007,关山,街道
610115001,骊山,街道
610115002,秦陵,街道
610115003,新丰,街道
610115004,代王,街道
610115005,斜口,街道
610115006,行者,街道
610115007,马额,街道
610115008,零口,街道
610115009,雨金,街道
610115010,栎阳,街道
610115011,相桥,街道
610115012,徐杨,街道
610115013,西泉,街道
610115014,新市,街道
610115015,交口,街道
610115016,北田,街道
610115017,油槐,街道
610115018,何寨,街道
610115019,铁炉,街道
610115020,任留,街道
610115021,穆寨,街道
610115022,小金,街道
610115023,仁宗,街道
610116001,韦曲,街道
610116002,郭杜,街道
610116003,马王,街道
610116004,滦镇,街道
610116005,子午,街道
610116006,太乙宫,街道
610116007,引镇,街道
610116008,斗门,街道
610116009,王寺,街道
610116010,东大,街道
610116011,王曲,街道
610116012,杜曲,街道
610116013,鸣犊,街道
610116014,细柳,街道
610116015,黄良,街道
610116016,兴隆,街道
610116017,大兆,街道
610116018,高桥,街道
610116019,五台,街道
610116020,王莽,街道
610116021,灵沼,街道
610116022,五星,街道
610116023,杨庄,街道
610116024,砲里,街道
610116025,魏寨,街道
610117001,鹿苑,街道
610117002,泾渭,街道
610117003,崇皇,街道
610117004,姬家,街道
610117005,通远,街道
610117006,耿镇,街道
610117007,张卜,街道
610117603,榆楚,镇
610118001,甘亭,街道
610118002,余下,街道
610118003,五竹,街道
610118004,玉蝉,街道
610118005,秦渡,街道
610118006,草堂,街道
610118007,庞光,街道
610118008,大王,街道
610118009,祖庵,街道
610118010,渭丰,街道
610118011,涝店,街道
610118012,甘河,街道
610118013,蒋村,街道
610118014,石井,街道
610118613,天桥,镇
610122001,蓝关,街道
610122101,洩湖,镇
610122102,华胥,镇
610122103,前卫,镇
610122104,汤峪,镇
610122105,焦岱,镇
610122106,玉山,镇
610122107,三里,镇
610122108,普化,镇
610122109,葛牌,镇
610122111,蓝桥,镇
610122112,辋川,镇
610122113,灞源,镇
610122114,孟村,镇
610122115,安村,镇
610122117,小寨,镇
610122118,三官庙,镇
610122120,九间房,镇
610122121,厚,镇
610124001,二曲,街道
610124101,哑柏,镇
610124102,终南,镇
610124103,马召,镇
610124104,集贤,镇
610124105,楼观,镇
610124106,尚村,镇
610124107,广济,镇
610124108,厚畛子,镇
610124109,四屯,镇
610124111,竹峪,镇
610124112,青化,镇
610124113,翠峰,镇
610124114,九峰,镇
610124115,富仁,镇
610124116,司竹,镇
610124118,骆峪,镇
610124119,陈河,镇
610124120,板房子,镇
610124121,王家河,镇
610202001,七一路,街道
610202002,红旗街,街道
610202003,桃园,街道
610202004,青年路,街道
610202005,王家河,街道
610202006,王益,街道
610202100,黄堡,镇
610203001,城关,街道
610203002,三里洞,街道
610203003,王石凹,街道
610203004,印台,街道
610203100,陈炉,镇
610203101,红土,镇
610203102,广阳,镇
610203104,金锁关,镇
610203106,阿庄,镇
610204001,天宝路,街道
610204002,永安路,街道
610204003,咸丰路,街道
610204004,正阳路,街道
610204005,锦阳路,街道
610204006,坡头,街道
610204101,董家河,镇
610204102,庙湾,镇
610204103,瑶曲,镇
610204104,照金,镇
610204107,小丘,镇
610204108,孙塬,镇
610204109,关庄,镇
610204113,石柱,镇
610222001,宜阳,街道
610222101,彭,镇
610222102,五里,镇
610222103,太安,镇
610222104,棋盘,镇
610222105,尧生,镇
610222106,哭泉,镇
610222201,云梦,乡
610302001,金陵,街道
610302002,经二路,街道
610302003,清姜,街道
610302004,姜谭路,街道
610302005,桥南,街道
610302100,马营,镇
610302101,石鼓,镇
610302102,神农,镇
610302103,高家,镇
610302105,八鱼,镇
610303001,中山东路,街道
610303002,西关,街道
610303003,中山西路,街道
610303004,群众路,街道
610303006,东风路,街道
610303007,十里铺,街道
610303008,卧龙寺,街道
610303100,陈仓,镇
610303101,蟠龙,镇
610303102,金河,镇
610303103,硖石,镇
610304001,虢镇,街道
610304002,东关,街道
610304003,千渭,街道
610304101,阳平,镇
610304102,千河,镇
610304103,磻溪,镇
610304104,天王,镇
610304105,慕仪,镇
610304106,周原,镇
610304107,贾村,镇
610304109,县功,镇
610304110,新街,镇
610304111,坪头,镇
610304112,香泉,镇
610304113,赤沙,镇
610304114,拓石,镇
610304115,凤阁岭,镇
610304116,钓渭,镇
610305100,城关,镇
610305101,虢王,镇
610305102,彪角,镇
610305103,横水,镇
610305104,田家庄,镇
610305105,糜杆桥,镇
610305107,南指挥,镇
610305108,陈村,镇
610305109,长青,镇
610305110,柳林,镇
610305111,姚家沟,镇
610305112,范家寨,镇
610323103,益店,镇
610323104,蒲村,镇
610323106,青化,镇
610323107,枣林,镇
610323108,雍川,镇
610323111,凤鸣,镇
610323112,蔡家坡,镇
610323113,京当,镇
610323114,故郡,镇
610324001,城关,街道
610324101,天度,镇
610324102,午井,镇
610324103,绛帐,镇
610324104,段家,镇
610324105,杏林,镇
610324106,召公,镇
610324107,法门,镇
610326001,首善,街道
610326101,横渠,镇
610326102,槐芽,镇
610326103,汤峪,镇
610326104,常兴,镇
610326105,金渠,镇
610326106,营头,镇
610326107,齐,镇
610327100,城关,镇
610327101,东风,镇
610327102,八渡,镇
610327106,温水,镇
610327107,天成,镇
610327108,曹家湾,镇
610327109,固关,镇
610327111,东南,镇
610327112,河北,镇
610327114,新集川,镇
610328100,城关,镇
610328101,崔家头,镇
610328102,南寨,镇
610328103,张家塬,镇
610328104,水沟,镇
610328105,草碧,镇
610328107,高崖,镇
610329100,九成宫,镇
610329101,崔木,镇
610329102,招贤,镇
610329103,两亭,镇
610329104,常丰,镇
610329105,丈八,镇
610329106,酒房,镇
610330100,双石铺,镇
610330101,凤州,镇
610330102,黄牛铺,镇
610330103,红花铺,镇
610330104,河口,镇
610330105,唐藏,镇
610330106,平木,镇
610330107,坪坎,镇
610330111,留凤关,镇
610331100,嘴头,镇
610331101,桃川,镇
610331103,靖口,镇
610331104,太白河,镇
610331105,鹦鸽,镇
610331106,王家堎,镇
610331107,黄柏塬,镇
610402001,人民路,街道
610402002,西兰路,街道
610402003,吴家堡,街道
610402004,渭阳西路,街道
610402005,陈杨寨,街道
610402006,古渡,街道
610402007,上林,街道
610402008,钓台,街道
610402009,马泉,街道
610402010,渭滨,街道
610402011,双照,街道
610402012,马庄,街道
610403001,杨陵,街道
610403002,李台,街道
610403003,大寨,街道
610403100,五泉,镇
610403102,揉谷,镇
610404001,中山街,街道
610404002,文汇路,街道
610404003,新兴路,街道
610404004,渭阳,街道
610404005,渭城,街道
610404006,窑店,街道
610404007,正阳,街道
610404008,周陵,街道
610404009,底张,街道
610404010,北杜,街道
610422001,城关,街道
610422102,陂西,镇
610422103,独李,镇
610422104,大程,镇
610422105,西阳,镇
610422106,鲁桥,镇
610422107,陵前,镇
610422109,新兴,镇
610422110,嵯峨,镇
610422111,渠岸,镇
610422601,安乐,镇
610423001,泾干,街道
610423101,永乐,镇
610423102,云阳,镇
610423103,桥底,镇
610423104,王桥,镇
610423105,口,镇
610423107,三渠,镇
610423108,高庄,镇
610423111,太平,镇
610423112,崇文,镇
610423114,安吴,镇
610423115,中张,镇
610423116,兴隆,镇
610424001,城关,街道
610424101,薛录,镇
610424102,梁村,镇
610424103,临平,镇
610424104,姜村,镇
610424105,王村,镇
610424106,马连,镇
610424107,阳峪,镇
610424108,峰阳,镇
610424109,注泔,镇
610424110,灵源,镇
610424111,阳洪,镇
610424112,梁山,镇
610424113,周城,镇
610424114,新阳,镇
610424115,大杨,镇
610425001,城关,街道
610425101,史德,镇
610425102,西张堡,镇
610425103,阡东,镇
610425104,烽火,镇
610425105,烟霞,镇
610425106,赵,镇
610425107,昭陵,镇
610425108,叱干,镇
610425109,南坊,镇
610425110,石潭,镇
610425111,骏马,镇
610426001,监军,街道
610426101,店头,镇
610426102,常宁,镇
610426104,甘井,镇
610426105,马坊,镇
610426107,渠子,镇
610426110,永平,镇
610426603,仪井,镇
610426606,窦家,镇
610426608,御驾宫,镇
610426609,永太,镇
610428001,昭仁,街道
610428101,相公,镇
610428102,巨家,镇
610428103,丁家,镇
610428104,洪家,镇
610428105,亭口,镇
610428106,彭公,镇
610428108,枣园,镇
610428607,地掌,镇
610429001,城关,街道
610429101,土桥,镇
610429102,职田,镇
610429103,张洪,镇
610429104,太村,镇
610429105,郑家,镇
610429106,湫坡头,镇
610429107,底庙,镇
610429109,马栏,镇
610429110,清塬,镇
610429608,丈八寺,镇
610430001,城关,街道
610430101,官庄,镇
610430103,方里,镇
610430104,润,镇
610430105,车坞,镇
610430106,铁王,镇
610430107,石桥,镇
610430109,十里塬,镇
610430602,马家,镇
610430608,胡家庙,镇
610430610,卜家,镇
610430611,固贤,镇
610431001,普集,街道
610431101,苏坊,镇
610431102,武功,镇
610431103,游凤,镇
610431104,贞元,镇
610431105,长宁,镇
610431106,小村,镇
610431107,大庄,镇
610481001,东城,街道
610481002,西城,街道
610481003,店张,街道
610481004,马嵬,街道
610481005,西吴,街道
610481101,赵村,镇
610481102,桑,镇
610481104,南市,镇
610481105,庄头,镇
610481106,南位,镇
610481107,汤坊,镇
610481108,丰仪,镇
610481109,阜寨,镇
610482001,城关,街道
610482002,豳风,街道
610482100,北极,镇
610482101,新民,镇
610482102,龙高,镇
610482103,永乐,镇
610482104,义门,镇
610482105,水口,镇
610482106,韩家,镇
610482107,太峪,镇
610502001,杜桥,街道
610502002,人民,街道
610502003,解放,街道
610502004,向阳,街道
610502005,站南,街道
610502006,双王,街道
610502007,崇业路,街道
610502008,良田,街道
610502009,辛市,街道
610502010,龙背,街道
610502011,阳曲,街道
610502012,信义,街道
610502013,白杨,街道
610502100,桥南,镇
610502101,阳郭,镇
610502102,故市,镇
610502103,下邽,镇
610502104,三张,镇
610502105,交斜,镇
610502107,崇凝,镇
610502108,孝义,镇
610502109,蔺店,镇
610502111,官底,镇
610502112,官路,镇
610502113,丰原,镇
610502114,阎村,镇
610502116,官道,镇
610503001,华州,街道
610503100,杏林,镇
610503101,赤水,镇
610503102,高塘,镇
610503103,大明,镇
610503104,瓜坡,镇
610503105,莲花寺,镇
610503106,柳枝,镇
610503107,下庙,镇
610503108,金堆,镇
610522001,城关,街道
610522100,桐峪,镇
610522101,太要,镇
610522103,秦东,镇
610522104,代字营,镇
610522605,安乐,镇
610523001,城关,街道
610523104,两宜,镇
610523107,冯村,镇
610523108,双泉,镇
610523112,范家,镇
610523113,官池,镇
610523114,韦林,镇
610523115,羌白,镇
610523116,下寨,镇
610523117,安仁,镇
610523118,许庄,镇
610523119,朝邑,镇
610523120,埝桥,镇
610523121,段家,镇
610523122,苏村,镇
610523125,赵渡,镇
610523624,平民,镇
610524001,城关,街道
610524101,甘井,镇
610524102,坊,镇
610524103,洽川,镇
610524104,新池,镇
610524105,黑池,镇
610524106,路井,镇
610524107,和家庄,镇
610524108,王村,镇
610524110,同家庄,镇
610524111,百良,镇
610524112,金峪,镇
610525001,城关,街道
610525101,冯原,镇
610525102,王庄,镇
610525103,尧头,镇
610525104,赵庄,镇
610525105,交道,镇
610525106,寺前,镇
610525107,韦庄,镇
610525108,安里,镇
610525109,庄头,镇
610526001,城关,街道
610526101,罕井,镇
610526102,孙,镇
610526103,兴,镇
610526104,党睦,镇
610526105,高阳,镇
610526106,永丰,镇
610526107,荆姚,镇
610526108,苏坊,镇
610526109,龙阳,镇
610526112,洛滨,镇
610526113,陈庄,镇
610526116,龙池,镇
610526117,椿林,镇
610526118,桥陵,镇
610526119,尧山,镇
610527001,城关,街道
610527102,尧禾,镇
610527103,杜康,镇
610527104,西固,镇
610527106,林皋,镇
610527107,史官,镇
610527108,北塬,镇
610527110,雷牙,镇
610527609,云台,镇
610528001,城关,街道
610528101,庄里,镇
610528102,张桥,镇
610528103,美原,镇
610528105,淡村,镇
610528107,留古,镇
610528108,老庙,镇
610528109,薛,镇
610528111,曹村,镇
610528112,宫里,镇
610528113,梅家坪,镇
610528114,刘集,镇
610528115,齐村,镇
610528118,到贤,镇
610528119,流曲,镇
610528616,小惠,镇
610581001,新城,街道
610581002,金城,街道
610581100,龙门,镇
610581101,桑树坪,镇
610581103,芝川,镇
610581104,西庄,镇
610581106,芝阳,镇
610581108,板桥,镇
610582001,太华路,街道
610582002,岳庙,街道
610582100,孟塬,镇
610582103,华西,镇
610582104,华山,镇
610582105,罗敷,镇
610602001,宝塔山,街道
610602002,南市,街道
610602003,凤凰山,街道
610602004,桥沟,街道
610602005,枣园,街道
610602006,新城,街道
610602007,肤施,街道
610602102,河庄坪,镇
610602103,李渠,镇
610602105,青化砭,镇
610602107,柳林,镇
610602110,甘谷驿,镇
610602111,临,镇
610602112,蟠龙,镇
610602113,姚店,镇
610602114,南泥湾,镇
610602115,川口,镇
610602116,麻洞川,镇
610602117,万花山,镇
610602202,冯庄,乡
610602604,梁村,乡
610603001,真武洞,街道
610603002,金明,街道
610603003,白坪,街道
610603101,砖窑湾,镇
610603102,沿河湾,镇
610603104,化子坪,镇
610603106,建华,镇
610603107,招安,镇
610603108,高桥,镇
610603109,坪桥,镇
610603110,镰刀湾,镇
610621001,七里村,街道
610621101,黑家堡,镇
610621102,郑庄,镇
610621103,张家滩,镇
610621104,交口,镇
610621106,罗子山,镇
610621107,雷赤,镇
610621108,安沟,镇
610621600,郭旗,乡
610622001,大禹,街道
610622101,永坪,镇
610622102,延水关,镇
610622103,文安驿,镇
610622104,杨家圪坮,镇
610622105,贾家坪,镇
610622107,关庄,镇
610622108,乾坤湾,镇
610625001,保安,街道
610625103,旦八,镇
610625104,金鼎,镇
610625105,永宁,镇
610625106,杏河,镇
610625107,顺宁,镇
610625108,义正,镇
610625109,双河,镇
610626001,吴起,街道
610626102,周湾,镇
610626103,白豹,镇
610626104,长官庙,镇
610626105,长城,镇
610626108,铁边城,镇
610626109,吴仓堡,镇
610626110,庙沟,镇
610626111,五谷城,镇
610627001,美水,街道
610627101,下寺湾,镇
610627102,道,镇
610627103,石门,镇
610627200,桥镇,乡
610627203,劳山,乡
610627600,城关,镇
610628001,茶坊,街道
610628102,张村驿,镇
610628103,张家湾,镇
610628104,直罗,镇
610628106,牛武,镇
610628110,寺仙,镇
610628111,羊泉,镇
610628204,北道德,乡
610628607,交道,镇
610628608,吉子现,镇
610629001,凤栖,街道
610629101,旧县,镇
610629102,交口河,镇
610629103,老庙,镇
610629104,土基,镇
610629105,石头,镇
610629106,槐柏,镇
610629107,永乡,镇
610629108,菩提,镇
610629601,黄章,乡
610629604,杨舒,乡
610629608,朱牛,乡
610630001,丹州,街道
610630101,秋林,镇
610630104,集义,镇
610630105,云岩,镇
610630106,壶口,镇
610630200,英旺,乡
610630201,交里,乡
610631100,石堡,镇
610631101,白马滩,镇
610631102,瓦子街,镇
610631104,界头庙,镇
610631105,三岔,镇
610631205,圪台,乡
610631206,崾崄,乡
610632001,桥山,街道
610632101,店头,镇
610632102,隆坊,镇
610632103,田庄,镇
610632104,阿党,镇
610632105,双龙,镇
610681001,瓦窑堡,街道
610681002,秀延,街道
610681003,栾家坪,街道
610681102,玉家湾,镇
610681103,安定,镇
610681104,马家砭,镇
610681105,南沟岔,镇
610681106,涧峪岔,镇
610681107,李家岔,镇
610681108,杨家园则,镇
610681109,余家坪,镇
610702001,北关,街道
610702002,东大街,街道
610702003,汉中路,街道
610702004,中山街,街道
610702005,东关,街道
610702006,龙江,街道
610702007,鑫源,街道
610702008,七里,街道
610702100,铺,镇
610702101,武乡,镇
610702102,河东店,镇
610702104,宗营,镇
610702105,老君,镇
610702106,汉王,镇
610702107,徐望,镇
610703001,汉山,街道
610703002,中所营,街道
610703101,圣水,镇
610703102,大河坎,镇
610703103,协税,镇
610703104,梁山,镇
610703105,阳春,镇
610703106,高台,镇
610703107,新集,镇
610703108,濂水,镇
610703109,黄官,镇
610703110,青树,镇
610703111,红庙,镇
610703112,牟家坝,镇
610703113,法,镇
610703114,湘水,镇
610703115,小南海,镇
610703116,碑坝,镇
610703117,黎坪,镇
610703118,福成,镇
610703119,两河,镇
610703120,胡家营,镇
610722001,莲花,街道
610722002,博望,街道
610722101,龙头,镇
610722102,沙河营,镇
610722103,文川,镇
610722104,柳林,镇
610722105,老庄,镇
610722107,桔园,镇
610722108,原公,镇
610722109,上元观,镇
610722110,天明,镇
610722111,二里,镇
610722112,五堵,镇
610722114,双溪,镇
610722116,小河,镇
610722118,三合,镇
610722119,董家营,镇
610723001,洋州,街道
610723002,戚氏,街道
610723003,纸坊,街道
610723103,龙亭,镇
610723104,谢村,镇
610723105,马畅,镇
610723107,溢水,镇
610723108,磨子桥,镇
610723109,黄家营,镇
610723110,黄安,镇
610723111,黄金峡,镇
610723112,槐树关,镇
610723113,金水,镇
610723114,华阳,镇
610723115,茅坪,镇
610723119,关帝,镇
610723120,桑溪,镇
610723121,八里关,镇
610723616,白石,镇
610723617,长溪,镇
610723618,四郎,镇
610724001,城北,街道
610724002,城南,街道
610724101,杨河,镇
610724102,柳树,镇
610724103,沙河,镇
610724104,私渡,镇
610724105,桑园,镇
610724106,白龙塘,镇
610724108,峡口,镇
610724109,堰口,镇
610724110,茶,镇
610724111,高川,镇
610724112,两河口,镇
610724114,大河,镇
610724116,骆家坝,镇
610724117,子午,镇
610724118,白勉峡,镇
610725001,勉阳,街道
610725101,武侯,镇
610725102,周家山,镇
610725103,同沟寺,镇
610725105,新街子,镇
610725106,老道寺,镇
610725107,褒城,镇
610725109,金泉,镇
610725110,定军山,镇
610725111,温泉,镇
610725112,元墩,镇
610725113,阜川,镇
610725114,新铺,镇
610725116,茶店,镇
610725117,镇川,镇
610725118,长沟河,镇
610725119,张家河,镇
610725120,漆树坝,镇
610726001,高寨子,街道
610726002,汉源,街道
610726102,大安,镇
610726103,代家坝,镇
610726104,阳平关,镇
610726105,燕子砭,镇
610726106,广坪,镇
610726107,青木川,镇
610726108,毛坝河,镇
610726109,铁锁关,镇
610726110,胡家坝,镇
610726111,巴山,镇
610726112,巨亭,镇
610726113,舒家坝,镇
610726116,太阳岭,镇
610726118,安乐河,镇
610726119,禅家岩,镇
610726120,二郎坝,镇
610727001,兴州,街道
610727002,横现河,街道
610727101,接官亭,镇
610727103,两河口,镇
610727104,金家河,镇
610727105,徐家坪,镇
610727106,白水江,镇
610727107,硖口驿,镇
610727109,乐素河,镇
610727110,郭,镇
610727111,黑河,镇
610727112,白雀寺,镇
610727113,西淮坝,镇
610727114,五龙洞,镇
610727115,观音寺,镇
610727116,马蹄湾,镇
610727117,仙台坝,镇
610727600,城关,镇
610727608,何家岩,镇
610728001,泾洋,街道
610728101,渔渡,镇
610728102,盐场,镇
610728103,观音,镇
610728104,巴庙,镇
610728105,兴隆,镇
610728106,长岭,镇
610728107,三元,镇
610728108,简池,镇
610728109,碾子,镇
610728110,小洋,镇
610728111,青水,镇
610728112,永乐,镇
610728114,杨家河,镇
610728115,赤南,镇
610728116,巴山,镇
610728117,大池,镇
610728118,平安,镇
610728119,仁村,镇
610728120,黎坝,镇
610729001,紫柏,街道
610729101,马道,镇
610729102,武关驿,镇
610729103,留侯,镇
610729104,江口,镇
610729105,青桥驿,镇
610729106,火烧店,镇
610729107,玉皇庙,镇
610729600,城关,镇
610730001,袁家庄,街道
610730101,陈家坝,镇
610730102,大河坝,镇
610730103,西岔河,镇
610730104,长角坝,镇
610730106,石墩河,镇
610730107,岳坝,镇
610802001,鼓楼,街道
610802002,青山路,街道
610802003,上郡路,街道
610802004,新明楼,街道
610802005,航宇路,街道
610802006,崇文路,街道
610802007,驼峰路,街道
610802008,长城路,街道
610802009,金沙路,街道
610802010,朝阳路,街道
610802011,沙河路,街道
610802012,明珠路,街道
610802100,鱼河,镇
610802101,上盐湾,镇
610802102,镇川,镇
610802105,麻黄梁,镇
610802106,牛家梁,镇
610802107,金鸡滩,镇
610802108,马合,镇
610802109,巴拉素,镇
610802111,鱼河峁,镇
610802112,大河塔,镇
610802113,古塔,镇
610802114,青云,镇
610802118,小纪汗,镇
610802119,芹河,镇
610802205,孟家湾,乡
610802206,小壕兔,乡
610802207,岔河则,乡
610802208,补浪河,乡
610802209,红石桥,乡
610803001,城关,街道
610803002,怀远,街道
610803003,夏州,街道
610803004,怀仁路,街道
610803005,崇德路,街道
610803101,石湾,镇
610803102,高,镇
610803103,武,镇
610803104,党岔,镇
610803105,响水,镇
610803106,波罗,镇
610803107,殿市,镇
610803108,塔湾,镇
610803109,赵石畔,镇
610803110,韩岔,镇
610803111,魏家楼,镇
610803112,雷龙湾,镇
610803113,白界,镇
610803600,横山,镇
610822100,府谷,镇
610822101,黄甫,镇
610822103,哈,镇
610822104,庙沟门,镇
610822105,新民,镇
610822106,孤山,镇
610822108,清水,镇
610822109,古城,镇
610822110,三道沟,镇
610822112,大昌汗,镇
610822113,老高川,镇
610822114,武家庄,镇
610822115,木瓜,镇
610822116,田家寨,镇
610824001,张家畔,街道
610824101,东坑,镇
610824102,青阳岔,镇
610824103,宁条梁,镇
610824104,周河,镇
610824105,红墩界,镇
610824106,杨桥畔,镇
610824107,王渠则,镇
610824108,中山涧,镇
610824109,杨米涧,镇
610824110,天赐湾,镇
610824111,龙洲,镇
610824112,海则滩,镇
610824113,黄蒿界,镇
610824114,席麻湾,镇
610824115,小河,镇
610824116,镇靖,镇
610825001,定边,街道
610825101,贺圈,镇
610825102,红柳沟,镇
610825103,砖井,镇
610825104,白泥井,镇
610825105,安边,镇
610825106,堆子梁,镇
610825107,白湾子,镇
610825108,姬塬,镇
610825109,杨井,镇
610825110,新安边,镇
610825111,张崾先,镇
610825112,樊学,镇
610825113,盐场堡,镇
610825114,郝滩,镇
610825115,石洞沟,镇
610825116,冯地坑,镇
610825204,油房庄,乡
610825210,学庄,乡
610825605,纪畔,乡
610826101,薛家峁,镇
610826102,崔家湾,镇
610826103,定仙墕,镇
610826104,枣林坪,镇
610826105,义合,镇
610826106,吉镇,镇
610826107,薛家河,镇
610826109,石家湾,镇
610826110,田庄,镇
610826112,中角,镇
610826113,四十里铺,镇
610826114,名州,镇
610826115,张家砭,镇
610826116,白家硷,镇
610826117,满堂川,镇
610826606,韭园沟,乡
610827001,银州,街道
610827101,桃,镇
610827102,龙,镇
610827103,杨家沟,镇
610827104,杜家石沟,镇
610827105,沙家店,镇
610827106,印斗,镇
610827107,郭兴庄,镇
610827108,城郊,镇
610827601,桥河岔,乡
610827604,十里铺,乡
610828001,佳州,街道
610828101,坑,镇
610828102,店,镇
610828103,乌,镇
610828104,金明寺,镇
610828105,通,镇
610828106,王家砭,镇
610828107,方塌,镇
610828108,朱官寨,镇
610828109,朱家坬,镇
610828110,螅,镇
610828111,刘国具,镇
610828112,木头峪,镇
610829001,宋家川,街道
610829101,辛家沟,镇
610829102,郭家沟,镇
610829103,寇家塬,镇
610829104,岔上,镇
610829105,张家山,镇
610830100,宽州,镇
610830101,石咀驿,镇
610830102,折家坪,镇
610830103,玉家河,镇
610830104,高杰村,镇
610830105,李家塔,镇
610830106,店则沟,镇
610830107,解家沟,镇
610830108,下廿里铺,镇
610831001,双湖峪,街道
610831101,何家集,镇
610831102,老君殿,镇
610831103,裴家湾,镇
610831104,苗家坪,镇
610831105,三川口,镇
610831106,马蹄沟,镇
610831107,周家硷,镇
610831108,电市,镇
610831109,砖庙,镇
610831110,淮宁湾,镇
610831111,马岔,镇
610831200,驼耳巷,乡
610831605,槐树岔,乡
610881001,滨河新区,街道
610881002,西沙,街道
610881003,麟州,街道
610881004,迎宾路,街道
610881005,永兴,街道
610881006,西沟,街道
610881101,高家堡,镇
610881102,店塔,镇
610881103,孙家岔,镇
610881104,大柳塔,镇
610881105,花石崖,镇
610881106,中鸡,镇
610881107,贺家川,镇
610881108,尔林兔,镇
610881109,万,镇
610881110,大保当,镇
610881111,马,镇
610881112,栏杆堡,镇
610881113,沙峁,镇
610881114,锦界,镇
610881600,神木,镇
610902001,老城,街道
610902002,新城,街道
610902003,江北,街道
610902004,建民,街道
610902100,关庙,镇
610902101,张滩,镇
610902102,瀛湖,镇
610902104,五里,镇
610902107,恒口,镇
610902109,吉河,镇
610902110,流水,镇
610902111,大竹园,镇
610902112,洪山,镇
610902114,茨沟,镇
610902115,大河,镇
610902116,沈坝,镇
610902117,双龙,镇
610902118,叶坪,镇
610902119,中原,镇
610902120,早阳,镇
610902122,石梯,镇
610902123,关家,镇
610902124,县河,镇
610902126,晏坝,镇
610902128,谭坝,镇
610902129,坝河,镇
610902131,牛蹄,镇
610902132,紫荆,镇
610921100,城关,镇
610921101,涧池,镇
610921102,蒲溪,镇
610921103,平梁,镇
610921104,双乳,镇
610921105,铁佛寺,镇
610921107,漩涡,镇
610921108,汉阳,镇
610921110,双河口,镇
610921112,观音河,镇
610922100,城关,镇
610922101,饶峰,镇
610922102,两河,镇
610922103,迎丰,镇
610922104,池河,镇
610922105,后柳,镇
610922106,喜河,镇
610922107,熨斗,镇
610922108,云雾山,镇
610922109,曾溪,镇
610922110,中池,镇
610923100,城关,镇
610923101,四亩地,镇
610923102,江口|回族,镇
610923104,广货街,镇
610923105,龙王,镇
610923106,筒车湾,镇
610923108,金川,镇
610923109,皇冠,镇
610923111,梅子,镇
610923112,新场,镇
610923113,太山庙,镇
610924100,城关,镇
610924101,蒿坪,镇
610924102,汉王,镇
610924103,焕古,镇
610924104,向阳,镇
610924105,洞河,镇
610924106,洄水,镇
610924108,双桥,镇
610924109,高桥,镇
610924110,红椿,镇
610924111,高滩,镇
610924112,毛坝,镇
610924113,瓦庙,镇
610924114,麻柳,镇
610924115,双安,镇
610924116,东木,镇
610924122,界岭,镇
610925100,城关,镇
610925101,佐龙,镇
610925103,滔河,镇
610925104,官元,镇
610925105,石门,镇
610925106,民主,镇
610925107,大道河,镇
610925108,蔺河,镇
610925110,四季,镇
610925111,孟石岭,镇
610925113,堰门,镇
610925115,南宫山,镇
610926100,城关,镇
610926101,兴隆,镇
610926102,老县,镇
610926103,大贵,镇
610926104,三阳,镇
610926105,洛河,镇
610926106,广佛,镇
610926107,八仙,镇
610926108,长安,镇
610926109,西河,镇
610926110,正阳,镇
610927100,城关,镇
610927101,曾家,镇
610927102,牛头店,镇
610927103,钟宝,镇
610927105,上竹,镇
610927106,曙坪,镇
610927108,华坪,镇
610929100,城关,镇
610929101,中厂,镇
610929102,构朳,镇
610929103,卡子,镇
610929104,茅坪,镇
610929105,宋家,镇
610929106,西营,镇
610929107,仓上,镇
610929109,双丰,镇
610929111,麻虎,镇
610929112,冷水,镇
610981100,城关,镇
610981101,棕溪,镇
610981102,关口,镇
610981103,蜀河,镇
610981104,双河,镇
610981105,小河,镇
610981106,赵湾,镇
610981107,麻坪,镇
610981108,甘溪,镇
610981109,白柳,镇
610981110,吕河,镇
610981111,神河,镇
610981112,铜钱关,镇
610981113,段家河,镇
610981114,金寨,镇
610981115,桐木,镇
610981116,仙河,镇
610981117,构元,镇
610981118,石门,镇
610981119,红军,镇
610981120,仁河口,镇
611002001,城关,街道
611002002,大赵峪,街道
611002003,陈塬,街道
611002004,刘湾,街道
611002101,夜村,镇
611002104,沙河子,镇
611002105,杨峪河,镇
611002106,金陵寺,镇
611002107,黑山,镇
611002108,杨斜,镇
611002109,麻街,镇
611002111,牧护关,镇
611002112,大荆,镇
611002113,腰市,镇
611002114,板桥,镇
611002115,北宽坪,镇
611002119,三岔河,镇
611002121,闫村,镇
611021001,城关,街道
611021002,四皓,街道
611021101,景村,镇
611021102,古城,镇
611021103,三要,镇
611021104,灵口,镇
611021106,寺耳,镇
611021107,巡检,镇
611021108,石坡,镇
611021109,石门,镇
611021110,麻坪,镇
611021111,洛源,镇
611021112,保安,镇
611021114,永丰,镇
611021115,高耀,镇
611021116,柏峪寺,镇
611022001,龙驹寨,街道
611022101,庾岭,镇
611022102,蔡川,镇
611022103,峦庄,镇
611022104,铁峪铺,镇
611022105,武关,镇
611022106,竹林关,镇
611022107,土门,镇
611022108,寺坪,镇
611022109,商,镇
611022110,棣花,镇
611022114,花瓶子,镇
611023001,城关,街道
611023101,富水,镇
611023102,湘河,镇
611023104,赵川,镇
611023106,金丝峡,镇
611023107,过风楼,镇
611023108,试马,镇
611023109,清油河,镇
611023110,十里坪,镇
611023111,青山,镇
611024001,城关,街道
611024002,十里铺,街道
611024101,高坝店,镇
611024102,天竺山,镇
611024103,中村,镇
611024104,银花,镇
611024105,西照川,镇
611024106,漫川关,镇
611024107,南宽坪,镇
611024108,户家塬,镇
611024109,杨地,镇
611024111,小河口,镇
611024112,色河铺,镇
611024113,板岩,镇
611024116,延坪,镇
611024118,两岭,镇
611024119,王阎,镇
611024122,法官,镇
611025001,永乐,街道
611025101,回龙,镇
611025102,铁厂,镇
611025103,大坪,镇
611025104,米粮,镇
611025105,茅坪|回族,镇
611025106,西口|回族,镇
611025107,高峰,镇
611025108,青铜关,镇
611025109,柴坪,镇
611025110,达仁,镇
611025111,木王,镇
611025113,云盖寺,镇
611025114,庙沟,镇
611025117,月河,镇
611025612,东川,镇
611025616,灵龙,镇
611026001,乾佑,街道
611026101,营盘,镇
611026102,下梁,镇
611026104,小岭,镇
611026105,凤凰,镇
611026106,红岩寺,镇
611026107,曹坪,镇
611026109,杏坪,镇
611026110,瓦房口,镇
620102001,酒泉路,街道
620102002,张掖路,街道
620102003,雁南,街道
620102004,临夏路,街道
620102005,雁北,街道
620102006,五泉,街道
620102007,白银路,街道
620102008,皋兰路,街道
620102009,广武门,街道
620102010,伏龙坪,街道
620102011,靖远路,街道
620102012,草场街,街道
620102013,火车站,街道
620102014,拱星墩,街道
620102015,东岗,街道
620102016,团结新村,街道
620102017,东岗西路,街道
620102018,铁路东村,街道
620102019,铁路西村,街道
620102020,渭源路,街道
620102021,盐场路,街道
620102022,嘉峪关路,街道
620102023,焦家湾,街道
620102024,青白石,街道
620102025,高新区,街道
620102026,雁园,街道
620103001,秀川,街道
620103002,西园,街道
620103003,西湖,街道
620103004,建兰路,街道
620103005,敦煌路,街道
620103006,西站,街道
620103007,晏家坪,街道
620103008,龚家湾,街道
620103009,土门墩,街道
620103100,阿干,镇
620103101,八里,镇
620103102,彭家坪,镇
620103103,西果园,镇
620103104,黄峪,镇
620103201,魏岭,乡
620104001,陈坪,街道
620104002,先锋路,街道
620104003,福利路,街道
620104004,西固城,街道
620104005,临洮街,街道
620104006,西柳沟,街道
620104007,四季青,街道
620104100,新城,镇
620104101,东川,镇
620104102,河口,镇
620104103,达川,镇
620104104,柳泉,镇
620104203,金沟,乡
620105001,培黎,街道
620105002,安宁西路,街道
620105003,沙井驿,街道
620105004,十里店,街道
620105005,孔家崖,街道
620105006,银滩路,街道
620105007,刘家堡,街道
620105008,安宁堡,街道
620105100,忠和,镇
620105101,九合,镇
620111001,窑街,街道
620111002,下窑,街道
620111003,矿区,街道
620111004,华龙,街道
620111100,海石湾,镇
620111101,花庄,镇
620111102,平安,镇
620111103,红古,镇
620121100,城关,镇
620121101,红城,镇
620121102,中堡,镇
620121103,武胜驿,镇
620121104,河桥,镇
620121105,连城,镇
620121106,苦水,镇
620121109,大同,镇
620121110,龙泉寺,镇
620121111,树屏,镇
620121113,柳树,镇
620121114,通远,镇
620121203,坪城,乡
620121205,民乐,乡
620121208,七山,乡
620122101,西岔,镇
620122103,什川,镇
620122104,石洞,镇
620122106,水阜,镇
620122107,黑石,镇
620122108,中川,镇
620122109,秦川,镇
620122110,上川,镇
620123100,城关,镇
620123101,夏官营,镇
620123102,高崖,镇
620123103,金崖,镇
620123104,和平,镇
620123105,甘草店,镇
620123106,青城,镇
620123107,定远,镇
620123108,连搭,镇
620123109,新营,镇
620123110,贡井,镇
620123200,小康营,乡
620123202,马坡,乡
620123204,清水驿,乡
620123205,龙泉,乡
620123206,韦营,乡
620123207,中连川,乡
620123209,园子岔,乡
620123210,上花岔,乡
620123211,哈岘,乡
620200001,第一,街道
620200002,雄关,街道
620200003,钢城,街道
620200100,峪泉,镇
620200101,新城,镇
620200102,文殊,镇
620302001,滨河路,街道
620302002,桂林路,街道
620302003,北京路,街道
620302004,金川路,街道
620302005,新华路,街道
620302006,广州路,街道
620302100,宁远堡,镇
620302101,双湾,镇
620321100,城关,镇
620321101,河西堡,镇
620321102,新城子,镇
620321103,朱王堡,镇
620321104,东寨,镇
620321105,水源,镇
620321106,红山窑,镇
620321107,焦家庄,镇
620321108,六坝,镇
620321203,南坝,乡
620402001,人民路,街道
620402002,公园路,街道
620402003,四龙路,街道
620402004,工农路,街道
620402005,纺织路,街道
620402100,水川,镇
620402101,四龙,镇
620402102,王岘,镇
620402201,强湾,乡
620402202,武川,乡
620403001,长征,街道
620403002,电力路,街道
620403003,红会路,街道
620403004,兴平路,街道
620403100,王家山,镇
620403101,水泉,镇
620403102,共和,镇
620403103,宝积,镇
620403104,黄峤,镇
620403204,种田,乡
620403205,复兴,乡
620421100,乌兰,镇
620421101,北湾,镇
620421102,东湾,镇
620421103,刘川,镇
620421104,北滩,镇
620421105,平堡,镇
620421106,糜滩,镇
620421107,三滩,镇
620421108,大芦,镇
620421109,双龙,镇
620421110,东升,镇
620421111,高湾,镇
620421112,五合,镇
620421206,兴隆,乡
620421208,石门,乡
620421211,靖安,乡
620421215,永新,乡
620421216,若笠,乡
620422100,会师,镇
620422101,郭城驿,镇
620422102,河畔,镇
620422103,头寨子,镇
620422104,太平店,镇
620422105,甘沟驿,镇
620422106,柴家门,镇
620422107,侯家川,镇
620422108,中川,镇
620422109,汉家岔,镇
620422110,刘家寨子,镇
620422111,白草塬,镇
620422112,大沟,镇
620422113,四房吴,镇
620422114,老君坡,镇
620422115,平头川,镇
620422116,杨崖集,镇
620422117,丁家沟,镇
620422118,翟家所,镇
620422119,韩家集,镇
620422120,土门岘,镇
620422121,新塬,镇
620422122,草滩,镇
620422123,新庄,镇
620422202,新添堡|回族,乡
620422204,党家岘,乡
620422213,八里湾,乡
620422225,土高山,乡
620423100,一条山,镇
620423101,芦阳,镇
620423102,上沙沃,镇
620423103,喜泉,镇
620423104,草窝滩,镇
620423105,红水,镇
620423106,正路,镇
620423107,中泉,镇
620423108,寺滩,镇
620423205,五佛,乡
620423207,漫水滩,乡
620502001,大城,街道
620502002,七里墩,街道
620502003,东关,街道
620502004,中城,街道
620502005,西关,街道
620502006,石马坪,街道
620502007,天水郡,街道
620502100,玉泉,镇
620502101,皂郊,镇
620502102,太京,镇
620502103,藉口,镇
620502104,关子,镇
620502105,牡丹,镇
620502106,天水,镇
620502107,平南,镇
620502108,娘娘坝,镇
620502109,汪川,镇
620502110,中梁,镇
620502111,大门,镇
620502112,杨家寺,镇
620502113,齐寿,镇
620502114,秦岭,镇
620502115,华岐,镇
620503001,道北,街道
620503002,北道埠,街道
620503003,桥南,街道
620503100,社棠,镇
620503101,马跑泉,镇
620503102,花牛,镇
620503103,渭南,镇
620503104,中滩,镇
620503105,新阳,镇
620503106,元龙,镇
620503107,伯阳,镇
620503108,甘泉,镇
620503109,麦积,镇
620503110,东岔,镇
620503111,石佛,镇
620503112,三岔,镇
620503113,利桥,镇
620503114,琥珀,镇
620503115,五龙,镇
620503116,党川,镇
620521100,永清,镇
620521101,红堡,镇
620521102,白驼,镇
620521103,金集,镇
620521104,秦亭,镇
620521105,山门,镇
620521106,白沙,镇
620521107,王河,镇
620521108,郭川,镇
620521109,黄门,镇
620521110,松树,镇
620521111,远门,镇
620521112,土门,镇
620521113,草川铺,镇
620521114,陇东,镇
620521206,贾川,乡
620521207,丰望,乡
620521211,新城,乡
620522100,兴国,镇
620522101,陇城,镇
620522102,莲花,镇
620522103,郭嘉,镇
620522104,西川,镇
620522105,五营,镇
620522106,叶堡,镇
620522107,魏店,镇
620522108,千户,镇
620522109,兴丰,镇
620522110,安伏,镇
620522111,王尹,镇
620522112,刘坪,镇
620522113,王窑,镇
620522114,中山,镇
620522115,王铺,镇
620522116,云山,镇
620523100,大像山,镇
620523101,新兴,镇
620523102,磐安,镇
620523103,六峰,镇
620523104,安远,镇
620523105,金山,镇
620523106,大石,镇
620523107,礼辛,镇
620523108,武家河,镇
620523109,大庄,镇
620523110,古坡,镇
620523111,八里湾,镇
620523112,西坪,镇
620523200,谢家湾,乡
620523207,白家湾,乡
620524100,城关,镇
620524101,鸳鸯,镇
620524102,洛门,镇
620524103,马力,镇
620524104,滩歌,镇
620524105,四门,镇
620524106,山丹,镇
620524107,温泉,镇
620524108,龙台,镇
620524109,桦林,镇
620524110,榆盘,镇
620524111,高楼,镇
620524112,杨河,镇
620524206,嘴头,乡
620524208,沿安,乡
620525100,张家川,镇
620525101,龙山,镇
620525102,恭门,镇
620525103,马鹿,镇
620525104,马关,镇
620525105,梁山,镇
620525106,刘堡,镇
620525107,胡川,镇
620525108,大阳,镇
620525109,川王,镇
620525202,张棉驿,乡
620525204,木河,乡
620525205,阎家,乡
620525209,连五,乡
620525211,平安,乡
620602001,东大街,街道
620602002,西大街,街道
620602003,东关街,街道
620602004,西关街,街道
620602005,火车站街,街道
620602006,地质新村街,街道
620602007,荣华,街道
620602008,黄羊河,街道
620602009,宣武街,街道
620602100,黄羊,镇
620602101,武南,镇
620602102,清源,镇
620602103,永昌,镇
620602104,双城,镇
620602105,丰乐,镇
620602106,高坝,镇
620602107,金羊,镇
620602108,和平,镇
620602109,羊下坝,镇
620602110,中坝,镇
620602111,永丰,镇
620602112,古城,镇
620602113,张义,镇
620602114,发放,镇
620602115,西营,镇
620602116,四坝,镇
620602117,洪祥,镇
620602118,谢河,镇
620602119,金沙,镇
620602120,怀安,镇
620602121,河东,镇
620602122,松树,镇
620602123,清水,镇
620602124,下双,镇
620602125,五和,镇
620602126,长城,镇
620602127,吴家井,镇
620602128,金河,镇
620602129,新华,镇
620602130,金塔,镇
620602131,大柳,镇
620602132,康宁,镇
620602133,九墩,镇
620602134,柏树,镇
620602135,韩佐,镇
620602136,金山,镇
620621101,东坝,镇
620621102,泉山,镇
620621103,西渠,镇
620621104,东湖,镇
620621105,三雷,镇
620621106,红砂岗,镇
620621107,昌宁,镇
620621108,重兴,镇
620621109,薛百,镇
620621110,大坝,镇
620621111,苏武,镇
620621112,大滩,镇
620621113,双茨科,镇
620621114,红沙梁,镇
620621115,蔡旗,镇
620621116,收成,镇
620621117,夹河,镇
620621118,南湖,镇
620622100,古浪,镇
620622101,泗水,镇
620622102,土门,镇
620622103,大靖,镇
620622104,裴家营,镇
620622105,海子滩,镇
620622106,定宁,镇
620622107,黄羊川,镇
620622108,黑松驿,镇
620622109,永丰滩,镇
620622110,黄花滩,镇
620622111,西靖,镇
620622112,民权,镇
620622113,直滩,镇
620622114,古丰,镇
620622115,新堡,镇
620622116,干城,镇
620622117,横梁,镇
620622215,十八里堡,乡
620623100,华藏寺,镇
620623101,打柴沟,镇
620623102,安远,镇
620623103,炭山岭,镇
620623104,哈溪,镇
620623105,松山,镇
620623106,赛什斯,镇
620623107,石门,镇
620623108,天堂,镇
620623109,朵什,镇
620623110,西大滩,镇
620623120,大红沟,镇
620623130,抓喜秀龙,镇
620623140,祁连,镇
620623203,东坪,乡
620623205,赛拉隆,乡
620623206,东大滩,乡
620623213,旦马,乡
620623214,毛藏,乡
620702001,东街,街道
620702002,南街,街道
620702003,西街,街道
620702004,北街,街道
620702005,火车站,街道
620702100,梁家墩,镇
620702101,上秦,镇
620702102,大满,镇
620702103,沙井,镇
620702104,乌江,镇
620702105,甘浚,镇
620702106,新墩,镇
620702107,党寨,镇
620702108,碱滩,镇
620702109,三闸,镇
620702110,小满,镇
620702111,长安,镇
620702112,明永,镇
620702201,平山湖|蒙古族,乡
620702202,龙渠,乡
620702203,安阳,乡
620702204,花寨,乡
620702207,靖安,乡
620721100,红湾寺,镇
620721101,皇城,镇
620721102,康乐,镇
620721103,明花,镇
620721200,马蹄|藏族,乡
620721202,白银|蒙古族,乡
620721203,大河,乡
620721205,祁丰|藏族,乡
620722101,洪水,镇
620722102,六坝,镇
620722103,新天,镇
620722104,南古,镇
620722105,永固,镇
620722106,三堡,镇
620722107,南丰,镇
620722108,民联,镇
620722109,顺化,镇
620722110,丰乐,镇
620723101,沙河,镇
620723102,新华,镇
620723103,蓼泉,镇
620723104,平川,镇
620723105,板桥,镇
620723106,鸭暖,镇
620723107,倪家营,镇
620724100,城关,镇
620724101,宣化,镇
620724102,南华,镇
620724103,巷道,镇
620724104,新坝,镇
620724105,骆驼城,镇
620724106,合黎,镇
620724107,黑泉,镇
620724108,罗城,镇
620725101,清泉,镇
620725102,位奇,镇
620725103,霍城,镇
620725104,陈户,镇
620725105,大马营,镇
620725106,东乐,镇
620725203,老军,乡
620725204,李桥,乡
620802001,东关,街道
620802002,中街,街道
620802003,西郊,街道
620802100,四十里铺,镇
620802101,崆峒,镇
620802102,草峰,镇
620802103,白水,镇
620802104,安国,镇
620802105,柳湖,镇
620802106,花所,镇
620802206,索罗,乡
620802208,西阳|回族,乡
620802209,大秦|回族,乡
620802210,白庙|回族,乡
620802211,寨河|回族,乡
620802212,香莲,乡
620802214,麻武,乡
620802216,峡门|回族,乡
620802217,上杨|回族,乡
620802219,大寨|回族,乡
620821100,城关,镇
620821101,玉都,镇
620821102,高平,镇
620821103,荔堡,镇
620821104,王村,镇
620821105,窑店,镇
620821106,党原,镇
620821107,丰台,镇
620821108,飞云,镇
620821109,汭丰,镇
620821110,太平,镇
620821204,罗汉洞,乡
620821205,泾明,乡
620821206,红河,乡
620822100,中台,镇
620822101,什字,镇
620822102,朝那,镇
620822103,邵寨,镇
620822104,独店,镇
620822105,西屯,镇
620822106,上良,镇
620822107,百里,镇
620822108,蒲窝,镇
620822206,新开,乡
620822207,梁原,乡
620822208,龙门,乡
620822210,星火,乡
620823100,锦屏,镇
620823101,新窑,镇
620823102,柏树,镇
620823103,黄寨,镇
620823205,黄花,乡
620823207,木林,乡
620825100,水洛,镇
620825101,南湖,镇
620825102,朱店,镇
620825103,万泉,镇
620825104,韩店,镇
620825105,卧龙,镇
620825106,阳川,镇
620825107,盘安,镇
620825108,通化,镇
620825109,大庄,镇
620825110,永宁,镇
620825111,良邑,镇
620825112,岳堡,镇
620825113,柳梁,镇
620825114,南坪,镇
620825201,杨河,乡
620825202,赵墩,乡
620825215,郑河,乡
620826100,城关,镇
620826101,威戎,镇
620826102,界石铺,镇
620826103,李店,镇
620826104,八里,镇
620826105,甘沟,镇
620826106,古城,镇
620826107,仁大,镇
620826108,城川,镇
620826109,曹务,镇
620826110,雷大,镇
620826111,四河,镇
620826112,细巷,镇
620826113,治平,镇
620826114,原安,镇
620826115,红寺,镇
620826116,双岘,镇
620826202,司桥,乡
620826209,余湾,乡
620826212,贾河,乡
620826214,深沟,乡
620826216,新店,乡
620826224,三合,乡
620826226,灵芝,乡
620881100,东华,镇
620881101,安口,镇
620881102,西华,镇
620881103,马峡,镇
620881104,策底,镇
620881105,上关,镇
620881106,河西,镇
620881200,神峪|回族,乡
620881201,山寨|回族,乡
620881202,砚峡,乡
620902001,东北,街道
620902002,东南,街道
620902003,工业园,街道
620902004,西北,街道
620902005,西南,街道
620902006,新城,街道
620902007,玉门油田生活基地,街道
620902100,西洞,镇
620902102,总寨,镇
620902103,金佛寺,镇
620902105,三墩,镇
620902106,上坝,镇
620902107,清水,镇
620902108,银达,镇
620902109,泉湖,镇
620902110,果园,镇
620902111,西峰,镇
620902112,铧尖,镇
620902113,东洞,镇
620902114,丰乐,镇
620902115,下河清,镇
620902207,黄泥堡|裕固族,乡
620921100,中东,镇
620921101,鼎新,镇
620921102,金塔,镇
620921103,东坝,镇
620921105,航天,镇
620921106,大庄子,镇
620921107,西坝,镇
620921204,古城,乡
620921209,羊井子湾,乡
620922100,渊泉,镇
620922101,柳园,镇
620922102,三道沟,镇
620922103,南岔,镇
620922104,锁阳城,镇
620922105,西湖,镇
620922106,河东,镇
620922107,腰站子|东乡族,镇
620922108,双塔,镇
620922109,瓜州,镇
620922201,布隆吉,乡
620922206,七墩|回族|东乡族,乡
620922207,广至|藏族,乡
620922208,梁湖,乡
620922209,沙河|回族,乡
620923101,马鬃山,镇
620923102,党城湾,镇
620923202,石包城,乡
620923203,盐池湾,乡
620924100,红柳湾,镇
620924205,阿克旗,乡
620924206,阿勒腾,乡
620924207,阿伊纳,乡
620981001,新市区,街道
620981101,玉门,镇
620981102,赤金,镇
620981103,花海,镇
620981104,老君庙,镇
620981105,柳河,镇
620981106,黄闸湾,镇
620981107,下西号,镇
620981108,柳湖,镇
620981109,昌马,镇
620981110,六墩,镇
620981206,小金湾|东乡族,乡
620981208,独山子|东乡族,乡
620982100,沙州,镇
620982101,七里,镇
620982102,肃州,镇
620982103,莫高,镇
620982104,转渠口,镇
620982105,阳关,镇
620982106,月牙泉,镇
620982107,郭家堡,镇
620982108,黄渠,镇
621002001,北街,街道
621002002,南街,街道
621002003,西街,街道
621002100,肖金,镇
621002101,董志,镇
621002102,后官寨,镇
621002103,温泉,镇
621002104,彭原,镇
621002205,什社,乡
621002207,显胜,乡
621021100,驿马,镇
621021101,三十里铺,镇
621021102,马岭,镇
621021103,庆城,镇
621021104,玄马,镇
621021105,白马铺,镇
621021106,桐川,镇
621021107,赤城,镇
621021108,高楼,镇
621021205,太白梁,乡
621021207,土桥,乡
621021208,蔡口集,乡
621021210,南庄,乡
621021212,翟家河,乡
621021213,蔡家庙,乡
621022100,环城,镇
621022101,曲子,镇
621022102,甜水,镇
621022103,木钵,镇
621022104,洪德,镇
621022105,合道,镇
621022106,樊家川,镇
621022107,虎洞,镇
621022108,毛井,镇
621022109,车道,镇
621022200,天池,乡
621022202,演武,乡
621022208,八珠,乡
621022211,耿湾,乡
621022213,秦团庄,乡
621022214,山城,乡
621022215,南湫,乡
621022216,罗山川,乡
621022218,小南沟,乡
621022221,芦家湾,乡
621023100,悦乐,镇
621023101,柔远,镇
621023102,元城,镇
621023103,南梁,镇
621023104,城壕,镇
621023105,五蛟,镇
621023205,上里塬,乡
621023206,王咀子,乡
621023208,白马,乡
621023209,怀安,乡
621023210,乔川,乡
621023211,乔河,乡
621023213,山庄,乡
621023215,林镇,乡
621023216,紫坊畔,乡
621024100,西华池,镇
621024101,老城,镇
621024102,太白,镇
621024103,板桥,镇
621024104,何家畔,镇
621024105,吉岘,镇
621024106,肖咀,镇
621024107,固城,镇
621024202,段家集,乡
621024204,太莪,乡
621024205,店子,乡
621024211,蒿咀铺,乡
621025100,山河,镇
621025101,榆林子,镇
621025102,宫河,镇
621025103,永和,镇
621025104,永正,镇
621025105,周家,镇
621025106,湫头,镇
621025107,西坡,镇
621025207,五顷塬|回族,乡
621025208,三嘉,乡
621026100,新宁,镇
621026101,平子,镇
621026102,早胜,镇
621026103,长庆桥,镇
621026104,和盛,镇
621026105,湘乐,镇
621026107,新庄,镇
621026108,盘克,镇
621026109,焦村,镇
621026110,中村,镇
621026111,米桥,镇
621026112,良平,镇
621026113,太昌,镇
621026114,春荣,镇
621026208,南义,乡
621026210,瓦斜,乡
621026213,金村,乡
621026214,九岘,乡
621027100,城关,镇
621027101,屯字,镇
621027102,孟坝,镇
621027103,三岔,镇
621027104,平泉,镇
621027105,太平,镇
621027106,开边,镇
621027107,临泾,镇
621027108,新城,镇
621027109,上肖,镇
621027110,新集,镇
621027111,马渠,镇
621027112,庙渠,镇
621027201,南川,乡
621027208,方山,乡
621027209,殷家城,乡
621027213,武沟,乡
621027214,郭原,乡
621027216,中原,乡
621102001,永定路,街道
621102002,中华路,街道
621102003,福台路,街道
621102101,凤翔,镇
621102102,内官营,镇
621102103,巉口,镇
621102104,称钩驿,镇
621102105,鲁家沟,镇
621102106,西巩驿,镇
621102107,宁远,镇
621102108,李家堡,镇
621102109,团结,镇
621102110,葛家岔,镇
621102111,符家川,镇
621102112,香泉,镇
621102201,白碌,乡
621102202,石峡湾,乡
621102203,新集,乡
621102204,青岚山,乡
621102205,高峰,乡
621102206,石泉,乡
621102207,杏园,乡
621121101,平襄,镇
621121102,马营,镇
621121103,鸡川,镇
621121104,榜罗,镇
621121105,常家河,镇
621121106,义岗川,镇
621121115,华家岭,镇
621121116,陇山,镇
621121117,陇川,镇
621121118,碧玉,镇
621121119,陇阳,镇
621121120,襄南,镇
621121121,北城铺,镇
621121122,什川,镇
621121203,新景,乡
621121207,李家店,乡
621121209,寺子川,乡
621121212,第三铺,乡
621122100,巩昌,镇
621122101,文峰,镇
621122103,首阳,镇
621122104,菜子,镇
621122105,云田,镇
621122106,通安驿,镇
621122109,碧岩,镇
621122110,福星,镇
621122112,马河,镇
621122113,柯寨,镇
621122114,双泉,镇
621122115,权家湾,镇
621122201,永吉,乡
621122202,和平,乡
621122203,渭阳,乡
621122205,宏伟,乡
621122207,德兴,乡
621123100,清源,镇
621123101,莲峰,镇
621123102,会川,镇
621123103,五竹,镇
621123104,路园,镇
621123105,北寨,镇
621123106,麻家集,镇
621123107,新寨,镇
621123108,庆坪,镇
621123109,祁家庙,镇
621123110,上湾,镇
621123111,锹峪,镇
621123203,大安,乡
621123204,秦祁,乡
621123210,峡城,乡
621123211,田家河,乡
621124101,洮阳,镇
621124102,八里铺,镇
621124103,新添,镇
621124104,辛店,镇
621124105,太石,镇
621124106,中铺,镇
621124107,峡口,镇
621124108,龙门,镇
621124109,窑店,镇
621124110,玉井,镇
621124111,衙下集,镇
621124112,南屏,镇
621124201,红旗,乡
621124202,上营,乡
621124203,康家集,乡
621124204,站滩,乡
621124205,连儿湾,乡
621124206,漫洼,乡
621125101,武阳,镇
621125102,三岔,镇
621125103,新寺,镇
621125104,金钟,镇
621125105,盐井,镇
621125106,殪虎桥,镇
621125107,大草滩,镇
621125108,四族,镇
621125109,石川,镇
621125110,贵清山,镇
621125204,马泉,乡
621125208,武当,乡
621125209,东泉,乡
621126101,岷阳,镇
621126102,西寨,镇
621126103,梅川,镇
621126104,西江,镇
621126105,闾井,镇
621126106,十里,镇
621126107,茶埠,镇
621126108,中寨,镇
621126109,蒲麻,镇
621126110,马坞,镇
621126111,清水,镇
621126112,寺沟,镇
621126113,麻子川,镇
621126114,禾驮,镇
621126115,维新,镇
621126204,秦许,乡
621126207,申都,乡
621126208,锁龙,乡
621202001,钟楼,街道
621202002,吉石坝,街道
621202003,江北,街道
621202004,江南,街道
621202100,城关,镇
621202101,安化,镇
621202102,东江,镇
621202103,两水,镇
621202104,汉王,镇
621202105,洛塘,镇
621202106,三河,镇
621202107,角弓,镇
621202108,马街,镇
621202109,鱼龙,镇
621202110,甘泉,镇
621202111,琵琶,镇
621202112,外纳,镇
621202113,马营,镇
621202114,柏林,镇
621202115,姚寨,镇
621202116,佛崖,镇
621202117,石门,镇
621202118,五马,镇
621202119,裕河,镇
621202120,汉林,镇
621202121,桔柑,镇
621202122,隆兴,镇
621202123,黄坪,镇
621202124,五库,镇
621202125,三仓,镇
621202201,坪垭|藏族,乡
621202203,蒲池,乡
621202211,池坝,乡
621202218,龙坝,乡
621202219,龙凤,乡
621202221,磨坝|藏族,乡
621202225,玉皇,乡
621202226,郭河,乡
621202229,枫相,乡
621202233,月照,乡
621221100,城关,镇
621221101,黄渚,镇
621221102,红川,镇
621221103,小川,镇
621221104,纸坊,镇
621221105,抛沙,镇
621221106,黄陈,镇
621221107,陈院,镇
621221108,鸡峰,镇
621221109,王磨,镇
621221110,店村,镇
621221111,沙坝,镇
621221112,索池,镇
621221113,苏元,镇
621221203,宋坪,乡
621221206,二郎,乡
621221213,镡河,乡
621222100,城关,镇
621222101,碧口,镇
621222102,尚德,镇
621222103,中寨,镇
621222104,桥头,镇
621222105,临江,镇
621222106,梨坪,镇
621222107,天池,镇
621222108,堡子坝,镇
621222109,石坊,镇
621222110,石鸡坝,镇
621222111,丹堡,镇
621222112,中庙,镇
621222113,范坝,镇
621222200,铁楼|藏族,乡
621222205,刘家坪,乡
621222206,玉垒,乡
621222211,口头坝,乡
621222212,尖山,乡
621222215,舍书,乡
621223100,城关,镇
621223101,哈达铺,镇
621223102,理川,镇
621223103,南阳,镇
621223104,官亭,镇
621223105,沙湾,镇
621223106,阿坞,镇
621223107,南河,镇
621223108,八力,镇
621223109,临江铺,镇
621223110,两河口,镇
621223206,木耳,乡
621223207,庞家,乡
621223209,何家堡,乡
621223211,贾河,乡
621223212,将台,乡
621223213,车拉,乡
621223214,新城子|藏族,乡
621223216,好梯,乡
621223217,韩院,乡
621223218,竹院,乡
621223219,兴化,乡
621223220,甘江头,乡
621223223,新寨,乡
621223224,狮子,乡
621224100,城关,镇
621224101,平洛,镇
621224102,大堡,镇
621224103,岸门口,镇
621224104,两河,镇
621224105,长坝,镇
621224106,云台,镇
621224107,阳坝,镇
621224108,周家坝,镇
621224109,望关,镇
621224110,王坝,镇
621224111,大南峪,镇
621224112,碾坝,镇
621224113,豆坝,镇
621224114,铜钱,镇
621224115,三河坝,镇
621224116,白杨,镇
621224117,寺台,镇
621224204,迷坝,乡
621224209,店子,乡
621224214,太石,乡
621225100,汉源,镇
621225101,长道,镇
621225102,姜席,镇
621225103,石峡,镇
621225104,何坝,镇
621225105,洛峪,镇
621225106,马元,镇
621225107,大桥,镇
621225108,西峪,镇
621225109,十里,镇
621225110,石堡,镇
621225111,兴隆,镇
621225112,苏合,镇
621225113,稍峪,镇
621225114,卢河,镇
621225115,西高山,镇
621225206,晒经,乡
621225208,六巷,乡
621225209,太石河,乡
621225210,蒿林,乡
621226100,城关,镇
621226101,盐官,镇
621226102,石桥,镇
621226103,白河,镇
621226104,红河,镇
621226105,宽川,镇
621226106,祁山,镇
621226107,永兴,镇
621226108,永坪,镇
621226109,中坝,镇
621226110,雷坝,镇
621226111,罗坝,镇
621226112,崖城,镇
621226113,洮坪,镇
621226114,龙林,镇
621226115,固城,镇
621226116,湫山,镇
621226117,江口,镇
621226118,白关,镇
621226119,王坝,镇
621226120,滩坪,镇
621226121,桥头,镇
621226203,马河,乡
621226215,上坪,乡
621226219,雷王,乡
621226224,沙金,乡
621226228,草坪,乡
621226231,肖良,乡
621226232,三峪,乡
621227100,城关,镇
621227101,伏家,镇
621227102,江洛,镇
621227103,泥阳,镇
621227104,柳林,镇
621227105,嘉陵,镇
621227106,永宁,镇
621227107,银杏树,镇
621227108,水阳,镇
621227109,栗川,镇
621227110,麻沿河,镇
621227111,大河店,镇
621227112,高桥,镇
621227208,榆树,乡
621227211,虞关,乡
621228100,城关,镇
621228101,站儿巷,镇
621228102,西坡,镇
621228103,杨店,镇
621228104,显龙,镇
621228105,云屏,镇
621228201,左家,乡
621228203,鱼池,乡
621228204,兴化,乡
621228205,张家,乡
621228207,泰山,乡
621228208,金洞,乡
622901001,城南,街道
622901002,城北,街道
622901003,东关,街道
622901004,西关,街道
622901005,八坊,街道
622901006,红园,街道
622901007,东区,街道
622901100,城郊,镇
622901101,枹罕,镇
622901102,南龙,镇
622901103,折桥,镇
622921100,韩集,镇
622921101,土桥,镇
622921103,马集,镇
622921106,尹集,镇
622921119,莲花,镇
622921121,新集,镇
622921122,黄泥湾,镇
622921123,刁祁,镇
622921124,北塬,镇
622921200,营滩,乡
622921201,掌子沟,乡
622921202,麻尼寺沟,乡
622921204,漠泥沟,乡
622921208,漫路,乡
622921209,榆林,乡
622921210,井沟|东乡族,乡
622921213,坡头,乡
622921214,桥寺,乡
622921215,先锋,乡
622921216,河西,乡
622921217,安家坡|东乡族,乡
622921218,南塬,乡
622921220,红台,乡
622921223,路盘,乡
622921224,民主,乡
622922100,附城,镇
622922101,苏集,镇
622922108,胭脂,镇
622922112,景古,镇
622922113,莲麓,镇
622922200,康丰,乡
622922201,虎关,乡
622922202,流川,乡
622922203,白王,乡
622922204,八松,乡
622922205,鸣鹿,乡
622922206,八丹,乡
622922207,上湾,乡
622922210,草滩,乡
622922211,五户,乡
622923100,刘家峡,镇
622923101,盐锅峡,镇
622923102,太极,镇
622923103,西河,镇
622923104,三塬,镇
622923105,岘塬,镇
622923106,陈井,镇
622923107,川城,镇
622923108,王台,镇
622923109,红泉,镇
622923200,关山,乡
622923201,徐顶,乡
622923202,三条岘,乡
622923203,坪沟,乡
622923206,新寺,乡
622923207,小岭,乡
622923208,杨塔,乡
622924100,城关,镇
622924101,三甲集,镇
622924102,祁家集,镇
622924103,庄窠集,镇
622924104,买家巷,镇
622924105,齐家,镇
622924202,水泉,乡
622924203,官坊,乡
622924204,阿力麻土|东乡族,乡
622925100,城关,镇
622925101,三合,镇
622925102,三十里铺,镇
622925103,马家堡,镇
622925105,买家集,镇
622925106,松鸣,镇
622925107,陈家集,镇
622925108,新营,镇
622925109,罗家集,镇
622925200,梁家寺|东乡族,乡
622925203,卜家庄,乡
622925207,新庄,乡
622925209,达浪,乡
622926100,锁南,镇
622926101,达板,镇
622926103,河滩,镇
622926107,那勒寺,镇
622926118,唐汪,镇
622926119,果园,镇
622926120,汪集,镇
622926121,龙泉,镇
622926200,春台,乡
622926201,柳树,乡
622926202,东塬,乡
622926204,坪庄,乡
622926205,百和,乡
622926206,关卜,乡
622926208,赵家,乡
622926209,五家,乡
622926212,沿岭,乡
622926214,凤山,乡
622926215,车家湾,乡
622926219,大树,乡
622926220,北岭,乡
622926222,考勒,乡
622926223,董岭,乡
622927100,吹麻滩,镇
622927101,大河家,镇
622927108,居集,镇
622927113,癿藏,镇
622927114,石塬,镇
622927115,安集,镇
622927116,银川,镇
622927201,刘集,乡
622927203,柳沟,乡
622927204,关家川,乡
622927205,胡林家,乡
622927207,寨子沟,乡
622927209,郭干,乡
622927210,徐扈家,乡
622927211,中咀岭,乡
622927212,小关,乡
622927214,铺川,乡
623001001,当周,街道
623001002,伊合昂,街道
623001003,坚木克尔,街道
623001004,通钦,街道
623001100,佐盖曼玛,镇
623001101,那吾,镇
623001102,勒秀,镇
623001200,卡加曼,乡
623001201,卡加道,乡
623001202,佐盖多玛,乡
623021101,城关,镇
623021102,新城,镇
623021103,冶力关,镇
623021104,羊永,镇
623021105,王旗,镇
623021106,古战,镇
623021107,洮滨,镇
623021108,八角,镇
623021109,流顺,镇
623021110,店子,镇
623021111,羊沙,镇
623021201,术布,乡
623021203,卓洛|回族,乡
623021204,长川|回族,乡
623021209,三岔,乡
623021211,石门,乡
623022100,柳林,镇
623022101,木耳,镇
623022102,扎古录,镇
623022103,喀尔钦,镇
623022104,藏巴哇,镇
623022105,纳浪,镇
623022106,洮砚,镇
623022107,阿子滩,镇
623022108,申藏,镇
623022109,完冒,镇
623022110,尼巴,镇
623022204,刀告,乡
623022208,恰盖,乡
623022209,康多,乡
623022210,杓哇|土族,乡
623023100,城关,镇
623023101,大川,镇
623023102,峰迭,镇
623023103,立节,镇
623023104,东山,镇
623023105,曲告纳,镇
623023106,博峪,镇
623023107,巴藏,镇
623023108,憨班,镇
623023109,坪定,镇
623023110,果耶,镇
623023111,武坪,镇
623023112,大峪,镇
623023113,江盘,镇
623023114,拱坝,镇
623023200,曲瓦,乡
623023209,南峪,乡
623023211,八楞,乡
623023213,插岗,乡
623024101,电尕,镇
623024102,益哇,镇
623024103,旺藏,镇
623024104,腊子口,镇
623024105,洛大,镇
623024201,卡坝,乡
623024202,达拉,乡
623024203,桑坝,乡
623024204,尼傲,乡
623024206,阿夏,乡
623024207,多儿,乡
623025101,尼玛,镇
623025102,阿万仓,镇
623025103,齐哈玛,镇
623025104,曼日玛,镇
623025105,欧拉,镇
623025106,采日玛,镇
623025202,欧拉秀玛,乡
623025204,木西合,乡
623026101,郎木寺,镇
623026102,玛艾,镇
623026103,尕海,镇
623026104,西仓,镇
623026105,双岔,镇
623026203,拉仁关,乡
623026205,阿拉,乡
623027100,拉卜楞,镇
623027101,王格尔塘,镇
623027102,阿木去乎,镇
623027103,桑科,镇
623027104,甘加,镇
623027105,麻当,镇
623027106,博拉,镇
623027107,科才,镇
623027203,达麦,乡
623027205,曲奥,乡
623027206,唐尕昂,乡
623027207,扎油,乡
623027208,吉仓,乡
630102001,东关大街,街道
630102002,清真巷,街道
630102003,大众街,街道
630102004,周家泉,街道
630102005,火车站,街道
630102006,八一路,街道
630102007,林家崖,街道
630102100,乐家湾,镇
630102101,韵家口,镇
630103001,人民街,街道
630103002,南滩,街道
630103003,仓门街,街道
630103004,礼让街,街道
630103005,饮马街,街道
630103006,南川东路,街道
630103007,南川西路,街道
630103100,总寨,镇
630104001,西关大街,街道
630104002,古城台,街道
630104003,虎台,街道
630104004,胜利路,街道
630104005,兴海路,街道
630104006,文汇路,街道
630104007,通海路,街道
630104100,彭家寨,镇
630105001,朝阳,街道
630105002,小桥大街,街道
630105003,马坊,街道
630105004,火车西站,街道
630105100,大堡子,镇
630105101,二十里铺,镇
630106001,康川,街道
630106100,田家寨,镇
630106101,上新庄,镇
630106102,鲁沙尔,镇
630106103,甘河滩,镇
630106104,共和,镇
630106105,多巴,镇
630106106,拦隆口,镇
630106107,上五庄,镇
630106108,李家山,镇
630106109,西堡,镇
630106200,群加|藏族,乡
630106201,土门关,乡
630106202,汉东|回族,乡
630106203,大才|回族,乡
630106204,海子沟,乡
630121100,桥头,镇
630121101,城关,镇
630121102,塔尔,镇
630121103,东峡,镇
630121104,黄家寨,镇
630121105,长宁,镇
630121106,景阳,镇
630121107,多林,镇
630121108,新庄,镇
630121200,青林,乡
630121201,青山,乡
630121202,逊让,乡
630121203,极乐,乡
630121205,宝库,乡
630121206,斜沟,乡
630121207,良教,乡
630121208,向化|藏族,乡
630121209,桦林,乡
630121210,朔北|藏族,乡
630121212,石山,乡
630123100,城关,镇
630123101,大华,镇
630123201,东峡,乡
630123202,日月|藏族,乡
630123203,和平,乡
630123204,波航,乡
630123205,申中,乡
630123207,巴燕,乡
630123208,寺寨,乡
630202001,碾伯,街道
630202002,岗沟,街道
630202100,碾伯,镇
630202101,高庙,镇
630202102,瞿昙,镇
630202103,洪水,镇
630202104,雨润,镇
630202105,高店,镇
630202106,寿乐,镇
630202200,下营|藏族,乡
630202201,城台,乡
630202202,峰堆,乡
630202203,达拉|土族,乡
630202204,共和,乡
630202205,中岭,乡
630202206,李家,乡
630202207,芦花,乡
630202208,马营,乡
630202209,马厂,乡
630202210,中坝|藏族,乡
630202211,蒲台,乡
630203001,平安,街道
630203002,小峡,街道
630203102,三合,镇
630203200,洪水泉|回族,乡
630203201,石灰窑|回族,乡
630203202,古城|回族,乡
630203203,沙沟|回族,乡
630203204,巴藏沟|回族,乡
630222100,川口,镇
630222101,古鄯,镇
630222102,马营,镇
630222103,官亭,镇
630222104,巴州,镇
630222105,满坪,镇
630222106,李二堡,镇
630222107,峡门,镇
630222200,马场垣,乡
630222201,北山,乡
630222202,西沟,乡
630222203,总堡,乡
630222204,隆治,乡
630222205,大庄,乡
630222206,转导,乡
630222207,前河,乡
630222208,甘沟,乡
630222209,中川,乡
630222210,杏儿|藏族,乡
630222211,核桃庄,乡
630222212,新民,乡
630222213,松树,乡
630223001,高寨,街道
630223100,威远,镇
630223101,丹麻,镇
630223103,南门峡,镇
630223104,加定,镇
630223105,塘川,镇
630223106,五十,镇
630223107,五峰,镇
630223200,红崖子沟,乡
630223201,哈拉直沟,乡
630223202,松多|藏族,乡
630223203,东山,乡
630223204,东和,乡
630223205,东沟,乡
630223206,林川,乡
630223207,台子,乡
630223208,西山,乡
630223209,蔡家堡,乡
630223210,巴扎|藏族,乡
630224100,巴燕,镇
630224101,群科,镇
630224102,牙什尕,镇
630224103,甘都,镇
630224104,扎巴,镇
630224105,昂思多,镇
630224200,雄先|藏族,乡
630224201,查甫|藏族,乡
630224202,二塘,乡
630224203,谢家滩,乡
630224204,德恒隆,乡
630224205,沙连堡,乡
630224206,阿什努,乡
630224207,石大仓,乡
630224208,初麻,乡
630224209,金源|藏族,乡
630224210,塔加|藏族,乡
630225100,积石,镇
630225101,白庄,镇
630225102,街子,镇
630225200,道帏|藏族,乡
630225201,清水,乡
630225202,查汗都斯,乡
630225203,文都|藏族,乡
630225204,尕楞|藏族,乡
630225205,岗察|藏族,乡
632221100,浩门,镇
632221101,青石嘴,镇
632221102,泉口,镇
632221103,东川,镇
632221200,皇城|蒙古族,乡
632221201,苏吉滩,乡
632221202,北山,乡
632221203,西滩,乡
632221204,麻莲,乡
632221205,阴田,乡
632221206,仙米,乡
632221207,珠固,乡
632222100,八宝,镇
632222101,峨堡,镇
632222102,默勒,镇
632222200,扎麻什,乡
632222201,阿柔,乡
632222202,野牛沟,乡
632222203,央隆,乡
632223100,三角城,镇
632223101,西海,镇
632223200,金滩,乡
632223201,哈勒景|蒙古族,乡
632223202,青海湖,乡
632223203,甘子河,乡
632224100,沙柳河,镇
632224101,哈尔盖,镇
632224201,伊克乌兰,乡
632224202,泉吉,乡
632224203,吉尔孟,乡
632301100,隆务,镇
632301101,保安,镇
632301102,多哇,镇
632301200,兰采,乡
632301201,双朋西,乡
632301202,扎毛,乡
632301203,黄乃亥,乡
632301204,曲库乎,乡
632301205,年都乎,乡
632301206,瓜什则,乡
632301207,加吾,乡
632322100,马克唐,镇
632322101,康杨,镇
632322102,坎布拉,镇
632322200,贾加,乡
632322201,措周,乡
632322202,昂拉,乡
632322203,能科,乡
632322204,当顺,乡
632322205,尖扎滩,乡
632323100,泽曲,镇
632323102,和日,镇
632323105,麦秀,镇
632323106,宁秀,镇
632323203,王家,乡
632323206,西卜沙,乡
632323207,多禾茂,乡
632324100,优干宁,镇
632324101,宁木特,镇
632324202,赛尔龙,乡
632324203,柯生,乡
632324204,多松,乡
632324205,托叶玛,乡
632521100,恰卜恰,镇
632521101,塘格木,镇
632521102,倒淌河,镇
632521103,龙羊峡,镇
632521104,江西沟,镇
632521105,黑马河,镇
632521106,石乃亥,镇
632521201,廿地,乡
632521202,沙珠玉,乡
632521204,铁盖,乡
632521211,切吉,乡
632522100,尕巴松多,镇
632522101,唐谷,镇
632522200,巴沟,乡
632522203,秀麻,乡
632522204,河北,乡
632523101,河阴,镇
632523102,河西,镇
632523103,拉西瓦,镇
632523104,常牧,镇
632523201,河东,乡
632523203,尕让,乡
632523204,新街|回族,乡
632524100,子科滩,镇
632524101,河卡,镇
632524102,曲什安,镇
632524200,唐乃亥,乡
632524202,中铁,乡
632524204,龙藏,乡
632524205,温泉,乡
632525100,茫曲,镇
632525101,过马营,镇
632525102,森多,镇
632525200,沙沟,乡
632525202,茫拉,乡
632525203,塔秀,乡
632621100,大武,镇
632621101,拉加,镇
632621200,大武,乡
632621201,东倾沟,乡
632621202,雪山,乡
632621203,下大武,乡
632621204,当洛,乡
632621205,优云,乡
632622100,赛来塘,镇
632622200,多贡麻,乡
632622201,马可河,乡
632622202,吉卡,乡
632622203,达卡,乡
632622204,知钦,乡
632622205,江日堂,乡
632622206,亚尔堂,乡
632622207,灯塔,乡
632623100,柯曲,镇
632623200,上贡麻,乡
632623201,下贡麻,乡
632623202,岗龙,乡
632623203,江千,乡
632623204,青珍,乡
632623205,下藏科,乡
632624100,吉迈,镇
632624200,下红科,乡
632624201,上红科,乡
632624202,莫坝,乡
632624203,桑日麻,乡
632624204,特合土,乡
632624205,建设,乡
632624206,窝赛,乡
632624207,德昂,乡
632624208,满掌,乡
632625100,智青松多,镇
632625200,白玉,乡
632625201,哇尔依,乡
632625202,哇赛,乡
632625203,索乎日麻,乡
632625204,门堂,乡
632626100,玛查理,镇
632626101,花石峡,镇
632626200,黄河,乡
632626201,扎陵湖,乡
632701001,结古,街道
632701002,西杭,街道
632701003,扎西科,街道
632701004,新寨,街道
632701101,隆宝,镇
632701102,下拉秀,镇
632701200,仲达,乡
632701201,巴塘,乡
632701202,小苏莽,乡
632701203,上拉秀,乡
632701204,安冲,乡
632722100,萨呼腾,镇
632722200,查旦,乡
632722201,昂赛,乡
632722202,结多,乡
632722203,阿多,乡
632722204,苏鲁,乡
632722206,莫云,乡
632722207,扎青,乡
632723100,称文,镇
632723101,歇武,镇
632723102,扎朵,镇
632723103,清水河,镇
632723104,珍秦,镇
632723200,尕朵,乡
632723201,拉布,乡
632724100,加吉博洛,镇
632724200,索加,乡
632724201,扎河,乡
632724202,多彩,乡
632724203,治渠,乡
632724205,立新,乡
632725100,香达,镇
632725201,白扎,乡
632725202,娘拉,乡
632725203,毛庄,乡
632725204,觉拉,乡
632725205,东坝,乡
632725206,吉曲,乡
632725207,尕羊,乡
632725208,吉尼赛,乡
632725209,着晓,乡
632726100,约改,镇
632726200,巴干,乡
632726202,秋智,乡
632726203,叶格,乡
632726204,麻多,乡
632726205,曲麻河,乡
632801001,昆仑路,街道
632801002,金峰路,街道
632801003,河西,街道
632801004,黄河路,街道
632801005,西藏路,街道
632801100,郭勒木德,镇
632801101,唐古拉山,镇
632801200,大格勒,乡
632801201,乌图美仁,乡
632802001,火车站,街道
632802002,河东,街道
632802003,河西,街道
632802100,尕海,镇
632802101,怀头他拉,镇
632802102,柯鲁柯,镇
632802200,蓄集,乡
632803100,茫崖,镇
632803101,花土沟,镇
632803102,冷湖,镇
632821100,希里沟,镇
632821101,茶卡,镇
632821102,柯柯,镇
632821103,铜普,镇
632822100,察汗乌苏,镇
632822101,香日德,镇
632822102,夏日哈,镇
632822103,宗加,镇
632822200,热水,乡
632822201,香加,乡
632822202,沟里,乡
632822203,巴隆,乡
632823100,新源,镇
632823101,江河,镇
632823102,木里,镇
632823200,阳康,乡
632823201,织合玛,乡
632823202,龙门,乡
632823203,快尔玛,乡
632823204,苏里,乡
632823205,生格,乡
632823206,舟群,乡
640104001,凤凰北街,街道
640104002,解放西街,街道
640104003,文化街,街道
640104004,富宁街,街道
640104005,新华街,街道
640104006,玉皇阁北街,街道
640104007,前进街,街道
640104008,中山南街,街道
640104009,银古路,街道
640104010,胜利街,街道
640104011,丽景街,街道
640104012,星河街,街道
640104100,掌政,镇
640104101,大新,镇
640104200,通贵,乡
640104201,月牙湖,乡
640105001,西花园路,街道
640105002,北京西路,街道
640105003,文昌路,街道
640105004,朔方路,街道
640105005,宁华路,街道
640105006,贺兰山西路,街道
640105007,怀远路,街道
640105100,兴泾,镇
640105101,镇北堡,镇
640106001,满城北街,街道
640106002,黄河东路,街道
640106003,长城中路,街道
640106004,北京中路,街道
640106005,上海西路,街道
640106006,贺兰山中路,街道
640106100,良田,镇
640106101,丰登,镇
640121001,团结西路,街道
640121100,杨和,镇
640121101,李俊,镇
640121102,望远,镇
640121103,望洪,镇
640121104,闽宁,镇
640121200,胜利,乡
640122001,富兴街,街道
640122100,习岗,镇
640122101,金贵,镇
640122102,立岗,镇
640122103,洪广,镇
640122200,常信,乡
640181001,城区,街道
640181100,东塔,镇
640181101,郝家桥,镇
640181102,崇兴,镇
640181103,宁东,镇
640181104,马家滩,镇
640181105,临河,镇
640181200,梧桐树,乡
640181201,白土岗,乡
640202001,长胜,街道
640202002,朝阳,街道
640202003,人民路,街道
640202004,长城,街道
640202005,青山,街道
640202006,石炭井,街道
640202007,白芨沟,街道
640202008,沟口,街道
640202010,长兴,街道
640202011,锦林,街道
640202100,星海,镇
640205001,育才路,街道
640205002,南街,街道
640205003,中街,街道
640205004,北街,街道
640205005,河滨街,街道
640205006,火车站,街道
640205100,红果子,镇
640205101,尾闸,镇
640205102,园艺,镇
640205200,庙台,乡
640205201,礼和,乡
640205202,燕子墩,乡
640221100,城关,镇
640221101,黄渠桥,镇
640221102,宝丰,镇
640221103,头闸,镇
640221104,姚伏,镇
640221105,崇岗,镇
640221106,陶乐,镇
640221200,高庄,乡
640221201,灵沙,乡
640221202,渠口,乡
640221203,通伏,乡
640221204,高仁,乡
640221205,红崖子,乡
640302100,金积,镇
640302101,金银滩,镇
640302102,高闸,镇
640302103,扁担沟,镇
640302104,上桥,镇
640302105,古城,镇
640302106,金星,镇
640302107,胜利,镇
640302200,东塔寺,乡
640302201,板桥,乡
640302202,马莲渠,乡
640302203,郭家桥,乡
640303001,新民,街道
640303100,红寺堡,镇
640303101,太阳山,镇
640303200,大河,乡
640303201,新庄集,乡
640303202,柳泉,乡
640323001,盐州路,街道
640323100,花马池,镇
640323101,大水坑,镇
640323102,惠安堡,镇
640323103,高沙窝,镇
640323200,王乐井,乡
640323201,冯记沟,乡
640323202,青山,乡
640323203,麻黄山,乡
640324100,豫海,镇
640324101,河西,镇
640324102,韦州,镇
640324103,下马关,镇
640324104,预旺,镇
640324105,王团,镇
640324106,丁塘,镇
640324107,田老庄,镇
640324202,马高庄,乡
640324203,张家塬,乡
640324204,兴隆,乡
640381001,裕民,街道
640381100,小坝,镇
640381101,大坝,镇
640381102,青铜峡,镇
640381103,叶盛,镇
640381104,瞿靖,镇
640381105,峡口,镇
640381106,邵岗,镇
640381107,陈袁滩,镇
640402001,南关,街道
640402002,古雁,街道
640402003,北塬,街道
640402100,三营,镇
640402103,官厅,镇
640402104,开城,镇
640402105,张易,镇
640402106,彭堡,镇
640402107,头营,镇
640402108,黄铎堡,镇
640402200,中河,乡
640402201,河川,乡
640402204,炭山,乡
640402205,寨科,乡
640422100,吉强,镇
640422101,兴隆,镇
640422102,平峰,镇
640422103,将台堡,镇
640422200,新营,乡
640422201,红耀,乡
640422202,田坪,乡
640422203,马建,乡
640422204,震湖,乡
640422205,兴平,乡
640422206,西滩,乡
640422207,王民,乡
640422208,什字,乡
640422209,马莲,乡
640422211,硝河,乡
640422212,偏城,乡
640422213,沙沟,乡
640422214,白崖,乡
640422215,火石寨,乡
640423100,城关,镇
640423101,沙塘,镇
640423102,联财,镇
640423200,陈靳,乡
640423201,好水,乡
640423202,观庄,乡
640423203,杨河,乡
640423204,神林,乡
640423205,张程,乡
640423206,凤岭,乡
640423207,山河,乡
640423208,温堡,乡
640423209,奠安,乡
640424100,香水,镇
640424101,泾河源,镇
640424102,六盘山,镇
640424200,新民,乡
640424201,兴盛,乡
640424202,黄花,乡
640424203,大湾,乡
640425100,白阳,镇
640425101,王洼,镇
640425102,古城,镇
640425103,红河,镇
640425200,新集,乡
640425201,城阳,乡
640425203,冯庄,乡
640425204,小岔,乡
640425205,孟塬,乡
640425206,罗洼,乡
640425207,交岔,乡
640425208,草庙,乡
640502100,滨河,镇
640502101,文昌,镇
640502102,东园,镇
640502103,柔远,镇
640502104,镇罗,镇
640502105,宣和,镇
640502106,永康,镇
640502107,常乐,镇
640502108,迎水桥,镇
640502109,兴仁,镇
640502200,香山,乡
640521100,宁安,镇
640521101,鸣沙,镇
640521102,石空,镇
640521103,新堡,镇
640521104,恩和,镇
640521105,大战场,镇
640521200,舟塔,乡
640521201,白马,乡
640521202,余丁,乡
640521204,喊叫水,乡
640521205,徐套,乡
640521206,太阳梁,乡
640522100,海城,镇
640522101,李旺,镇
640522103,西安,镇
640522104,三河,镇
640522105,七营,镇
640522200,史店,乡
640522201,树台,乡
640522202,关桥,乡
640522206,高崖,乡
640522207,郑旗,乡
640522208,贾塘,乡
640522209,曹洼,乡
640522210,九彩,乡
640522211,李俊,乡
640522212,红羊,乡
640522213,关庄,乡
640522214,甘城,乡
650102002,燕儿窝,街道
650102003,胜利路,街道
650102004,团结路,街道
650102005,解放南路,街道
650102006,新华南路,街道
650102007,和平路,街道
650102008,解放北路,街道
650102009,幸福路,街道
650102010,东门,街道
650102011,新华北路,街道
650102012,青年路,街道
650102013,碱泉,街道
650102014,延安路,街道
650102015,红雁,街道
650102016,南草滩,街道
650102017,东泉路,街道
650102018,黑甲山,街道
650102019,二道桥,街道
650102020,大湾,街道
650102021,赛马场,街道
650102022,南湾街,街道
650103001,长江路,街道
650103002,和田街,街道
650103003,扬子江路,街道
650103004,友好南路,街道
650103005,友好北路,街道
650103006,八一,街道
650103007,炉院街,街道
650103008,西山,街道
650103009,雅玛里克山,街道
650103010,红庙子,街道
650103012,平顶山,街道
650103013,长胜东,街道
650103016,骑马山,街道
650103017,环卫路,街道
650103018,仓房沟,街道
650103100,永丰,镇
650103611,水泥厂街,街道
650104001,北京路,街道
650104002,二工,街道
650104003,三工,街道
650104004,石油新村,街道
650104005,迎宾路,街道
650104006,喀什东路,街道
650104009,南纬路,街道
650104010,杭州路,街道
650104011,天津路,街道
650104012,银川路,街道
650104013,高新街,街道
650104014,长春中路,街道
650104017,友谊路,街道
650104019,百园路,街道
650104021,正扬路,街道
650104022,鲤鱼山,街道
650104023,天山机场,街道
650104100,安宁渠,镇
650104200,二工,乡
650104201,地窝堡,乡
650104202,六十户,乡
650104203,青格达湖,乡
650105001,水磨沟,街道
650105002,六道湾,街道
650105003,苇湖梁,街道
650105004,八道湾,街道
650105005,新民路,街道
650105006,南湖南路,街道
650105007,南湖北路,街道
650105008,七道湾,街道
650105009,榆树沟,街道
650105010,石人子沟,街道
650105011,振安街,街道
650105012,华光街,街道
650105013,水塔山,街道
650105014,龙盛街,街道
650105015,河马泉,街道
650106001,头屯河,街道
650106002,火车西站,街道
650106003,王家沟,街道
650106005,北站西路,街道
650106016,中亚南路,街道
650106017,中亚北路,街道
650106018,北站东路,街道
650106019,嵩山街,街道
650106020,高铁,街道
650106021,白鸟湖,街道
650106022,西湖,街道
650107001,乌拉泊,街道
650107002,艾维尔沟,街道
650107003,盐湖,街道
650107004,柴窝堡,街道
650107100,达坂城,镇
650107200,东沟,乡
650107201,西沟,乡
650107202,阿克苏,乡
650109001,石化,街道
650109002,地磅,街道
650109003,卡子湾,街道
650109004,古牧地东路,街道
650109005,古牧地西路,街道
650109006,米东南路,街道
650109007,永祥街,街道
650109008,广兴街,街道
650109100,古牧地,镇
650109101,铁厂沟,镇
650109102,长山子,镇
650109103,羊毛工,镇
650109104,三道坝,镇
650109200,芦草沟,乡
650109300,柏杨河|哈萨克族,乡
650121100,水西沟,镇
650121102,板房沟,镇
650121207,萨尔达坂,乡
650121208,甘沟,乡
650121213,托里,乡
650202001,金山路,街道
650202002,西宁路,街道
650202003,新北区,街道
650203001,天山路,街道
650203002,胜利路,街道
650203003,昆仑路,街道
650203004,银河路,街道
650203007,迎宾,街道
650203008,古海,街道
650203200,小拐,乡
650204001,中兴路,街道
650204002,三平路,街道
650204003,金龙镇,街道
650205001,柳树街,街道
650205100,乌尔禾,镇
650402001,老城路,街道
650402002,高昌路,街道
650402003,葡萄沟,街道
650402100,七泉湖,镇
650402101,大河沿,镇
650402102,亚尔,镇
650402103,葡萄,镇
650402104,艾丁湖,镇
650402105,火焰山,镇
650402202,恰特喀勒,乡
650402204,三堡,乡
650402205,胜金,乡
650421100,鄯善,镇
650421101,七克台,镇
650421102,鄯善火车站,镇
650421103,连木沁,镇
650421104,鲁克沁,镇
650421105,迪坎,镇
650421106,辟展,镇
650421201,东巴扎|回族,乡
650421202,吐峪沟,乡
650421203,达朗坎,乡
650422100,托克逊,镇
650422101,库米什,镇
650422102,克尔碱,镇
650422103,阿乐惠,镇
650422104,伊拉湖,镇
650422105,夏,镇
650422106,博斯坦,镇
650422107,石泉,镇
650422201,郭勒布依,乡
650502001,东河,街道
650502002,西河,街道
650502003,城北,街道
650502004,丽园,街道
650502005,石油新城,街道
650502100,雅满苏,镇
650502101,七角井,镇
650502102,星星峡,镇
650502103,二堡,镇
650502104,五堡,镇
650502105,陶家宫,镇
650502106,三道岭,镇
650502200,沁城,乡
650502201,乌拉台|哈萨克族,乡
650502202,双井子,乡
650502203,大泉湾,乡
650502205,回城,乡
650502206,花园,乡
650502207,南湖,乡
650502209,德外里都如克|哈萨克族,乡
650502210,西山,乡
650502211,天山,乡
650502212,白石头,乡
650502214,柳树沟,乡
650521100,巴里坤,镇
650521101,博尔羌吉,镇
650521102,大河,镇
650521103,奎苏,镇
650521104,三塘湖,镇
650521200,萨尔乔克,乡
650521201,海子沿,乡
650521202,下涝坝,乡
650521205,石人子,乡
650521206,花园,乡
650521208,大红柳峡,乡
650521209,八墙子,乡
650522100,伊吾,镇
650522101,淖毛湖,镇
650522102,盐池,镇
650522201,苇子峡,乡
650522202,下马崖,乡
650522204,吐葫芦,乡
650522205,前山|哈萨克族,乡
652301001,宁边路,街道
652301002,延安北路,街道
652301003,北京南路,街道
652301004,绿洲路,街道
652301005,中山路,街道
652301016,建国路,街道
652301101,硫磺沟,镇
652301102,三工,镇
652301103,榆树沟,镇
652301104,六工,镇
652301105,二六工,镇
652301106,大西渠,镇
652301107,滨湖,镇
652301108,佃坝,镇
652301204,庙尔沟,乡
652301205,阿什里|哈萨克族,乡
652302001,博峰,街道
652302002,阜新,街道
652302004,准东,街道
652302005,石油基地,街道
652302100,甘河子,镇
652302101,城关,镇
652302102,九运街,镇
652302103,滋泥泉子,镇
652302200,三工河|哈萨克族,乡
652302201,上户沟|哈萨克族,乡
652302202,水磨沟,乡
652323100,呼图壁,镇
652323101,大丰,镇
652323102,雀尔沟,镇
652323103,二十里店,镇
652323104,园户村,镇
652323105,五工台,镇
652323201,石梯子|哈萨克族,乡
652324100,玛纳斯,镇
652324101,乐土驿,镇
652324102,包家店,镇
652324103,凉州户,镇
652324104,北五岔,镇
652324105,六户地,镇
652324106,兰州湾,镇
652324201,广东地,乡
652324202,清水河|哈萨克族,乡
652324203,塔西河|哈萨克族,乡
652324204,旱卡子滩|哈萨克族,乡
652325100,奇台,镇
652325101,老奇台,镇
652325102,半截沟,镇
652325103,吉布库,镇
652325104,东湾,镇
652325105,西地,镇
652325106,碧流河,镇
652325107,三个庄子,镇
652325108,西北湾,镇
652325109,芨芨湖,镇
652325202,坎尔孜,乡
652325203,五马场|哈萨克族,乡
652325204,古城,乡
652325205,乔仁|哈萨克族,乡
652325206,七户,乡
652325208,大泉|塔塔尔族,乡
652327100,吉木萨尔,镇
652327101,三台,镇
652327102,泉子街,镇
652327103,北庭,镇
652327104,二工,镇
652327105,大有,镇
652327106,五彩湾,镇
652327202,庆阳湖,乡
652327203,老台,乡
652327205,新地,乡
652328100,木垒,镇
652328103,西吉尔,镇
652328104,东城,镇
652328105,新户,镇
652328200,英格堡,乡
652328205,照壁山,乡
652328209,大南沟|乌孜别克族,乡
652328210,雀仁,乡
652328211,白杨河,乡
652328212,大石头,乡
652328213,博斯坦,乡
652701001,青得里,街道
652701002,顾里木图,街道
652701005,南城区,街道
652701006,克尔根卓,街道
652701007,青达拉,街道
652701100,小营盘,镇
652701101,达勒特,镇
652701102,乌图布拉格,镇
652701103,青得里,镇
652701201,贝林哈日莫墩,乡
652702002,阿拉套,街道
652702100,艾比湖,镇
652722100,精河,镇
652722101,大河沿子,镇
652722102,托里,镇
652722103,托托,镇
652722200,茫丁,乡
652723100,博格达尔,镇
652723101,哈日布呼,镇
652723102,安格里格,镇
652723201,查干屯格,乡
652723202,扎勒木特,乡
652723203,塔秀,乡
652801001,团结,街道
652801002,萨依巴格,街道
652801003,天山,街道
652801004,新城,街道
652801005,建设,街道
652801006,梨香,街道
652801007,朝阳,街道
652801008,思源,街道
652801009,文华,街道
652801010,康都,街道
652801011,鸿雁,街道
652801012,丝路,街道
652801013,腾飞,街道
652801014,永乐,街道
652801100,塔什店,镇
652801101,上户,镇
652801102,西尼尔,镇
652801103,哈拉玉宫,镇
652801104,渠犁,镇
652801200,铁克其,乡
652801201,恰尔巴格,乡
652801202,英下,乡
652801203,兰干,乡
652801204,和什力克,乡
652801206,阿瓦提,乡
652801207,托布力其,乡
652801208,普惠,乡
652822100,轮台,镇
652822101,轮南,镇
652822102,群巴克,镇
652822103,阳霞,镇
652822201,哈尔巴克,乡
652822202,野云沟,乡
652822203,阿克萨来,乡
652822204,塔尔拉克,乡
652822205,草湖,乡
652822206,铁热克巴扎,乡
652822207,策大雅,乡
652823100,尉犁,镇
652823101,团结,镇
652823102,兴平,镇
652823200,塔里木,乡
652823203,墩阔坦,乡
652823204,喀尔曲尕,乡
652823205,阿克苏甫,乡
652823206,古勒巴格,乡
652824100,若羌,镇
652824101,依吞布拉克,镇
652824102,罗布泊,镇
652824103,瓦石峡,镇
652824104,铁干里克,镇
652824201,吾塔木,乡
652824203,铁木里克,乡
652824204,祁曼塔格,乡
652825100,且末,镇
652825101,奥依亚依拉克,镇
652825102,塔提让,镇
652825103,塔中,镇
652825104,阿羌,镇
652825105,阿热勒,镇
652825201,琼库勒,乡
652825202,托格拉克勒克,乡
652825203,巴格艾日克,乡
652825204,英吾斯塘,乡
652825205,阿克提坎墩,乡
652825206,阔什萨特玛,乡
652825209,库拉木勒克,乡
652826100,焉耆,镇
652826101,七个星,镇
652826102,永宁,镇
652826103,四十里城子,镇
652826200,北大渠,乡
652826201,五号渠,乡
652826203,查汗采开,乡
652826204,包尔海,乡
652827100,和静,镇
652827101,巴仑台,镇
652827102,巴润哈尔莫墩,镇
652827103,哈尔莫墩,镇
652827104,巴音布鲁克,镇
652827105,巩乃斯,镇
652827106,乃门莫敦,镇
652827107,协比乃尔布呼,镇
652827203,克尔古提,乡
652827204,阿拉沟,乡
652827205,额勒再特乌鲁,乡
652827206,巴音郭楞,乡
652828100,特吾里克,镇
652828101,塔哈其,镇
652828102,曲惠,镇
652828200,乌什塔拉|回族,乡
652828203,苏哈特,乡
652828204,乃仁克尔,乡
652828205,新塔热,乡
652829100,博湖,镇
652829101,本布图,镇
652829102,乌兰再格森,镇
652829200,塔温觉肯,乡
652829203,才坎诺尔,乡
652829204,查干诺尔,乡
652829205,博斯腾湖,乡
652901001,兰干,街道
652901002,英巴扎,街道
652901003,红桥,街道
652901004,新城,街道
652901005,南城,街道
652901006,柯柯牙,街道
652901007,多浪,街道
652901100,喀拉塔勒,镇
652901101,阿依库勒,镇
652901102,依干其,镇
652901103,柳源,镇
652901201,拜什吐格曼,乡
652901202,托普鲁克,乡
652901203,库木巴什,乡
652902001,热斯坦,街道
652902002,萨克萨克,街道
652902003,新城,街道
652902004,东城,街道
652902005,城南,街道
652902006,兴化,街道
652902100,乌恰,镇
652902101,阿拉哈格,镇
652902102,齐满,镇
652902103,墩阔坦,镇
652902104,牙哈,镇
652902105,乌尊,镇
652902106,伊西哈拉,镇
652902107,二八台,镇
652902108,塔里木,镇
652902200,玉奇吾斯塘,乡
652902201,比西巴格,乡
652902202,哈尼喀塔木,乡
652902203,阿克吾斯塘,乡
652902204,阿格,乡
652922100,温宿,镇
652922101,吐木秀克,镇
652922102,克孜勒,镇
652922103,阿热勒,镇
652922104,佳木,镇
652922105,青川,镇
652922106,稻花,镇
652922107,丹杨,镇
652922200,托乎拉,乡
652922202,恰格拉克,乡
652922204,依希来木其,乡
652922206,古勒阿瓦提,乡
652922207,博孜墩|柯尔克孜族,乡
652924100,沙雅,镇
652924101,托依堡勒迪,镇
652924102,红旗,镇
652924103,英买力,镇
652924104,哈德墩,镇
652924105,古勒巴格,镇
652924106,海楼,镇
652924107,塔兴,镇
652924205,努尔巴格,乡
652924206,塔里木,乡
652924207,盖孜库木,乡
652924208,央塔克协海尔,乡
652925100,新和,镇
652925101,尤鲁都斯巴格,镇
652925102,依其艾日克,镇
652925103,塔什艾日克,镇
652925104,排先拜巴扎,镇
652925105,玉奇喀特,镇
652925106,永和,镇
652925203,渭干,乡
652925205,塔木托格拉克,乡
652926100,拜城,镇
652926101,铁热克,镇
652926102,察尔齐,镇
652926103,赛里木,镇
652926104,康其,镇
652926200,黑英山,乡
652926201,克孜尔,乡
652926203,托克逊,乡
652926204,亚吐尔,乡
652926206,布隆,乡
652926207,米吉克,乡
652926208,温巴什,乡
652926209,大桥,乡
652926210,老虎台,乡
652927100,乌什,镇
652927101,阿合雅,镇
652927102,前进,镇
652927103,阿克托海,镇
652927201,亚科瑞克,乡
652927202,阿恰塔格,乡
652927205,英阿瓦提,乡
652927206,亚曼苏|柯尔克孜族,乡
652927207,奥特贝希,乡
652928100,阿瓦提,镇
652928101,乌鲁却勒,镇
652928102,拜什艾日克,镇
652928103,塔木托格拉克,镇
652928104,英艾日克,镇
652928105,阿依巴格,镇
652928106,三河,镇
652928203,多浪,乡
652928204,巴格托格拉克,乡
652929100,柯坪,镇
652929101,盖孜力克,镇
652929102,阿恰勒,镇
652929201,玉尔其,乡
652929203,启浪,乡
653001001,幸福,街道
653001002,光明,街道
653001003,新城,街道
653001100,上阿图什,镇
653001101,松他克,镇
653001102,阿扎克,镇
653001202,阿湖,乡
653001204,格达良,乡
653001205,哈拉峻,乡
653001206,吐古买提,乡
653022100,阿克陶,镇
653022101,奥依塔克,镇
653022102,克孜勒陶,镇
653022103,恰尔隆,镇
653022104,玉麦,镇
653022202,巴仁,乡
653022204,加马铁热克,乡
653022205,木吉,乡
653022206,布伦口,乡
653022210,塔尔|塔吉克族,乡
653022609,库斯拉甫,乡
653023100,阿合奇,镇
653023200,库兰萨日克,乡
653023201,色帕巴依,乡
653023202,苏木塔什,乡
653023203,哈拉奇,乡
653023204,哈拉布拉克,乡
653024100,乌恰,镇
653024101,康苏,镇
653024102,巴音库鲁提,镇
653024200,乌鲁克恰提,乡
653024201,吾合沙鲁,乡
653024202,膘尔托阔依,乡
653024203,黑孜苇,乡
653024204,托云,乡
653024205,铁列克,乡
653024207,波斯坦铁列克,乡
653024208,吉根,乡
653101001,恰萨,街道
653101002,亚瓦格,街道
653101003,吾斯塘博依,街道
653101005,库木代尔瓦扎,街道
653101006,东湖,街道
653101007,西域大道,街道
653101008,西公园,街道
653101009,迎宾大道,街道
653101010,和谐,街道
653101011,学府,街道
653101100,夏马勒巴格,镇
653101101,乃则尔巴格,镇
653101102,兰干,镇
653101202,多来特巴格,乡
653101203,浩罕,乡
653101204,色满,乡
653101205,荒地,乡
653101206,帕哈太克里,乡
653101207,伯什克然木,乡
653101208,阿瓦提,乡
653101209,英吾斯坦,乡
653101210,阿克喀什,乡
653101211,红河,乡
653101212,太平,乡
653101213,广济,乡
653121100,托克扎克,镇
653121102,吾库萨克,镇
653121103,乌帕尔,镇
653121104,石园,镇
653121105,辽园,镇
653121201,塔什米里克,乡
653121202,铁日木,乡
653121211,木什,乡
653122100,疏勒,镇
653122101,罕南力克,镇
653122102,牙甫泉,镇
653122103,锦安,镇
653122205,英尔力克,乡
653122206,库木西力克,乡
653122207,塔尕尔其,乡
653122208,艾尔木东,乡
653122209,阿拉力,乡
653122210,阿拉甫,乡
653122211,英阿瓦提,乡
653123100,英吉沙,镇
653123101,乌恰,镇
653123102,芒辛,镇
653123103,萨罕,镇
653123200,城关,乡
653123201,乔勒潘,乡
653123202,龙甫,乡
653123204,色提力,乡
653123206,英也尔,乡
653123207,克孜勒,乡
653123208,托普鲁克,乡
653123209,苏盖提,乡
653123211,艾古斯,乡
653123212,依格孜也尔,乡
653124100,泽普,镇
653124101,奎依巴格,镇
653124200,波斯喀木,乡
653124201,依玛,乡
653124202,古勒巴格,乡
653124203,赛力,乡
653124204,依克苏,乡
653124205,图呼其,乡
653124206,奎依巴格,乡
653124207,阿克塔木,乡
653124208,阿依库勒,乡
653124209,布依鲁克|塔吉克族,乡
653124210,桐安,乡
653125001,叶尔羌,街道
653125002,城中,街道
653125003,城东,街道
653125004,城西,街道
653125005,城北,街道
653125100,莎车,镇
653125101,恰热克,镇
653125102,艾力西湖,镇
653125103,荒地,镇
653125104,阿瓦提,镇
653125105,白什坎特,镇
653125106,依盖尔其,镇
653125107,古勒巴格,镇
653125108,米夏,镇
653125109,托木吾斯塘,镇
653125110,塔尕尔其,镇
653125111,乌达力克,镇
653125112,阿拉买提,镇
653125113,阿扎特巴格,镇
653125114,广安,镇
653125201,阿热勒,乡
653125202,恰尔巴格,乡
653125204,英吾斯塘,乡
653125206,阿尔斯兰巴格,乡
653125207,孜热甫夏提|塔吉克族,乡
653125208,亚喀艾日克,乡
653125209,喀群,乡
653125210,霍什拉甫,乡
653125211,达木斯,乡
653125213,伊什库力,乡
653125214,拍克其,乡
653125216,阔什艾日克,乡
653125217,墩巴格,乡
653125220,巴格阿瓦提,乡
653125221,喀拉苏,乡
653126100,喀格勒克,镇
653126101,恰尔巴格,镇
653126102,乌夏克巴什,镇
653126103,阿克塔什,镇
653126104,金果,镇
653126105,依提木孔,镇
653126106,白杨,镇
653126107,伯西热克,镇
653126108,河园,镇
653126200,洛克,乡
653126202,铁提,乡
653126204,吐古其,乡
653126205,江格勒斯,乡
653126207,巴仁,乡
653126208,乌吉热克,乡
653126209,夏合甫,乡
653126210,依力克其,乡
653126212,宗朗,乡
653126213,柯克亚,乡
653126215,棋盘,乡
653127100,麦盖提,镇
653127101,巴扎结米,镇
653127201,希依提墩,乡
653127202,央塔克,乡
653127203,吐曼塔勒,乡
653127204,尕孜库勒,乡
653127205,克孜勒阿瓦提,乡
653127206,库木库萨尔,乡
653127207,昂格特勒克,乡
653127208,库尔玛,乡
653128100,岳普湖,镇
653128101,艾西曼,镇
653128102,铁热木,镇
653128103,也克先拜巴扎,镇
653128200,岳普湖,乡
653128203,阿其克,乡
653128204,色也克,乡
653128206,巴依阿瓦提,乡
653128207,阿洪鲁库木,乡
653129100,巴仁,镇
653129101,西克尔库勒,镇
653129102,夏普吐勒,镇
653129103,卧里托格拉克,镇
653129104,克孜勒博依,镇
653129105,和夏阿瓦提,镇
653129106,英买里,镇
653129107,居仁,镇
653129200,铁日木,乡
653129205,米夏,乡
653129208,克孜勒苏,乡
653129209,古勒鲁克,乡
653129210,玉代克力克,乡
653130100,巴楚,镇
653130101,色力布亚,镇
653130102,阿瓦提,镇
653130103,三岔口,镇
653130200,恰尔巴格,乡
653130201,多来提巴格,乡
653130202,阿纳库勒,乡
653130203,夏玛勒,乡
653130204,阿克萨克马热勒,乡
653130205,阿拉格尔,乡
653130206,琼库尔恰克,乡
653130207,英吾斯塘,乡
653131100,塔什库尔干,镇
653131101,塔吉克阿巴提,镇
653131200,塔什库尔干,乡
653131201,塔合曼,乡
653131202,科克亚尔|柯尔克孜族,乡
653131203,提孜那甫,乡
653131204,达布达尔,乡
653131205,马尔洋,乡
653131206,瓦恰,乡
653131207,班迪尔,乡
653131208,库科西鲁格,乡
653131210,大同,乡
653132100,新华,镇
653132101,宝玉,镇
653132102,永康,镇
653132103,玉叶,镇
653201001,奴尔巴格,街道
653201002,古江巴格,街道
653201003,古勒巴格,街道
653201004,纳尔巴格,街道
653201005,玉河,街道
653201100,拉斯奎,镇
653201101,玉龙喀什,镇
653201102,吐沙拉,镇
653201200,肖尔巴格,乡
653201201,伊里其,乡
653201202,古江巴格,乡
653201204,吉亚,乡
653201205,阿克恰勒,乡
653221100,巴格其,镇
653221101,罕艾日克,镇
653221103,百和,镇
653221202,英阿瓦提,乡
653221203,英艾日克,乡
653221204,布扎克,乡
653221205,拉依喀,乡
653221206,朗如,乡
653221207,塔瓦库勒,乡
653221208,伊斯拉木阿瓦提,乡
653221209,色格孜库勒,乡
653221210,喀什塔什,乡
653221211,吾宗肖,乡
653222100,喀拉喀什,镇
653222101,扎瓦,镇
653222102,奎牙,镇
653222103,喀尔赛,镇
653222104,普恰克其,镇
653222203,阿克萨拉依,乡
653222204,乌尔其,乡
653222205,托胡拉,乡
653222206,萨依巴格,乡
653222207,加汗巴格,乡
653222209,芒来,乡
653222210,阔依其,乡
653222211,雅瓦,乡
653222212,吐外特,乡
653222213,英也尔,乡
653222214,喀瓦克,乡
653223100,固玛,镇
653223101,杜瓦,镇
653223103,木吉,镇
653223104,阔什塔格,镇
653223105,桑株,镇
653223106,科克铁热克,镇
653223201,克里阳,乡
653223205,乔达,乡
653223206,木奎拉,乡
653223207,藏桂,乡
653223208,皮亚勒玛,乡
653223209,皮西那,乡
653223210,巴什兰干,乡
653223211,垴阿巴提|塔吉克族,乡
653223212,康克尔|柯尔克孜族,乡
653224100,洛浦,镇
653224101,山普鲁,镇
653224102,杭桂,镇
653224103,恰尔巴格,镇
653224104,多鲁,镇
653224201,布亚,乡
653224206,纳瓦,乡
653224207,拜什托格拉克,乡
653224208,阿其克,乡
653225100,策勒,镇
653225101,固拉合玛,镇
653225200,策勒,乡
653225202,达玛沟,乡
653225203,恰哈,乡
653225204,乌鲁克萨依,乡
653225205,奴尔,乡
653225206,博斯坦,乡
653226100,木尕拉,镇
653226101,先拜巴扎,镇
653226200,加依,乡
653226201,科克亚,乡
653226202,阿热勒,乡
653226203,阿日希,乡
653226204,兰干,乡
653226205,斯也克,乡
653226206,托格日尕孜,乡
653226207,喀拉克尔,乡
653226208,奥依托格拉克,乡
653226209,阿羌,乡
653226210,英巴格,乡
653226211,希吾勒,乡
653226212,达里雅布依,乡
653227100,尼雅,镇
653227200,尼雅,乡
653227201,若克雅,乡
653227202,萨勒吾则克,乡
653227203,叶亦克,乡
653227204,安迪尔,乡
653227205,亚瓦通古孜,乡
653228100,昆岭,镇
653228101,吉良,镇
653229100,红柳,镇
653229101,甜水海,镇
654002001,萨依布依,街道
654002002,墩买里,街道
654002003,伊犁河路,街道
654002004,喀赞其,街道
654002005,都来提巴格,街道
654002006,琼科瑞克,街道
654002007,艾兰木巴格,街道
654002008,解放路,街道
654002009,北京路,街道
654002010,上海路,街道
654002011,重庆路,街道
654002012,宁远,街道
654002013,伊水,街道
654002100,巴彦岱,镇
654002101,潘津,镇
654002102,英也尔,镇
654002103,达达木图,镇
654002104,胡地亚于孜,镇
654002105,阿热吾斯塘,镇
654002201,汉宾,乡
654002202,塔什库勒克,乡
654002203,喀尔墩,乡
654002204,托格拉克,乡
654002205,克伯克于孜,乡
654003001,团结路,街道
654003002,乌鲁木齐东路,街道
654003003,北京路,街道
654003004,乌鲁木齐西路,街道
654003005,火车站,街道
654003006,北京西路,街道
654003200,开干齐,乡
654004001,卡拉苏,街道
654004002,亚欧西路,街道
654004003,亚欧东路,街道
654004004,工业园区,街道
654004005,兴城,街道
654004200,伊车嘎善|锡伯族,乡
654021100,吉里于孜,镇
654021101,墩麻扎,镇
654021102,英塔木,镇
654021104,巴依托海,镇
654021106,萨木于孜,镇
654021107,喀什,镇
654021108,维吾尔玉其温,镇
654021109,温亚尔,镇
654021201,吐鲁番于孜,乡
654021202,喀拉亚尕奇,乡
654021205,愉群翁|回族,乡
654021212,麻扎,乡
654021214,阿乌利亚,乡
654021215,曲鲁海,乡
654021216,武功,乡
654021217,萨地克于孜,乡
654022100,察布查尔,镇
654022101,爱新色里,镇
654022102,孙扎齐牛录,镇
654022103,加尕斯台,镇
654022104,琼博拉,镇
654022105,绰霍尔,镇
654022106,海努克,镇
654022200,堆齐牛录,乡
654022203,纳达齐牛录,乡
654022204,扎库齐牛录,乡
654022205,米粮泉|回族,乡
654022206,坎,乡
654022207,阔洪奇,乡
654023100,水定,镇
654023101,清水河,镇
654023102,芦草沟,镇
654023103,惠远,镇
654023104,萨尔布拉克,镇
654023105,兰干,镇
654023106,大西沟,镇
654023201,三道河,乡
654023204,三宫|回族,乡
654024100,巩留,镇
654024101,阿克吐别克,镇
654024102,库尔德宁,镇
654024103,阿尕尔森,镇
654024104,东买里,镇
654024105,提克阿热克,镇
654024201,吉尔格郎,乡
654024204,塔斯托别,乡
654025100,新源,镇
654025102,阿热勒托别,镇
654025103,塔勒德,镇
654025104,那拉提,镇
654025105,肖尔布拉克,镇
654025106,喀拉布拉,镇
654025107,阿勒玛勒,镇
654025108,坎苏,镇
654025204,吐尔根,乡
654026100,昭苏,镇
654026101,喀夏加尔,镇
654026102,阿克达拉,镇
654026103,喀拉苏,镇
654026104,洪纳海,镇
654026105,乌尊布拉克,镇
654026106,萨尔阔布,镇
654026206,察汗乌苏|蒙古族,乡
654026207,夏特|柯尔克孜族,乡
654026208,胡松图喀尔逊|蒙古族,乡
654027100,特克斯,镇
654027101,乔拉克铁热克,镇
654027102,喀拉达拉,镇
654027103,齐勒乌泽克,镇
654027104,喀拉托海,镇
654027105,科克苏,镇
654027200,呼吉尔特|蒙古族,乡
654027203,阔克铁热克|柯尔克孜族,乡
654028100,尼勒克,镇
654028101,木斯,镇
654028102,乌拉斯台,镇
654028103,乌赞,镇
654028104,克令,镇
654028200,苏布台,乡
654028201,喀拉苏,乡
654028202,加哈乌拉斯台,乡
654028204,科克浩特浩尔|蒙古族,乡
654028207,喀拉托别,乡
654028208,胡吉尔台,乡
654201001,和平,街道
654201002,杜别克,街道
654201003,新城,街道
654201100,二工,镇
654201101,恰夏,镇
654201102,博孜达克,镇
654201200,喀拉哈巴克,乡
654201202,阿西尔|达斡尔族,乡
654201203,阿不都拉,乡
654201204,也门勒,乡
654202001,新市区,街道
654202002,南苑,街道
654202003,西城区,街道
654202004,虹桥,街道
654202005,奎河,街道
654202100,白杨沟,镇
654202101,哈图布呼,镇
654202102,皇宫,镇
654202103,车排子,镇
654202104,甘河子,镇
654202105,百泉,镇
654202106,四棵树,镇
654202107,古尔图,镇
654202108,西湖,镇
654202109,西大沟,镇
654202200,八十四户,乡
654202201,夹河子,乡
654202202,九间楼,乡
654202203,石桥,乡
654202204,头台,乡
654202205,吉尔格勒特郭楞|蒙古族,乡
654202206,塔布勒合特|蒙古族,乡
654203001,桃园,街道
654203002,团结,街道
654203003,书香,街道
654203004,凯旋,街道
654203101,四道河子,镇
654203102,老沙湾,镇
654203103,乌兰乌苏,镇
654203104,安集海,镇
654203105,东湾,镇
654203106,西戈壁,镇
654203107,柳毛湾,镇
654203108,金沟河,镇
654203109,三道河子,镇
654203200,商户地,乡
654203201,大泉,乡
654203202,博尔通古,乡
654221100,额敏,镇
654221101,玉什喀拉苏,镇
654221102,杰勒阿尕什,镇
654221103,上户,镇
654221104,玛热勒苏,镇
654221105,喀拉也木勒,镇
654221200,郊区,乡
654221202,额玛勒郭楞|蒙古族,乡
654221207,喇嘛昭,乡
654221208,霍吉尔特|蒙古族,乡
654221209,二道桥,乡
654224100,托里,镇
654224101,铁厂沟,镇
654224102,庙尔沟,镇
654224103,哈图,镇
654224201,多拉特,乡
654224202,乌雪特,乡
654224203,库普,乡
654224204,阿克别里斗,乡
654225100,哈拉布拉,镇
654225101,吉也克,镇
654225200,哈拉布拉,乡
654225201,新地,乡
654225202,阿勒腾也木勒,乡
654225204,江格斯,乡
654226100,和布克赛尔,镇
654226101,和什托洛盖,镇
654226200,夏孜盖,乡
654226201,铁布肯乌散,乡
654226202,查干库勒,乡
654226203,巴音敖瓦,乡
654226204,莫特格,乡
654226205,查和特,乡
654301001,金山路,街道
654301002,解放路,街道
654301003,团结路,街道
654301004,恰秀路,街道
654301100,北屯,镇
654301101,阿苇滩,镇
654301102,红墩,镇
654301103,切木尔切克,镇
654301104,阿拉哈克,镇
654301202,汗德尕特|蒙古族,乡
654301203,拉斯特,乡
654301204,喀拉希力克,乡
654301205,萨尔胡松,乡
654301206,巴里巴盖,乡
654301207,切尔克齐,乡
654321100,布尔津,镇
654321101,冲乎尔,镇
654321102,窝依莫克,镇
654321103,阔斯特克,镇
654321201,杜来提,乡
654321204,也格孜托别,乡
654321205,禾木喀纳斯|蒙古族,乡
654322100,库额尔齐斯,镇
654322101,可可托海,镇
654322102,恰库尔图,镇
654322103,喀拉通克,镇
654322104,杜热,镇
654322200,吐尔洪,乡
654322202,库尔特,乡
654322203,克孜勒希力克,乡
654322204,铁买克,乡
654322205,喀拉布勒根,乡
654323100,福海,镇
654323101,喀拉玛盖,镇
654323102,解特阿热勒,镇
654323201,阔克阿尕什,乡
654323202,齐干吉迭,乡
654323204,阿尔达,乡
654324100,阿克齐,镇
654324101,萨尔布拉克,镇
654324102,齐巴尔,镇
654324103,库勒拜,镇
654324200,萨尔塔木,乡
654324201,加依勒玛,乡
654324204,铁热克提,乡
654325100,青河,镇
654325101,塔克什肯,镇
654325102,阿热勒托别,镇
654325103,阿热勒,镇
654325104,阿格达拉,镇
654325202,萨尔托海,乡
654325203,查干郭勒,乡
654325204,阿尕什敖包,乡
654326100,托普铁热克,镇
654326101,吉木乃,镇
654326102,喀尔交,镇
654326103,乌拉斯特,镇
654326201,托斯特,乡
654326202,恰勒什海,乡
654326204,别斯铁热克,乡
659001001,新城,街道
659001002,向阳,街道
659001003,红山,街道
659001004,老街,街道
659001005,东城,街道
659001100,石总场北泉,镇
659001101,石河子,镇
659001400,一二一,团
659001401,一三三,团
659001402,一三四,团
659001403,一三六,团
659001404,一四一,团
659001405,一四二,团
659001406,一四三,团
659001407,一四四,团
659001408,一四七,团
659001409,一四八,团
659001410,一四九,团
659001411,一五〇,团
659001412,一五二,团
659002001,幸福路,街道
659002002,金银川路,街道
659002003,青松路,街道
659002004,南口,街道
659002100,一团金银川,镇
659002101,六团双城,镇
659002102,五团沙河,镇
659002103,四团永宁,镇
659002104,二团新井子,镇
659002105,三团甘泉,镇
659002106,十一团花桥,镇
659002107,十三团幸福,镇
659002108,十四团金杨,镇
659002109,七团玛滩,镇
659002110,八团塔门,镇
659002111,九团梨花,镇
659002112,十团昌安,镇
659002113,十二团塔南,镇
659002114,十六团新开岭,镇
659002201,托喀依,乡
659003001,锦绣,街道
659003002,前海,街道
659003003,永安坝,街道
659003102,四十五团前海,镇
659003103,四十六团永兴,镇
659003104,五十四团兴安,镇
659003106,四十八团河东,镇
659003107,五十团夏河,镇
659003108,四十四团永安,镇
659003109,四十九团海安,镇
659003110,五十一团唐驿,镇
659003111,五十三团金胡杨,镇
659003113,叶城二牧场杏花,镇
659004001,军垦路,街道
659004002,青湖路,街道
659004003,人民路,街道
659004100,一〇二团梧桐,镇
659004101,一〇三团蔡家湖,镇
659004102,一〇一团青湖,镇
659004400,一〇五,团
659004401,一〇六,团
659004402,北塔山,牧场
659004403,新湖,农场
659004404,六运湖,农场
659004405,芳草湖,农场
659004406,奇台,农场
659004407,红旗,农场
659004408,土墩子,农场
659004409,军户,农场
659004410,共青团,农场
659005001,天骄,街道
659005002,龙疆,街道
659005003,军垦,街道
659005100,一八三团双渠,镇
659005101,一八七团丰庆,镇
659005102,一八八团海川,镇
659005400,一八一,团
659005401,一八二,团
659005402,一八四,团
659005403,一八五,团
659005404,一八六,团
659006001,迎宾,街道
659006100,二十九团博古其,镇
659006101,三十团双丰,镇
659006102,二十二团河畔,镇
659006103,二十四团高桥,镇
659006104,二十七团天湖,镇
659006105,二二三团开泽,镇
659006106,三十六团米兰,镇
659006107,三十七团金山,镇
659006108,三十八团南屯,镇
659006109,二十一团开来,镇
659006110,二十五团西海,镇
659006111,三十一团罗杨,镇
659006112,三十三团营盘,镇
659006113,三十四团蒲昌,镇
659007001,明珠,街道
659007100,八十一团双桥,镇
659007101,八十四团石峪,镇
659007102,八十六团博河,镇
659007103,九十团双乐,镇
659007104,八十九团友谊,镇
659007400,八十三,团
659007401,八十七,团
659007402,八十八,团
659007403,九十一,团
659008001,金山,街道
659008002,花城,街道
659008100,六十三团榆树庄,镇
659008101,六十四团苇湖,镇
659008102,六十八团长丰,镇
659008103,六十六团金梁,镇
659008104,六十七团金屯,镇
659008400,六十一,团
659008401,六十二,团
659008402,六十九,团
659008403,七十,团
659008404,七十一,团
659008405,七十二,团
659008406,七十三,团
659008407,七十四,团
659008408,七十五,团
659008409,七十六,团
659008410,七十七,团
659008411,七十八,团
659008412,七十九,团
659009001,玉都,街道
659009100,四十七团老兵,镇
659009101,皮山农场昆泉,镇
659009102,一牧场昆牧,镇
659009103,二二五团玉泉,镇
659009104,二二四团玉园,镇
659010001,胡杨,街道
659010100,一三〇团共青,镇
659010400,一二三,团
659010401,一二四,团
659010402,一二五,团
659010403,一二六,团
659010404,一二七,团
659010405,一二八,团
659010406,一二九,团
659010407,一三一,团
659010408,一三七,团
659010409,奎东,农场
659011100,红星一场二道湖,镇
659011101,红星四场骆驿,镇
659011102,黄田农场黄田,镇
659011400,红星二场
659011401,红山,农场
659011402,淖毛湖,农场
659011403,火箭,农场
659011404,柳树泉,农场
659012100,一六一团小白杨,镇
659012101,一六三团富兴,镇
659012102,一六四团金玉,镇
659012103,一六五团锦绣,镇
659012401,一六二,团
659012405,一六六,团
659012406,一六七,团
659012407,一六八,团
659012408,一七〇,团
659012409,团结,农场
659013100,四十一团草湖,镇
659013101,四十二团龙口,镇
659013102,伽师总场嘉和,镇
659013103,东风农场东风,镇
659013104,托云牧场兴边,镇
659013105,红旗农场红石榴,镇
659013200,巴合齐,乡
659013201,布拉克苏,乡
659013202,皮拉勒,乡
659013203,喀热开其克,乡
