parent,code,type,name
110101,110101001,街道,东华门街道
110101,110101002,街道,景山街道
110101,110101003,街道,交道口街道
110101,110101004,街道,安定门街道
110101,110101005,街道,北新桥街道
110101,110101006,街道,东四街道
110101,110101007,街道,朝阳门街道
110101,110101008,街道,建国门街道
110101,110101009,街道,东直门街道
110101,110101010,街道,和平里街道
110101,110101011,街道,前门街道
110101,110101012,街道,崇文门外街道
110101,110101013,街道,东花市街道
110101,110101014,街道,龙潭街道
110101,110101015,街道,体育馆路街道
110101,110101016,街道,天坛街道
110101,110101017,街道,永定门外街道
110102,110102001,街道,西长安街街道
110102,110102003,街道,新街口街道
110102,110102007,街道,月坛街道
110102,110102009,街道,展览路街道
110102,110102010,街道,德胜街道
110102,110102011,街道,金融街街道
110102,110102012,街道,什刹海街道
110102,110102013,街道,大栅栏街道
110102,110102014,街道,天桥街道
110102,110102015,街道,椿树街道
110102,110102016,街道,陶然亭街道
110102,110102017,街道,广安门内街道
110102,110102018,街道,牛街街道
110102,110102019,街道,白纸坊街道
110102,110102020,街道,广安门外街道
110105,110105001,街道,建外街道
110105,110105002,街道,朝外街道
110105,110105003,街道,呼家楼街道
110105,110105004,街道,三里屯街道
110105,110105005,街道,左家庄街道
110105,110105006,街道,香河园街道
110105,110105007,街道,和平街街道
110105,110105008,街道,安贞街道
110105,110105009,街道,亚运村街道
110105,110105010,街道,小关街道
110105,110105011,街道,酒仙桥街道
110105,110105012,街道,麦子店街道
110105,110105013,街道,团结湖街道
110105,110105014,街道,六里屯街道
110105,110105015,街道,八里庄街道
110105,110105016,街道,双井街道
110105,110105017,街道,劲松街道
110105,110105018,街道,潘家园街道
110105,110105019,街道,垡头街道
110105,110105021,乡,南磨房乡
110105,110105022,乡,高碑店乡
110105,110105023,乡,将台乡
110105,110105024,乡,太阳宫乡
110105,110105025,街道,大屯街道
110105,110105026,街道,望京街道
110105,110105027,乡,小红门乡
110105,110105028,乡,十八里店乡
110105,110105029,乡,平房乡
110105,110105030,乡,东风乡
110105,110105031,街道,奥运村街道
110105,110105032,乡,来广营乡
110105,110105033,民族乡,常营回族乡
110105,110105034,乡,三间房乡
110105,110105035,乡,管庄乡
110105,110105036,乡,金盏乡
110105,110105037,乡,孙河乡
110105,110105038,乡,崔各庄乡
110105,110105039,乡,东坝乡
110105,110105040,乡,黑庄户乡
110105,110105041,乡,豆各庄乡
110105,110105042,乡,王四营乡
110105,110105043,街道,东湖街道
110105,110105400,街道,首都机场街道
110106,110106001,街道,右安门街道
110106,110106002,街道,太平桥街道
110106,110106003,街道,西罗园街道
110106,110106004,街道,大红门街道
110106,110106005,街道,南苑街道
110106,110106006,街道,东高地街道
110106,110106007,街道,东铁匠营街道
110106,110106008,街道,六里桥街道
110106,110106009,街道,丰台街道
110106,110106010,街道,新村街道
110106,110106011,街道,长辛店街道
110106,110106012,街道,云岗街道
110106,110106013,街道,方庄街道
110106,110106014,街道,宛平街道
110106,110106015,街道,马家堡街道
110106,110106016,街道,和义街道
110106,110106017,街道,卢沟桥街道
110106,110106018,街道,花乡街道
110106,110106020,街道,成寿寺街道
110106,110106021,街道,石榴庄街道
110106,110106022,街道,玉泉营街道
110106,110106023,街道,看丹街道
110106,110106024,街道,五里店街道
110106,110106025,街道,青塔街道
110106,110106100,镇,北宫镇
110106,110106101,镇,王佐镇
110107,110107001,街道,八宝山街道
110107,110107002,街道,老山街道
110107,110107003,街道,八角街道
110107,110107004,街道,古城街道
110107,110107005,街道,苹果园街道
110107,110107006,街道,金顶街街道
110107,110107009,街道,广宁街道
110107,110107010,街道,五里坨街道
110107,110107011,街道,鲁谷街道
110108,110108001,街道,万寿路街道
110108,110108002,街道,永定路街道
110108,110108003,街道,羊坊店街道
110108,110108004,街道,甘家口街道
110108,110108005,街道,八里庄街道
110108,110108006,街道,紫竹院街道
110108,110108007,街道,北下关街道
110108,110108008,街道,北太平庄街道
110108,110108010,街道,学院路街道
110108,110108011,街道,中关村街道
110108,110108012,街道,海淀街道
110108,110108013,街道,青龙桥街道
110108,110108014,街道,清华园街道
110108,110108015,街道,燕园街道
110108,110108016,街道,香山街道
110108,110108017,街道,清河街道
110108,110108018,街道,花园路街道
110108,110108019,街道,西三旗街道
110108,110108020,街道,马连洼街道
110108,110108021,街道,田村路街道
110108,110108022,街道,上地街道
110108,110108023,镇,海淀镇
110108,110108024,镇,东升镇
110108,110108025,街道,曙光街道
110108,110108026,镇,温泉镇
110108,110108027,镇,四季青镇
110108,110108028,镇,西北旺镇
110108,110108029,镇,苏家坨镇
110108,110108030,镇,上庄镇
110109,110109001,街道,大峪街道
110109,110109002,街道,城子街道
110109,110109003,街道,东辛房街道
110109,110109004,街道,大台街道
110109,110109005,镇,王平镇
110109,110109006,镇,永定镇
110109,110109007,镇,龙泉镇
110109,110109101,镇,潭柘寺镇
110109,110109104,镇,军庄镇
110109,110109105,镇,雁翅镇
110109,110109106,镇,斋堂镇
110109,110109107,镇,清水镇
110109,110109108,镇,妙峰山镇
110111,110111001,街道,城关街道
110111,110111002,街道,新镇街道
110111,110111004,街道,向阳街道
110111,110111005,街道,东风街道
110111,110111006,街道,迎风街道
110111,110111007,街道,星城街道
110111,110111008,镇,良乡镇
110111,110111009,镇,周口店镇
110111,110111010,镇,琉璃河镇
110111,110111011,街道,拱辰街道
110111,110111012,街道,西潞街道
110111,110111101,镇,阎村镇
110111,110111103,镇,窦店镇
110111,110111104,镇,石楼镇
110111,110111105,镇,长阳镇
110111,110111107,镇,河北镇
110111,110111108,镇,长沟镇
110111,110111109,镇,大石窝镇
110111,110111110,镇,张坊镇
110111,110111111,镇,十渡镇
110111,110111112,镇,青龙湖镇
110111,110111115,镇,韩村河镇
110111,110111208,乡,霞云岭乡
110111,110111209,乡,南窖乡
110111,110111210,乡,佛子庄乡
110111,110111211,乡,大安山乡
110111,110111212,乡,史家营乡
110111,110111213,乡,蒲洼乡
110112,110112001,街道,中仓街道
110112,110112002,街道,新华街道
110112,110112003,街道,北苑街道
110112,110112004,街道,玉桥街道
110112,110112007,街道,潞源街道
110112,110112008,街道,通运街道
110112,110112009,街道,文景街道
110112,110112010,街道,九棵树街道
110112,110112011,街道,临河里街道
110112,110112012,街道,杨庄街道
110112,110112013,街道,潞邑街道
110112,110112104,镇,宋庄镇
110112,110112105,镇,张家湾镇
110112,110112106,镇,漷县镇
110112,110112109,镇,马驹桥镇
110112,110112110,镇,西集镇
110112,110112114,镇,台湖镇
110112,110112117,镇,永乐店镇
110112,110112119,镇,潞城镇
110112,110112120,镇,永顺镇
110112,110112121,镇,梨园镇
110112,110112209,民族乡,于家务回族乡
110113,110113001,街道,胜利街道
110113,110113002,街道,光明街道
110113,110113003,镇,仁和镇
110113,110113004,镇,后沙峪镇
110113,110113005,镇,天竺镇
110113,110113006,镇,杨镇
110113,110113007,镇,牛栏山镇
110113,110113008,镇,南法信镇
110113,110113009,镇,马坡镇
110113,110113010,街道,石园街道
110113,110113011,街道,空港街道
110113,110113012,街道,双丰街道
110113,110113013,街道,旺泉街道
110113,110113101,镇,高丽营镇
110113,110113104,镇,李桥镇
110113,110113105,镇,李遂镇
110113,110113106,镇,南彩镇
110113,110113108,镇,北务镇
110113,110113109,镇,大孙各庄镇
110113,110113110,镇,张镇
110113,110113111,镇,龙湾屯镇
110113,110113112,镇,木林镇
110113,110113113,镇,北小营镇
110113,110113115,镇,北石槽镇
110113,110113116,镇,赵全营镇
110114,110114001,街道,城北街道
110114,110114002,镇,南口镇
110114,110114003,镇,马池口镇
110114,110114004,镇,沙河镇
110114,110114005,街道,城南街道
110114,110114007,镇,东小口镇
110114,110114008,街道,天通苑北街道
110114,110114009,街道,天通苑南街道
110114,110114010,街道,霍营街道
110114,110114011,街道,回龙观街道
110114,110114012,街道,龙泽园街道
110114,110114013,街道,史各庄街道
110114,110114104,镇,阳坊镇
110114,110114110,镇,小汤山镇
110114,110114111,镇,南邵镇
110114,110114112,镇,崔村镇
110114,110114113,镇,百善镇
110114,110114115,镇,北七家镇
110114,110114116,镇,兴寿镇
110114,110114118,镇,流村镇
110114,110114119,镇,十三陵镇
110114,110114120,镇,延寿镇
110115,110115001,街道,兴丰街道
110115,110115002,街道,林校路街道
110115,110115003,街道,清源街道
110115,110115004,镇,亦庄镇
110115,110115005,镇,黄村镇
110115,110115006,镇,旧宫镇
110115,110115007,镇,西红门镇
110115,110115008,镇,瀛海镇
110115,110115009,街道,观音寺街道
110115,110115010,街道,天宫院街道
110115,110115011,街道,高米店街道
110115,110115012,街道,荣华街道
110115,110115013,街道,博兴街道
110115,110115103,镇,青云店镇
110115,110115104,镇,采育镇
110115,110115105,镇,安定镇
110115,110115106,镇,礼贤镇
110115,110115107,镇,榆垡镇
110115,110115108,镇,庞各庄镇
110115,110115109,镇,北臧村镇
110115,110115110,镇,魏善庄镇
110115,110115111,镇,长子营镇
110116,110116001,街道,泉河街道
110116,110116002,街道,龙山街道
110116,110116003,镇,怀柔镇
110116,110116004,镇,雁栖镇
110116,110116005,镇,庙城镇
110116,110116102,镇,北房镇
110116,110116103,镇,杨宋镇
110116,110116105,镇,桥梓镇
110116,110116106,镇,怀北镇
110116,110116107,镇,汤河口镇
110116,110116108,镇,渤海镇
110116,110116109,镇,九渡河镇
110116,110116110,镇,琉璃庙镇
110116,110116111,镇,宝山镇
110116,110116211,民族乡,长哨营满族乡
110116,110116213,民族乡,喇叭沟门满族乡
110117,110117001,街道,滨河街道
110117,110117002,街道,兴谷街道
110117,110117003,镇,平谷镇
110117,110117004,镇,峪口镇
110117,110117005,镇,马坊镇
110117,110117006,镇,金海湖镇
110117,110117101,镇,东高村镇
110117,110117102,镇,山东庄镇
110117,110117104,镇,南独乐河镇
110117,110117105,镇,大华山镇
110117,110117106,镇,夏各庄镇
110117,110117108,镇,马昌营镇
110117,110117110,镇,王辛庄镇
110117,110117111,镇,大兴庄镇
110117,110117112,镇,刘家店镇
110117,110117114,镇,镇罗营镇
110117,110117213,乡,黄松峪乡
110117,110117214,乡,熊儿寨乡
110118,110118001,街道,鼓楼街道
110118,110118002,街道,果园街道
110118,110118003,民族乡,檀营满族蒙古族乡
110118,110118100,镇,密云镇
110118,110118101,镇,溪翁庄镇
110118,110118102,镇,西田各庄镇
110118,110118103,镇,十里堡镇
110118,110118104,镇,河南寨镇
110118,110118105,镇,巨各庄镇
110118,110118106,镇,穆家峪镇
110118,110118107,镇,太师屯镇
110118,110118108,镇,高岭镇
110118,110118109,镇,不老屯镇
110118,110118110,镇,冯家峪镇
110118,110118111,镇,古北口镇
110118,110118112,镇,大城子镇
110118,110118113,镇,东邵渠镇
110118,110118114,镇,北庄镇
110118,110118115,镇,新城子镇
110118,110118116,镇,石城镇
110119,110119001,街道,百泉街道
110119,110119002,街道,香水园街道
110119,110119003,街道,儒林街道
110119,110119100,镇,延庆镇
110119,110119101,镇,康庄镇
110119,110119102,镇,八达岭镇
110119,110119103,镇,永宁镇
110119,110119104,镇,旧县镇
110119,110119105,镇,张山营镇
110119,110119106,镇,四海镇
110119,110119107,镇,千家店镇
110119,110119108,镇,沈家营镇
110119,110119109,镇,大榆树镇
110119,110119110,镇,井庄镇
110119,110119200,乡,大庄科乡
110119,110119201,乡,刘斌堡乡
110119,110119202,乡,香营乡
110119,110119203,乡,珍珠泉乡
120101,120101001,街道,劝业场街道
120101,120101002,街道,小白楼街道
120101,120101003,街道,五大道街道
120101,120101004,街道,新兴街道
120101,120101005,街道,南营门街道
120101,120101006,街道,南市街道
120102,120102001,街道,大王庄街道
120102,120102002,街道,大直沽街道
120102,120102003,街道,中山门街道
120102,120102004,街道,富民路街道
120102,120102005,街道,二号桥街道
120102,120102006,街道,春华街道
120102,120102007,街道,唐家口街道
120102,120102008,街道,向阳楼街道
120102,120102009,街道,常州道街道
120102,120102010,街道,上杭路街道
120102,120102011,街道,东新街道
120102,120102012,街道,鲁山道街道
120102,120102013,街道,天津铁厂街道
120103,120103001,街道,大营门街道
120103,120103002,街道,下瓦房街道
120103,120103003,街道,桃园街道
120103,120103004,街道,挂甲寺街道
120103,120103005,街道,马场街道
120103,120103006,街道,越秀路街道
120103,120103007,街道,友谊路街道
120103,120103008,街道,天塔街道
120103,120103009,街道,尖山街道
120103,120103010,街道,陈塘庄街道
120103,120103011,街道,柳林街道
120103,120103012,街道,东海街道
120103,120103013,街道,梅江街道
120103,120103014,街道,太湖路街道
120104,120104001,街道,长虹街道
120104,120104002,街道,鼓楼街道
120104,120104003,街道,兴南街道
120104,120104004,街道,广开街道
120104,120104005,街道,万兴街道
120104,120104006,街道,学府街道
120104,120104007,街道,向阳路街道
120104,120104008,街道,嘉陵道街道
120104,120104009,街道,王顶堤街道
120104,120104010,街道,水上公园街道
120104,120104011,街道,体育中心街道
120104,120104012,街道,华苑街道
120105,120105001,街道,光复道街道
120105,120105002,街道,望海楼街道
120105,120105003,街道,鸿顺里街道
120105,120105004,街道,新开河街道
120105,120105005,街道,铁东路街道
120105,120105006,街道,建昌道街道
120105,120105007,街道,宁园街道
120105,120105008,街道,王串场街道
120105,120105009,街道,江都路街道
120105,120105010,街道,月牙河街道
120106,120106001,街道,西于庄街道
120106,120106003,街道,咸阳北路街道
120106,120106004,街道,丁字沽街道
120106,120106005,街道,西沽街道
120106,120106006,街道,三条石街道
120106,120106008,街道,邵公庄街道
120106,120106009,街道,芥园街道
120106,120106010,街道,铃铛阁街道
120106,120106012,街道,和苑街道
120110,120110001,街道,张贵庄街道
120110,120110002,街道,丰年村街道
120110,120110003,街道,万新街道
120110,120110004,街道,无瑕街道
120110,120110005,街道,新立街道
120110,120110006,街道,华明街道
120110,120110007,街道,金钟街道
120110,120110008,街道,军粮城街道
120110,120110009,街道,金桥街道
120110,120110010,街道,东丽湖街道
120110,120110011,街道,华新街道
120111,120111001,街道,西营门街道
120111,120111002,街道,李七庄街道
120111,120111003,街道,赤龙南街道
120111,120111004,街道,赤龙北街道
120111,120111005,街道,津门湖街道
120111,120111100,镇,中北镇
120111,120111101,镇,杨柳青镇
120111,120111102,镇,辛口镇
120111,120111103,镇,张家窝镇
120111,120111104,镇,精武镇
120111,120111105,镇,大寺镇
120111,120111106,镇,王稳庄镇
120112,120112001,街道,双新街道
120112,120112002,街道,双林街道
120112,120112003,街道,海棠街道
120112,120112100,镇,咸水沽镇
120112,120112101,镇,葛沽镇
120112,120112102,镇,小站镇
120112,120112103,镇,双港镇
120112,120112104,镇,辛庄镇
120112,120112106,镇,双桥河镇
120112,120112107,镇,八里台镇
120112,120112108,镇,北闸口镇
120113,120113001,街道,果园新村街道
120113,120113002,街道,集贤里街道
120113,120113003,街道,普东街道
120113,120113004,街道,瑞景街道
120113,120113005,街道,佳荣里街道
120113,120113006,街道,青源街道
120113,120113007,街道,广源街道
120113,120113008,街道,双环邨街道
120113,120113100,镇,天穆镇
120113,120113101,镇,北仓镇
120113,120113102,镇,双街镇
120113,120113103,镇,双口镇
120113,120113104,镇,青光镇
120113,120113106,镇,宜兴埠镇
120113,120113107,镇,小淀镇
120113,120113108,镇,大张庄镇
120113,120113111,镇,西堤头镇
120114,120114001,街道,杨村街道
120114,120114002,街道,下朱庄街道
120114,120114003,街道,东蒲洼街道
120114,120114004,街道,黄庄街道
120114,120114005,街道,徐官屯街道
120114,120114006,街道,运河西街道
120114,120114101,镇,梅厂镇
120114,120114102,镇,大碱厂镇
120114,120114103,镇,崔黄口镇
120114,120114104,镇,大良镇
120114,120114105,镇,下伍旗镇
120114,120114106,镇,南蔡村镇
120114,120114107,镇,大孟庄镇
120114,120114108,镇,泗村店镇
120114,120114109,镇,河西务镇
120114,120114110,镇,城关镇
120114,120114111,镇,东马圈镇
120114,120114112,镇,黄花店镇
120114,120114113,镇,石各庄镇
120114,120114114,镇,王庆坨镇
120114,120114115,镇,汊沽港镇
120114,120114116,镇,河北屯镇
120114,120114117,镇,上马台镇
120114,120114118,镇,大王古庄镇
120114,120114119,镇,陈咀镇
120114,120114120,镇,白古屯镇
120114,120114121,镇,曹子里镇
120114,120114122,镇,大黄堡镇
120114,120114123,镇,豆张庄镇
120114,120114124,镇,高村镇
120115,120115001,街道,海滨街道
120115,120115002,街道,宝平街道
120115,120115003,街道,钰华街道
120115,120115004,街道,周良街道
120115,120115007,街道,朝霞街道
120115,120115008,街道,潮阳街道
120115,120115101,镇,大口屯镇
120115,120115103,镇,王卜庄镇
120115,120115104,镇,方家庄镇
120115,120115105,镇,林亭口镇
120115,120115106,镇,八门城镇
120115,120115107,镇,大钟庄镇
120115,120115108,镇,新安镇
120115,120115111,镇,霍各庄镇
120115,120115113,镇,新开口镇
120115,120115115,镇,大唐庄镇
120115,120115119,镇,牛道口镇
120115,120115120,镇,史各庄镇
120115,120115121,镇,郝各庄镇
120115,120115123,镇,牛家牌镇
120115,120115124,镇,尔王庄镇
120115,120115125,镇,黄庄镇
120115,120115126,镇,口东镇
120115,120115127,镇,大白庄镇
120116,120116005,街道,杭州道街道
120116,120116006,街道,新河街道
120116,120116007,街道,大沽街道
120116,120116008,街道,新北街道
120116,120116009,街道,北塘街道
120116,120116011,街道,胡家园街道
120116,120116012,街道,泰达街道
120116,120116021,街道,汉沽街道
120116,120116022,街道,寨上街道
120116,120116033,街道,古林街道
120116,120116034,街道,海滨街道
120116,120116036,街道,塘沽街道
120116,120116037,街道,茶淀街道
120116,120116038,街道,大港街道
120116,120116039,街道,新港街道
120116,120116040,街道,新村街道
120116,120116100,镇,新城镇
120116,120116102,镇,杨家泊镇
120116,120116105,镇,太平镇
120116,120116106,镇,小王庄镇
120116,120116107,镇,中塘镇
120117,120117001,街道,芦台街道
120117,120117002,街道,桥北街道
120117,120117101,镇,宁河镇
120117,120117102,镇,苗庄镇
120117,120117103,镇,丰台镇
120117,120117104,镇,岳龙镇
120117,120117105,镇,板桥镇
120117,120117106,镇,潘庄镇
120117,120117107,镇,造甲城镇
120117,120117108,镇,七里海镇
120117,120117109,镇,大北涧沽镇
120117,120117110,镇,东棘坨镇
120117,120117111,镇,俵口镇
120117,120117112,镇,廉庄镇
120117,120117113,镇,北淮淀镇
120118,120118001,街道,华康街道
120118,120118002,街道,朝阳街道
120118,120118100,镇,静海镇
120118,120118101,镇,唐官屯镇
120118,120118102,镇,独流镇
120118,120118103,镇,王口镇
120118,120118104,镇,台头镇
120118,120118105,镇,子牙镇
120118,120118106,镇,陈官屯镇
120118,120118107,镇,中旺镇
120118,120118108,镇,大邱庄镇
120118,120118109,镇,蔡公庄镇
120118,120118110,镇,梁头镇
120118,120118111,镇,团泊镇
120118,120118112,镇,双塘镇
120118,120118113,镇,大丰堆镇
120118,120118114,镇,沿庄镇
120118,120118115,镇,西翟庄镇
120118,120118200,乡,良王庄乡
120118,120118201,乡,杨成庄乡
120119,120119001,街道,文昌街道
120119,120119100,镇,渔阳镇
120119,120119101,镇,洇溜镇
120119,120119102,镇,官庄镇
120119,120119103,镇,马伸桥镇
120119,120119104,镇,下营镇
120119,120119105,镇,邦均镇
120119,120119106,镇,别山镇
120119,120119108,镇,尤古庄镇
120119,120119109,镇,上仓镇
120119,120119111,镇,下仓镇
120119,120119112,镇,罗庄子镇
120119,120119113,镇,白涧镇
120119,120119115,镇,侯家营镇
120119,120119116,镇,桑梓镇
120119,120119117,镇,东施古镇
120119,120119118,镇,下窝头镇
120119,120119119,镇,杨津庄镇
120119,120119120,镇,出头岭镇
120119,120119121,镇,西龙虎峪镇
120119,120119122,镇,穿芳峪镇
120119,120119123,镇,东二营镇
120119,120119124,镇,许家台镇
120119,120119125,镇,礼明庄镇
120119,120119126,镇,东赵各庄镇
120119,120119127,镇,州河湾镇
120119,120119203,民族乡,孙各庄满族乡
130102,130102001,街道,建北街道
130102,130102002,街道,青园街道
130102,130102003,街道,广安街道
130102,130102004,街道,育才街道
130102,130102005,街道,跃进街道
130102,130102007,街道,河东街道
130102,130102010,街道,长丰街道
130102,130102011,街道,谈固街道
130102,130102012,街道,中山东路街道
130102,130102013,街道,阜康街道
130102,130102014,街道,建安街道
130102,130102015,街道,胜北街道
130102,130102100,镇,西兆通镇
130102,130102101,镇,南村镇
130102,130102102,镇,高营镇
130102,130102103,镇,桃园镇
130104,130104001,街道,东里街道
130104,130104002,街道,中山街道
130104,130104004,街道,南长街道
130104,130104005,街道,维明街道
130104,130104007,街道,友谊街道
130104,130104008,街道,红旗街道
130104,130104009,街道,新石街道
130104,130104010,街道,苑东街道
130104,130104011,街道,西里街道
130104,130104012,街道,振头街道
130104,130104013,街道,留营街道
130104,130104014,街道,长兴街道
130104,130104015,街道,东华街道
130104,130104016,街道,休门街道
130104,130104017,街道,彭后街道
130104,130104018,街道,东风街道
130104,130104019,街道,汇通街道
130105,130105001,街道,革新街道
130105,130105003,街道,新华路街道
130105,130105004,街道,宁安街道
130105,130105005,街道,东焦街道
130105,130105006,街道,西苑街道
130105,130105007,街道,合作路街道
130105,130105008,街道,联盟街道
130105,130105009,街道,石岗街道
130105,130105011,街道,天苑街道
130105,130105012,街道,北苑街道
130105,130105013,街道,赵陵铺路街道
130105,130105014,街道,赵佗路街道
130105,130105015,街道,大郭街道
130105,130105016,街道,西三庄街道
130105,130105017,街道,杜北街道
130107,130107001,街道,矿市街道
130107,130107002,街道,四微街道
130107,130107100,镇,贾庄镇
130107,130107101,镇,凤山镇
130107,130107200,乡,横涧乡
130108,130108001,街道,裕兴街道
130108,130108002,街道,裕强街道
130108,130108003,街道,东苑街道
130108,130108004,街道,建通街道
130108,130108005,街道,槐底街道
130108,130108006,街道,裕华路街道
130108,130108007,街道,裕东街道
130108,130108008,街道,长江街道
130108,130108009,街道,太行街道
130108,130108010,街道,裕翔街道
130108,130108011,街道,建华南街道
130108,130108100,镇,宋营镇
130108,130108101,镇,方村镇
130109,130109100,镇,廉州镇
130109,130109101,镇,兴安镇
130109,130109102,镇,贾市庄镇
130109,130109103,镇,南营镇
130109,130109104,镇,梅花镇
130109,130109105,镇,岗上镇
130109,130109106,镇,丘头镇
130109,130109107,镇,南董镇
130109,130109108,镇,张家庄镇
130109,130109109,镇,南孟镇
130109,130109110,镇,增村镇
130109,130109111,镇,常安镇
130109,130109112,镇,西关镇
130109,130109200,民族乡,九门回族乡
130110,130110100,镇,获鹿镇
130110,130110101,镇,铜冶镇
130110,130110102,镇,寺家庄镇
130110,130110103,镇,上庄镇
130110,130110104,镇,李村镇
130110,130110105,镇,宜安镇
130110,130110106,镇,黄壁庄镇
130110,130110107,镇,大河镇
130110,130110108,镇,山尹村镇
130110,130110200,乡,石井乡
130110,130110201,乡,白鹿泉乡
130110,130110202,乡,上寨乡
130111,130111100,镇,栾城镇
130111,130111101,镇,郄马镇
130111,130111102,镇,冶河镇
130111,130111103,镇,窦妪镇
130111,130111104,镇,楼底镇
130111,130111200,乡,南高乡
130111,130111201,乡,柳林屯乡
130111,130111202,乡,西营乡
130121,130121100,镇,微水镇
130121,130121101,镇,上安镇
130121,130121102,镇,天长镇
130121,130121103,镇,秀林镇
130121,130121104,镇,南峪镇
130121,130121105,镇,威州镇
130121,130121106,镇,小作镇
130121,130121107,镇,南障城镇
130121,130121108,镇,苍岩山镇
130121,130121109,镇,测鱼镇
130121,130121200,乡,吴家窑乡
130121,130121201,乡,北正乡
130121,130121202,乡,于家乡
130121,130121203,乡,孙庄乡
130121,130121204,乡,南陉乡
130121,130121205,乡,辛庄乡
130121,130121206,乡,南王庄乡
130123,130123001,街道,诸福屯街道
130123,130123002,街道,三里屯街道
130123,130123100,镇,正定镇
130123,130123102,镇,新城铺镇
130123,130123103,镇,新安镇
130123,130123104,镇,南岗镇
130123,130123105,镇,曲阳桥镇
130123,130123106,镇,南牛镇
130123,130123201,乡,南楼乡
130123,130123202,乡,西平乐乡
130125,130125100,镇,龙州镇
130125,130125101,镇,南桥镇
130125,130125102,镇,上碑镇
130125,130125103,镇,口头镇
130125,130125104,镇,上方镇
130125,130125200,乡,独羊岗乡
130125,130125201,乡,安香乡
130125,130125202,乡,只里乡
130125,130125203,乡,市同乡
130125,130125204,乡,翟营乡
130125,130125205,乡,城寨乡
130125,130125207,乡,玉亭乡
130125,130125208,乡,北河乡
130125,130125209,乡,上阎庄乡
130125,130125210,乡,九口子乡
130126,130126100,镇,灵寿镇
130126,130126101,镇,青同镇
130126,130126102,镇,塔上镇
130126,130126103,镇,陈庄镇
130126,130126104,镇,慈峪镇
130126,130126105,镇,岔头镇
130126,130126200,乡,三圣院乡
130126,130126201,乡,北洼乡
130126,130126202,乡,牛城乡
130126,130126203,乡,狗台乡
130126,130126204,乡,南寨乡
130126,130126205,乡,南燕川乡
130126,130126206,乡,北谭庄乡
130126,130126207,乡,寨头乡
130126,130126208,乡,南营乡
130127,130127100,镇,高邑镇
130127,130127101,镇,大营镇
130127,130127102,镇,富村镇
130127,130127103,镇,万城镇
130127,130127104,镇,中韩镇
130128,130128100,镇,深泽镇
130128,130128101,镇,铁杆镇
130128,130128102,镇,赵八镇
130128,130128103,镇,大桥头镇
130128,130128200,乡,白庄乡
130128,130128201,乡,留村乡
130129,130129100,镇,赞皇镇
130129,130129101,镇,院头镇
130129,130129102,镇,南邢郭镇
130129,130129103,镇,嶂石岩镇
130129,130129104,镇,西龙门镇
130129,130129105,镇,西阳泽镇
130129,130129106,镇,许亭镇
130129,130129202,乡,南清河乡
130129,130129204,乡,土门乡
130129,130129205,乡,黄北坪乡
130129,130129208,乡,张楞乡
130130,130130100,镇,无极镇
130130,130130101,镇,七汲镇
130130,130130102,镇,张段固镇
130130,130130103,镇,北苏镇
130130,130130104,镇,郭庄镇
130130,130130105,镇,大陈镇
130130,130130106,镇,里城道镇
130130,130130107,镇,东侯坊镇
130130,130130200,民族乡,高头回族乡
130130,130130201,乡,郝庄乡
130130,130130204,乡,南流乡
130131,130131100,镇,平山镇
130131,130131101,镇,东回舍镇
130131,130131102,镇,温塘镇
130131,130131103,镇,南甸镇
130131,130131104,镇,岗南镇
130131,130131105,镇,古月镇
130131,130131106,镇,下槐镇
130131,130131107,镇,孟家庄镇
130131,130131108,镇,小觉镇
130131,130131109,镇,蛟潭庄镇
130131,130131110,镇,西柏坡镇
130131,130131111,镇,下口镇
130131,130131200,乡,西大吾乡
130131,130131201,乡,上三汲乡
130131,130131202,乡,两河乡
130131,130131203,乡,东王坡乡
130131,130131204,乡,苏家庄乡
130131,130131205,乡,宅北乡
130131,130131207,乡,北冶乡
130131,130131209,乡,上观音堂乡
130131,130131210,乡,杨家桥乡
130131,130131211,乡,营里乡
130131,130131212,乡,合河口乡
130132,130132100,镇,槐阳镇
130132,130132101,镇,殷村镇
130132,130132102,镇,南佐镇
130132,130132103,镇,宋曹镇
130132,130132104,镇,南因镇
130132,130132105,镇,姬村镇
130132,130132106,镇,北褚镇
130132,130132107,镇,马村镇
130132,130132201,乡,东张乡
130132,130132202,乡,赵同乡
130132,130132204,乡,苏村乡
130132,130132205,乡,苏阳乡
130132,130132206,乡,北正乡
130132,130132207,乡,前仙乡
130132,130132208,乡,黑水河乡
130133,130133100,镇,赵州镇
130133,130133101,镇,范庄镇
130133,130133102,镇,北王里镇
130133,130133103,镇,新寨店镇
130133,130133104,镇,韩村镇
130133,130133105,镇,南柏舍镇
130133,130133106,镇,沙河店镇
130133,130133107,镇,王西章镇
130133,130133108,镇,谢庄镇
130133,130133200,乡,前大章乡
130133,130133202,乡,高村乡
130181,130181100,镇,辛集镇
130181,130181101,镇,旧城镇
130181,130181102,镇,张古庄镇
130181,130181103,镇,位伯镇
130181,130181104,镇,新垒头镇
130181,130181105,镇,新城镇
130181,130181106,镇,南智丘镇
130181,130181107,镇,王口镇
130181,130181200,乡,天宫营乡
130181,130181201,乡,前营乡
130181,130181202,乡,马庄乡
130181,130181203,乡,和睦井乡
130181,130181204,乡,田家庄乡
130181,130181205,乡,中里厢乡
130181,130181206,乡,小辛庄乡
130183,130183100,镇,晋州镇
130183,130183101,镇,总十庄镇
130183,130183102,镇,营里镇
130183,130183103,镇,桃园镇
130183,130183104,镇,东卓宿镇
130183,130183105,镇,马于镇
130183,130183106,镇,小樵镇
130183,130183107,镇,槐树镇
130183,130183108,镇,东里庄镇
130183,130183201,乡,周家庄乡
130184,130184001,街道,长寿街道
130184,130184101,镇,化皮镇
130184,130184102,镇,承安镇
130184,130184103,镇,正莫镇
130184,130184104,镇,南大岳镇
130184,130184105,镇,杜固镇
130184,130184106,镇,邯邰镇
130184,130184107,镇,东王镇
130184,130184108,镇,马头铺镇
130184,130184200,乡,协神乡
130184,130184201,乡,木村乡
130184,130184202,民族乡,彭家庄回族乡
130202,130202001,街道,学院南路街道
130202,130202002,街道,友谊街道
130202,130202003,街道,广场街道
130202,130202004,街道,永红桥街道
130202,130202005,街道,小山街道
130202,130202006,街道,文化北后街街道
130202,130202007,街道,钱家营矿区街道
130202,130202008,街道,惠民道街道
130202,130202009,街道,梁家屯路街道
130202,130202100,镇,稻地镇
130202,130202101,镇,女织寨镇
130203,130203001,街道,乔屯街道
130203,130203002,街道,文化路街道
130203,130203003,街道,钓鱼台街道
130203,130203004,街道,东新村街道
130203,130203005,街道,缸窑街道
130203,130203006,街道,机场路街道
130203,130203007,街道,河北路街道
130203,130203008,街道,龙东街道
130203,130203009,街道,大里街道
130203,130203010,街道,光明街道
130203,130203011,街道,翔云道街道
130203,130203012,街道,高新技术开发区街道
130203,130203100,镇,韩城镇
130203,130203101,镇,果园镇
130204,130204001,街道,林西街道
130204,130204002,街道,唐家庄街道
130204,130204003,街道,古冶街道
130204,130204004,街道,赵各庄街道
130204,130204005,街道,京华街道
130204,130204100,镇,范各庄镇
130204,130204101,镇,卑家店镇
130204,130204201,乡,王辇庄乡
130204,130204202,乡,习家套乡
130204,130204203,乡,大庄坨乡
130205,130205001,街道,马家沟街道
130205,130205002,街道,开平街道
130205,130205003,街道,税务庄街道
130205,130205005,街道,陡电街道
130205,130205006,街道,荆各庄街道
130205,130205100,镇,开平镇
130205,130205101,镇,栗园镇
130205,130205102,镇,越河镇
130205,130205103,镇,双桥镇
130205,130205104,镇,郑庄子镇
130205,130205105,镇,洼里镇
130207,130207001,街道,青年路街道
130207,130207002,街道,新华路街道
130207,130207003,街道,振兴街道
130207,130207100,镇,胥各庄镇
130207,130207103,镇,小集镇
130207,130207104,镇,黄各庄镇
130207,130207105,镇,西葛镇
130207,130207106,镇,大新庄镇
130207,130207107,镇,钱营镇
130207,130207108,镇,唐坊镇
130207,130207109,镇,王兰庄镇
130207,130207110,镇,柳树𨟠镇
130207,130207111,镇,黑沿子镇
130207,130207113,镇,大齐各庄镇
130207,130207114,镇,海北镇
130207,130207115,镇,汉丰镇
130207,130207116,镇,岔河镇
130207,130207117,镇,南孙庄镇
130207,130207118,镇,东田庄镇
130207,130207203,乡,尖字沽乡
130208,130208001,街道,太平路街道
130208,130208002,街道,燕山路街道
130208,130208003,街道,浭阳街道
130208,130208100,镇,丰润镇
130208,130208101,镇,老庄子镇
130208,130208102,镇,任各庄镇
130208,130208103,镇,左家坞镇
130208,130208104,镇,泉河头镇
130208,130208105,镇,王官营镇
130208,130208106,镇,火石营镇
130208,130208109,镇,新军屯镇
130208,130208110,镇,小张各庄镇
130208,130208111,镇,丰登坞镇
130208,130208112,镇,李钊庄镇
130208,130208113,镇,白官屯镇
130208,130208114,镇,石各庄镇
130208,130208115,镇,沙流河镇
130208,130208116,镇,七树庄镇
130208,130208117,镇,杨官林镇
130208,130208118,镇,银城铺镇
130208,130208119,镇,常庄镇
130208,130208120,镇,姜家营镇
130208,130208205,乡,欢喜庄乡
130208,130208208,乡,刘家营乡
130209,130209001,街道,希望路街道
130209,130209002,街道,垦丰街道
130209,130209003,街道,中山路街道
130209,130209100,镇,唐海镇
130209,130209101,镇,柳赞镇
130209,130209102,镇,滨海镇
130209,130209103,镇,孙塘庄镇
130209,130209104,镇,双井镇
130224,130224001,街道,友谊路街道
130224,130224100,镇,倴城镇
130224,130224101,镇,宋道口镇
130224,130224102,镇,长凝镇
130224,130224103,镇,胡各庄镇
130224,130224104,镇,坨里镇
130224,130224105,镇,姚王庄镇
130224,130224106,镇,司各庄镇
130224,130224107,镇,安各庄镇
130224,130224108,镇,扒齿港镇
130224,130224109,镇,程庄镇
130224,130224110,镇,青坨营镇
130224,130224111,镇,柏各庄镇
130224,130224114,镇,南堡镇
130224,130224115,镇,方各庄镇
130224,130224116,镇,东黄坨镇
130224,130224117,镇,马城镇
130225,130225001,街道,乐安街道
130225,130225100,镇,乐亭镇
130225,130225101,镇,汤家河镇
130225,130225102,镇,胡家坨镇
130225,130225103,镇,王滩镇
130225,130225104,镇,闫各庄镇
130225,130225105,镇,马头营镇
130225,130225106,镇,新寨镇
130225,130225107,镇,汀流河镇
130225,130225108,镇,姜各庄镇
130225,130225109,镇,毛庄镇
130225,130225110,镇,中堡镇
130225,130225111,镇,大相各庄镇
130225,130225201,乡,庞各庄乡
130225,130225203,乡,古河乡
130227,130227001,街道,栗乡街道
130227,130227100,镇,兴城镇
130227,130227101,镇,金厂峪镇
130227,130227102,镇,洒河桥镇
130227,130227103,镇,太平寨镇
130227,130227104,镇,罗家屯镇
130227,130227105,镇,东荒峪镇
130227,130227106,镇,新集镇
130227,130227107,镇,三屯营镇
130227,130227108,镇,滦阳镇
130227,130227109,镇,汉儿庄镇
130227,130227110,镇,新庄子镇
130227,130227111,镇,东莲花院镇
130227,130227112,镇,白庙子镇
130227,130227113,镇,上营镇
130227,130227203,乡,渔户寨乡
130227,130227204,乡,旧城乡
130227,130227205,乡,尹庄乡
130229,130229001,街道,无终街道
130229,130229100,镇,玉田镇
130229,130229101,镇,亮甲店镇
130229,130229102,镇,鸦鸿桥镇
130229,130229103,镇,窝洛沽镇
130229,130229104,镇,石臼窝镇
130229,130229105,镇,虹桥镇
130229,130229106,镇,散水头镇
130229,130229107,镇,林南仓镇
130229,130229108,镇,林西镇
130229,130229109,镇,杨家板桥镇
130229,130229110,镇,彩亭桥镇
130229,130229111,镇,孤树镇
130229,130229112,镇,大安镇
130229,130229113,镇,唐自头镇
130229,130229114,镇,郭家屯镇
130229,130229115,镇,杨家套镇
130229,130229116,镇,陈家铺镇
130229,130229201,乡,林头屯乡
130229,130229203,乡,潮洛窝乡
130229,130229205,乡,郭家桥乡
130281,130281001,街道,华明路街道
130281,130281002,街道,文化路街道
130281,130281100,镇,遵化镇
130281,130281101,镇,堡子店镇
130281,130281102,镇,马兰峪镇
130281,130281103,镇,平安城镇
130281,130281104,镇,东新庄镇
130281,130281105,镇,新店子镇
130281,130281106,镇,党峪镇
130281,130281107,镇,地北头镇
130281,130281108,镇,东旧寨镇
130281,130281109,镇,铁厂镇
130281,130281110,镇,苏家洼镇
130281,130281111,镇,建明镇
130281,130281112,镇,石门镇
130281,130281113,镇,崔家庄镇
130281,130281114,镇,西留村镇
130281,130281115,镇,兴旺寨镇
130281,130281116,镇,西三里镇
130281,130281117,镇,团瓢庄镇
130281,130281118,镇,娘娘庄镇
130281,130281119,镇,侯家寨镇
130281,130281203,民族乡,西下营满族乡
130281,130281204,民族乡,汤泉满族乡
130281,130281205,民族乡,东陵满族乡
130281,130281206,乡,刘备寨乡
130281,130281211,乡,小厂乡
130283,130283001,街道,永顺街道
130283,130283002,街道,兴安街道
130283,130283003,街道,滨河街道
130283,130283004,街道,杨店子街道
130283,130283101,镇,夏官营镇
130283,130283102,镇,杨各庄镇
130283,130283103,镇,建昌营镇
130283,130283104,镇,赵店子镇
130283,130283105,镇,野鸡坨镇
130283,130283106,镇,大崔庄镇
130283,130283108,镇,蔡园镇
130283,130283109,镇,马兰庄镇
130283,130283110,镇,沙河驿镇
130283,130283111,镇,木厂口镇
130283,130283112,镇,上射雁庄镇
130283,130283113,镇,太平庄镇
130283,130283114,镇,扣庄镇
130283,130283115,镇,大五里镇
130283,130283116,镇,五重安镇
130283,130283117,镇,彭店子镇
130283,130283118,镇,阎家店镇
130284,130284001,街道,滦河街道
130284,130284002,街道,古城街道
130284,130284003,街道,滦城路街道
130284,130284004,街道,响嘡街道
130284,130284100,镇,东安各庄镇
130284,130284101,镇,雷庄镇
130284,130284102,镇,茨榆坨镇
130284,130284103,镇,榛子镇
130284,130284104,镇,杨柳庄镇
130284,130284105,镇,油榨镇
130284,130284106,镇,古马镇
130284,130284107,镇,小马庄镇
130284,130284108,镇,九百户镇
130284,130284109,镇,王店子镇
130302,130302001,街道,文化路街道
130302,130302002,街道,海滨路街道
130302,130302003,街道,北环路街道
130302,130302004,街道,建设大街街道
130302,130302005,街道,河东街道
130302,130302006,街道,西港路街道
130302,130302007,街道,燕山大街街道
130302,130302008,街道,港城大街街道
130302,130302009,街道,东环路街道
130302,130302010,街道,白塔岭街道
130302,130302011,街道,珠江道街道
130302,130302012,街道,黄河道街道
130302,130302013,街道,腾飞路街道
130302,130302100,镇,东港镇
130302,130302101,镇,海港镇
130302,130302102,镇,西港镇
130302,130302103,镇,海阳镇
130302,130302104,镇,北港镇
130302,130302105,镇,石门寨镇
130302,130302106,镇,驻操营镇
130302,130302107,镇,杜庄镇
130303,130303001,街道,南关街道
130303,130303002,街道,东街街道
130303,130303003,街道,西街街道
130303,130303004,街道,路南街道
130303,130303005,街道,船厂路街道
130303,130303100,镇,第一关镇
130303,130303101,镇,石河镇
130303,130303102,镇,孟姜镇
130303,130303200,乡,渤海乡
130304,130304001,街道,西山街道
130304,130304002,街道,东山街道
130304,130304003,街道,南戴河街道
130304,130304100,镇,海滨镇
130304,130304101,镇,戴河镇
130304,130304102,镇,牛头崖镇
130306,130306001,街道,骊城街道
130306,130306100,镇,抚宁镇
130306,130306101,镇,留守营镇
130306,130306102,镇,榆关镇
130306,130306103,镇,台营镇
130306,130306104,镇,大新寨镇
130306,130306105,镇,坟坨镇
130306,130306200,乡,茶棚乡
130321,130321001,街道,都阳路街道
130321,130321100,镇,青龙镇
130321,130321101,镇,祖山镇
130321,130321102,镇,木头凳镇
130321,130321103,镇,双山子镇
130321,130321104,镇,马圈子镇
130321,130321105,镇,肖营子镇
130321,130321106,镇,大巫岚镇
130321,130321107,镇,土门子镇
130321,130321108,镇,八道河镇
130321,130321109,镇,隔河头镇
130321,130321110,镇,娄杖子镇
130321,130321111,镇,龙王庙镇
130321,130321112,镇,茨榆山镇
130321,130321113,镇,凉水河镇
130321,130321200,乡,凤凰山乡
130321,130321202,乡,三星口乡
130321,130321203,乡,干沟乡
130321,130321206,乡,大石岭乡
130321,130321208,乡,官场乡
130321,130321210,乡,平方子乡
130321,130321211,乡,安子岭乡
130321,130321212,乡,朱杖子乡
130321,130321213,乡,草碾乡
130321,130321217,乡,三拨子乡
130322,130322100,镇,昌黎镇
130322,130322101,镇,靖安镇
130322,130322102,镇,安山镇
130322,130322103,镇,龙家店镇
130322,130322104,镇,泥井镇
130322,130322105,镇,大蒲河镇
130322,130322106,镇,新集镇
130322,130322107,镇,刘台庄镇
130322,130322108,镇,朱各庄镇
130322,130322109,镇,荒佃庄镇
130322,130322110,镇,茹荷镇
130322,130322201,乡,团林乡
130322,130322202,乡,葛条港乡
130322,130322203,乡,马坨店乡
130322,130322206,乡,两山乡
130322,130322207,乡,十里铺乡
130324,130324100,镇,卢龙镇
130324,130324101,镇,潘庄镇
130324,130324102,镇,燕河营镇
130324,130324103,镇,双望镇
130324,130324104,镇,刘田各庄镇
130324,130324105,镇,石门镇
130324,130324106,镇,木井镇
130324,130324107,镇,陈官屯镇
130324,130324108,镇,蛤泊镇
130324,130324109,镇,印庄镇
130324,130324200,乡,下寨乡
130324,130324201,乡,刘家营乡
130402,130402001,街道,火磨街道
130402,130402002,街道,陵园路街道
130402,130402003,街道,光明路街道
130402,130402004,街道,滏东街道
130402,130402005,街道,罗城头街道
130402,130402006,街道,渚河路街道
130402,130402007,街道,浴新南街道
130402,130402008,街道,农林路街道
130402,130402009,街道,贸东街道
130402,130402010,街道,贸西街道
130402,130402011,街道,盛和路街道
130402,130402100,镇,北张庄镇
130402,130402101,镇,马头镇
130402,130402102,镇,河沙镇镇
130402,130402103,镇,高臾镇
130402,130402104,镇,光禄镇
130402,130402201,乡,南堡乡
130402,130402202,乡,代召乡
130402,130402203,乡,辛庄营乡
130402,130402204,乡,花官营乡
130402,130402205,乡,台城乡
130403,130403001,街道,丛台西街道
130403,130403002,街道,联纺西街道
130403,130403003,街道,联纺东街道
130403,130403004,街道,光明桥街道
130403,130403005,街道,丛台东街道
130403,130403006,街道,四季青街道
130403,130403007,街道,和平街道
130403,130403008,街道,中华街道
130403,130403009,街道,人民路街道
130403,130403010,街道,柳林桥街道
130403,130403100,镇,黄粱梦镇
130403,130403101,镇,尚璧镇
130403,130403102,镇,南沿村镇
130403,130403200,乡,苏曹乡
130403,130403201,乡,南吕固乡
130403,130403202,乡,兼庄乡
130403,130403203,乡,三陵乡
130403,130403204,乡,小西堡乡
130403,130403205,乡,姚寨乡
130404,130404001,街道,胜利桥街道
130404,130404002,街道,百家村街道
130404,130404003,街道,铁路大院街道
130404,130404004,街道,化林路街道
130404,130404005,街道,庞村街道
130404,130404006,街道,二六七二街道
130404,130404007,街道,石化街道
130404,130404100,镇,户村镇
130404,130404101,镇,林坛镇
130404,130404200,乡,彭家寨乡
130404,130404201,乡,康庄乡
130404,130404202,乡,南城乡
130406,130406001,街道,滏阳东路街道
130406,130406100,镇,临水镇
130406,130406101,镇,峰峰镇
130406,130406102,镇,新坡镇
130406,130406103,镇,大社镇
130406,130406104,镇,和村镇
130406,130406105,镇,义井镇
130406,130406106,镇,彭城镇
130406,130406107,镇,界城镇
130406,130406108,镇,大峪镇
130406,130406200,乡,西固义乡
130407,130407100,镇,肥乡镇
130407,130407101,镇,天台山镇
130407,130407102,镇,辛安镇镇
130407,130407103,镇,大寺上镇
130407,130407104,镇,东漳堡镇
130407,130407105,镇,毛演堡镇
130407,130407106,镇,西吕营镇
130407,130407107,镇,元固镇
130407,130407108,镇,北高镇
130408,130408100,镇,临洺关镇
130408,130408101,镇,大北汪镇
130408,130408102,镇,张西堡镇
130408,130408103,镇,广府镇
130408,130408105,镇,永合会镇
130408,130408106,镇,刘营镇
130408,130408107,镇,东杨庄镇
130408,130408108,镇,讲武镇
130408,130408109,镇,西苏镇
130408,130408110,镇,刘汉镇
130408,130408111,镇,界河店镇
130408,130408112,镇,小龙马镇
130408,130408204,乡,正西乡
130408,130408206,乡,曲陌乡
130408,130408207,乡,辛庄堡乡
130408,130408211,乡,西河庄乡
130408,130408213,乡,西阳城乡
130423,130423100,镇,临漳镇
130423,130423101,镇,南东坊镇
130423,130423102,镇,孙陶集镇
130423,130423103,镇,柳园镇
130423,130423104,镇,称勾集镇
130423,130423105,镇,邺城镇
130423,130423106,镇,章里集镇
130423,130423107,镇,张村集镇
130423,130423108,镇,砖寨营镇
130423,130423109,镇,习文镇
130423,130423110,镇,柏鹤集镇
130423,130423111,镇,杜村集镇
130423,130423200,乡,狄邱乡
130423,130423202,乡,西羊羔乡
130424,130424100,镇,成安镇
130424,130424101,镇,商城镇
130424,130424102,镇,漳河店镇
130424,130424103,镇,李家疃镇
130424,130424104,镇,北乡义镇
130424,130424105,镇,道东堡镇
130424,130424200,乡,辛义乡
130424,130424201,乡,柏寺营乡
130424,130424204,乡,长巷乡
130425,130425100,镇,大名镇
130425,130425101,镇,杨桥镇
130425,130425102,镇,万堤镇
130425,130425103,镇,龙王庙镇
130425,130425104,镇,束馆镇
130425,130425105,镇,金滩镇
130425,130425106,镇,沙圪塔镇
130425,130425107,镇,大街镇
130425,130425108,镇,铺上镇
130425,130425109,镇,孙甘店镇
130425,130425110,镇,北峰镇
130425,130425111,镇,黄金堤镇
130425,130425112,镇,西付集镇
130425,130425113,镇,张铁集镇
130425,130425201,乡,王村乡
130425,130425205,乡,旧治乡
130425,130425206,乡,西未庄乡
130425,130425209,乡,埝头乡
130425,130425212,乡,红庙乡
130425,130425213,民族乡,营镇回族乡
130426,130426001,街道,平安街道
130426,130426101,镇,河南店镇
130426,130426102,镇,索堡镇
130426,130426103,镇,西戌镇
130426,130426104,镇,井店镇
130426,130426105,镇,更乐镇
130426,130426106,镇,固新镇
130426,130426107,镇,西达镇
130426,130426108,镇,偏城镇
130426,130426200,乡,神头乡
130426,130426201,乡,辽城乡
130426,130426202,乡,偏店乡
130426,130426203,乡,龙虎乡
130426,130426204,乡,木井乡
130426,130426205,乡,关防乡
130426,130426206,乡,合漳乡
130426,130426207,乡,鹿头乡
130427,130427100,镇,磁州镇
130427,130427103,镇,讲武城镇
130427,130427104,镇,岳城镇
130427,130427105,镇,观台镇
130427,130427107,镇,白土镇
130427,130427108,镇,黄沙镇
130427,130427109,镇,路村营镇
130427,130427110,镇,时村营镇
130427,130427207,乡,陶泉乡
130427,130427208,乡,都党乡
130427,130427209,乡,北贾璧乡
130430,130430100,镇,新马头镇
130430,130430101,镇,邱城镇
130430,130430102,镇,梁二庄镇
130430,130430103,镇,香城固镇
130430,130430104,镇,古城营镇
130430,130430201,乡,南辛店乡
130430,130430204,民族乡,陈村回族乡
130431,130431100,镇,鸡泽镇
130431,130431101,镇,小寨镇
130431,130431102,镇,双塔镇
130431,130431103,镇,曹庄镇
130431,130431104,镇,浮图店镇
130431,130431105,镇,吴官营镇
130431,130431202,乡,风正乡
130432,130432100,镇,广平镇
130432,130432101,镇,平固店镇
130432,130432102,镇,胜营镇
130432,130432103,镇,南阳堡镇
130432,130432104,镇,东张孟镇
130432,130432105,镇,十里铺镇
130432,130432106,镇,南韩镇
130433,130433100,镇,馆陶镇
130433,130433101,镇,房寨镇
130433,130433102,镇,柴堡镇
130433,130433103,镇,魏僧寨镇
130433,130433104,镇,寿山寺镇
130433,130433105,镇,王桥镇
130433,130433202,乡,南徐村乡
130433,130433203,乡,路桥乡
130434,130434100,镇,魏城镇
130434,130434101,镇,德政镇
130434,130434102,镇,北皋镇
130434,130434103,镇,双井镇
130434,130434104,镇,牙里镇
130434,130434105,镇,车往镇
130434,130434106,镇,回隆镇
130434,130434107,镇,张二庄镇
130434,130434108,镇,东代固镇
130434,130434109,镇,院堡镇
130434,130434110,镇,南双庙镇
130434,130434111,镇,棘针寨镇
130434,130434112,镇,边马镇
130434,130434113,镇,泊口镇
130434,130434114,镇,仕望集镇
130434,130434115,镇,沙口集镇
130434,130434116,镇,大兴庄镇
130434,130434203,乡,野胡拐乡
130434,130434205,乡,前大磨乡
130434,130434209,乡,大马村乡
130434,130434212,乡,北台头乡
130435,130435100,镇,曲周镇
130435,130435101,镇,安寨镇
130435,130435102,镇,侯村镇
130435,130435103,镇,河南疃镇
130435,130435104,镇,第四疃镇
130435,130435105,镇,白寨镇
130435,130435106,镇,槐桥镇
130435,130435107,镇,南里岳镇
130435,130435203,乡,大河道乡
130435,130435204,乡,依庄乡
130481,130481100,镇,武安镇
130481,130481101,镇,康二城镇
130481,130481102,镇,午汲镇
130481,130481103,镇,磁山镇
130481,130481104,镇,伯延镇
130481,130481105,镇,淑村镇
130481,130481106,镇,大同镇
130481,130481107,镇,邑城镇
130481,130481108,镇,矿山镇
130481,130481109,镇,贺进镇
130481,130481110,镇,阳邑镇
130481,130481111,镇,徘徊镇
130481,130481112,镇,冶陶镇
130481,130481113,镇,上团城镇
130481,130481114,镇,西土山镇
130481,130481201,乡,北安庄乡
130481,130481202,乡,北安乐乡
130481,130481204,乡,西寺庄乡
130481,130481205,乡,活水乡
130481,130481206,乡,石洞乡
130481,130481207,乡,管陶乡
130481,130481208,乡,马家庄乡
130502,130502001,街道,南长街街道
130502,130502002,街道,北大街街道
130502,130502003,街道,西大街街道
130502,130502004,街道,西门里街道
130502,130502005,街道,火炬街道
130502,130502006,街道,泉东街道
130502,130502007,街道,留村街道
130502,130502008,街道,豫让桥街道
130502,130502100,镇,东郭村镇
130502,130502101,镇,王快镇
130502,130502102,镇,沙河城镇
130502,130502103,镇,晏家屯镇
130502,130502104,镇,祝村镇
130502,130502105,镇,东汪镇
130502,130502200,乡,大梁庄乡
130503,130503001,街道,钢铁路街道
130503,130503002,街道,中兴路街道
130503,130503003,街道,达活泉街道
130503,130503004,街道,张宽街道
130503,130503005,街道,章村街道
130503,130503006,街道,中华大街街道
130503,130503007,街道,团结路街道
130503,130503008,街道,泉西街道
130503,130503100,镇,南大郭镇
130503,130503101,镇,李村镇
130503,130503102,镇,南石门镇
130503,130503103,镇,羊范镇
130503,130503104,镇,皇寺镇
130503,130503105,镇,会宁镇
130503,130503106,镇,西黄村镇
130503,130503107,镇,路罗镇
130503,130503108,镇,将军墓镇
130503,130503109,镇,浆水镇
130503,130503110,镇,宋家庄镇
130503,130503202,乡,太子井乡
130503,130503203,乡,龙泉寺乡
130503,130503204,乡,北小庄乡
130503,130503205,乡,城计头乡
130503,130503206,乡,白岸乡
130503,130503207,乡,冀家村乡
130505,130505100,镇,任城镇
130505,130505101,镇,邢家湾镇
130505,130505102,镇,辛店镇
130505,130505103,镇,天口镇
130505,130505104,镇,西固城镇
130505,130505201,乡,永福庄乡
130505,130505202,乡,大屯乡
130505,130505203,乡,骆庄乡
130506,130506100,镇,和阳镇
130506,130506101,镇,贾宋镇
130506,130506102,镇,郝桥镇
130506,130506103,镇,三思镇
130506,130506104,镇,河郭镇
130506,130506105,镇,阎里镇
130506,130506200,乡,东三召乡
130506,130506203,乡,史召乡
130522,130522100,镇,临城镇
130522,130522101,镇,东镇镇
130522,130522102,镇,郝庄镇
130522,130522103,镇,西竖镇
130522,130522104,镇,黑城镇
130522,130522201,乡,鸭鸽营乡
130522,130522203,乡,石城乡
130522,130522205,乡,赵庄乡
130523,130523100,镇,内丘镇
130523,130523101,镇,大孟村镇
130523,130523102,镇,金店镇
130523,130523103,镇,官庄镇
130523,130523104,镇,柳林镇
130523,130523200,乡,五郭店乡
130523,130523203,乡,南赛乡
130523,130523204,乡,獐獏乡
130523,130523205,乡,侯家庄乡
130524,130524100,镇,柏乡镇
130524,130524101,镇,固城店镇
130524,130524102,镇,西汪镇
130524,130524103,镇,龙华镇
130524,130524200,乡,王家庄乡
130524,130524203,乡,内步乡
130525,130525100,镇,隆尧镇
130525,130525101,镇,魏家庄镇
130525,130525102,镇,尹村镇
130525,130525103,镇,山口镇
130525,130525104,镇,莲子镇镇
130525,130525105,镇,固城镇
130525,130525106,镇,东良镇
130525,130525200,乡,北楼乡
130525,130525202,乡,双碑乡
130525,130525203,乡,牛家桥乡
130525,130525204,乡,千户营乡
130525,130525205,乡,大张庄乡
130528,130528001,街道,宁北街道
130528,130528100,镇,凤凰镇
130528,130528101,镇,河渠镇
130528,130528102,镇,北河庄镇
130528,130528103,镇,耿庄桥镇
130528,130528104,镇,东汪镇
130528,130528105,镇,贾家口镇
130528,130528106,镇,四芝兰镇
130528,130528107,镇,大陆村镇
130528,130528108,镇,换马店镇
130528,130528109,镇,苏家庄镇
130528,130528110,镇,唐邱镇
130528,130528111,镇,大曹庄镇
130528,130528112,镇,侯口镇
130528,130528113,镇,纪昌庄镇
130528,130528205,乡,北鱼乡
130528,130528206,乡,徐家河乡
130529,130529100,镇,巨鹿镇
130529,130529101,镇,王虎寨镇
130529,130529102,镇,西郭城镇
130529,130529103,镇,官亭镇
130529,130529104,镇,阎疃镇
130529,130529105,镇,小吕寨镇
130529,130529106,镇,苏家营镇
130529,130529107,镇,观寨镇
130529,130529200,乡,堤村乡
130529,130529201,乡,张王疃乡
130530,130530100,镇,新河镇
130530,130530101,镇,寻寨镇
130530,130530200,乡,白神首乡
130530,130530201,乡,荆家庄乡
130530,130530202,乡,西流乡
130530,130530203,乡,仁让里乡
130531,130531100,镇,广宗镇
130531,130531101,镇,冯家寨镇
130531,130531102,镇,北塘疃镇
130531,130531103,镇,核桃园镇
130531,130531200,乡,葫芦乡
130531,130531201,乡,大平台乡
130531,130531202,乡,件只乡
130531,130531204,乡,东召乡
130532,130532001,街道,中华路街道
130532,130532101,镇,平乡镇
130532,130532102,镇,河古庙镇
130532,130532103,镇,田付村镇
130532,130532104,镇,节固镇
130532,130532201,乡,油召乡
130532,130532203,乡,寻召乡
130533,130533100,镇,洺州镇
130533,130533101,镇,梨园屯镇
130533,130533102,镇,章台镇
130533,130533103,镇,侯贯镇
130533,130533104,镇,七级镇
130533,130533105,镇,贺营镇
130533,130533106,镇,方家营镇
130533,130533107,镇,常庄镇
130533,130533108,镇,第什营镇
130533,130533109,镇,赵村镇
130533,130533110,镇,贺钊镇
130533,130533111,镇,固献镇
130533,130533112,镇,枣园镇
130533,130533206,乡,张家营乡
130533,130533207,乡,常屯乡
130533,130533209,乡,高公庄乡
130534,130534100,镇,葛仙庄镇
130534,130534101,镇,连庄镇
130534,130534102,镇,油坊镇
130534,130534103,镇,谢炉镇
130534,130534104,镇,王官庄镇
130534,130534105,镇,坝营镇
130535,130535100,镇,临西镇
130535,130535101,镇,河西镇
130535,130535102,镇,下堡寺镇
130535,130535103,镇,尖冢镇
130535,130535104,镇,老官寨镇
130535,130535105,镇,吕寨镇
130535,130535106,镇,大刘庄镇
130535,130535200,乡,东枣园乡
130535,130535203,乡,摇鞍镇乡
130581,130581001,街道,凤岗街道
130581,130581002,街道,南杜街道
130581,130581003,街道,北胡街道
130581,130581004,街道,西丁街道
130581,130581100,镇,苏村镇
130581,130581101,镇,大高村镇
130581,130581102,镇,垂杨镇
130581,130581103,镇,明化镇
130581,130581104,镇,段芦头镇
130581,130581105,镇,紫冢镇
130581,130581200,乡,大村乡
130581,130581201,乡,南便村乡
130581,130581202,乡,大屯乡
130581,130581203,乡,王道寨乡
130581,130581204,乡,薛吴村乡
130582,130582001,街道,褡裢街道
130582,130582002,街道,桥东街道
130582,130582003,街道,桥西街道
130582,130582004,街道,赞善街道
130582,130582005,街道,周庄街道
130582,130582101,镇,新城镇
130582,130582102,镇,白塔镇
130582,130582103,镇,十里亭镇
130582,130582104,镇,綦村镇
130582,130582107,镇,刘石岗镇
130582,130582108,镇,册井镇
130582,130582203,乡,柴关乡
130582,130582204,乡,蝉房乡
130602,130602001,街道,先锋街街道
130602,130602002,街道,新市场街道
130602,130602003,街道,东风路街道
130602,130602004,街道,建设南路街道
130602,130602005,街道,韩村北路街道
130602,130602006,街道,惠阳街道
130602,130602100,镇,大激店镇
130602,130602101,镇,一亩泉镇
130602,130602200,乡,颉庄乡
130602,130602201,乡,富昌乡
130602,130602202,乡,韩村乡
130602,130602205,乡,大马坊乡
130606,130606001,街道,和平里街道
130606,130606002,街道,五四路街道
130606,130606003,街道,西关街道
130606,130606004,街道,中华路街道
130606,130606005,街道,东关街道
130606,130606006,街道,联盟路街道
130606,130606007,街道,红星路街道
130606,130606008,街道,裕华路街道
130606,130606009,街道,永华路街道
130606,130606010,街道,南关街道
130606,130606100,镇,百楼镇
130606,130606101,镇,焦庄镇
130606,130606102,镇,五尧镇
130606,130606200,乡,韩庄乡
130606,130606201,乡,东金庄乡
130606,130606203,乡,杨庄乡
130606,130606204,乡,南大园乡
130607,130607100,镇,满城镇
130607,130607101,镇,大册营镇
130607,130607102,镇,神星镇
130607,130607103,镇,南韩村镇
130607,130607104,镇,方顺桥镇
130607,130607105,镇,于家庄镇
130607,130607106,镇,石井镇
130607,130607203,乡,要庄乡
130607,130607204,乡,白龙乡
130607,130607206,乡,坨南乡
130607,130607207,乡,刘家台乡
130607,130607208,乡,贤台乡
130608,130608100,镇,清苑镇
130608,130608101,镇,冉庄镇
130608,130608102,镇,阳城镇
130608,130608103,镇,魏村镇
130608,130608104,镇,温仁镇
130608,130608105,镇,张登镇
130608,130608106,镇,大庄镇
130608,130608107,镇,臧村镇
130608,130608108,镇,望亭镇
130608,130608109,镇,东闾镇
130608,130608110,镇,白团镇
130608,130608111,镇,石桥镇
130608,130608112,镇,何桥镇
130608,130608201,乡,北店乡
130608,130608203,乡,李庄乡
130608,130608204,乡,北王力乡
130608,130608207,乡,孙村乡
130608,130608208,乡,阎庄乡
130609,130609100,镇,安肃镇
130609,130609101,镇,崔庄镇
130609,130609102,镇,大因镇
130609,130609103,镇,遂城镇
130609,130609104,镇,高林村镇
130609,130609105,镇,大王店镇
130609,130609106,镇,漕河镇
130609,130609107,镇,留村镇
130609,130609108,镇,东史端镇
130609,130609109,镇,正村镇
130609,130609203,乡,户木乡
130609,130609204,乡,瀑河乡
130609,130609205,乡,东釜山乡
130609,130609206,乡,义联庄乡
130623,130623100,镇,涞水镇
130623,130623101,镇,永阳镇
130623,130623102,镇,义安镇
130623,130623103,镇,石亭镇
130623,130623104,镇,赵各庄镇
130623,130623105,镇,九龙镇
130623,130623106,镇,三坡镇
130623,130623107,镇,一渡镇
130623,130623108,镇,娄村镇
130623,130623109,镇,王村镇
130623,130623110,镇,明义镇
130623,130623111,镇,东文山镇
130623,130623205,乡,其中口乡
130623,130623206,乡,龙门乡
130623,130623207,乡,胡家庄乡
130624,130624100,镇,阜平镇
130624,130624101,镇,龙泉关镇
130624,130624102,镇,平阳镇
130624,130624103,镇,城南庄镇
130624,130624104,镇,天生桥镇
130624,130624105,镇,王林口镇
130624,130624106,镇,砂窝镇
130624,130624107,镇,北果园镇
130624,130624202,乡,台峪乡
130624,130624203,乡,大台乡
130624,130624204,乡,史家寨乡
130624,130624206,乡,吴王口乡
130624,130624207,乡,下庄乡
130626,130626100,镇,定兴镇
130626,130626101,镇,固城镇
130626,130626102,镇,贤寓镇
130626,130626103,镇,北河镇
130626,130626104,镇,天宫寺镇
130626,130626105,镇,小朱庄镇
130626,130626106,镇,姚村镇
130626,130626107,镇,杨村镇
130626,130626108,镇,高里镇
130626,130626109,镇,内章镇
130626,130626110,镇,东落堡镇
130626,130626202,乡,张家庄乡
130626,130626204,乡,肖村乡
130626,130626205,乡,柳卓乡
130626,130626208,乡,北南蔡乡
130626,130626209,乡,李郁庄乡
130627,130627100,镇,仁厚镇
130627,130627101,镇,王京镇
130627,130627102,镇,高昌镇
130627,130627103,镇,北罗镇
130627,130627104,镇,白合镇
130627,130627105,镇,军城镇
130627,130627106,镇,川里镇
130627,130627107,镇,长古城镇
130627,130627108,镇,罗庄镇
130627,130627109,镇,北店头镇
130627,130627110,镇,齐家佐镇
130627,130627111,镇,黄石口镇
130627,130627201,乡,都亭乡
130627,130627202,乡,南店头乡
130627,130627205,乡,雹水乡
130627,130627206,乡,大洋乡
130627,130627207,乡,迷城乡
130627,130627209,乡,羊角乡
130627,130627210,乡,石门乡
130627,130627212,乡,倒马关乡
130628,130628001,街道,锦华街道
130628,130628101,镇,庞口镇
130628,130628102,镇,西演镇
130628,130628103,镇,邢家南镇
130628,130628104,镇,晋庄镇
130628,130628105,镇,小王果庄镇
130628,130628106,镇,蒲口镇
130628,130628107,镇,庞家佐镇
130628,130628204,乡,龙化乡
130629,130629100,镇,容城镇
130629,130629101,镇,小里镇
130629,130629102,镇,南张镇
130629,130629103,镇,大河镇
130629,130629104,镇,晾马台镇
130629,130629200,乡,八于乡
130629,130629201,乡,贾光乡
130629,130629203,乡,平王乡
130630,130630100,镇,涞源镇
130630,130630101,镇,银坊镇
130630,130630102,镇,走马驿镇
130630,130630103,镇,水堡镇
130630,130630104,镇,王安镇镇
130630,130630105,镇,杨家庄镇
130630,130630106,镇,白石山镇
130630,130630107,镇,南屯镇
130630,130630108,镇,泉坊镇
130630,130630109,镇,北石佛镇
130630,130630202,乡,南马庄乡
130630,130630204,乡,金家井乡
130630,130630205,乡,留家庄乡
130630,130630206,乡,上庄乡
130630,130630207,乡,东团堡乡
130630,130630208,乡,塔崖驿乡
130630,130630209,乡,乌龙沟乡
130631,130631100,镇,望都镇
130631,130631101,镇,固店镇
130631,130631102,镇,贾村镇
130631,130631103,镇,中韩庄镇
130631,130631104,镇,寺庄镇
130631,130631105,镇,赵庄镇
130631,130631106,镇,高岭镇
130631,130631202,乡,黑堡乡
130632,130632100,镇,安新镇
130632,130632101,镇,大王镇
130632,130632102,镇,三台镇
130632,130632103,镇,端村镇
130632,130632104,镇,赵北口镇
130632,130632105,镇,同口镇
130632,130632106,镇,刘李庄镇
130632,130632107,镇,安州镇
130632,130632108,镇,老河头镇
130632,130632200,乡,圈头乡
130632,130632201,乡,寨里乡
130632,130632202,乡,芦庄乡
130633,130633100,镇,易州镇
130633,130633101,镇,梁格庄镇
130633,130633102,镇,西陵镇
130633,130633103,镇,裴山镇
130633,130633104,镇,塘湖镇
130633,130633105,镇,狼牙山镇
130633,130633106,镇,良岗镇
130633,130633107,镇,紫荆关镇
130633,130633108,镇,高村镇
130633,130633109,镇,西山北镇
130633,130633110,镇,高陌镇
130633,130633200,乡,桥头乡
130633,130633201,乡,白马乡
130633,130633202,乡,流井乡
130633,130633205,乡,大龙华乡
130633,130633206,乡,安格庄乡
130633,130633207,民族乡,凌云册满族回族乡
130633,130633209,乡,尉都乡
130633,130633210,乡,独乐乡
130633,130633211,乡,七峪乡
130633,130633212,乡,富岗乡
130633,130633213,乡,坡仓乡
130633,130633214,乡,牛岗乡
130633,130633215,乡,桥家河乡
130633,130633216,乡,甘河净乡
130633,130633217,乡,蔡家峪乡
130633,130633218,乡,南城司乡
130634,130634100,镇,恒州镇
130634,130634101,镇,灵山镇
130634,130634102,镇,燕赵镇
130634,130634103,镇,羊平镇
130634,130634104,镇,文德镇
130634,130634105,镇,晓林镇
130634,130634106,镇,邸村镇
130634,130634107,镇,齐村镇
130634,130634108,镇,孝墓镇
130634,130634109,镇,产德镇
130634,130634110,镇,下河镇
130634,130634111,镇,嘉禾镇
130634,130634112,镇,党城镇
130634,130634113,镇,郎家庄镇
130634,130634200,乡,路庄子乡
130634,130634202,乡,庄窠乡
130634,130634212,乡,范家庄乡
130634,130634213,乡,北台乡
130635,130635100,镇,蠡吾镇
130635,130635101,镇,留史镇
130635,130635102,镇,大百尺镇
130635,130635103,镇,辛兴镇
130635,130635104,镇,北郭丹镇
130635,130635105,镇,万安镇
130635,130635106,镇,桑园镇
130635,130635107,镇,南庄镇
130635,130635108,镇,大曲堤镇
130635,130635109,镇,鲍墟镇
130635,130635110,镇,小陈镇
130635,130635201,乡,林堡乡
130635,130635202,乡,北埝头乡
130636,130636100,镇,蒲阳镇
130636,130636101,镇,高于铺镇
130636,130636102,镇,腰山镇
130636,130636103,镇,蒲上镇
130636,130636104,镇,神南镇
130636,130636105,镇,安阳镇
130636,130636106,镇,白云镇
130636,130636202,乡,河口乡
130636,130636204,乡,台鱼乡
130636,130636205,乡,大悲乡
130637,130637100,镇,博野镇
130637,130637101,镇,小店镇
130637,130637102,镇,程委镇
130637,130637103,镇,东墟镇
130637,130637104,镇,北杨镇
130637,130637105,镇,城东镇
130637,130637106,镇,南小王镇
130638,130638100,镇,雄州镇
130638,130638101,镇,昝岗镇
130638,130638102,镇,大营镇
130638,130638103,镇,龙湾镇
130638,130638104,镇,朱各庄镇
130638,130638105,镇,米家务镇
130638,130638203,乡,双堂乡
130638,130638204,乡,张岗乡
130638,130638205,乡,北沙口乡
130681,130681001,街道,双塔街道
130681,130681002,街道,桃园街道
130681,130681003,街道,清凉寺街道
130681,130681100,镇,松林店镇
130681,130681101,镇,码头镇
130681,130681102,镇,东城坊镇
130681,130681103,镇,高官庄镇
130681,130681104,镇,百尺竿镇
130681,130681105,镇,东仙坡镇
130681,130681106,镇,义和庄镇
130681,130681107,镇,刁窝镇
130681,130681108,镇,豆庄镇
130681,130681109,镇,林家屯镇
130681,130681204,乡,孙家庄乡
130682,130682001,街道,南城区街道
130682,130682002,街道,北城区街道
130682,130682003,街道,西城区街道
130682,130682004,街道,长安路街道
130682,130682100,镇,留早镇
130682,130682101,镇,清风店镇
130682,130682102,镇,庞村镇
130682,130682103,镇,砖路镇
130682,130682104,镇,明月店镇
130682,130682105,镇,叮咛店镇
130682,130682106,镇,东亭镇
130682,130682107,镇,大辛庄镇
130682,130682108,镇,东旺镇
130682,130682109,镇,高蓬镇
130682,130682110,镇,邢邑镇
130682,130682111,镇,李亲顾镇
130682,130682112,镇,子位镇
130682,130682113,镇,息冢镇
130682,130682114,镇,周村镇
130682,130682116,镇,开元镇
130682,130682117,镇,大鹿庄镇
130682,130682203,乡,东留春乡
130682,130682204,民族乡,号头庄回族乡
130682,130682205,乡,杨家庄乡
130682,130682208,乡,西城乡
130683,130683001,街道,药都街道
130683,130683002,街道,祁州路街道
130683,130683101,镇,伍仁桥镇
130683,130683102,镇,石佛镇
130683,130683103,镇,郑章镇
130683,130683104,镇,大五女镇
130683,130683105,镇,西佛落镇
130683,130683106,镇,西城镇
130683,130683200,乡,明官店乡
130683,130683201,乡,南娄底乡
130683,130683204,乡,北段村乡
130684,130684001,街道,和平街道
130684,130684002,街道,军城街道
130684,130684003,街道,东盛街道
130684,130684004,街道,北城街道
130684,130684005,街道,兴华路街道
130684,130684100,镇,方官镇
130684,130684101,镇,新城镇
130684,130684102,镇,泗庄镇
130684,130684104,镇,辛立庄镇
130684,130684105,镇,东马营镇
130684,130684106,镇,白沟镇
130684,130684107,镇,辛桥镇
130684,130684108,镇,张六庄镇
130684,130684109,镇,肖官营镇
130684,130684110,镇,梁家营镇
130702,130702001,街道,红旗楼街道
130702,130702002,街道,胜利北路街道
130702,130702003,街道,五一路街道
130702,130702004,街道,花园街街道
130702,130702005,街道,工业路街道
130702,130702006,街道,南站街道
130702,130702007,街道,马路东街道
130702,130702100,镇,老鸦庄镇
130702,130702101,镇,姚家庄镇
130702,130702102,镇,大仓盖镇
130702,130702202,乡,东望山乡
130703,130703001,街道,明德南街街道
130703,130703002,街道,大境门街道
130703,130703003,街道,明德北街街道
130703,130703004,街道,新华街街道
130703,130703005,街道,堡子里街道
130703,130703006,街道,南营坊街道
130703,130703007,街道,工人新村街道
130703,130703100,镇,东窑子镇
130703,130703102,镇,沈家屯镇
130703,130703103,镇,沙岭子镇
130703,130703104,镇,姚家房镇
130705,130705001,街道,天泰寺街街道
130705,130705002,街道,皇城街道
130705,130705003,街道,南关街道
130705,130705004,街道,南大街街道
130705,130705005,街道,大北街街道
130705,130705006,街道,工业街街道
130705,130705007,街道,建国街街道
130705,130705100,镇,庞家堡镇
130705,130705101,镇,洋河南镇
130705,130705102,镇,深井镇
130705,130705103,镇,崞村镇
130705,130705104,镇,贾家营镇
130705,130705105,镇,顾家营镇
130705,130705106,镇,赵川镇
130705,130705107,镇,江家屯镇
130705,130705108,镇,河子西镇
130705,130705109,镇,侯家庙镇
130705,130705201,乡,春光乡
130705,130705203,乡,王家湾乡
130705,130705204,乡,塔儿村乡
130705,130705206,乡,李家堡乡
130706,130706001,街道,城镇街道
130706,130706002,街道,煤矿街道
130706,130706200,乡,花园乡
130706,130706201,乡,辛庄子乡
130706,130706202,乡,定方水乡
130706,130706203,乡,段家堡乡
130708,130708100,镇,孔家庄镇
130708,130708101,镇,万全镇
130708,130708102,镇,洗马林镇
130708,130708103,镇,郭磊庄镇
130708,130708104,镇,宣平堡镇
130708,130708200,乡,膳房堡乡
130708,130708201,乡,北新屯乡
130708,130708203,乡,高庙堡乡
130708,130708204,乡,旧堡乡
130708,130708205,乡,安家堡乡
130708,130708206,乡,北沙城乡
130709,130709100,镇,西湾子镇
130709,130709101,镇,高家营镇
130709,130709200,乡,四台嘴乡
130709,130709201,乡,红旗营乡
130709,130709202,乡,石窑子乡
130709,130709203,乡,驿马图乡
130709,130709204,乡,石嘴子乡
130709,130709205,乡,狮子沟乡
130709,130709206,乡,清三营乡
130709,130709207,乡,白旗乡
130722,130722100,镇,张北镇
130722,130722101,镇,公会镇
130722,130722102,镇,二台镇
130722,130722103,镇,大囫囵镇
130722,130722104,镇,沙沟镇
130722,130722105,镇,小二台镇
130722,130722106,镇,油篓沟镇
130722,130722107,镇,大河镇
130722,130722200,乡,台路沟乡
130722,130722202,乡,馒头营乡
130722,130722203,乡,二泉井乡
130722,130722204,乡,单晶河乡
130722,130722206,乡,海流图乡
130722,130722207,乡,两面井乡
130722,130722208,乡,大西湾乡
130722,130722209,乡,郝家营乡
130722,130722210,乡,白庙滩乡
130722,130722212,乡,战海乡
130722,130722213,乡,三号乡
130722,130722214,乡,宇宙营乡
130723,130723100,镇,康保镇
130723,130723101,镇,张纪镇
130723,130723102,镇,土城子镇
130723,130723103,镇,邓油坊镇
130723,130723104,镇,李家地镇
130723,130723105,镇,照阳河镇
130723,130723106,镇,屯垦镇
130723,130723200,乡,阎油坊乡
130723,130723201,乡,丹清河乡
130723,130723202,乡,哈咇嘎乡
130723,130723203,乡,二号卜乡
130723,130723204,乡,芦家营乡
130723,130723205,乡,忠义乡
130723,130723206,乡,处长地乡
130723,130723207,乡,满德堂乡
130724,130724100,镇,平定堡镇
130724,130724101,镇,小厂镇
130724,130724102,镇,黄盖淖镇
130724,130724103,镇,九连城镇
130724,130724200,乡,高山堡乡
130724,130724201,乡,小河子乡
130724,130724202,乡,二道渠乡
130724,130724203,民族乡,大二号回族乡
130724,130724204,乡,闪电河乡
130724,130724205,乡,长梁乡
130724,130724206,乡,丰源店乡
130724,130724207,乡,西辛营乡
130724,130724208,乡,莲花滩乡
130724,130724209,乡,白土窑乡
130725,130725100,镇,南壕堑镇
130725,130725101,镇,大青沟镇
130725,130725102,镇,八道沟镇
130725,130725103,镇,红土梁镇
130725,130725104,镇,小蒜沟镇
130725,130725105,镇,三工地镇
130725,130725106,镇,满井镇
130725,130725200,乡,大营盘乡
130725,130725201,乡,大苏计乡
130725,130725202,乡,石井乡
130725,130725205,乡,七甲乡
130725,130725206,乡,套里庄乡
130725,130725207,乡,甲石河乡
130725,130725208,乡,下马圈乡
130726,130726100,镇,蔚州镇
130726,130726101,镇,代王城镇
130726,130726102,镇,西合营镇
130726,130726103,镇,吉家庄镇
130726,130726104,镇,白乐镇
130726,130726105,镇,暖泉镇
130726,130726106,镇,南留庄镇
130726,130726107,镇,北水泉镇
130726,130726108,镇,桃花镇
130726,130726109,镇,阳眷镇
130726,130726110,镇,宋家庄镇
130726,130726200,乡,下宫村乡
130726,130726202,乡,南杨庄乡
130726,130726203,乡,柏树乡
130726,130726204,乡,常宁乡
130726,130726205,乡,涌泉庄乡
130726,130726206,乡,杨庄窠乡
130726,130726207,乡,南岭庄乡
130726,130726208,乡,陈家洼乡
130726,130726209,乡,黄梅乡
130726,130726210,乡,白草村乡
130726,130726211,乡,草沟堡乡
130727,130727100,镇,西城镇
130727,130727101,镇,东城镇
130727,130727102,镇,化稍营镇
130727,130727103,镇,揣骨疃镇
130727,130727104,镇,东井集镇
130727,130727200,乡,要家庄乡
130727,130727201,乡,东坊城堡乡
130727,130727202,乡,井儿沟乡
130727,130727203,乡,三马坊乡
130727,130727204,乡,高墙乡
130727,130727205,乡,大田洼乡
130727,130727206,乡,辛堡乡
130727,130727207,乡,马圈堡乡
130727,130727208,乡,浮图讲乡
130728,130728100,镇,柴沟堡镇
130728,130728101,镇,左卫镇
130728,130728102,镇,头百户镇
130728,130728103,镇,怀安城镇
130728,130728200,乡,渡口堡乡
130728,130728201,乡,第六屯乡
130728,130728202,乡,西湾堡乡
130728,130728203,乡,西沙城乡
130728,130728204,乡,太平庄乡
130728,130728205,乡,王虎屯乡
130728,130728206,乡,第三堡乡
130730,130730100,镇,沙城镇
130730,130730101,镇,北辛堡镇
130730,130730102,镇,新保安镇
130730,130730103,镇,东花园镇
130730,130730104,镇,官厅镇
130730,130730105,镇,桑园镇
130730,130730106,镇,存瑞镇
130730,130730107,镇,土木镇
130730,130730108,镇,大黄庄镇
130730,130730109,镇,西八里镇
130730,130730110,镇,小南辛堡镇
130730,130730200,乡,狼山乡
130730,130730203,乡,鸡鸣驿乡
130730,130730205,乡,东八里乡
130730,130730207,乡,瑞云观乡
130730,130730208,乡,孙庄子乡
130730,130730210,民族乡,王家楼回族乡
130731,130731100,镇,涿鹿镇
130731,130731101,镇,张家堡镇
130731,130731102,镇,武家沟镇
130731,130731103,镇,五堡镇
130731,130731104,镇,保岱镇
130731,130731105,镇,矾山镇
130731,130731106,镇,大堡镇
130731,130731107,镇,河东镇
130731,130731108,镇,东小庄镇
130731,130731109,镇,温泉屯镇
130731,130731110,镇,大河南镇
130731,130731111,镇,蟒石口镇
130731,130731112,镇,辉耀镇
130731,130731113,镇,卧佛寺镇
130731,130731201,乡,栾庄乡
130731,130731204,乡,黑山寺乡
130731,130731206,乡,谢家堡乡
130731,130731400,区公所,赵家蓬区公所
130732,130732100,镇,赤城镇
130732,130732101,镇,田家窑镇
130732,130732102,镇,龙关镇
130732,130732103,镇,雕鹗镇
130732,130732104,镇,独石口镇
130732,130732105,镇,白草镇
130732,130732106,镇,龙门所镇
130732,130732107,镇,后城镇
130732,130732108,镇,东卯镇
130732,130732200,乡,炮梁乡
130732,130732201,乡,大海陀乡
130732,130732202,乡,镇宁堡乡
130732,130732203,乡,马营乡
130732,130732204,乡,云州乡
130732,130732205,乡,三道川乡
130732,130732206,乡,东万口乡
130732,130732207,乡,茨营子乡
130732,130732208,乡,样田乡
130802,130802001,街道,西大街街道
130802,130802002,街道,头道牌楼街道
130802,130802003,街道,潘家沟街道
130802,130802004,街道,中华路街道
130802,130802005,街道,新华路街道
130802,130802006,街道,石洞子沟街道
130802,130802007,街道,桥东街道
130802,130802100,镇,水泉沟镇
130802,130802101,镇,狮子沟镇
130802,130802102,镇,牛圈子沟镇
130802,130802103,镇,大石庙镇
130802,130802104,镇,冯营子镇
130802,130802105,镇,双峰寺镇
130802,130802106,镇,上板城镇
130803,130803001,街道,钢城街道
130803,130803002,街道,元宝山街道
130803,130803003,街道,秀水街道
130803,130803100,镇,双塔山镇
130803,130803101,镇,滦河镇
130803,130803102,镇,大庙镇
130803,130803103,镇,偏桥子镇
130803,130803104,镇,西地镇
130803,130803105,镇,陈栅子镇
130804,130804001,街道,铁北路街道
130804,130804100,镇,鹰手营子镇
130804,130804101,镇,北马圈子镇
130804,130804102,镇,寿王坟镇
130804,130804103,镇,汪家庄镇
130821,130821100,镇,下板城镇
130821,130821102,镇,甲山镇
130821,130821103,镇,六沟镇
130821,130821104,镇,三沟镇
130821,130821105,镇,头沟镇
130821,130821106,镇,高寺台镇
130821,130821107,镇,三家镇
130821,130821108,镇,鞍匠镇
130821,130821109,镇,上谷镇
130821,130821110,镇,磴上镇
130821,130821111,镇,新杖子镇
130821,130821112,镇,石灰窑镇
130821,130821200,乡,东小白旗乡
130821,130821202,乡,刘杖子乡
130821,130821204,乡,孟家院乡
130821,130821205,乡,大营子乡
130821,130821206,乡,八家乡
130821,130821208,乡,满杖子乡
130821,130821210,乡,五道河乡
130821,130821211,乡,岔沟乡
130821,130821212,民族乡,岗子满族乡
130821,130821214,民族乡,两家满族乡
130821,130821216,乡,仓子乡
130822,130822100,镇,兴隆镇
130822,130822101,镇,半壁山镇
130822,130822102,镇,挂兰峪镇
130822,130822103,镇,青松岭镇
130822,130822104,镇,六道河镇
130822,130822105,镇,平安堡镇
130822,130822106,镇,北营房镇
130822,130822107,镇,孤山子镇
130822,130822108,镇,蓝旗营镇
130822,130822109,镇,雾灵山镇
130822,130822110,镇,李家营镇
130822,130822111,镇,大杖子镇
130822,130822112,镇,三道河镇
130822,130822113,镇,大水泉镇
130822,130822114,镇,蘑菇峪镇
130822,130822200,民族乡,南天门满族乡
130822,130822202,民族乡,八卦岭满族乡
130822,130822203,乡,陡子峪乡
130822,130822204,乡,上石洞乡
130822,130822211,乡,安子岭乡
130824,130824001,街道,中兴路街道
130824,130824100,镇,滦平镇
130824,130824101,镇,长山峪镇
130824,130824102,镇,红旗镇
130824,130824103,镇,金沟屯镇
130824,130824104,镇,虎什哈镇
130824,130824105,镇,巴克什营镇
130824,130824106,镇,张百湾镇
130824,130824107,镇,付营子镇
130824,130824108,镇,大屯镇
130824,130824109,镇,火斗山镇
130824,130824110,镇,两间房镇
130824,130824111,镇,小营镇
130824,130824112,镇,安纯沟门镇
130824,130824200,民族乡,平坊满族乡
130824,130824206,民族乡,西沟满族乡
130824,130824207,民族乡,邓厂满族乡
130824,130824208,民族乡,五道营子满族乡
130824,130824209,民族乡,马营子满族乡
130824,130824210,民族乡,付家店满族乡
130825,130825001,街道,安州街道
130825,130825101,镇,韩麻营镇
130825,130825102,镇,中关镇
130825,130825103,镇,七家镇
130825,130825104,镇,汤头沟镇
130825,130825105,镇,张三营镇
130825,130825106,镇,唐三营镇
130825,130825107,镇,蓝旗镇
130825,130825108,镇,步古沟镇
130825,130825109,镇,郭家屯镇
130825,130825110,镇,茅荆坝镇
130825,130825111,镇,苔山镇
130825,130825112,镇,荒地镇
130825,130825113,镇,章吉营镇
130825,130825114,镇,偏坡营镇
130825,130825203,民族乡,尹家营满族乡
130825,130825204,民族乡,庙子沟蒙古族满族乡
130825,130825206,乡,山湾乡
130825,130825207,民族乡,八达营蒙古族乡
130825,130825208,民族乡,太平庄满族乡
130825,130825209,民族乡,旧屯满族乡
130825,130825210,民族乡,西阿超满族蒙古族乡
130825,130825212,乡,碱房乡
130825,130825213,乡,韩家店乡
130825,130825214,乡,湾沟门乡
130826,130826001,街道,新丰路街道
130826,130826100,镇,大阁镇
130826,130826101,镇,大滩镇
130826,130826102,镇,鱼儿山镇
130826,130826103,镇,土城镇
130826,130826104,镇,黄旗镇
130826,130826105,镇,凤山镇
130826,130826106,镇,波罗诺镇
130826,130826107,镇,黑山嘴镇
130826,130826108,镇,天桥镇
130826,130826109,镇,胡麻营镇
130826,130826110,镇,将军营镇
130826,130826200,乡,万胜永乡
130826,130826201,乡,四岔口乡
130826,130826202,乡,苏家店乡
130826,130826203,乡,外沟门乡
130826,130826204,乡,草原乡
130826,130826205,乡,窟窿山乡
130826,130826206,乡,小坝子乡
130826,130826207,乡,五道营乡
130826,130826209,乡,选将营乡
130826,130826210,乡,西官营乡
130826,130826211,乡,王营乡
130826,130826212,乡,北头营乡
130826,130826214,乡,石人沟乡
130826,130826215,乡,汤河乡
130826,130826216,乡,杨木栅子乡
130827,130827100,镇,宽城镇
130827,130827101,镇,龙须门镇
130827,130827102,镇,峪耳崖镇
130827,130827103,镇,板城镇
130827,130827104,镇,汤道河镇
130827,130827105,镇,桲罗台镇
130827,130827106,镇,碾子峪镇
130827,130827107,镇,亮甲台镇
130827,130827108,镇,化皮溜子镇
130827,130827109,镇,松岭镇
130827,130827201,乡,塌山乡
130827,130827203,乡,孟子岭乡
130827,130827204,乡,独石沟乡
130827,130827207,乡,铧尖乡
130827,130827208,乡,东黄花川乡
130827,130827210,乡,苇子沟乡
130827,130827211,乡,大字沟门乡
130827,130827212,乡,大石柱子乡
130828,130828100,镇,围场镇
130828,130828101,镇,四合永镇
130828,130828102,镇,克勒沟镇
130828,130828103,镇,棋盘山镇
130828,130828104,镇,半截塔镇
130828,130828105,镇,朝阳地镇
130828,130828106,镇,朝阳湾镇
130828,130828107,镇,腰站镇
130828,130828108,镇,新拨镇
130828,130828109,镇,龙头山镇
130828,130828110,镇,御道口镇
130828,130828111,镇,城子镇
130828,130828112,镇,新地镇
130828,130828113,镇,哈里哈镇
130828,130828200,乡,道坝子乡
130828,130828203,乡,黄土坎乡
130828,130828204,乡,四道沟乡
130828,130828205,乡,蓝旗卡伦乡
130828,130828206,乡,银窝沟乡
130828,130828208,乡,广发永乡
130828,130828209,乡,育太和乡
130828,130828210,乡,郭家湾乡
130828,130828211,乡,杨家湾乡
130828,130828212,乡,大唤起乡
130828,130828215,乡,张家湾乡
130828,130828216,乡,宝元栈乡
130828,130828217,乡,山湾子乡
130828,130828218,乡,三义永乡
130828,130828219,乡,姜家店乡
130828,130828220,乡,下伙房乡
130828,130828221,乡,燕格柏乡
130828,130828222,乡,牌楼乡
130828,130828224,乡,老窝铺乡
130828,130828226,乡,石桌子乡
130828,130828227,乡,大头山乡
130828,130828228,乡,南山嘴乡
130828,130828229,乡,西龙头乡
130881,130881100,镇,平泉镇
130881,130881101,镇,黄土梁子镇
130881,130881102,镇,榆树林子镇
130881,130881103,镇,杨树岭镇
130881,130881104,镇,七沟镇
130881,130881105,镇,小寺沟镇
130881,130881106,镇,党坝镇
130881,130881107,镇,卧龙镇
130881,130881108,镇,南五十家子镇
130881,130881109,镇,北五十家子镇
130881,130881110,镇,桲椤树镇
130881,130881111,镇,柳溪镇
130881,130881112,镇,平北镇
130881,130881113,镇,青河镇
130881,130881114,镇,台头山镇
130881,130881200,乡,王土房乡
130881,130881201,民族乡,七家岱满族乡
130881,130881202,民族乡,茅兰沟满族蒙古族乡
130881,130881205,乡,道虎沟乡
130902,130902001,街道,建设北街街道
130902,130902002,街道,车站街道
130902,130902003,街道,南大街街道
130902,130902004,街道,东环中街街道
130902,130902005,街道,道东街道
130902,130902100,镇,小赵庄镇
130903,130903001,街道,水月寺街街道
130903,130903002,街道,南环中路街道
130903,130903003,街道,南湖街道
130903,130903004,街道,市场街道
130903,130903005,街道,西环中街街道
130903,130903006,街道,公园街道
130903,130903100,镇,小王庄镇
130903,130903101,镇,南陈屯镇
130921,130921100,镇,旧州镇
130921,130921101,镇,兴济镇
130921,130921102,镇,杜生镇
130921,130921103,镇,崔尔庄镇
130921,130921104,镇,李天木镇
130921,130921105,镇,纸房头镇
130921,130921106,镇,姚官屯镇
130921,130921107,镇,杜林镇
130921,130921108,镇,汪家铺镇
130921,130921109,镇,张官屯镇
130921,130921110,镇,大官厅镇
130921,130921111,镇,风化店镇
130921,130921112,镇,捷地镇
130921,130921200,乡,薛官屯乡
130921,130921208,乡,刘家庙乡
130921,130921209,乡,仵龙堂乡
130921,130921211,乡,高川乡
130921,130921212,乡,黄递铺乡
130921,130921213,民族乡,大褚村回族乡
130922,130922100,镇,清州镇
130922,130922101,镇,金牛镇
130922,130922102,镇,新兴镇
130922,130922103,镇,流河镇
130922,130922104,镇,木门店镇
130922,130922105,镇,马厂镇
130922,130922106,镇,盘古镇
130922,130922107,镇,曹寺镇
130922,130922200,乡,上伍乡
130922,130922203,乡,陈嘴乡
130923,130923100,镇,东光镇
130923,130923101,镇,连镇镇
130923,130923102,镇,找王镇
130923,130923103,镇,秦村镇
130923,130923104,镇,灯明寺镇
130923,130923105,镇,南霞口镇
130923,130923106,镇,大单镇
130923,130923107,镇,龙王李镇
130923,130923108,镇,于桥镇
130924,130924100,镇,苏基镇
130924,130924101,镇,辛集镇
130924,130924102,镇,高湾镇
130924,130924103,镇,赵毛陶镇
130924,130924104,镇,张会亭镇
130924,130924201,乡,香坊乡
130924,130924202,乡,小山乡
130925,130925100,镇,盐山镇
130925,130925101,镇,望树镇
130925,130925102,镇,庆云镇
130925,130925103,镇,韩集镇
130925,130925104,镇,千童镇
130925,130925105,镇,圣佛镇
130925,130925106,镇,边务镇
130925,130925107,镇,小庄镇
130925,130925108,镇,杨集镇
130925,130925109,镇,孟店镇
130925,130925201,乡,小营乡
130925,130925204,乡,常庄乡
130926,130926100,镇,肃宁镇
130926,130926101,镇,梁家村镇
130926,130926102,镇,窝北镇
130926,130926103,镇,尚村镇
130926,130926104,镇,万里镇
130926,130926105,镇,师素镇
130926,130926106,镇,河北留善寺镇
130926,130926107,镇,付家佐镇
130926,130926205,乡,邵庄乡
130927,130927100,镇,南皮镇
130927,130927101,镇,冯家口镇
130927,130927102,镇,寨子镇
130927,130927103,镇,鲍官屯镇
130927,130927104,镇,王寺镇
130927,130927105,镇,乌马营镇
130927,130927106,镇,潞灌镇
130927,130927107,镇,刘八里镇
130927,130927108,镇,大浪淀镇
130928,130928100,镇,桑园镇
130928,130928101,镇,铁城镇
130928,130928102,镇,于集镇
130928,130928103,镇,梁集镇
130928,130928104,镇,安陵镇
130928,130928200,乡,曹家洼乡
130928,130928201,乡,宋门乡
130928,130928202,乡,杨家寺乡
130928,130928203,乡,沟店铺乡
130928,130928204,乡,何庄乡
130929,130929100,镇,乐寿镇
130929,130929101,镇,淮镇镇
130929,130929102,镇,郭庄镇
130929,130929103,镇,河城街镇
130929,130929104,镇,韩村镇
130929,130929105,镇,陌南镇
130929,130929106,镇,陈庄镇
130929,130929107,镇,段村镇
130929,130929108,镇,高官镇
130929,130929109,镇,十五级镇
130929,130929110,镇,南河头镇
130929,130929111,镇,商林镇
130929,130929208,民族乡,本斋回族乡
130929,130929209,乡,张村乡
130929,130929210,乡,临河乡
130929,130929211,乡,小平王乡
130929,130929213,乡,垒头乡
130929,130929215,乡,西城乡
130930,130930100,镇,孟村镇
130930,130930101,镇,新县镇
130930,130930102,镇,辛店镇
130930,130930103,镇,高寨镇
130930,130930104,镇,牛进庄镇
130930,130930200,乡,宋庄子乡
130981,130981001,街道,解放街道
130981,130981002,街道,河东街道
130981,130981003,街道,鼓楼街道
130981,130981100,镇,泊镇
130981,130981101,镇,交河镇
130981,130981102,镇,齐桥镇
130981,130981103,镇,寺门村镇
130981,130981104,镇,郝村镇
130981,130981105,镇,富镇镇
130981,130981106,镇,文庙镇
130981,130981107,镇,洼里王镇
130981,130981108,镇,四营镇
130981,130981109,镇,营子镇
130981,130981201,乡,王武庄乡
130981,130981204,乡,西辛店乡
130982,130982001,街道,新华路街道
130982,130982002,街道,西环路街道
130982,130982003,街道,永丰路街道
130982,130982004,街道,中华路街道
130982,130982005,街道,渤海路街道
130982,130982006,街道,会战道街道
130982,130982007,街道,油建路街道
130982,130982100,镇,出岸镇
130982,130982101,镇,石门桥镇
130982,130982102,镇,吕公堡镇
130982,130982103,镇,长丰镇
130982,130982104,镇,鄚州镇
130982,130982105,镇,苟各庄镇
130982,130982106,镇,梁召镇
130982,130982107,镇,辛中驿镇
130982,130982108,镇,麻家坞镇
130982,130982109,镇,北辛庄镇
130982,130982110,镇,议论堡镇
130982,130982111,镇,于村镇
130982,130982112,镇,北汉镇
130982,130982204,乡,青塔乡
130982,130982206,乡,七间房乡
130983,130983001,街道,骅东街道
130983,130983002,街道,骅中街道
130983,130983003,街道,骅西街道
130983,130983100,镇,黄骅镇
130983,130983101,镇,南排河镇
130983,130983102,镇,吕桥镇
130983,130983103,镇,旧城镇
130983,130983104,镇,齐家务镇
130983,130983105,镇,滕庄子镇
130983,130983106,镇,常郭镇
130983,130983107,镇,羊二庄镇
130983,130983204,乡,官庄乡
130983,130983206,民族乡,新村回族乡
130983,130983207,民族乡,羊三木回族乡
130984,130984001,街道,瀛州路街道
130984,130984002,街道,城垣西路街道
130984,130984101,镇,米各庄镇
130984,130984102,镇,景和镇
130984,130984103,镇,卧佛堂镇
130984,130984104,镇,束城镇
130984,130984105,镇,留古寺镇
130984,130984106,镇,沙河桥镇
130984,130984107,镇,诗经村镇
130984,130984108,镇,尊祖庄镇
130984,130984109,镇,兴村镇
130984,130984110,镇,行别营镇
130984,130984111,镇,故仙镇
130984,130984112,镇,黎民居镇
130984,130984113,镇,沙洼镇
130984,130984204,乡,西九吉乡
130984,130984205,乡,北石槽乡
130984,130984206,民族乡,果子洼回族乡
130984,130984209,乡,时村乡
130984,130984212,乡,龙华店乡
131002,131002001,街道,银河南路街道
131002,131002002,街道,光明西道街道
131002,131002003,街道,永华道街道
131002,131002100,镇,落垡镇
131002,131002101,镇,码头镇
131002,131002102,镇,葛渔城镇
131002,131002103,镇,东沽港镇
131002,131002104,镇,杨税务镇
131002,131002105,镇,北史家务镇
131002,131002106,镇,调河头镇
131002,131002107,镇,仇庄镇
131003,131003001,街道,银河北路街道
131003,131003002,街道,爱民东道街道
131003,131003003,街道,解放道街道
131003,131003004,街道,新开路街道
131003,131003005,街道,新源道街道
131003,131003006,街道,云鹏道街道
131003,131003007,街道,耀华道街道
131003,131003100,镇,南尖塔镇
131003,131003101,镇,万庄镇
131003,131003102,镇,九州镇
131003,131003103,镇,北旺镇
131022,131022100,镇,固安镇
131022,131022101,镇,宫村镇
131022,131022102,镇,柳泉镇
131022,131022103,镇,牛驼镇
131022,131022104,镇,马庄镇
131022,131022105,镇,东湾镇
131022,131022106,镇,渠沟镇
131022,131022201,乡,彭村乡
131022,131022203,乡,礼让店乡
131023,131023100,镇,永清镇
131023,131023101,镇,韩村镇
131023,131023102,镇,后奕镇
131023,131023103,镇,别古庄镇
131023,131023104,镇,里澜城镇
131023,131023105,镇,刘街镇
131023,131023106,镇,曹家务镇
131023,131023200,民族乡,管家务回族乡
131023,131023202,乡,龙虎庄乡
131023,131023204,乡,三圣口乡
131024,131024100,镇,淑阳镇
131024,131024101,镇,蒋辛屯镇
131024,131024102,镇,渠口镇
131024,131024103,镇,安头屯镇
131024,131024104,镇,安平镇
131024,131024105,镇,刘宋镇
131024,131024106,镇,五百户镇
131024,131024107,镇,钳屯镇
131024,131024108,镇,钱旺镇
131025,131025100,镇,平舒镇
131025,131025101,镇,旺村镇
131025,131025102,镇,大尚屯镇
131025,131025103,镇,南赵扶镇
131025,131025104,镇,留各庄镇
131025,131025105,镇,权村镇
131025,131025106,镇,里坦镇
131025,131025107,镇,广安镇
131025,131025108,镇,北魏镇
131025,131025109,镇,臧屯镇
131026,131026100,镇,文安镇
131026,131026101,镇,新镇镇
131026,131026102,镇,苏桥镇
131026,131026103,镇,大柳河镇
131026,131026104,镇,左各庄镇
131026,131026105,镇,滩里镇
131026,131026106,镇,史各庄镇
131026,131026107,镇,赵各庄镇
131026,131026108,镇,兴隆宫镇
131026,131026109,镇,大留镇镇
131026,131026110,镇,孙氏镇
131026,131026111,镇,德归镇
131026,131026200,民族乡,大围河回族满族乡
131028,131028001,街道,北辰街道
131028,131028100,镇,大厂镇
131028,131028101,镇,夏垫镇
131028,131028102,镇,祁各庄镇
131028,131028103,镇,陈府镇
131028,131028104,镇,邵府镇
131081,131081001,街道,裕华街道
131081,131081100,镇,霸州镇
131081,131081101,镇,南孟镇
131081,131081102,镇,信安镇
131081,131081103,镇,堂二里镇
131081,131081104,镇,煎茶铺镇
131081,131081105,镇,胜芳镇
131081,131081106,镇,扬芬港镇
131081,131081107,镇,康仙庄镇
131081,131081108,镇,王庄子镇
131081,131081200,乡,岔河集乡
131081,131081202,乡,东杨庄乡
131081,131081204,乡,东段乡
131082,131082001,街道,鼎盛东街道
131082,131082002,街道,泃阳西街道
131082,131082004,街道,行宫东街道
131082,131082005,街道,迎宾北路街道
131082,131082006,街道,燕顺路街道
131082,131082007,街道,康城街道
131082,131082100,镇,泃阳镇
131082,131082101,镇,李旗庄镇
131082,131082102,镇,杨庄镇
131082,131082103,镇,皇庄镇
131082,131082104,镇,新集镇
131082,131082105,镇,段甲岭镇
131082,131082106,镇,黄土庄镇
131082,131082107,镇,高楼镇
131082,131082108,镇,齐心庄镇
131082,131082109,镇,燕郊镇
131102,131102001,街道,河西街道
131102,131102002,街道,河东街道
131102,131102003,街道,路北街道
131102,131102004,街道,中华大街街道
131102,131102100,镇,郑家河沿镇
131102,131102101,镇,赵家圈镇
131102,131102102,镇,邓庄镇
131102,131102200,乡,何家庄乡
131102,131102201,乡,大麻森乡
131102,131102203,乡,彭杜村乡
131103,131103100,镇,冀州镇
131103,131103101,镇,魏家屯镇
131103,131103102,镇,官道李镇
131103,131103103,镇,南午村镇
131103,131103104,镇,周村镇
131103,131103105,镇,码头李镇
131103,131103106,镇,西王镇
131103,131103200,乡,门家庄乡
131103,131103201,乡,徐家庄乡
131103,131103202,乡,北漳淮乡
131103,131103203,乡,小寨乡
131121,131121100,镇,枣强镇
131121,131121101,镇,恩察镇
131121,131121102,镇,大营镇
131121,131121103,镇,嘉会镇
131121,131121104,镇,马屯镇
131121,131121105,镇,肖张镇
131121,131121106,镇,张秀屯镇
131121,131121107,镇,新屯镇
131121,131121108,镇,唐林镇
131121,131121202,乡,王均乡
131121,131121204,乡,王常乡
131122,131122100,镇,武邑镇
131122,131122101,镇,清凉店镇
131122,131122102,镇,审坡镇
131122,131122103,镇,赵桥镇
131122,131122104,镇,韩庄镇
131122,131122105,镇,肖桥头镇
131122,131122106,镇,龙店镇
131122,131122201,乡,圈头乡
131122,131122203,乡,大紫塔乡
131123,131123100,镇,武强镇
131123,131123101,镇,街关镇
131123,131123102,镇,周窝镇
131123,131123103,镇,东孙庄镇
131123,131123104,镇,豆村镇
131123,131123105,镇,北代镇
131124,131124100,镇,饶阳镇
131124,131124101,镇,大尹村镇
131124,131124102,镇,五公镇
131124,131124103,镇,大官亭镇
131124,131124104,镇,王同岳镇
131124,131124105,镇,东里满镇
131124,131124106,镇,留楚镇
131125,131125100,镇,安平镇
131125,131125101,镇,马店镇
131125,131125102,镇,南王庄镇
131125,131125103,镇,大子文镇
131125,131125104,镇,东黄城镇
131125,131125200,乡,大何庄乡
131125,131125201,乡,程油子乡
131125,131125202,乡,西两洼乡
131126,131126100,镇,郑口镇
131126,131126101,镇,夏庄镇
131126,131126102,镇,青罕镇
131126,131126103,镇,故城镇
131126,131126104,镇,武官寨镇
131126,131126105,镇,饶阳店镇
131126,131126106,镇,军屯镇
131126,131126107,镇,建国镇
131126,131126108,镇,西半屯镇
131126,131126109,镇,房庄镇
131126,131126110,镇,三朗镇
131126,131126200,乡,辛庄乡
131126,131126201,乡,里老乡
131127,131127100,镇,景州镇
131127,131127101,镇,龙华镇
131127,131127102,镇,广川镇
131127,131127103,镇,王瞳镇
131127,131127104,镇,洚河流镇
131127,131127105,镇,安陵镇
131127,131127106,镇,杜桥镇
131127,131127107,镇,王谦寺镇
131127,131127108,镇,留智庙镇
131127,131127109,镇,北留智镇
131127,131127110,镇,梁集镇
131127,131127111,镇,温城镇
131127,131127112,镇,青兰镇
131127,131127200,乡,刘集乡
131127,131127201,乡,连镇乡
131127,131127204,乡,后留名府乡
131128,131128100,镇,阜城镇
131128,131128101,镇,古城镇
131128,131128102,镇,码头镇
131128,131128103,镇,霞口镇
131128,131128104,镇,崔家庙镇
131128,131128105,镇,漫河镇
131128,131128201,乡,建桥乡
131128,131128202,乡,蒋坊乡
131128,131128203,乡,大白乡
131128,131128204,乡,王集乡
131182,131182100,镇,唐奉镇
131182,131182101,镇,深州镇
131182,131182102,镇,辰时镇
131182,131182103,镇,榆科镇
131182,131182104,镇,魏家桥镇
131182,131182105,镇,大堤镇
131182,131182106,镇,前磨头镇
131182,131182107,镇,王家井镇
131182,131182108,镇,护驾迟镇
131182,131182109,镇,大屯镇
131182,131182110,镇,高古庄镇
131182,131182111,镇,北溪村镇
131182,131182112,镇,大冯营镇
131182,131182113,镇,穆村镇
131182,131182200,乡,兵曹乡
131182,131182202,乡,东安庄乡
131182,131182206,乡,乔家屯乡
140105,140105001,街道,坞城街道
140105,140105002,街道,营盘街道
140105,140105003,街道,北营街道
140105,140105004,街道,平阳路街道
140105,140105005,街道,黄陵街道
140105,140105006,街道,小店街道
140105,140105007,街道,龙城街道
140105,140105008,街道,学府街道
140105,140105009,街道,唐槐街道
140105,140105100,镇,北格镇
140105,140105200,乡,西温庄乡
140105,140105201,乡,刘家堡乡
140106,140106001,街道,柳巷街道
140106,140106002,街道,文庙街道
140106,140106003,街道,庙前街道
140106,140106004,街道,迎泽街道
140106,140106005,街道,桥东街道
140106,140106006,街道,老军营街道
140106,140106007,街道,双塔街道
140106,140106100,镇,郝庄镇
140107,140107001,街道,巨轮街道
140107,140107002,街道,三桥街道
140107,140107003,街道,鼓楼街道
140107,140107004,街道,杏花岭街道
140107,140107005,街道,坝陵桥街道
140107,140107006,街道,大东关街道
140107,140107007,街道,职工新街街道
140107,140107008,街道,敦化坊街道
140107,140107009,街道,涧河街道
140107,140107010,街道,杨家峪街道
140107,140107011,街道,享堂街道
140107,140107100,镇,中涧河镇
140108,140108001,街道,尖草坪街道
140108,140108002,街道,光社街道
140108,140108003,街道,上兰街道
140108,140108004,街道,南寨街道
140108,140108005,街道,迎新街街道
140108,140108006,街道,古城街道
140108,140108007,街道,汇丰街道
140108,140108008,街道,柴村街道
140108,140108009,街道,新城街道
140108,140108100,镇,向阳镇
140108,140108101,镇,阳曲镇
140108,140108201,乡,柏板乡
140108,140108202,乡,西墕乡
140109,140109001,街道,千峰街道
140109,140109002,街道,下元街道
140109,140109003,街道,和平街道
140109,140109004,街道,兴华街道
140109,140109005,街道,万柏林街道
140109,140109006,街道,杜儿坪街道
140109,140109007,街道,白家庄街道
140109,140109008,街道,南寒街道
140109,140109009,街道,西铭街道
140109,140109010,街道,小井峪街道
140109,140109012,街道,东社街道
140109,140109014,街道,长风西街街道
140109,140109015,街道,神堂沟街道
140109,140109016,街道,王化街道
140110,140110001,街道,义井街道
140110,140110002,街道,罗城街道
140110,140110003,街道,晋源街道
140110,140110100,镇,金胜镇
140110,140110101,镇,晋祠镇
140110,140110102,镇,姚村镇
140121,140121100,镇,清源镇
140121,140121101,镇,徐沟镇
140121,140121102,镇,东于镇
140121,140121103,镇,孟封镇
140121,140121200,乡,马峪乡
140121,140121201,乡,柳杜乡
140121,140121202,乡,西谷乡
140121,140121203,乡,王答乡
140121,140121204,乡,集义乡
140122,140122100,镇,黄寨镇
140122,140122101,镇,大盂镇
140122,140122102,镇,东黄水镇
140122,140122103,镇,泥屯镇
140122,140122200,乡,高村乡
140122,140122201,乡,侯村乡
140122,140122202,乡,凌井店乡
140122,140122203,乡,西凌井乡
140122,140122205,乡,杨兴乡
140123,140123100,镇,娄烦镇
140123,140123101,镇,静游镇
140123,140123102,镇,杜交曲镇
140123,140123201,乡,马家庄乡
140123,140123202,乡,盖家庄乡
140123,140123203,乡,米峪镇乡
140123,140123204,乡,天池店乡
140181,140181001,街道,东曲街道
140181,140181002,街道,西曲街道
140181,140181003,街道,桃园街道
140181,140181004,街道,屯兰街道
140181,140181100,镇,河口镇
140181,140181101,镇,镇城底镇
140181,140181102,镇,马兰镇
140181,140181201,乡,嘉乐泉乡
140181,140181202,乡,梭峪乡
140181,140181203,乡,岔口乡
140181,140181204,乡,常安乡
140181,140181205,乡,原相乡
140181,140181206,乡,邢家社乡
140212,140212100,镇,新荣镇
140212,140212101,镇,古店镇
140212,140212102,镇,花园屯镇
140212,140212200,乡,破鲁堡乡
140212,140212202,乡,郭家窑乡
140212,140212206,乡,西村乡
140212,140212209,乡,堡子湾乡
140213,140213002,街道,北关街道
140213,140213009,街道,大庆路街道
140213,140213013,街道,古城街道
140213,140213014,街道,新旺街道
140213,140213015,街道,马军营街道
140213,140213016,街道,白登山街道
140213,140213017,街道,文瀛湖街道
140213,140213018,街道,水泊寺街道
140213,140213019,街道,小南头街道
140213,140213020,街道,永泰街道
140213,140213021,街道,清远街道
140213,140213022,街道,武定街道
140213,140213023,街道,鹿苑街道
140213,140213024,街道,振华街道
140213,140213025,街道,迎宾街道
140213,140213026,街道,新华街道
140213,140213027,街道,卧虎湾街道
140213,140213028,街道,御河街道
140213,140213029,街道,开源街道
140214,140214001,街道,西花园街道
140214,140214002,街道,老平旺街道
140214,140214003,街道,新胜街道
140214,140214004,街道,新平旺街道
140214,140214018,街道,新泉路街道
140214,140214019,街道,民胜街道
140214,140214020,街道,口泉街道
140214,140214025,街道,平泉路街道
140214,140214027,街道,和瑞街道
140214,140214028,街道,和顺街道
140214,140214029,街道,玉龙街道
140214,140214030,街道,云燕街道
140214,140214031,街道,云武街道
140214,140214032,街道,和旺街道
140214,140214033,街道,新文街道
140214,140214034,街道,玉泉街道
140214,140214035,街道,平喜街道
140214,140214036,街道,清泉街道
140214,140214037,街道,平德街道
140214,140214038,街道,平盛街道
140214,140214039,街道,平源街道
140214,140214100,镇,高山镇
140214,140214101,镇,云冈镇
140214,140214200,乡,口泉乡
140214,140214201,乡,西韩岭乡
140214,140214202,乡,平旺乡
140214,140214203,乡,鸦儿崖乡
140215,140215100,镇,西坪镇
140215,140215101,镇,倍加造镇
140215,140215102,镇,周士庄镇
140215,140215200,乡,吉家庄乡
140215,140215201,乡,峰峪乡
140215,140215202,乡,杜庄乡
140215,140215203,乡,党留庄乡
140215,140215205,乡,聚乐乡
140215,140215206,乡,许堡乡
140221,140221100,镇,龙泉镇
140221,140221101,镇,罗文皂镇
140221,140221102,镇,大白登镇
140221,140221103,镇,王官屯镇
140221,140221104,镇,古城镇
140221,140221105,镇,东小村镇
140221,140221106,镇,友宰镇
140221,140221201,乡,长城乡
140221,140221204,乡,狮子屯乡
140221,140221209,乡,下深井乡
140221,140221212,乡,鳌石乡
140222,140222100,镇,玉泉镇
140222,140222101,镇,谷前堡镇
140222,140222102,镇,米薪关镇
140222,140222103,镇,逯家湾镇
140222,140222104,镇,新平堡镇
140222,140222200,乡,三十里铺乡
140222,140222204,乡,贾家屯乡
140222,140222206,乡,赵家沟乡
140222,140222208,乡,南高崖乡
140222,140222209,乡,张西河乡
140222,140222210,乡,马家皂乡
140223,140223100,镇,壶泉镇
140223,140223101,镇,南村镇
140223,140223102,镇,梁庄镇
140223,140223103,镇,加斗镇
140223,140223104,镇,作疃镇
140223,140223200,乡,一斗泉乡
140223,140223202,乡,蕉山乡
140223,140223206,乡,宜兴乡
140224,140224100,镇,武灵镇
140224,140224101,镇,东河南镇
140224,140224102,镇,上寨镇
140224,140224200,乡,落水河乡
140224,140224205,乡,赵北乡
140224,140224206,乡,石家田乡
140224,140224207,乡,柳科乡
140224,140224208,乡,白崖台乡
140224,140224210,乡,红石塄乡
140224,140224212,乡,下关乡
140224,140224213,乡,独峪乡
140225,140225100,镇,永安镇
140225,140225101,镇,西坊城镇
140225,140225102,镇,蔡村镇
140225,140225103,镇,沙圪坨镇
140225,140225104,镇,王庄堡镇
140225,140225106,镇,青磁窑镇
140225,140225201,乡,东坊城乡
140225,140225203,乡,裴村乡
140225,140225204,乡,驼峰乡
140225,140225205,乡,西留村乡
140225,140225206,乡,下韩村乡
140225,140225208,乡,南榆林乡
140225,140225210,乡,吴城乡
140225,140225213,乡,大仁庄乡
140225,140225215,乡,千佛岭乡
140225,140225218,乡,官儿乡
140226,140226100,镇,云兴镇
140226,140226101,镇,鹊儿山镇
140226,140226102,镇,店湾镇
140226,140226200,乡,管家堡乡
140226,140226201,乡,张家场乡
140226,140226205,乡,三屯乡
140226,140226206,乡,马道头乡
140226,140226207,乡,小京庄乡
140302,140302001,街道,上站街道
140302,140302002,街道,下站街道
140302,140302003,街道,北大街街道
140302,140302004,街道,南山路街道
140302,140302005,街道,义井街道
140303,140303001,街道,平潭街街道
140303,140303002,街道,桥头街道
140303,140303003,街道,蔡洼街道
140303,140303004,街道,赛鱼街道
140303,140303005,街道,沙坪街道
140303,140303006,街道,贵石沟街道
140311,140311100,镇,荫营镇
140311,140311101,镇,河底镇
140311,140311102,镇,义井镇
140311,140311103,镇,平坦镇
140311,140311200,乡,西南舁乡
140311,140311201,乡,杨家庄乡
140311,140311202,乡,李家庄乡
140311,140311203,乡,旧街乡
140321,140321100,镇,冠山镇
140321,140321101,镇,冶西镇
140321,140321102,镇,锁簧镇
140321,140321103,镇,张庄镇
140321,140321104,镇,东回镇
140321,140321105,镇,柏井镇
140321,140321106,镇,娘子关镇
140321,140321107,镇,巨城镇
140321,140321200,乡,石门口乡
140321,140321201,乡,岔口乡
140322,140322100,镇,秀水镇
140322,140322101,镇,孙家庄镇
140322,140322102,镇,路家村镇
140322,140322103,镇,南娄镇
140322,140322104,镇,牛村镇
140322,140322105,镇,苌池镇
140322,140322106,镇,上社镇
140322,140322107,镇,西烟镇
140322,140322200,乡,仙人乡
140322,140322201,乡,北下庄乡
140322,140322202,乡,下社乡
140322,140322203,乡,梁家寨乡
140322,140322204,乡,西潘乡
140322,140322205,乡,东梁乡
140403,140403001,街道,东街街道
140403,140403002,街道,西街街道
140403,140403003,街道,英雄南路街道
140403,140403004,街道,英雄中路街道
140403,140403005,街道,紫金街街道
140403,140403006,街道,太行东街街道
140403,140403007,街道,太行西街街道
140403,140403008,街道,延安南路街道
140403,140403009,街道,常青街道
140403,140403010,街道,五马街道
140403,140403012,街道,故县街道
140403,140403013,街道,堠北庄街道
140403,140403014,街道,老顶山街道
140403,140403015,街道,大辛庄街道
140403,140403103,镇,马厂镇
140403,140403104,镇,黄碾镇
140403,140403105,镇,西白兔镇
140404,140404001,街道,韩店街道
140404,140404101,镇,苏店镇
140404,140404102,镇,荫城镇
140404,140404103,镇,西火镇
140404,140404104,镇,八义镇
140404,140404106,镇,郝家庄镇
140404,140404107,镇,南宋镇
140404,140404201,乡,西池乡
140404,140404202,乡,北呈乡
140404,140404203,乡,东和乡
140405,140405001,街道,麟绛街道
140405,140405101,镇,上村镇
140405,140405102,镇,渔泽镇
140405,140405103,镇,余吾镇
140405,140405104,镇,吾元镇
140405,140405105,镇,张店镇
140405,140405106,镇,丰宜镇
140405,140405200,乡,李高乡
140405,140405201,乡,路村乡
140405,140405202,乡,河神庙乡
140405,140405203,乡,西贾乡
140406,140406001,街道,潞华街道
140406,140406002,街道,成家川街道
140406,140406003,街道,翟店街道
140406,140406100,镇,店上镇
140406,140406101,镇,微子镇
140406,140406102,镇,辛安泉镇
140406,140406104,镇,史回镇
140406,140406201,乡,黄牛蹄乡
140423,140423100,镇,古韩镇
140423,140423101,镇,王桥镇
140423,140423102,镇,侯堡镇
140423,140423103,镇,夏店镇
140423,140423104,镇,虒亭镇
140423,140423105,镇,西营镇
140423,140423106,镇,王村镇
140423,140423107,镇,下良镇
140423,140423108,镇,善福镇
140425,140425100,镇,青羊镇
140425,140425101,镇,龙溪镇
140425,140425102,镇,石城镇
140425,140425103,镇,苗庄镇
140425,140425104,镇,玉峡关镇
140425,140425200,乡,西沟乡
140425,140425201,乡,东寺头乡
140425,140425202,乡,虹梯关乡
140425,140425203,乡,阳高乡
140425,140425204,乡,北耽车乡
140425,140425206,乡,北社乡
140426,140426101,镇,东阳关镇
140426,140426102,镇,上遥镇
140426,140426103,镇,西井镇
140426,140426104,镇,黄崖洞镇
140426,140426105,镇,黎侯镇
140426,140426106,镇,洪井镇
140426,140426107,镇,西仵镇
140426,140426108,镇,程家山镇
140427,140427100,镇,龙泉镇
140427,140427101,镇,百尺镇
140427,140427102,镇,店上镇
140427,140427103,镇,晋庄镇
140427,140427104,镇,树掌镇
140427,140427105,镇,大峡谷镇
140427,140427106,镇,集店镇
140427,140427201,乡,黄山乡
140427,140427202,乡,东井岭乡
140427,140427203,乡,石坡乡
140428,140428100,镇,丹朱镇
140428,140428101,镇,鲍店镇
140428,140428102,镇,石哲镇
140428,140428103,镇,大堡头镇
140428,140428104,镇,慈林镇
140428,140428105,镇,色头镇
140428,140428106,镇,南漳镇
140428,140428107,镇,宋村镇
140428,140428108,镇,南陈镇
140428,140428201,乡,碾张乡
140428,140428202,乡,常张乡
140429,140429100,镇,丰州镇
140429,140429101,镇,洪水镇
140429,140429102,镇,蟠龙镇
140429,140429103,镇,监漳镇
140429,140429104,镇,故城镇
140429,140429105,镇,韩北镇
140429,140429202,乡,大有乡
140429,140429203,乡,贾豁乡
140429,140429205,乡,上司乡
140429,140429206,乡,石北乡
140429,140429207,乡,涌泉乡
140429,140429208,乡,分水岭乡
140430,140430100,镇,定昌镇
140430,140430101,镇,郭村镇
140430,140430102,镇,故县镇
140430,140430103,镇,新店镇
140430,140430104,镇,漳源镇
140430,140430105,镇,册村镇
140430,140430106,镇,沁州黄镇
140430,140430107,镇,南里镇
140430,140430108,镇,松村镇
140430,140430200,乡,段柳乡
140430,140430203,乡,牛寺乡
140430,140430206,乡,杨安乡
140431,140431100,镇,沁河镇
140431,140431101,镇,郭道镇
140431,140431102,镇,灵空山镇
140431,140431103,镇,王和镇
140431,140431105,镇,王陶镇
140431,140431106,镇,景凤镇
140431,140431200,乡,中峪乡
140431,140431201,乡,法中乡
140431,140431202,乡,交口乡
140431,140431203,乡,聪子峪乡
140431,140431204,乡,韩洪乡
140431,140431207,乡,赤石桥乡
140502,140502001,街道,东街街道
140502,140502002,街道,西街街道
140502,140502003,街道,南街街道
140502,140502004,街道,北街街道
140502,140502005,街道,矿区街道
140502,140502006,街道,钟家庄街道
140502,140502007,街道,西上庄街道
140502,140502100,镇,北石店镇
140521,140521100,镇,龙港镇
140521,140521101,镇,中村镇
140521,140521102,镇,郑庄镇
140521,140521103,镇,端氏镇
140521,140521104,镇,嘉峰镇
140521,140521105,镇,郑村镇
140521,140521106,镇,柿庄镇
140521,140521201,乡,土沃乡
140521,140521202,乡,张村乡
140521,140521204,乡,胡底乡
140521,140521205,乡,固县乡
140521,140521206,乡,十里乡
140522,140522100,镇,凤城镇
140522,140522101,镇,北留镇
140522,140522102,镇,润城镇
140522,140522103,镇,町店镇
140522,140522104,镇,芹池镇
140522,140522105,镇,次营镇
140522,140522106,镇,横河镇
140522,140522107,镇,河北镇
140522,140522108,镇,蟒河镇
140522,140522109,镇,东冶镇
140522,140522110,镇,白桑镇
140522,140522111,镇,演礼镇
140522,140522201,乡,寺头乡
140522,140522202,乡,西河乡
140522,140522205,乡,董封乡
140524,140524100,镇,崇文镇
140524,140524101,镇,礼义镇
140524,140524102,镇,附城镇
140524,140524103,镇,西河底镇
140524,140524104,镇,平城镇
140524,140524105,镇,杨村镇
140524,140524106,镇,潞城镇
140524,140524204,乡,夺火乡
140524,140524206,乡,马圪当乡
140524,140524207,乡,古郊乡
140524,140524209,乡,六泉乡
140525,140525100,镇,南村镇
140525,140525101,镇,下村镇
140525,140525102,镇,大东沟镇
140525,140525103,镇,周村镇
140525,140525104,镇,犁川镇
140525,140525105,镇,晋庙铺镇
140525,140525106,镇,金村镇
140525,140525107,镇,高都镇
140525,140525108,镇,巴公镇
140525,140525109,镇,大阳镇
140525,140525110,镇,山河镇
140525,140525111,镇,大箕镇
140525,140525112,镇,柳树口镇
140525,140525113,镇,北义城镇
140525,140525114,镇,川底镇
140525,140525115,镇,南岭镇
140581,140581001,街道,北城街街道
140581,140581002,街道,东城街街道
140581,140581003,街道,南城街街道
140581,140581100,镇,米山镇
140581,140581101,镇,三甲镇
140581,140581102,镇,陈区镇
140581,140581103,镇,北诗镇
140581,140581104,镇,河西镇
140581,140581105,镇,马村镇
140581,140581106,镇,野川镇
140581,140581107,镇,寺庄镇
140581,140581108,镇,神农镇
140581,140581202,乡,建宁乡
140581,140581204,乡,石末乡
140581,140581207,乡,原村乡
140602,140602001,街道,北城街道
140602,140602002,街道,南城街道
140602,140602003,街道,神头街道
140602,140602004,街道,北旺庄街道
140602,140602005,街道,文远街道
140602,140602100,镇,神头镇
140602,140602101,镇,利民镇
140602,140602200,乡,下团堡乡
140602,140602201,乡,小平易乡
140602,140602202,乡,滋润乡
140602,140602204,乡,南榆林乡
140602,140602205,乡,贾庄乡
140602,140602206,乡,沙塄河乡
140602,140602207,乡,窑子头乡
140602,140602208,乡,张蔡庄乡
140603,140603100,镇,井坪镇
140603,140603101,镇,凤凰城镇
140603,140603200,乡,白堂乡
140603,140603201,乡,陶村乡
140603,140603202,乡,下水头乡
140603,140603203,乡,双碾乡
140603,140603204,乡,阻虎乡
140603,140603205,乡,高石庄乡
140603,140603206,乡,西水界乡
140603,140603207,乡,下面高乡
140603,140603209,乡,向阳堡乡
140603,140603210,乡,榆岭乡
140621,140621100,镇,玉井镇
140621,140621101,镇,北周庄镇
140621,140621102,镇,古城镇
140621,140621103,镇,岱岳镇
140621,140621104,镇,广武镇
140621,140621200,乡,吴马营乡
140621,140621201,乡,马营乡
140621,140621202,乡,下喇叭乡
140621,140621203,乡,合盛堡乡
140621,140621205,乡,安荣乡
140621,140621206,乡,薛圐圙乡
140621,140621209,乡,马营庄乡
140622,140622100,镇,金城镇
140622,140622101,镇,南河种镇
140622,140622102,镇,下社镇
140622,140622200,乡,镇子梁乡
140622,140622201,乡,义井乡
140622,140622202,乡,臧寨乡
140622,140622203,乡,大黄巍乡
140622,140622204,乡,杏寨乡
140622,140622205,乡,下马峪乡
140622,140622206,乡,南泉乡
140622,140622207,乡,大临河乡
140622,140622208,乡,白马石乡
140623,140623100,镇,新城镇
140623,140623101,镇,右卫镇
140623,140623102,镇,威远镇
140623,140623103,镇,元堡子镇
140623,140623200,乡,牛心堡乡
140623,140623202,乡,高家堡乡
140623,140623204,乡,杨千河乡
140623,140623205,乡,李达窑乡
140681,140681001,街道,云西街道
140681,140681002,街道,云中街道
140681,140681003,街道,云东街道
140681,140681101,镇,吴家窑镇
140681,140681102,镇,金沙滩镇
140681,140681103,镇,毛家皂镇
140681,140681200,乡,何家堡乡
140681,140681201,乡,新家园乡
140681,140681202,乡,亲和乡
140681,140681203,乡,海北头乡
140681,140681205,乡,河头乡
140702,140702001,街道,北关街道
140702,140702002,街道,锦纶街道
140702,140702003,街道,新华街街道
140702,140702004,街道,西南街街道
140702,140702005,街道,路西街道
140702,140702006,街道,经纬街道
140702,140702007,街道,安宁街道
140702,140702008,街道,新建街街道
140702,140702009,街道,晋华街道
140702,140702100,镇,乌金山镇
140702,140702101,镇,东阳镇
140702,140702103,镇,长凝镇
140702,140702104,镇,北田镇
140702,140702105,镇,修文镇
140702,140702200,乡,郭家堡乡
140702,140702201,乡,张庆乡
140702,140702202,乡,庄子乡
140702,140702203,乡,东赵乡
140703,140703101,镇,胡村镇
140703,140703102,镇,范村镇
140703,140703103,镇,水秀镇
140703,140703200,乡,侯城乡
140703,140703201,乡,北洸乡
140703,140703203,乡,阳邑乡
140703,140703204,乡,小白乡
140703,140703205,乡,任村乡
140721,140721100,镇,箕城镇
140721,140721101,镇,云簇镇
140721,140721102,镇,郝北镇
140721,140721103,镇,社城镇
140721,140721200,乡,河峪乡
140721,140721201,乡,北寨乡
140721,140721202,乡,西马乡
140722,140722100,镇,辽阳镇
140722,140722101,镇,桐峪镇
140722,140722102,镇,麻田镇
140722,140722103,镇,芹泉镇
140722,140722104,镇,拐儿镇
140722,140722200,乡,石匣乡
140722,140722202,乡,羊角乡
140722,140722203,乡,寒王乡
140723,140723100,镇,义兴镇
140723,140723101,镇,李阳镇
140723,140723102,镇,松烟镇
140723,140723103,镇,青城镇
140723,140723104,镇,横岭镇
140723,140723200,乡,喂马乡
140723,140723201,乡,平松乡
140723,140723203,乡,马坊乡
140724,140724100,镇,乐平镇
140724,140724101,镇,皋落镇
140724,140724102,镇,东冶头镇
140724,140724103,镇,沾尚镇
140724,140724104,镇,大寨镇
140724,140724201,乡,李家庄乡
140724,140724202,乡,界都乡
140724,140724203,乡,三都乡
140724,140724204,乡,赵壁乡
140724,140724205,乡,孔氏乡
140725,140725100,镇,朝阳镇
140725,140725101,镇,南燕竹镇
140725,140725102,镇,宗艾镇
140725,140725103,镇,平头镇
140725,140725104,镇,松塔镇
140725,140725105,镇,西洛镇
140725,140725106,镇,尹灵芝镇
140725,140725200,乡,平舒乡
140725,140725201,乡,解愁乡
140725,140725202,乡,温家庄乡
140725,140725203,乡,景尚乡
140725,140725205,乡,羊头崖乡
140727,140727100,镇,昭馀镇
140727,140727101,镇,东观镇
140727,140727102,镇,古县镇
140727,140727103,镇,贾令镇
140727,140727104,镇,城赵镇
140727,140727105,镇,来远镇
140727,140727201,乡,峪口乡
140728,140728001,街道,古城街道
140728,140728002,街道,城东街道
140728,140728003,街道,城西街道
140728,140728100,镇,古陶镇
140728,140728101,镇,段村镇
140728,140728102,镇,东泉镇
140728,140728103,镇,洪善镇
140728,140728104,镇,宁固镇
140728,140728200,乡,南政乡
140728,140728201,乡,中都乡
140728,140728202,乡,岳壁乡
140728,140728203,乡,卜宜乡
140728,140728205,乡,朱坑乡
140728,140728206,乡,襄垣乡
140728,140728207,乡,杜家庄乡
140728,140728208,乡,香乐乡
140729,140729101,镇,翠峰镇
140729,140729102,镇,静升镇
140729,140729103,镇,两渡镇
140729,140729104,镇,夏门镇
140729,140729105,镇,南关镇
140729,140729106,镇,段纯镇
140729,140729202,乡,王禹乡
140729,140729203,乡,坛镇乡
140729,140729204,乡,梁家墕乡
140729,140729205,乡,交口乡
140781,140781001,街道,北关街道
140781,140781002,街道,西关街道
140781,140781003,街道,东南街道
140781,140781004,街道,西南街道
140781,140781005,街道,北坛街道
140781,140781100,镇,义安镇
140781,140781101,镇,张兰镇
140781,140781102,镇,连福镇
140781,140781103,镇,洪山镇
140781,140781104,镇,义棠镇
140781,140781105,镇,龙凤镇
140781,140781106,镇,绵山镇
140781,140781200,乡,城关乡
140781,140781201,乡,宋𦙶乡
140802,140802001,街道,中城街道
140802,140802002,街道,东城街道
140802,140802003,街道,西城街道
140802,140802004,街道,南城街道
140802,140802005,街道,北城街道
140802,140802006,街道,安邑街道
140802,140802007,街道,大渠街道
140802,140802008,街道,姚孟街道
140802,140802100,镇,龙居镇
140802,140802101,镇,陶村镇
140802,140802102,镇,东郭镇
140802,140802103,镇,三路里镇
140802,140802104,镇,北相镇
140802,140802105,镇,泓芝驿镇
140802,140802106,镇,解州镇
140802,140802200,乡,席张乡
140802,140802201,乡,金井乡
140802,140802202,乡,冯村乡
140802,140802203,乡,王范乡
140802,140802204,乡,上郭乡
140802,140802205,乡,上王乡
140821,140821100,镇,猗氏镇
140821,140821101,镇,嵋阳镇
140821,140821102,镇,临晋镇
140821,140821103,镇,七级镇
140821,140821104,镇,东张镇
140821,140821105,镇,孙吉镇
140821,140821106,镇,三管镇
140821,140821107,镇,牛杜镇
140821,140821108,镇,耽子镇
140821,140821109,镇,角杯镇
140821,140821200,乡,楚侯乡
140821,140821201,乡,庙上乡
140821,140821203,乡,北辛乡
140821,140821205,乡,北景乡
140822,140822100,镇,解店镇
140822,140822101,镇,通化镇
140822,140822102,镇,汉薛镇
140822,140822103,镇,荣河镇
140822,140822104,镇,裴庄镇
140822,140822105,镇,高村镇
140822,140822200,乡,万泉乡
140822,140822201,乡,里望乡
140822,140822202,乡,西村乡
140822,140822203,乡,南张乡
140822,140822205,乡,皇甫乡
140822,140822206,乡,贾村乡
140822,140822207,乡,王显乡
140822,140822208,乡,光华乡
140823,140823100,镇,桐城镇
140823,140823101,镇,郭家庄镇
140823,140823102,镇,畖底镇
140823,140823103,镇,薛店镇
140823,140823104,镇,东镇镇
140823,140823105,镇,礼元镇
140823,140823106,镇,河底镇
140823,140823107,镇,阳隅镇
140823,140823108,镇,侯村镇
140823,140823109,镇,裴社镇
140823,140823204,乡,后宫乡
140823,140823205,乡,石门乡
140824,140824100,镇,稷峰镇
140824,140824101,镇,西社镇
140824,140824102,镇,化峪镇
140824,140824103,镇,翟店镇
140824,140824104,镇,清河镇
140824,140824200,乡,蔡村乡
140824,140824201,乡,太阳乡
140825,140825100,镇,龙兴镇
140825,140825101,镇,三泉镇
140825,140825102,镇,泽掌镇
140825,140825103,镇,北张镇
140825,140825104,镇,古交镇
140825,140825105,镇,万安镇
140825,140825106,镇,阳王镇
140825,140825107,镇,泉掌镇
140825,140825108,镇,横桥镇
140826,140826100,镇,古绛镇
140826,140826101,镇,横水镇
140826,140826102,镇,陈村镇
140826,140826103,镇,卫庄镇
140826,140826104,镇,磨里镇
140826,140826105,镇,南樊镇
140826,140826106,镇,安峪镇
140826,140826107,镇,大交镇
140826,140826200,乡,郝庄乡
140826,140826201,乡,冷口乡
140827,140827100,镇,新城镇
140827,140827101,镇,历山镇
140827,140827102,镇,古城镇
140827,140827103,镇,王茅镇
140827,140827104,镇,毛家湾镇
140827,140827105,镇,英言镇
140827,140827200,乡,蒲掌乡
140827,140827202,乡,解峪乡
140827,140827203,乡,华峰乡
140827,140827204,乡,长直乡
140827,140827205,乡,皋落乡
140828,140828100,镇,瑶峰镇
140828,140828101,镇,庙前镇
140828,140828102,镇,裴介镇
140828,140828103,镇,水头镇
140828,140828104,镇,埝掌镇
140828,140828105,镇,泗交镇
140828,140828106,镇,禹王镇
140828,140828200,乡,尉郭乡
140828,140828202,乡,胡张乡
140828,140828203,乡,南大里乡
140828,140828204,乡,祁家河乡
140829,140829100,镇,圣人涧镇
140829,140829101,镇,常乐镇
140829,140829102,镇,张店镇
140829,140829103,镇,张村镇
140829,140829104,镇,曹川镇
140829,140829105,镇,三门镇
140829,140829106,镇,部官镇
140829,140829107,镇,洪池镇
140829,140829201,乡,杜马乡
140830,140830100,镇,古魏镇
140830,140830101,镇,风陵渡镇
140830,140830102,镇,陌南镇
140830,140830103,镇,西陌镇
140830,140830104,镇,永乐镇
140830,140830105,镇,大王镇
140830,140830106,镇,阳城镇
140830,140830107,镇,南磑镇
140830,140830200,乡,东垆乡
140830,140830202,乡,学张乡
140881,140881001,街道,城西街道
140881,140881002,街道,城北街道
140881,140881003,街道,城东街道
140881,140881100,镇,虞乡镇
140881,140881101,镇,卿头镇
140881,140881102,镇,开张镇
140881,140881103,镇,栲栳镇
140881,140881104,镇,蒲州镇
140881,140881105,镇,韩阳镇
140881,140881106,镇,张营镇
140882,140882001,街道,城区街道
140882,140882002,街道,清涧街道
140882,140882003,街道,赵家庄街道
140882,140882004,街道,阳村街道
140882,140882100,镇,樊村镇
140882,140882101,镇,僧楼镇
140882,140882102,镇,柴家镇
140882,140882200,乡,小梁乡
140882,140882204,乡,下化乡
140902,140902001,街道,秀容街道
140902,140902002,街道,长征街街道
140902,140902003,街道,新建路街道
140902,140902004,街道,云中路街道
140902,140902005,街道,九原街街道
140902,140902006,街道,旭来街街道
140902,140902007,街道,桥西街街道
140902,140902008,街道,和平街街道
140902,140902101,镇,奇村镇
140902,140902102,镇,三交镇
140902,140902103,镇,庄磨镇
140902,140902104,镇,豆罗镇
140902,140902105,镇,董村镇
140902,140902106,镇,西张镇
140902,140902107,镇,忻口镇
140902,140902108,镇,合索镇
140902,140902205,乡,阳坡乡
140902,140902206,乡,兰村乡
140902,140902209,乡,东楼乡
140902,140902210,乡,北义井乡
140921,140921100,镇,晋昌镇
140921,140921101,镇,河边镇
140921,140921102,镇,宏道镇
140921,140921103,镇,季庄镇
140921,140921104,镇,蒋村镇
140921,140921201,乡,南王乡
140921,140921203,乡,神山乡
140921,140921205,乡,受禄乡
140922,140922100,镇,台城镇
140922,140922101,镇,台怀镇
140922,140922102,镇,耿镇镇
140922,140922103,镇,豆村镇
140922,140922104,镇,白家庄镇
140922,140922105,镇,东冶镇
140922,140922106,镇,石咀镇
140922,140922107,镇,建安镇
140922,140922200,乡,沟南乡
140922,140922201,乡,东雷乡
140922,140922202,乡,高洪口乡
140922,140922203,乡,门限石乡
140922,140922204,乡,陈家庄乡
140922,140922207,乡,蒋坊乡
140922,140922209,乡,阳白乡
140922,140922210,乡,茹村乡
140922,140922212,乡,金岗库乡
140923,140923100,镇,上馆镇
140923,140923101,镇,阳明堡镇
140923,140923102,镇,峨口镇
140923,140923103,镇,聂营镇
140923,140923104,镇,枣林镇
140923,140923106,镇,雁门关镇
140923,140923107,镇,峪口镇
140923,140923200,乡,新高乡
140923,140923202,乡,上磨坊乡
140924,140924100,镇,繁城镇
140924,140924101,镇,砂河镇
140924,140924102,镇,大营镇
140924,140924103,镇,平型关镇
140924,140924201,乡,下茹越乡
140924,140924203,乡,光裕堡乡
140924,140924204,乡,集义庄乡
140924,140924207,乡,东山乡
140924,140924209,乡,金山铺乡
140924,140924213,乡,神堂堡乡
140924,140924215,乡,岩头乡
140925,140925100,镇,凤凰镇
140925,140925101,镇,阳方口镇
140925,140925102,镇,东寨镇
140925,140925103,镇,石家庄镇
140925,140925104,镇,宁化镇
140925,140925200,乡,薛家洼乡
140925,140925201,乡,余庄乡
140925,140925202,乡,涔山乡
140925,140925204,乡,西马坊乡
140925,140925206,乡,迭台寺乡
140925,140925208,乡,怀道乡
140925,140925209,乡,东马坊乡
140926,140926100,镇,鹅城镇
140926,140926101,镇,杜家村镇
140926,140926102,镇,康家会镇
140926,140926103,镇,丰润镇
140926,140926104,镇,双路镇
140926,140926105,镇,王村镇
140926,140926204,乡,段家寨乡
140926,140926205,乡,辛村乡
140926,140926207,乡,神峪沟乡
140926,140926208,乡,娘子神乡
140926,140926209,乡,娑婆乡
140926,140926210,乡,赤泥窊乡
140927,140927100,镇,龙泉镇
140927,140927101,镇,义井镇
140927,140927102,镇,八角镇
140927,140927200,乡,东湖乡
140927,140927203,乡,贺职乡
140927,140927204,乡,长畛乡
140927,140927205,乡,烈堡乡
140927,140927206,乡,大严备乡
140928,140928100,镇,砚城镇
140928,140928101,镇,小河头镇
140928,140928102,镇,三岔镇
140928,140928200,乡,前所乡
140928,140928201,乡,李家坪乡
140928,140928202,乡,孙家坪乡
140928,140928204,乡,胡会乡
140928,140928206,乡,韩家楼乡
140928,140928207,乡,东秀庄乡
140928,140928208,乡,杏岭子乡
140929,140929100,镇,岚漪镇
140929,140929101,镇,三井镇
140929,140929102,镇,宋家沟镇
140929,140929201,乡,高家会乡
140929,140929203,乡,李家沟乡
140929,140929204,乡,水峪贯乡
140929,140929206,乡,西豹峪乡
140929,140929208,乡,温泉乡
140929,140929209,乡,阳坪乡
140929,140929211,乡,大涧乡
140930,140930100,镇,西口镇
140930,140930101,镇,楼子营镇
140930,140930102,镇,刘家塔镇
140930,140930103,镇,巡镇镇
140930,140930104,镇,旧县镇
140930,140930105,镇,沙泉镇
140930,140930200,乡,鹿固乡
140930,140930201,乡,前川乡
140930,140930202,乡,单寨乡
140930,140930203,乡,土沟乡
140930,140930205,乡,沙坪乡
140930,140930206,乡,社梁乡
140931,140931100,镇,东关镇
140931,140931101,镇,义门镇
140931,140931102,镇,桥头镇
140931,140931103,镇,杨家湾镇
140931,140931104,镇,孙家沟镇
140931,140931200,乡,腰庄乡
140931,140931201,乡,韩家川乡
140931,140931202,乡,林遮峪乡
140931,140931203,乡,冯家川乡
140931,140931204,乡,土崖塔乡
140931,140931208,乡,南河沟乡
140932,140932100,镇,新关镇
140932,140932102,镇,老营镇
140932,140932103,镇,万家寨镇
140932,140932104,镇,水泉镇
140932,140932105,镇,尚峪镇
140932,140932106,镇,老牛湾镇
140932,140932200,乡,窑头乡
140932,140932201,乡,楼沟乡
140981,140981001,街道,北城街道
140981,140981002,街道,南城街道
140981,140981004,街道,新原街道
140981,140981005,街道,吉祥街道
140981,140981101,镇,苏龙口镇
140981,140981102,镇,崞阳镇
140981,140981103,镇,大牛店镇
140981,140981104,镇,阎庄镇
140981,140981106,镇,轩岗镇
140981,140981107,镇,云水镇
140981,140981108,镇,同川镇
140981,140981202,乡,子干乡
140981,140981203,乡,中阳乡
140981,140981204,乡,沿沟乡
140981,140981205,乡,大林乡
140981,140981206,乡,西镇乡
140981,140981208,乡,王家庄乡
140981,140981210,乡,段家堡乡
141002,141002001,街道,解放路街道
141002,141002002,街道,鼓楼西街道
141002,141002003,街道,水塔街道
141002,141002004,街道,南街街道
141002,141002005,街道,乡贤街道
141002,141002006,街道,辛寺街道
141002,141002007,街道,路东街道
141002,141002008,街道,车站街道
141002,141002009,街道,汾河街道
141002,141002010,街道,滨河街道
141002,141002100,镇,屯里镇
141002,141002101,镇,乔李镇
141002,141002102,镇,大阳镇
141002,141002103,镇,县底镇
141002,141002104,镇,刘村镇
141002,141002105,镇,金殿镇
141002,141002106,镇,吴村镇
141002,141002107,镇,土门镇
141002,141002108,镇,魏村镇
141002,141002109,镇,尧庙镇
141002,141002200,乡,段店乡
141002,141002201,乡,贾得乡
141002,141002203,乡,一平垣乡
141002,141002204,乡,枕头乡
141021,141021100,镇,乐昌镇
141021,141021101,镇,史村镇
141021,141021102,镇,曲村镇
141021,141021103,镇,高显镇
141021,141021104,镇,里村镇
141021,141021200,乡,北董乡
141021,141021201,乡,杨谈乡
141022,141022100,镇,唐兴镇
141022,141022101,镇,南梁镇
141022,141022102,镇,里砦镇
141022,141022103,镇,隆化镇
141022,141022104,镇,桥上镇
141022,141022105,镇,西阎镇
141022,141022106,镇,王庄镇
141022,141022200,乡,中卫乡
141022,141022201,乡,南唐乡
141023,141023100,镇,新城镇
141023,141023101,镇,赵康镇
141023,141023102,镇,汾城镇
141023,141023103,镇,南贾镇
141023,141023104,镇,古城镇
141023,141023105,镇,襄陵镇
141023,141023106,镇,邓庄镇
141023,141023200,乡,陶寺乡
141023,141023201,乡,永固乡
141023,141023202,乡,景毛乡
141023,141023203,乡,西贾乡
141023,141023204,乡,南辛店乡
141023,141023205,乡,大邓乡
141024,141024100,镇,大槐树镇
141024,141024101,镇,甘亭镇
141024,141024102,镇,曲亭镇
141024,141024103,镇,苏堡镇
141024,141024104,镇,广胜寺镇
141024,141024105,镇,明姜镇
141024,141024106,镇,赵城镇
141024,141024107,镇,万安镇
141024,141024108,镇,刘家垣镇
141024,141024109,镇,辛村镇
141024,141024200,乡,淹底乡
141024,141024201,乡,兴唐寺乡
141024,141024202,乡,堤村乡
141024,141024204,乡,龙马乡
141024,141024207,乡,山目乡
141025,141025100,镇,岳阳镇
141025,141025101,镇,北平镇
141025,141025102,镇,古阳镇
141025,141025103,镇,旧县镇
141025,141025104,镇,三合镇
141025,141025202,乡,南垣乡
141026,141026100,镇,府城镇
141026,141026101,镇,和川镇
141026,141026102,镇,唐城镇
141026,141026103,镇,冀氏镇
141026,141026104,镇,良马镇
141026,141026105,镇,马壁镇
141026,141026201,乡,杜村乡
141027,141027100,镇,天坛镇
141027,141027101,镇,响水河镇
141027,141027102,镇,北王镇
141027,141027103,镇,张庄镇
141027,141027201,乡,东张乡
141027,141027202,乡,槐埝乡
141027,141027206,乡,寨圪塔乡
141028,141028100,镇,吉昌镇
141028,141028101,镇,屯里镇
141028,141028102,镇,壶口镇
141028,141028200,乡,车城乡
141028,141028201,乡,文城乡
141028,141028203,乡,柏山寺乡
141028,141028204,乡,中垛乡
141029,141029100,镇,昌宁镇
141029,141029101,镇,光华镇
141029,141029102,镇,台头镇
141029,141029103,镇,管头镇
141029,141029104,镇,西坡镇
141029,141029200,乡,双鹤乡
141029,141029201,乡,关王庙乡
141029,141029202,乡,尉庄乡
141029,141029203,乡,西交口乡
141029,141029204,乡,枣岭乡
141030,141030100,镇,昕水镇
141030,141030101,镇,曲峨镇
141030,141030102,镇,太古镇
141030,141030200,乡,三多乡
141030,141030201,乡,太德乡
141031,141031100,镇,龙泉镇
141031,141031101,镇,午城镇
141031,141031102,镇,黄土镇
141031,141031200,乡,阳头升乡
141031,141031201,乡,寨子乡
141031,141031203,乡,下李乡
141031,141031204,乡,城南乡
141032,141032100,镇,芝河镇
141032,141032101,镇,桑壁镇
141032,141032200,乡,乾坤湾乡
141032,141032203,乡,坡头乡
141032,141032204,乡,楼山乡
141032,141032205,乡,望海寺乡
141033,141033100,镇,蒲城镇
141033,141033101,镇,薛关镇
141033,141033102,镇,黑龙关镇
141033,141033103,镇,克城镇
141033,141033104,镇,乔家湾镇
141033,141033200,乡,山中乡
141033,141033201,乡,古县乡
141033,141033204,乡,太林乡
141034,141034100,镇,永安镇
141034,141034101,镇,对竹镇
141034,141034102,镇,勍香镇
141034,141034103,镇,和平镇
141034,141034104,镇,僧念镇
141034,141034200,乡,佃坪乡
141034,141034201,乡,团柏乡
141081,141081001,街道,路东街道
141081,141081002,街道,路西街道
141081,141081003,街道,浍滨街道
141081,141081004,街道,上马街道
141081,141081005,街道,张村街道
141081,141081200,乡,新田乡
141081,141081201,乡,高村乡
141081,141081202,乡,凤城乡
141082,141082001,街道,鼓楼街道
141082,141082002,街道,北环路街道
141082,141082003,街道,南环路街道
141082,141082004,街道,开元街街道
141082,141082005,街道,退沙街道
141082,141082100,镇,白龙镇
141082,141082101,镇,辛置镇
141082,141082102,镇,大张镇
141082,141082103,镇,李曹镇
141082,141082200,乡,陶唐峪乡
141082,141082201,乡,三教乡
141082,141082202,乡,师庄乡
141102,141102001,街道,凤山街道
141102,141102002,街道,城北街道
141102,141102003,街道,滨河街道
141102,141102004,街道,莲花池街道
141102,141102005,街道,田家会街道
141102,141102006,街道,西属巴街道
141102,141102007,街道,交口街道
141102,141102100,镇,吴城镇
141102,141102104,镇,信义镇
141102,141102201,乡,枣林乡
141102,141102202,乡,坪头乡
141121,141121100,镇,凤城镇
141121,141121101,镇,开栅镇
141121,141121102,镇,南庄镇
141121,141121103,镇,南安镇
141121,141121104,镇,刘胡兰镇
141121,141121105,镇,下曲镇
141121,141121106,镇,孝义镇
141121,141121200,乡,南武乡
141121,141121201,乡,西城乡
141121,141121202,乡,北张乡
141121,141121203,乡,马西乡
141121,141121204,乡,西槽头乡
141122,141122100,镇,天宁镇
141122,141122101,镇,夏家营镇
141122,141122102,镇,西营镇
141122,141122103,镇,水峪贯镇
141122,141122104,镇,西社镇
141122,141122105,镇,庞泉沟镇
141122,141122106,镇,洪相镇
141122,141122202,乡,东坡底乡
141123,141123100,镇,蔚汾镇
141123,141123101,镇,魏家滩镇
141123,141123102,镇,瓦塘镇
141123,141123103,镇,康宁镇
141123,141123104,镇,高家村镇
141123,141123105,镇,罗峪口镇
141123,141123106,镇,蔡家会镇
141123,141123200,乡,交楼申乡
141123,141123202,乡,东会乡
141123,141123203,乡,固贤乡
141123,141123204,乡,奥家湾乡
141123,141123205,乡,蔡家崖乡
141123,141123207,乡,孟家坪乡
141123,141123208,乡,赵家坪乡
141123,141123209,乡,圪垯上乡
141124,141124100,镇,临泉镇
141124,141124101,镇,白文镇
141124,141124102,镇,城庄镇
141124,141124103,镇,兔坂镇
141124,141124104,镇,克虎寨镇
141124,141124105,镇,三交镇
141124,141124106,镇,湍水头镇
141124,141124107,镇,林家坪镇
141124,141124108,镇,招贤镇
141124,141124109,镇,碛口镇
141124,141124110,镇,刘家会镇
141124,141124111,镇,丛罗峪镇
141124,141124112,镇,曲峪镇
141124,141124200,乡,木瓜坪乡
141124,141124201,乡,安业乡
141124,141124202,乡,玉坪乡
141124,141124203,乡,青凉寺乡
141124,141124204,乡,石白头乡
141124,141124205,乡,雷家碛乡
141124,141124206,乡,第八堡乡
141124,141124207,乡,大禹乡
141124,141124208,乡,车赶乡
141124,141124209,乡,安家庄乡
141125,141125100,镇,柳林镇
141125,141125101,镇,穆村镇
141125,141125102,镇,薛村镇
141125,141125103,镇,庄上镇
141125,141125104,镇,留誉镇
141125,141125105,镇,下三交镇
141125,141125106,镇,成家庄镇
141125,141125107,镇,孟门镇
141125,141125108,镇,金家庄镇
141125,141125109,镇,陈家湾镇
141125,141125200,乡,李家湾乡
141125,141125201,乡,贾家垣乡
141125,141125204,乡,高家沟乡
141125,141125205,乡,石西乡
141125,141125206,乡,西王家沟乡
141126,141126100,镇,灵泉镇
141126,141126101,镇,罗村镇
141126,141126102,镇,义牒镇
141126,141126103,镇,小蒜镇
141126,141126104,镇,辛关镇
141126,141126200,乡,龙交乡
141126,141126201,乡,和合乡
141126,141126203,乡,曹家垣乡
141126,141126204,乡,裴沟乡
141127,141127100,镇,东村镇
141127,141127101,镇,岚城镇
141127,141127102,镇,普明镇
141127,141127103,镇,界河口镇
141127,141127201,乡,上明乡
141127,141127202,乡,王狮乡
141127,141127203,乡,梁家庄乡
141127,141127204,乡,顺会乡
141127,141127206,乡,社科乡
141128,141128100,镇,圪洞镇
141128,141128101,镇,马坊镇
141128,141128102,镇,峪口镇
141128,141128103,镇,大武镇
141128,141128104,镇,北武当镇
141128,141128105,镇,积翠镇
141129,141129100,镇,宁乡镇
141129,141129101,镇,金罗镇
141129,141129102,镇,枝柯镇
141129,141129103,镇,武家庄镇
141129,141129104,镇,暖泉镇
141129,141129201,乡,下枣林乡
141130,141130100,镇,水头镇
141130,141130101,镇,康城镇
141130,141130102,镇,双池镇
141130,141130103,镇,桃红坡镇
141130,141130104,镇,石口镇
141130,141130105,镇,回龙镇
141130,141130202,乡,温泉乡
141181,141181001,街道,新义街道
141181,141181002,街道,中阳楼街道
141181,141181003,街道,振兴街道
141181,141181004,街道,崇文街道
141181,141181005,街道,胜溪湖街道
141181,141181100,镇,兑镇镇
141181,141181101,镇,阳泉曲镇
141181,141181102,镇,下堡镇
141181,141181103,镇,西辛庄镇
141181,141181104,镇,高阳镇
141181,141181105,镇,梧桐镇
141181,141181106,镇,柱濮镇
141181,141181107,镇,大孝堡镇
141181,141181201,乡,下栅乡
141181,141181202,乡,驿马乡
141181,141181204,乡,杜村乡
141182,141182001,街道,文峰街道
141182,141182002,街道,太和桥街道
141182,141182003,街道,西河街道
141182,141182100,镇,贾家庄镇
141182,141182101,镇,杏花村镇
141182,141182102,镇,冀村镇
141182,141182103,镇,肖家庄镇
141182,141182104,镇,演武镇
141182,141182105,镇,三泉镇
141182,141182106,镇,石庄镇
141182,141182107,镇,杨家庄镇
141182,141182108,镇,峪道河镇
141182,141182109,镇,栗家庄镇
141182,141182110,镇,阳城镇
150102,150102001,街道,海拉尔东路街道
150102,150102002,街道,锡林郭勒北路街道
150102,150102004,街道,东街街道
150102,150102005,街道,西街街道
150102,150102006,街道,东风路街道
150102,150102007,街道,迎新路街道
150102,150102008,街道,大青山街街道
150102,150102009,街道,呼伦贝尔北路街道
150102,150102010,街道,丁香北路街道
150102,150102011,街道,东河街道
150102,150102012,街道,万通路街道
150102,150102101,镇,保合少镇
150103,150103001,街道,新华西路街道
150103,150103002,街道,中山西路街道
150103,150103003,街道,光明路街道
150103,150103004,街道,海拉尔西路街道
150103,150103005,街道,环河街街道
150103,150103006,街道,通道街街道
150103,150103007,街道,钢铁路街道
150103,150103008,街道,阿拉善北路街道
150103,150103100,镇,攸攸板镇
150104,150104001,街道,大南街街道
150104,150104002,街道,小召前街街道
150104,150104003,街道,鄂尔多斯路街道
150104,150104004,街道,兴隆巷街道
150104,150104006,街道,石东路街道
150104,150104007,街道,西菜园街道
150104,150104009,街道,昭君路街道
150104,150104010,街道,云中路街道
150104,150104011,街道,银河南街街道
150104,150104100,镇,小黑河镇
150105,150105001,街道,人民路街道
150105,150105002,街道,大学西路街道
150105,150105003,街道,乌兰察布东路街道
150105,150105004,街道,大学东路街道
150105,150105005,街道,中专路街道
150105,150105006,街道,昭乌达南路街道
150105,150105007,街道,巴彦街道
150105,150105008,街道,敕勒川路街道
150105,150105009,街道,科尔沁路街道
150105,150105010,街道,呼伦贝尔南路街道
150105,150105011,街道,兴安南路街道
150105,150105101,镇,榆林镇
150105,150105103,镇,黄合少镇
150105,150105104,镇,金河镇
150121,150121100,镇,察素齐镇
150121,150121101,镇,毕克齐镇
150121,150121102,镇,善岱镇
150121,150121103,镇,白庙子镇
150121,150121104,镇,台阁牧镇
150121,150121105,镇,沙尔沁镇
150121,150121106,镇,敕勒川镇
150121,150121207,乡,北什轴乡
150121,150121208,乡,塔布赛乡
150122,150122100,镇,双河镇
150122,150122101,镇,新营子镇
150122,150122102,镇,五申镇
150122,150122103,镇,古城镇
150122,150122104,镇,伍什家镇
150123,150123100,镇,城关镇
150123,150123101,镇,盛乐镇
150123,150123102,镇,新店子镇
150123,150123103,镇,巧什营镇
150123,150123203,乡,舍必崖乡
150123,150123205,乡,大红城乡
150123,150123206,乡,羊群沟乡
150123,150123207,乡,黑老夭乡
150124,150124100,镇,喇嘛湾镇
150124,150124101,镇,城关镇
150124,150124102,镇,宏河镇
150124,150124103,镇,老牛湾镇
150124,150124201,乡,窑沟乡
150124,150124203,乡,北堡乡
150124,150124208,乡,韭菜庄乡
150124,150124209,乡,五良太乡
150125,150125100,镇,可可以力更镇
150125,150125101,镇,哈乐镇
150125,150125102,镇,西乌兰不浪镇
150125,150125200,乡,大青山乡
150125,150125204,乡,得胜沟乡
150125,150125205,乡,上秃亥乡
150125,150125213,乡,哈拉合少乡
150125,150125214,乡,二份子乡
150125,150125215,乡,耗赖山乡
150202,150202001,街道,和平路街道
150202,150202002,街道,财神庙街道
150202,150202003,街道,西脑包街道
150202,150202004,街道,南门外街道
150202,150202005,街道,南圪洞街道
150202,150202006,街道,东站街道
150202,150202007,街道,回民街道
150202,150202008,街道,天骄街道
150202,150202009,街道,河东街道
150202,150202010,街道,铁西街道
150202,150202011,街道,东兴街道
150202,150202012,街道,杨圪塄街道
150202,150202100,镇,河东镇
150202,150202101,镇,沙尔沁镇
150203,150203001,街道,少先路街道
150203,150203002,街道,昆北街道
150203,150203003,街道,沼潭街道
150203,150203004,街道,林荫路街道
150203,150203005,街道,友谊大街街道
150203,150203006,街道,阿尔丁大街街道
150203,150203007,街道,团结大街街道
150203,150203008,街道,鞍山道街道
150203,150203009,街道,前进道街道
150203,150203010,街道,市府东路街道
150203,150203011,街道,白云路街道
150203,150203012,街道,黄河西路街道
150203,150203013,街道,昆工路街道
150203,150203100,镇,昆河镇
150203,150203101,镇,卜尔汉图镇
150204,150204001,街道,先锋道街道
150204,150204002,街道,幸福路街道
150204,150204003,街道,万青路街道
150204,150204004,街道,富强路街道
150204,150204005,街道,科学路街道
150204,150204006,街道,青山路街道
150204,150204007,街道,自由路街道
150204,150204008,街道,乌素图街道
150204,150204100,镇,青福镇
150204,150204101,镇,兴胜镇
150205,150205001,街道,石拐街道
150205,150205002,街道,大发街道
150205,150205003,街道,大磁街道
150205,150205004,街道,五当沟街道
150205,150205005,街道,白狐沟街道
150205,150205006,街道,大德恒街道
150205,150205100,镇,五当召镇
150205,150205200,苏木,吉忽伦图苏木
150206,150206001,街道,矿山路街道
150206,150206002,街道,通阳道街道
150207,150207001,街道,沙河街道
150207,150207002,街道,赛汗街道
150207,150207003,街道,萨如拉街道
150207,150207004,街道,白音席勒街道
150207,150207005,街道,稀土路街道
150207,150207103,镇,麻池镇
150207,150207104,镇,哈业胡同镇
150207,150207105,镇,哈林格尔镇
150207,150207106,镇,万水泉镇
150207,150207205,苏木,阿嘎如泰苏木
150221,150221100,镇,萨拉齐镇
150221,150221101,镇,双龙镇
150221,150221102,镇,美岱召镇
150221,150221103,镇,沟门镇
150221,150221104,镇,将军尧镇
150221,150221202,乡,明沙淖乡
150221,150221203,乡,海子乡
150221,150221212,乡,苏波盖乡
150222,150222100,镇,金山镇
150222,150222101,镇,西斗铺镇
150222,150222102,镇,下湿壕镇
150222,150222103,镇,银号镇
150222,150222104,镇,怀朔镇
150222,150222105,镇,兴顺西镇
150223,150223100,镇,百灵庙镇
150223,150223101,镇,满都拉镇
150223,150223102,镇,希拉穆仁镇
150223,150223103,镇,明安镇
150223,150223104,镇,巴音花镇
150223,150223105,镇,石宝镇
150223,150223106,镇,乌克忽洞镇
150223,150223216,苏木,达尔汗苏木
150223,150223217,苏木,巴音敖包苏木
150223,150223218,苏木,查干哈达苏木
150223,150223219,乡,西河乡
150223,150223220,乡,小文公乡
150302,150302001,街道,新华街道
150302,150302002,街道,新华西街道
150302,150302003,街道,凤凰岭街道
150302,150302004,街道,海北街道
150302,150302005,街道,滨河街道
150302,150302007,街道,林荫街道
150302,150302108,镇,千里山镇
150303,150303001,街道,西卓子山街道
150303,150303002,街道,拉僧仲街道
150303,150303101,镇,拉僧庙镇
150303,150303102,镇,公乌素镇
150303,150303103,镇,巴音陶亥镇
150304,150304001,街道,巴音赛街道
150304,150304002,街道,三道坎街道
150304,150304003,街道,五虎山街道
150304,150304004,街道,梁家沟街道
150304,150304005,街道,新达街道
150304,150304006,街道,滨海街道
150304,150304007,街道,苏海图街道
150304,150304100,镇,乌兰淖尔镇
150402,150402001,街道,西屯街道
150402,150402002,街道,三中街街道
150402,150402003,街道,永巨街道
150402,150402004,街道,东城街道
150402,150402005,街道,南新街街道
150402,150402006,街道,站前街道
150402,150402007,街道,铁南街道
150402,150402008,街道,长青街道
150402,150402009,街道,哈达街道
150402,150402010,街道,西城街道
150402,150402011,街道,桥北街道
150402,150402100,镇,红庙子镇
150402,150402102,镇,文钟镇
150403,150403001,街道,西露天街道
150403,150403002,街道,平庄城区街道
150403,150403003,街道,平庄东城街道
150403,150403004,街道,平庄西城街道
150403,150403005,街道,云杉路街道
150403,150403006,街道,马林街道
150403,150403100,镇,风水沟镇
150403,150403101,镇,元宝山镇
150403,150403102,镇,美丽河镇
150403,150403103,镇,平庄镇
150403,150403104,镇,五家镇
150403,150403201,乡,小五家乡
150404,150404001,街道,振兴街道
150404,150404002,街道,向阳街道
150404,150404003,街道,松州街道
150404,150404004,街道,铁东街道
150404,150404100,镇,穆家营子镇
150404,150404101,镇,初头朗镇
150404,150404102,镇,大庙镇
150404,150404103,镇,王府镇
150404,150404104,镇,老府镇
150404,150404105,镇,哈拉道口镇
150404,150404106,镇,上官地镇
150404,150404107,镇,安庆镇
150404,150404108,镇,太平地镇
150404,150404200,民族乡,当铺地满族乡
150404,150404201,乡,夏家店乡
150404,150404202,乡,城子乡
150404,150404203,乡,大夫营子乡
150404,150404204,乡,岗子乡
150421,150421100,镇,天山镇
150421,150421101,镇,天山口镇
150421,150421102,镇,双胜镇
150421,150421103,镇,坤都镇
150421,150421104,镇,巴彦花镇
150421,150421105,镇,绍根镇
150421,150421106,镇,扎嘎斯台镇
150421,150421200,乡,新民乡
150421,150421201,乡,先锋乡
150421,150421202,苏木,罕苏木苏木
150421,150421203,苏木,赛罕塔拉苏木
150421,150421204,苏木,巴拉奇如德苏木
150421,150421205,苏木,巴彦温都尔苏木
150421,150421206,乡,乌兰哈达乡
150422,150422100,镇,林东镇
150422,150422101,镇,隆昌镇
150422,150422102,镇,十三敖包镇
150422,150422103,镇,碧流台镇
150422,150422104,镇,富河镇
150422,150422105,镇,白音勿拉镇
150422,150422106,镇,哈拉哈达镇
150422,150422200,苏木,查干哈达苏木
150422,150422201,苏木,乌兰达坝苏木
150422,150422202,乡,三山乡
150422,150422203,乡,花加拉嘎乡
150423,150423100,镇,大板镇
150423,150423101,镇,索博日嘎镇
150423,150423102,镇,宝日勿苏镇
150423,150423103,镇,查干诺尔镇
150423,150423105,镇,巴彦琥硕镇
150423,150423200,苏木,西拉沐沦苏木
150423,150423201,苏木,巴彦塔拉苏木
150423,150423202,苏木,幸福之路苏木
150423,150423204,苏木,查干沐沦苏木
150424,150424100,镇,官地镇
150424,150424101,镇,新城子镇
150424,150424102,镇,新林镇
150424,150424103,镇,五十家子镇
150424,150424104,镇,林西镇
150424,150424105,镇,大井镇
150424,150424106,镇,统部镇
150424,150424200,乡,大营子乡
150424,150424201,乡,十二吐乡
150425,150425100,镇,经棚镇
150425,150425102,镇,宇宙地镇
150425,150425103,镇,土城子镇
150425,150425104,镇,达来诺日镇
150425,150425105,镇,同兴镇
150425,150425106,镇,万合永镇
150425,150425108,镇,芝瑞镇
150425,150425208,乡,新开地乡
150425,150425214,乡,红山子乡
150425,150425219,苏木,达日罕乌拉苏木
150425,150425221,苏木,巴彦查干苏木
150425,150425222,苏木,浩来呼热苏木
150425,150425223,苏木,乌兰布统苏木
150426,150426100,镇,乌丹镇
150426,150426101,镇,乌敦套海镇
150426,150426102,镇,五分地镇
150426,150426103,镇,桥头镇
150426,150426104,镇,广德公镇
150426,150426105,镇,梧桐花镇
150426,150426106,镇,海拉苏镇
150426,150426107,镇,亿合公镇
150426,150426200,乡,解放营子乡
150426,150426201,苏木,阿什罕苏木
150426,150426202,苏木,新苏莫苏木
150426,150426203,苏木,白音套海苏木
150426,150426204,乡,毛山东乡
150426,150426205,苏木,格日僧苏木
150428,150428100,镇,锦山镇
150428,150428101,镇,美林镇
150428,150428102,镇,王爷府镇
150428,150428103,镇,小牛群镇
150428,150428104,镇,牛家营子镇
150428,150428105,镇,乃林镇
150428,150428106,镇,西桥镇
150428,150428200,民族乡,十家满族乡
150428,150428201,乡,南台子乡
150429,150429100,镇,天义镇
150429,150429101,镇,小城子镇
150429,150429102,镇,大城子镇
150429,150429103,镇,八里罕镇
150429,150429104,镇,黑里河镇
150429,150429105,镇,右北平镇
150429,150429106,镇,大双庙镇
150429,150429107,镇,汐子镇
150429,150429108,镇,大明镇
150429,150429109,镇,忙农镇
150429,150429110,镇,五化镇
150429,150429111,镇,必斯营子镇
150429,150429112,镇,三座店镇
150429,150429202,乡,一肯中乡
150429,150429203,乡,存金沟乡
150430,150430100,镇,新惠镇
150430,150430101,镇,四家子镇
150430,150430102,镇,长胜镇
150430,150430103,镇,贝子府镇
150430,150430104,镇,四道湾子镇
150430,150430105,镇,下洼镇
150430,150430106,镇,金厂沟梁镇
150430,150430107,镇,兴隆洼镇
150430,150430108,镇,黄羊洼镇
150430,150430109,镇,古鲁板蒿镇
150430,150430110,镇,牛古吐镇
150430,150430202,乡,木头营子乡
150430,150430204,乡,丰收乡
150430,150430205,乡,玛尼罕乡
150430,150430206,乡,萨力巴乡
150430,150430207,苏木,敖润苏莫苏木
150502,150502001,街道,科尔沁街道
150502,150502002,街道,西门街道
150502,150502003,街道,永清街道
150502,150502004,街道,明仁街道
150502,150502005,街道,施介街道
150502,150502006,街道,团结街道
150502,150502007,街道,东郊街道
150502,150502008,街道,铁路街道
150502,150502009,街道,电厂街道
150502,150502010,街道,霍林河街道
150502,150502011,街道,河西街道
150502,150502012,街道,红星街道
150502,150502013,街道,建国街道
150502,150502014,街道,新城街道
150502,150502015,街道,滨河街道
150502,150502100,镇,大林镇
150502,150502101,镇,钱家店镇
150502,150502102,镇,余粮堡镇
150502,150502104,镇,木里图镇
150502,150502106,镇,丰田镇
150502,150502108,镇,清河镇
150502,150502110,镇,育新镇
150502,150502113,镇,庆和镇
150502,150502114,镇,敖力布皋镇
150502,150502130,镇,辽河镇
150502,150502200,苏木,莫力庙苏木
150521,150521100,镇,保康镇
150521,150521101,镇,宝龙山镇
150521,150521102,镇,舍伯吐镇
150521,150521103,镇,巴彦塔拉镇
150521,150521104,镇,门达镇
150521,150521105,镇,架玛吐镇
150521,150521106,镇,腰林毛都镇
150521,150521107,镇,希伯花镇
150521,150521108,镇,花吐古拉镇
150521,150521109,镇,代力吉镇
150521,150521110,镇,努日木镇
150521,150521204,苏木,图布信苏木
150521,150521207,苏木,协代苏木
150521,150521210,苏木,白兴吐苏木
150521,150521212,苏木,花胡硕苏木
150521,150521213,苏木,敖包苏木
150521,150521214,乡,胜利乡
150522,150522101,镇,金宝屯镇
150522,150522102,镇,吉尔嘎朗镇
150522,150522103,镇,双胜镇
150522,150522107,镇,阿古拉镇
150522,150522109,镇,朝鲁吐镇
150522,150522110,镇,海鲁吐镇
150522,150522111,镇,甘旗卡镇
150522,150522112,镇,常胜镇
150522,150522113,镇,查日苏镇
150522,150522136,镇,努古斯台镇
150522,150522208,苏木,阿都沁苏木
150522,150522209,苏木,茂道吐苏木
150522,150522210,苏木,巴胡塔苏木
150522,150522211,苏木,散都苏木
150522,150522212,苏木,巴彦毛都苏木
150523,150523100,镇,开鲁镇
150523,150523103,镇,大榆树镇
150523,150523104,镇,黑龙坝镇
150523,150523105,镇,麦新镇
150523,150523108,镇,建华镇
150523,150523109,镇,小街基镇
150523,150523111,镇,东风镇
150523,150523112,镇,吉日嘎郎吐镇
150523,150523113,镇,东来镇
150523,150523114,镇,义和塔拉镇
150524,150524100,镇,库伦镇
150524,150524101,镇,六家子镇
150524,150524103,镇,额勒顺镇
150524,150524104,镇,扣河子镇
150524,150524105,镇,白音花镇
150524,150524203,苏木,茫汗苏木
150524,150524204,乡,水泉乡
150524,150524205,苏木,先进苏木
150525,150525100,镇,大沁他拉镇
150525,150525101,镇,八仙筒镇
150525,150525102,镇,青龙山镇
150525,150525103,镇,东明镇
150525,150525104,镇,治安镇
150525,150525105,镇,义隆永镇
150525,150525106,镇,新镇
150525,150525109,镇,沙日浩来镇
150525,150525201,苏木,黄花塔拉苏木
150525,150525202,苏木,固日班花苏木
150525,150525203,苏木,白音他拉苏木
150525,150525205,苏木,明仁苏木
150525,150525206,乡,土城子乡
150525,150525207,乡,苇莲苏乡
150526,150526100,镇,鲁北镇
150526,150526101,镇,巨日合镇
150526,150526103,镇,黄花山镇
150526,150526104,镇,巴雅尔吐胡硕镇
150526,150526105,镇,嘎亥图镇
150526,150526106,镇,香山镇
150526,150526107,镇,阿日昆都楞镇
150526,150526203,苏木,格日朝鲁苏木
150526,150526204,苏木,乌力吉木仁苏木
150526,150526209,苏木,巴彦塔拉苏木
150526,150526210,苏木,道老杜苏木
150526,150526211,苏木,前德门苏木
150526,150526212,苏木,乌兰哈达苏木
150526,150526213,苏木,查布嘎图苏木
150526,150526214,苏木,乌额格其苏木
150581,150581001,街道,珠斯花街道
150581,150581002,街道,莫斯台街道
150581,150581003,街道,宝日呼吉尔街道
150581,150581005,街道,沙尔呼热街道
150581,150581200,苏木,达来胡硕苏木
150602,150602001,街道,交通街道
150602,150602002,街道,公园街道
150602,150602003,街道,林荫街道
150602,150602004,街道,建设街道
150602,150602005,街道,富兴街道
150602,150602006,街道,天骄街道
150602,150602007,街道,诃额伦街道
150602,150602008,街道,巴音门克街道
150602,150602009,街道,民族街道
150602,150602010,街道,幸福街道
150602,150602011,街道,纺织街道
150602,150602012,街道,兴胜街道
150602,150602106,镇,泊尔江海子镇
150602,150602107,镇,罕台镇
150602,150602108,镇,铜川镇
150603,150603001,街道,哈巴格希街道
150603,150603002,街道,青春山街道
150603,150603003,街道,滨河街道
150603,150603004,街道,康新街道
150621,150621001,街道,锡尼街道
150621,150621002,街道,西园街道
150621,150621003,街道,白塔街道
150621,150621004,街道,工业街道
150621,150621005,街道,昭君街道
150621,150621006,街道,平原街道
150621,150621108,镇,王爱召镇
150621,150621109,镇,树林召镇
150621,150621110,镇,昭君镇
150621,150621111,镇,白泥井镇
150621,150621112,镇,吉格斯太镇
150621,150621113,镇,中和西镇
150621,150621114,镇,恩格贝镇
150621,150621115,镇,风水梁镇
150621,150621201,苏木,展旦召苏木
150622,150622001,街道,友谊街道
150622,150622002,街道,蓝天街道
150622,150622003,街道,兴隆街道
150622,150622004,街道,迎泽街道
150622,150622114,镇,薛家湾镇
150622,150622115,镇,沙圪堵镇
150622,150622116,镇,龙口镇
150622,150622117,镇,准格尔召镇
150622,150622118,镇,纳日松镇
150622,150622119,镇,大路镇
150622,150622120,镇,魏家峁镇
150622,150622206,苏木,布尔陶亥苏木
150622,150622207,乡,十二连城乡
150622,150622208,乡,暖水乡
150623,150623105,镇,敖勒召其镇
150623,150623106,镇,上海庙镇
150623,150623107,镇,昂素镇
150623,150623108,镇,城川镇
150624,150624100,镇,蒙西镇
150624,150624101,镇,乌兰镇
150624,150624102,镇,棋盘井镇
150624,150624103,镇,木凯淖尔镇
150624,150624200,苏木,苏米图苏木
150624,150624203,苏木,阿尔巴斯苏木
150625,150625100,镇,锡尼镇
150625,150625101,镇,巴拉贡镇
150625,150625102,镇,吉日嘎朗图镇
150625,150625103,镇,呼和木独镇
150625,150625104,镇,独贵塔拉镇
150625,150625206,苏木,伊和乌素苏木
150626,150626106,镇,乌审召镇
150626,150626107,镇,图克镇
150626,150626108,镇,嘎鲁图镇
150626,150626109,镇,乌兰陶勒盖镇
150626,150626110,镇,无定河镇
150626,150626203,苏木,苏力德苏木
150627,150627100,镇,阿勒腾席热镇
150627,150627107,镇,札萨克镇
150627,150627108,镇,红庆河镇
150627,150627109,镇,伊金霍洛镇
150627,150627110,镇,乌兰木伦镇
150627,150627111,镇,纳林陶亥镇
150627,150627113,镇,苏布尔嘎镇
150702,150702001,街道,正阳街道
150702,150702003,街道,靠山街道
150702,150702004,街道,健康街道
150702,150702005,街道,胜利街道
150702,150702006,街道,呼伦街道
150702,150702007,街道,建设街道
150702,150702008,街道,东山街道
150702,150702101,镇,奋斗镇
150702,150702102,镇,哈克镇
150703,150703001,街道,第一街道
150703,150703002,街道,第二街道
150703,150703003,街道,第三街道
150703,150703004,街道,第四街道
150703,150703005,街道,第五街道
150703,150703100,镇,灵泉镇
150721,150721100,镇,那吉镇
150721,150721102,镇,六合镇
150721,150721104,镇,亚东镇
150721,150721105,镇,复兴镇
150721,150721106,镇,霍尔奇镇
150721,150721108,镇,向阳峪镇
150721,150721109,镇,三岔河镇
150721,150721110,镇,兴安镇
150721,150721200,民族乡,得力其尔鄂温克民族乡
150721,150721201,民族乡,查巴奇鄂温克民族乡
150721,150721202,民族乡,音河达斡尔鄂温克民族乡
150721,150721203,民族乡,新发朝鲜民族乡
150722,150722100,镇,尼尔基镇
150722,150722101,镇,红彦镇
150722,150722102,镇,宝山镇
150722,150722103,镇,哈达阳镇
150722,150722104,镇,阿尔拉镇
150722,150722106,镇,西瓦尔图镇
150722,150722108,镇,腾克镇
150722,150722110,镇,塔温敖宝镇
150722,150722120,镇,汉古尔河镇
150722,150722121,镇,奎勒河镇
150722,150722122,镇,登特科镇
150722,150722200,民族乡,巴彦鄂温克民族乡
150722,150722203,民族乡,杜拉尔鄂温克民族乡
150722,150722204,乡,库如奇乡
150722,150722205,乡,额尔和乡
150723,150723100,镇,阿里河镇
150723,150723102,镇,诺敏镇
150723,150723104,镇,乌鲁布铁镇
150723,150723105,镇,大杨树镇
150723,150723107,镇,宜里镇
150723,150723109,镇,甘河镇
150723,150723113,镇,克一河镇
150723,150723114,镇,吉文镇
150723,150723200,乡,古里乡
150723,150723216,乡,托扎敏乡
150724,150724101,镇,伊敏河镇
150724,150724102,镇,巴彦托海镇
150724,150724104,镇,红花尔基镇
150724,150724105,镇,大雁镇
150724,150724200,民族乡,巴彦塔拉达斡尔民族乡
150724,150724201,苏木,伊敏苏木
150724,150724202,苏木,辉苏木
150724,150724203,苏木,锡尼河东苏木
150724,150724204,苏木,锡尼河西苏木
150724,150724205,苏木,巴彦嵯岗苏木
150725,150725100,镇,巴彦库仁镇
150725,150725101,镇,宝日希勒镇
150725,150725102,镇,呼和诺尔镇
150725,150725201,民族苏木,鄂温克民族苏木
150725,150725202,苏木,东乌珠尔苏木
150725,150725203,苏木,巴彦哈达苏木
150725,150725204,苏木,西乌珠尔苏木
150726,150726100,镇,阿木古郎镇
150726,150726101,镇,嵯岗镇
150726,150726202,苏木,新宝力格苏木
150726,150726203,苏木,乌布尔宝力格苏木
150726,150726204,苏木,吉布胡郎图苏木
150726,150726205,苏木,罕达盖苏木
150726,150726206,苏木,甘珠尔苏木
150727,150727100,镇,阿拉坦额莫勒镇
150727,150727101,镇,呼伦镇
150727,150727102,镇,阿日哈沙特镇
150727,150727204,苏木,克尔伦苏木
150727,150727206,苏木,贝尔苏木
150727,150727207,苏木,达赉苏木
150727,150727208,苏木,宝格德乌拉苏木
150781,150781001,街道,北区街道
150781,150781002,街道,兴华街道
150781,150781003,街道,东山街道
150781,150781004,街道,南区街道
150781,150781005,街道,敖尔金街道
150781,150781100,镇,新开河镇
150782,150782001,街道,胜利街道
150782,150782002,街道,红旗街道
150782,150782003,街道,新工街道
150782,150782004,街道,永兴街道
150782,150782005,街道,建设街道
150782,150782006,街道,暖泉街道
150782,150782101,镇,免渡河镇
150782,150782103,镇,博克图镇
150782,150782105,镇,绰河源镇
150782,150782108,镇,乌尔其汉镇
150782,150782109,镇,库都尔镇
150782,150782110,镇,图里河镇
150782,150782111,镇,乌奴耳镇
150782,150782112,镇,塔尔气镇
150782,150782113,镇,伊图里河镇
150782,150782114,镇,牧原镇
150783,150783001,街道,兴华街道
150783,150783002,街道,正阳街道
150783,150783003,街道,繁荣街道
150783,150783004,街道,向阳街道
150783,150783005,街道,铁东街道
150783,150783006,街道,河西街道
150783,150783007,街道,高台子街道
150783,150783100,镇,蘑菇气镇
150783,150783106,镇,卧牛河镇
150783,150783108,镇,成吉思汗镇
150783,150783109,镇,大河湾镇
150783,150783110,镇,哈多河镇
150783,150783112,镇,浩饶山镇
150783,150783113,镇,柴河镇
150783,150783114,镇,中和镇
150783,150783200,民族乡,达斡尔民族乡
150783,150783201,民族乡,南木鄂伦春民族乡
150783,150783204,民族乡,萨马街鄂温克民族乡
150783,150783205,乡,洼堤乡
150784,150784001,街道,拉布大林街道
150784,150784002,街道,上库力街道
150784,150784100,镇,莫尔道嘎镇
150784,150784101,镇,黑山头镇
150784,150784102,镇,恩和哈达镇
150784,150784200,民族乡,三河回族乡
150784,150784201,苏木,蒙兀室韦苏木
150784,150784203,民族乡,恩和俄罗斯族民族乡
150784,150784204,乡,奇乾乡
150785,150785001,街道,河东街道
150785,150785002,街道,河西街道
150785,150785003,街道,森工街道
150785,150785004,街道,好里堡街道
150785,150785102,镇,金河镇
150785,150785103,镇,阿龙山镇
150785,150785104,镇,满归镇
150785,150785105,镇,得耳布尔镇
150785,150785200,民族乡,敖鲁古雅鄂温克民族乡
150802,150802001,街道,团结街道
150802,150802002,街道,车站街道
150802,150802003,街道,先锋街道
150802,150802004,街道,解放街道
150802,150802005,街道,新华街道
150802,150802006,街道,东环街道
150802,150802007,街道,铁南街道
150802,150802008,街道,西环街道
150802,150802009,街道,北环街道
150802,150802010,街道,金川街道
150802,150802011,街道,汇丰街道
150802,150802100,镇,狼山镇
150802,150802101,镇,新华镇
150802,150802102,镇,干召庙镇
150802,150802104,镇,乌兰图克镇
150802,150802107,镇,双河镇
150802,150802109,镇,城关镇
150802,150802110,镇,白脑包镇
150802,150802200,乡,八一乡
150802,150802201,乡,曙光乡
150821,150821100,镇,隆兴昌镇
150821,150821101,镇,塔尔湖镇
150821,150821102,镇,巴彦套海镇
150821,150821104,镇,新公中镇
150821,150821105,镇,天吉泰镇
150821,150821106,镇,胜丰镇
150821,150821107,镇,银定图镇
150821,150821108,镇,复兴镇
150821,150821200,乡,和胜乡
150822,150822100,镇,巴彦高勒镇
150822,150822103,镇,隆盛合镇
150822,150822104,镇,渡口镇
150822,150822105,镇,补隆淖镇
150822,150822202,苏木,沙金套海苏木
150823,150823101,镇,乌拉山镇
150823,150823102,镇,白彦花镇
150823,150823103,镇,新安镇
150823,150823104,镇,大佘太镇
150823,150823106,镇,西小召镇
150823,150823108,镇,明安镇
150823,150823109,镇,先锋镇
150823,150823110,镇,小佘太镇
150823,150823111,镇,苏独仑镇
150823,150823209,苏木,额尔登布拉格苏木
150823,150823210,苏木,沙德格苏木
150824,150824100,镇,德岭山镇
150824,150824101,镇,石哈河镇
150824,150824102,镇,海流图镇
150824,150824103,镇,乌加河镇
150824,150824105,镇,甘其毛都镇
150824,150824106,镇,温更镇
150824,150824203,苏木,巴音乌兰苏木
150824,150824205,苏木,呼勒斯太苏木
150824,150824207,苏木,新忽热苏木
150824,150824208,苏木,川井苏木
150825,150825100,镇,巴音宝力格镇
150825,150825101,镇,呼和温都尔镇
150825,150825103,镇,潮格温都尔镇
150825,150825204,苏木,获各琦苏木
150825,150825207,苏木,巴音前达门苏木
150825,150825208,苏木,乌盖苏木
150826,150826101,镇,头道桥镇
150826,150826102,镇,二道桥镇
150826,150826103,镇,三道桥镇
150826,150826104,镇,团结镇
150826,150826105,镇,双庙镇
150826,150826106,镇,蛮会镇
150826,150826107,镇,陕坝镇
150826,150826108,镇,沙海镇
150826,150826109,镇,蒙海镇
150902,150902001,街道,新体路街道
150902,150902002,街道,桥东街道
150902,150902003,街道,前进路街道
150902,150902004,街道,常青街道
150902,150902005,街道,虎山街道
150902,150902006,街道,桥西街道
150902,150902007,街道,新华街街道
150902,150902008,街道,泉山街道
150902,150902101,镇,白海子镇
150902,150902201,乡,马莲渠乡
150921,150921100,镇,卓资山镇
150921,150921101,镇,旗下营镇
150921,150921102,镇,十八台镇
150921,150921103,镇,巴音锡勒镇
150921,150921104,镇,梨花镇
150921,150921203,乡,大榆树乡
150921,150921208,乡,红召乡
150921,150921209,乡,复兴乡
150922,150922100,镇,长顺镇
150922,150922101,镇,七号镇
150922,150922102,镇,朝阳镇
150922,150922205,乡,德包图乡
150922,150922207,乡,公腊胡洞乡
150922,150922208,乡,白音特拉乡
150923,150923100,镇,七台镇
150923,150923101,镇,十八顷镇
150923,150923102,镇,大黑沙土镇
150923,150923103,镇,西井子镇
150923,150923104,镇,屯垦队镇
150923,150923105,镇,小海子镇
150923,150923205,乡,大库伦乡
150923,150923206,乡,卯都乡
150923,150923207,乡,玻璃忽镜乡
150923,150923208,乡,三大顷乡
150924,150924100,镇,城关镇
150924,150924101,镇,张皋镇
150924,150924102,镇,赛乌素镇
150924,150924103,镇,鄂尔栋镇
150924,150924105,镇,店子镇
150924,150924202,乡,大库联乡
150924,150924205,乡,民族团结乡
150924,150924206,乡,大同夭乡
150924,150924207,乡,五股泉乡
150925,150925100,镇,岱海镇
150925,150925101,镇,麦胡图镇
150925,150925102,镇,永兴镇
150925,150925103,镇,六苏木镇
150925,150925104,镇,蛮汉镇
150925,150925105,镇,鸿茅镇
150925,150925204,乡,天成乡
150925,150925207,民族乡,曹碾满族乡
150926,150926100,镇,土贵乌拉镇
150926,150926101,镇,平地泉镇
150926,150926102,镇,玫瑰营镇
150926,150926104,镇,巴音塔拉镇
150926,150926105,镇,黄旗海镇
150926,150926202,乡,乌拉哈乌拉乡
150926,150926203,乡,黄茂营乡
150926,150926208,乡,三岔口乡
150926,150926209,乡,老圈沟乡
150927,150927100,镇,科布尔镇
150927,150927101,镇,铁沙盖镇
150927,150927102,镇,乌素图镇
150927,150927103,镇,广益隆镇
150927,150927104,镇,黄羊城镇
150927,150927203,乡,宏盘乡
150927,150927204,乡,巴音乡
150927,150927211,乡,大滩乡
150927,150927214,苏木,乌兰哈页苏木
150927,150927215,苏木,库伦苏木
150927,150927216,乡,土城子乡
150928,150928100,镇,土牧尔台镇
150928,150928101,镇,红格尔图镇
150928,150928102,镇,白音察干镇
150928,150928103,镇,贲红镇
150928,150928105,镇,大六号镇
150928,150928204,苏木,当郎忽洞苏木
150928,150928206,乡,锡勒乡
150928,150928207,苏木,乌兰哈达苏木
150929,150929100,镇,乌兰花镇
150929,150929101,镇,供济堂镇
150929,150929102,镇,吉生太镇
150929,150929103,镇,库伦图镇
150929,150929104,镇,白音朝克图镇
150929,150929208,乡,东八号乡
150929,150929211,乡,忽鸡图乡
150929,150929215,苏木,查干补力格苏木
150929,150929219,苏木,脑木更苏木
150929,150929223,苏木,红格尔苏木
150929,150929225,苏木,江岸苏木
150929,150929227,苏木,巴音敖包苏木
150929,150929228,乡,大黑河乡
150981,150981001,街道,新城区街道
150981,150981002,街道,旧城区街道
150981,150981003,街道,北城区街道
150981,150981004,街道,工业区街道
150981,150981005,街道,南城区街道
150981,150981101,镇,黑土台镇
150981,150981102,镇,隆盛庄镇
150981,150981103,镇,巨宝庄镇
150981,150981104,镇,红砂坝镇
150981,150981105,镇,三义泉镇
150981,150981201,乡,浑源窑乡
150981,150981205,乡,官屯堡乡
150981,150981206,乡,元山子乡
152201,152201001,街道,爱国街道
152201,152201002,街道,和平街道
152201,152201003,街道,兴安街道
152201,152201004,街道,胜利街道
152201,152201005,街道,铁西街道
152201,152201006,街道,都林街道
152201,152201007,街道,五一街道
152201,152201008,街道,城郊街道
152201,152201009,街道,天骄街道
152201,152201010,街道,新城街道
152201,152201011,街道,山水街道
152201,152201101,镇,乌兰哈达镇
152201,152201102,镇,葛根庙镇
152201,152201103,镇,太本站镇
152201,152201104,镇,义勒力特镇
152202,152202001,街道,林海街道
152202,152202002,街道,新城街道
152202,152202003,街道,温泉街道
152202,152202004,街道,伊尔施街道
152202,152202100,镇,天池镇
152202,152202101,镇,白狼镇
152202,152202102,镇,五岔沟镇
152202,152202103,镇,明水河镇
152221,152221100,镇,索伦镇
152221,152221101,镇,大石寨镇
152221,152221102,镇,归流河镇
152221,152221103,镇,察尔森镇
152221,152221104,镇,科尔沁镇
152221,152221110,镇,额尔格图镇
152221,152221111,镇,德伯斯镇
152221,152221119,镇,居力很镇
152221,152221120,镇,俄体镇
152221,152221203,民族乡,满族屯满族乡
152221,152221205,苏木,乌兰毛都苏木
152221,152221207,苏木,阿力得尔苏木
152221,152221208,乡,巴日嘎斯台乡
152221,152221209,苏木,桃合木苏木
152222,152222100,镇,巴彦呼舒镇
152222,152222101,镇,高力板镇
152222,152222102,镇,吐列毛都镇
152222,152222103,镇,巴仁哲里木镇
152222,152222104,镇,杜尔基镇
152222,152222105,镇,好腰苏木镇
152222,152222203,苏木,新佳木苏木
152222,152222206,苏木,代钦塔拉苏木
152222,152222207,苏木,哈日诺尔苏木
152222,152222208,苏木,巴彦茫哈苏木
152222,152222209,苏木,巴彦淖尔苏木
152222,152222210,苏木,额木庭高勒苏木
152223,152223100,镇,音德尔镇
152223,152223101,镇,新林镇
152223,152223102,镇,巴彦高勒镇
152223,152223103,镇,胡尔勒镇
152223,152223104,镇,阿尔本格勒镇
152223,152223105,镇,巴达尔胡镇
152223,152223107,镇,图牧吉镇
152223,152223108,镇,好力保镇
152223,152223210,苏木,巴彦乌兰苏木
152223,152223211,乡,努文木仁乡
152223,152223212,乡,巴彦扎拉嘎乡
152223,152223213,苏木,阿拉达尔吐苏木
152223,152223214,苏木,宝力根花苏木
152224,152224100,镇,突泉镇
152224,152224101,镇,六户镇
152224,152224102,镇,东杜尔基镇
152224,152224103,镇,永安镇
152224,152224104,镇,水泉镇
152224,152224105,镇,宝石镇
152224,152224200,乡,九龙乡
152224,152224201,乡,太平乡
152224,152224202,乡,学田乡
152501,152501001,街道,乌兰街道
152501,152501002,街道,锡林街道
152501,152501003,街道,东城街道
152501,152501200,苏木,格日勒敖都苏木
152502,152502001,街道,希日塔拉街道
152502,152502002,街道,宝力根街道
152502,152502003,街道,杭盖街道
152502,152502004,街道,楚古兰街道
152502,152502005,街道,额尔敦街道
152502,152502006,街道,南郊街道
152502,152502007,街道,巴彦锡勒街道
152502,152502008,街道,巴彦查干街道
152502,152502100,镇,阿尔善宝拉格镇
152502,152502200,苏木,宝力根苏木
152502,152502201,苏木,朝克乌拉苏木
152502,152502202,苏木,巴彦宝拉格苏木
152522,152522100,镇,别力古台镇
152522,152522101,镇,洪格尔高勒镇
152522,152522102,镇,查干淖尔镇
152522,152522200,苏木,那仁宝拉格苏木
152522,152522201,苏木,伊和高勒苏木
152522,152522202,苏木,吉尔嘎郎图苏木
152522,152522203,苏木,巴彦图嘎苏木
152523,152523100,镇,满都拉图镇
152523,152523101,镇,查干敖包镇
152523,152523102,镇,巴彦淖尔镇
152523,152523200,苏木,巴彦乌拉苏木
152523,152523201,苏木,赛罕高毕苏木
152523,152523202,苏木,洪格尔苏木
152523,152523203,苏木,达来苏木
152524,152524100,镇,赛汉塔拉镇
152524,152524101,镇,朱日和镇
152524,152524102,镇,乌日根塔拉镇
152524,152524200,苏木,桑宝拉格苏木
152524,152524201,苏木,额仁淖尔苏木
152524,152524202,苏木,赛罕乌力吉苏木
152524,152524203,苏木,阿其图乌拉苏木
152525,152525100,镇,乌里雅斯太镇
152525,152525101,镇,道特淖尔镇
152525,152525102,镇,嘎达布其镇
152525,152525103,镇,满都胡宝拉格镇
152525,152525104,镇,额吉淖尔镇
152525,152525105,镇,巴彦胡硕镇
152525,152525200,苏木,呼热图淖尔苏木
152525,152525201,苏木,萨麦苏木
152525,152525202,苏木,嘎海乐苏木
152525,152525203,苏木,阿拉坦合力苏木
152526,152526100,镇,巴拉嘎尔高勒镇
152526,152526101,镇,巴彦花镇
152526,152526102,镇,吉仁高勒镇
152526,152526103,镇,浩勒图高勒镇
152526,152526104,镇,高日罕镇
152526,152526200,苏木,巴彦胡舒苏木
152526,152526201,苏木,乌兰哈拉嘎苏木
152527,152527100,镇,宝昌镇
152527,152527101,镇,千斤沟镇
152527,152527102,镇,红旗镇
152527,152527103,镇,骆驼山镇
152527,152527104,镇,永丰镇
152527,152527200,乡,幸福乡
152527,152527201,苏木,贡宝拉格苏木
152528,152528100,镇,新宝拉格镇
152528,152528101,镇,巴彦塔拉镇
152528,152528200,苏木,翁贡乌拉苏木
152528,152528201,苏木,宝格达音高勒苏木
152529,152529100,镇,明安图镇
152529,152529101,镇,星耀镇
152529,152529200,苏木,伊和淖尔苏木
152529,152529201,苏木,乌兰查布苏木
152529,152529202,苏木,宝拉根陶海苏木
152530,152530100,镇,上都镇
152530,152530101,镇,桑根达来镇
152530,152530102,镇,哈毕日嘎镇
152530,152530200,苏木,宝绍代苏木
152530,152530201,苏木,那日图苏木
152530,152530202,苏木,赛音呼都嘎苏木
152530,152530203,苏木,扎格斯台苏木
152531,152531100,镇,大北沟镇
152531,152531101,镇,多伦诺尔镇
152531,152531102,镇,滦源镇
152531,152531201,乡,蔡木山乡
152531,152531202,乡,西干沟乡
152921,152921100,镇,巴彦浩特镇
152921,152921101,镇,嘉尔嘎勒赛汉镇
152921,152921102,镇,温都尔勒图镇
152921,152921103,镇,吉兰泰镇
152921,152921104,镇,乌斯太镇
152921,152921105,镇,巴润别立镇
152921,152921107,镇,宗别立镇
152921,152921108,镇,敖伦布拉格镇
152921,152921109,镇,腾格里额里斯镇
152921,152921203,苏木,巴彦木仁苏木
152921,152921207,苏木,乌力吉苏木
152921,152921210,苏木,额尔克哈什哈苏木
152921,152921212,苏木,巴彦诺日公苏木
152921,152921213,苏木,银根苏木
152921,152921214,苏木,超格图呼热苏木
152922,152922100,镇,巴丹吉林镇
152922,152922101,镇,雅布赖镇
152922,152922103,镇,阿拉腾敖包镇
152922,152922201,苏木,阿拉腾朝格苏木
152922,152922205,苏木,曼德拉苏木
152922,152922206,苏木,塔木素布拉格苏木
152922,152922207,苏木,巴彦高勒苏木
152923,152923001,街道,东风街道
152923,152923002,街道,航空街道
152923,152923101,镇,东风镇
152923,152923102,镇,达来呼布镇
152923,152923103,镇,哈日布日格德音乌拉镇
152923,152923104,镇,策克镇
152923,152923200,苏木,赛汉陶来苏木
152923,152923204,苏木,马鬃山苏木
152923,152923205,苏木,苏泊淖尔苏木
152923,152923206,苏木,巴彦陶来苏木
152923,152923207,苏木,温图高勒苏木
152923,152923208,苏木,巴音陶海苏木
210102,210102001,街道,浑河湾街道
210102,210102002,街道,新华街道
210102,210102005,街道,太原街街道
210102,210102010,街道,北市场街道
210102,210102014,街道,南市场街道
210102,210102016,街道,马路湾街道
210102,210102019,街道,南湖街道
210102,210102021,街道,长白街道
210102,210102022,街道,沈水湾街道
210102,210102023,街道,浑河站西街道
210103,210103005,街道,滨河街道
210103,210103006,街道,万莲街道
210103,210103013,街道,朱剪炉街道
210103,210103014,街道,北站街道
210103,210103015,街道,风雨坛街道
210103,210103017,街道,五里河街道
210103,210103018,街道,皇城街道
210103,210103019,街道,马官桥街道
210103,210103020,街道,南塔街道
210103,210103021,街道,东陵街道
210103,210103022,街道,泉园街道
210104,210104002,街道,大北街道
210104,210104003,街道,万泉街道
210104,210104006,街道,文官街道
210104,210104007,街道,二台子街道
210104,210104009,街道,东站街道
210104,210104012,街道,长安街道
210104,210104015,街道,东塔街道
210104,210104016,街道,津桥街道
210104,210104017,街道,前进街道
210104,210104018,街道,上园街道
210105,210105020,街道,舍利塔街道
210105,210105021,街道,黄河街道
210105,210105022,街道,三台子街道
210105,210105023,街道,新乐街道
210105,210105025,街道,明廉街道
210105,210105028,街道,华山街道
210105,210105029,街道,北塔街道
210105,210105030,街道,陵东街道
210105,210105031,街道,四台子街道
210105,210105032,街道,鸭绿江街道
210106,210106001,街道,昆明湖街道
210106,210106003,街道,工人村街道
210106,210106007,街道,启工街道
210106,210106011,街道,兴顺街道
210106,210106013,街道,笃工街道
210106,210106015,街道,兴华街道
210106,210106019,街道,霁虹街道
210106,210106020,街道,凌空街道
210106,210106023,街道,重工街道
210106,210106025,街道,翟家街道
210106,210106026,街道,大青中朝友谊街道
210106,210106027,街道,大潘街道
210106,210106028,街道,高花街道
210106,210106029,街道,彰驿站街道
210111,210111001,街道,解放街道
210111,210111003,街道,民主街道
210111,210111005,街道,中兴街道
210111,210111009,街道,林盛街道
210111,210111010,街道,沙河街道
210111,210111011,街道,十里河街道
210111,210111012,街道,陈相街道
210111,210111015,街道,永乐街道
210111,210111018,街道,佟沟街道
210111,210111019,街道,八一红菱街道
210111,210111020,街道,沈水街道
210111,210111021,街道,白清姚千街道
210112,210112005,街道,桃仙街道
210112,210112006,街道,深井子街道
210112,210112007,街道,祝家街道
210112,210112008,街道,白塔街道
210112,210112010,街道,李相街道
210112,210112014,街道,五三街道
210112,210112015,街道,浑河站东街道
210112,210112016,街道,东湖街道
210112,210112017,街道,高坎街道
210112,210112018,街道,满堂街道
210112,210112019,街道,王滨街道
210112,210112021,街道,汪家街道
210113,210113001,街道,新城子街道
210113,210113002,街道,清水台街道
210113,210113003,街道,道义街道
210113,210113004,街道,辉山街道
210113,210113005,街道,虎石台街道
210113,210113006,街道,财落街道
210113,210113008,街道,兴隆台街道
210113,210113011,街道,黄家街道
210113,210113014,街道,马刚街道
210113,210113015,街道,正良街道
210114,210114001,街道,迎宾路街道
210114,210114003,街道,陵西街道
210114,210114004,街道,城东湖街道
210114,210114005,街道,平罗街道
210114,210114006,街道,马三家街道
210114,210114007,街道,沙岭街道
210114,210114008,街道,造化街道
210114,210114011,街道,北陵街道
210114,210114013,街道,南阳湖街道
210114,210114014,街道,光辉街道
210115,210115001,街道,蒲西街道
210115,210115002,街道,蒲东街道
210115,210115003,街道,茨榆坨街道
210115,210115004,街道,城郊街道
210115,210115101,镇,于家房镇
210115,210115102,镇,朱家房镇
210115,210115103,镇,冷子堡镇
210115,210115104,镇,刘二堡镇
210115,210115107,镇,满都户镇
210115,210115108,镇,杨士岗镇
210115,210115109,镇,肖寨门镇
210115,210115110,镇,六间房镇
210115,210115111,镇,养士堡镇
210115,210115112,镇,潘家堡镇
210115,210115118,镇,老大房镇
210115,210115119,镇,大黑岗子镇
210115,210115120,镇,牛心坨镇
210115,210115121,镇,四方台镇
210115,210115122,镇,长滩镇
210115,210115123,镇,新民屯镇
210123,210123001,街道,北三家子街道
210123,210123002,街道,胜利街道
210123,210123003,街道,东关街道
210123,210123101,镇,小城子镇
210123,210123102,镇,张强镇
210123,210123103,镇,方家屯镇
210123,210123105,镇,郝官屯镇
210123,210123106,镇,二牛所口镇
210123,210123203,乡,北四家子乡
210123,210123204,乡,两家子乡
210123,210123206,乡,海洲窝堡乡
210123,210123208,民族乡,沙金台蒙古族满族乡
210123,210123209,民族乡,柳树屯蒙古族满族乡
210123,210123210,民族乡,西关屯蒙古族满族乡
210123,210123211,民族乡,东升满族蒙古族乡
210124,210124001,街道,吉祥街道
210124,210124002,街道,龙山街道
210124,210124101,镇,大孤家子镇
210124,210124102,镇,三面船镇
210124,210124103,镇,秀水河子镇
210124,210124104,镇,叶茂台镇
210124,210124105,镇,登仕堡子镇
210124,210124106,镇,柏家沟镇
210124,210124107,镇,丁家房镇
210124,210124108,镇,孟家镇
210124,210124109,镇,十间房镇
210124,210124110,镇,冯贝堡镇
210124,210124111,镇,依牛堡子镇
210124,210124112,镇,包家屯镇
210124,210124201,乡,慈恩寺乡
210124,210124203,乡,和平乡
210124,210124208,民族乡,四家子蒙古族乡
210124,210124209,乡,双台子乡
210124,210124210,乡,卧牛石乡
210181,210181001,街道,东城街道
210181,210181002,街道,辽滨街道
210181,210181003,街道,西城街道
210181,210181004,街道,新柳街道
210181,210181101,镇,大红旗镇
210181,210181102,镇,梁山镇
210181,210181103,镇,公主屯镇
210181,210181104,镇,兴隆镇
210181,210181105,镇,前当堡镇
210181,210181106,镇,大民屯镇
210181,210181107,镇,大柳屯镇
210181,210181108,镇,兴隆堡镇
210181,210181109,镇,胡台镇
210181,210181110,镇,法哈牛镇
210181,210181111,镇,柳河沟镇
210181,210181112,镇,高台子镇
210181,210181113,镇,罗家房镇
210181,210181114,镇,三道岗子镇
210181,210181115,镇,周坨子镇
210181,210181116,镇,东蛇山子镇
210181,210181117,镇,陶家屯镇
210181,210181118,镇,张家屯镇
210181,210181119,镇,金五台子镇
210181,210181120,镇,新农村镇
210181,210181205,乡,红旗乡
210181,210181206,乡,卢家屯乡
210181,210181207,乡,姚堡乡
210181,210181209,乡,于家窝堡乡
210202,210202011,街道,桃源街道
210202,210202012,街道,老虎滩街道
210202,210202014,街道,海军广场街道
210202,210202019,街道,人民路街道
210202,210202020,街道,青泥洼桥街道
210202,210202021,街道,葵英街道
210203,210203001,街道,香炉礁街道
210203,210203010,街道,八一路街道
210203,210203013,街道,白云街道
210203,210203016,街道,日新街道
210203,210203017,街道,人民广场街道
210204,210204006,街道,春柳街道
210204,210204008,街道,马栏街道
210204,210204009,街道,南沙街道
210204,210204010,街道,黑石礁街道
210204,210204011,街道,李家街道
210204,210204017,街道,星海湾街道
210204,210204018,街道,西安路街道
210211,210211001,街道,周水子街道
210211,210211004,街道,甘井子街道
210211,210211006,街道,南关岭街道
210211,210211007,街道,泡崖街道
210211,210211010,街道,机场街道
210211,210211014,街道,辛寨子街道
210211,210211015,街道,红旗街道
210211,210211017,街道,大连湾街道
210211,210211018,街道,椒金山街道
210211,210211019,街道,泉水街道
210211,210211021,街道,营城子街道
210211,210211022,街道,革镇堡街道
210211,210211023,街道,凌水街道
210211,210211024,街道,七贤岭街道
210211,210211025,街道,中华路街道
210212,210212005,街道,水师营街道
210212,210212006,街道,铁山街道
210212,210212007,街道,双岛湾街道
210212,210212009,街道,长城街道
210212,210212010,街道,龙头街道
210212,210212013,街道,江西街道
210212,210212014,街道,龙王塘街道
210212,210212015,街道,得胜街道
210212,210212016,街道,三涧堡街道
210212,210212017,街道,登峰街道
210213,210213001,街道,拥政街道
210213,210213002,街道,友谊街道
210213,210213008,街道,站前街道
210213,210213009,街道,先进街道
210213,210213010,街道,华家街道
210213,210213014,街道,登沙河街道
210213,210213015,街道,杏树街道
210213,210213017,街道,大魏家街道
210213,210213018,街道,向应街道
210213,210213019,街道,七顶山街道
210213,210213020,街道,马桥子街道
210213,210213021,街道,海青岛街道
210213,210213022,街道,大孤山街道
210213,210213023,街道,湾里街道
210213,210213024,街道,董家沟街道
210213,210213025,街道,金石滩街道
210213,210213027,街道,得胜街道
210213,210213028,街道,大李家街道
210213,210213029,街道,二十里堡街道
210213,210213030,街道,亮甲店街道
210213,210213031,街道,炮台街道
210213,210213032,街道,复州湾街道
210213,210213033,街道,三十里堡街道
210213,210213034,街道,石河街道
210213,210213035,街道,光中街道
210214,210214001,街道,丰荣街道
210214,210214002,街道,铁西街道
210214,210214007,街道,大刘家街道
210214,210214008,街道,杨树房街道
210214,210214009,街道,皮口街道
210214,210214010,街道,城子坦街道
210214,210214011,街道,唐家房街道
210214,210214012,街道,大谭街道
210214,210214013,街道,莲山街道
210214,210214014,街道,安波街道
210214,210214015,街道,沙包街道
210214,210214016,街道,星台街道
210214,210214017,街道,乐甲街道
210214,210214018,街道,墨盘街道
210214,210214019,街道,同益街道
210214,210214020,街道,双塔街道
210214,210214021,街道,四平街道
210214,210214022,街道,太平街道
210224,210224100,镇,大长山岛镇
210224,210224101,镇,獐子岛镇
210224,210224102,镇,广鹿岛镇
210224,210224103,镇,小长山岛镇
210224,210224104,镇,海洋岛镇
210281,210281001,街道,新华街道
210281,210281002,街道,文兰街道
210281,210281003,街道,岭东街道
210281,210281004,街道,共济街道
210281,210281005,街道,铁东街道
210281,210281006,街道,祝华街道
210281,210281007,街道,岗店街道
210281,210281008,街道,九龙街道
210281,210281009,街道,太阳街道
210281,210281010,街道,长兴岛街道
210281,210281011,街道,交流岛街道
210281,210281101,镇,复州城镇
210281,210281103,镇,松树镇
210281,210281105,镇,得利寺镇
210281,210281106,镇,万家岭镇
210281,210281107,镇,许屯镇
210281,210281108,镇,永宁镇
210281,210281109,镇,谢屯镇
210281,210281112,镇,老虎屯镇
210281,210281113,镇,红沿河镇
210281,210281115,镇,李官镇
210281,210281116,镇,仙浴湾镇
210281,210281117,镇,瓦窝镇
210281,210281118,镇,元台镇
210281,210281201,乡,赵屯乡
210281,210281203,乡,土城乡
210281,210281204,乡,阎店乡
210281,210281205,乡,西杨乡
210281,210281206,乡,驼山乡
210281,210281208,民族乡,三台满族乡
210281,210281210,乡,泡崖乡
210281,210281212,民族乡,杨家满族乡
210283,210283001,街道,城关街道
210283,210283002,街道,新华街道
210283,210283003,街道,兴达街道
210283,210283004,街道,昌盛街道
210283,210283005,街道,明阳街道
210283,210283101,镇,青堆镇
210283,210283102,镇,徐岭镇
210283,210283104,镇,黑岛镇
210283,210283105,镇,栗子房镇
210283,210283107,镇,大营镇
210283,210283108,镇,塔岭镇
210283,210283109,镇,仙人洞镇
210283,210283110,镇,蓉花山镇
210283,210283111,镇,长岭镇
210283,210283112,镇,荷花山镇
210283,210283113,镇,城山镇
210283,210283114,镇,光明山镇
210283,210283115,镇,大郑镇
210283,210283116,镇,王家镇
210283,210283118,镇,吴炉镇
210283,210283204,乡,鞍子山乡
210283,210283208,民族乡,太平岭满族乡
210283,210283209,乡,步云山乡
210283,210283211,民族乡,桂云花满族乡
210283,210283214,乡,兰店乡
210283,210283216,乡,石城乡
210302,210302002,街道,解放街道
210302,210302003,街道,山南街道
210302,210302004,街道,园林街道
210302,210302006,街道,站前街道
210302,210302008,街道,和平街道
210302,210302010,街道,长甸街道
210302,210302011,街道,湖南街道
210302,210302013,街道,新兴街道
210302,210302014,街道,旧堡街道
210302,210302015,街道,大孤山街道
210303,210303002,街道,繁荣街道
210303,210303003,街道,八家子街道
210303,210303005,街道,共和街道
210303,210303006,街道,永乐街道
210303,210303008,街道,南华街道
210303,210303009,街道,大陆街道
210303,210303012,街道,永发街道
210303,210303013,街道,达道湾街道
210303,210303014,街道,宁远街道
210304,210304001,街道,友好街道
210304,210304004,街道,双山街道
210304,210304006,街道,立山街道
210304,210304008,街道,曙光街道
210304,210304009,街道,灵山街道
210304,210304014,街道,深沟寺街道
210304,210304015,街道,沙河街道
210304,210304019,街道,齐大山街道
210304,210304020,街道,千山街道
210311,210311001,街道,汤岗子街道
210311,210311002,街道,东鞍山街道
210311,210311102,镇,唐家房镇
210311,210311111,镇,甘泉镇
210311,210311112,镇,大屯镇
210321,210321001,街道,八角台街道
210321,210321002,街道,台东街道
210321,210321101,镇,西佛镇
210321,210321102,镇,新开河镇
210321,210321103,镇,黄沙坨镇
210321,210321104,镇,高力房镇
210321,210321105,镇,桑林镇
210321,210321106,镇,富家镇
210321,210321107,镇,达牛镇
210321,210321109,镇,韭菜台镇
210321,210321110,镇,新台镇
210321,210321111,镇,桓洞镇
210323,210323001,街道,阜昌街道
210323,210323003,街道,雅河街道
210323,210323004,街道,兴隆街道
210323,210323101,镇,三家子镇
210323,210323102,镇,石庙子镇
210323,210323103,镇,黄花甸镇
210323,210323104,镇,大营子镇
210323,210323105,镇,苏子沟镇
210323,210323106,镇,偏岭镇
210323,210323107,镇,哈达碑镇
210323,210323108,镇,新甸镇
210323,210323109,镇,洋河镇
210323,210323111,镇,杨家堡镇
210323,210323112,镇,清凉山镇
210323,210323113,镇,石灰窑镇
210323,210323114,镇,前营镇
210323,210323115,镇,龙潭镇
210323,210323116,镇,牧牛镇
210323,210323117,镇,药山镇
210323,210323118,镇,大房身镇
210323,210323119,镇,朝阳镇
210323,210323206,乡,红旗营子乡
210323,210323211,乡,岭沟乡
210323,210323212,乡,哨子河乡
210381,210381001,街道,海州街道
210381,210381002,街道,兴海街道
210381,210381003,街道,响堂街道
210381,210381004,街道,东四街道
210381,210381006,街道,东四方台街道
210381,210381101,镇,孤山镇
210381,210381102,镇,岔沟镇
210381,210381103,镇,接文镇
210381,210381104,镇,析木镇
210381,210381105,镇,马风镇
210381,210381107,镇,牌楼镇
210381,210381108,镇,八里镇
210381,210381109,镇,毛祁镇
210381,210381110,镇,英落镇
210381,210381111,镇,感王镇
210381,210381112,镇,西柳镇
210381,210381113,镇,中小镇
210381,210381114,镇,王石镇
210381,210381115,镇,南台镇
210381,210381118,镇,腾鳌镇
210381,210381121,镇,耿庄镇
210381,210381123,镇,牛庄镇
210381,210381124,镇,西四镇
210381,210381125,镇,望台镇
210381,210381126,镇,温香镇
210381,210381127,镇,高坨子镇
210402,210402001,街道,站前街道
210402,210402005,街道,福民街道
210402,210402007,街道,新抚街道
210402,210402009,街道,榆林街道
210402,210402011,街道,永安台街道
210402,210402019,街道,刘山街道
210402,210402200,乡,千金乡
210403,210403002,街道,东洲街道
210403,210403004,街道,搭连街道
210403,210403005,街道,龙凤街道
210403,210403006,街道,新屯街道
210403,210403007,街道,万新街道
210403,210403008,街道,老虎台街道
210403,210403012,街道,章党街道
210403,210403100,镇,章党镇
210403,210403101,镇,哈达镇
210403,210403202,乡,碾盘乡
210403,210403203,乡,兰山乡
210404,210404002,街道,工农街道
210404,210404003,街道,建设街道
210404,210404004,街道,和平街道
210404,210404005,街道,光明街道
210404,210404006,街道,朴屯街道
210404,210404007,街道,演武街道
210404,210404011,街道,李石街道
210404,210404101,镇,塔峪镇
210404,210404200,民族乡,拉古满族乡
210411,210411002,街道,长春街道
210411,210411003,街道,葛布街道
210411,210411004,街道,将军堡街道
210411,210411005,街道,新华街道
210411,210411007,街道,抚顺城街道
210411,210411102,镇,前甸镇
210411,210411201,乡,河北乡
210411,210411205,乡,会元乡
210421,210421101,镇,石文镇
210421,210421102,镇,后安镇
210421,210421103,镇,救兵镇
210421,210421104,镇,上马镇
210421,210421204,乡,马圈子乡
210421,210421209,乡,峡河乡
210421,210421211,乡,海浪乡
210421,210421216,民族乡,汤图满族乡
210422,210422100,镇,新宾镇
210422,210422101,镇,旺清门镇
210422,210422102,镇,永陵镇
210422,210422103,镇,平顶山镇
210422,210422104,镇,大四平镇
210422,210422105,镇,苇子峪镇
210422,210422106,镇,木奇镇
210422,210422108,镇,上夹河镇
210422,210422109,镇,南杂木镇
210422,210422202,乡,红升乡
210422,210422203,乡,响水河子乡
210422,210422204,乡,红庙子乡
210422,210422205,乡,北四平乡
210422,210422207,乡,榆树乡
210422,210422208,乡,下夹河乡
210423,210423100,镇,清原镇
210423,210423101,镇,红透山镇
210423,210423102,镇,北三家镇
210423,210423103,镇,草市镇
210423,210423104,镇,英额门镇
210423,210423105,镇,南口前镇
210423,210423106,镇,南山城镇
210423,210423107,镇,湾甸子镇
210423,210423108,镇,大孤家镇
210423,210423109,镇,夏家堡镇
210423,210423203,乡,土口子乡
210423,210423206,乡,敖家堡乡
210423,210423207,乡,大苏河乡
210423,210423208,乡,枸乃甸乡
210502,210502001,街道,南地街道
210502,210502003,街道,平山街道
210502,210502004,街道,东明街道
210502,210502005,街道,崔东街道
210502,210502007,街道,站前街道
210502,210502008,街道,千金街道
210502,210502012,街道,桥北街道
210503,210503001,街道,河东街道
210503,210503003,街道,河西街道
210503,210503005,街道,彩屯街道
210503,210503009,街道,东风街道
210503,210503010,街道,石桥子街道
210503,210503012,街道,日月岛街道
210503,210503013,街道,火连寨街道
210504,210504002,街道,北地街道
210504,210504004,街道,高峪街道
210504,210504005,街道,明山街道
210504,210504008,街道,新明街道
210504,210504009,街道,牛心台街道
210504,210504010,街道,卧龙街道
210504,210504011,街道,高台子街道
210505,210505001,街道,南芬街道
210505,210505004,街道,思山岭街道
210505,210505005,街道,下马塘街道
210505,210505093,街道,郭家街道
210521,210521003,街道,观音阁街道
210521,210521100,镇,小市镇
210521,210521101,镇,草河掌镇
210521,210521102,镇,草河城镇
210521,210521103,镇,草河口镇
210521,210521104,镇,连山关镇
210521,210521106,镇,清河城镇
210521,210521109,镇,田师付镇
210521,210521110,镇,南甸子镇
210521,210521111,镇,碱厂镇
210521,210521112,镇,高官镇
210521,210521202,乡,东营坊乡
210522,210522001,街道,八卦城街道
210522,210522100,镇,桓仁镇
210522,210522101,镇,普乐堡镇
210522,210522102,镇,二棚甸子镇
210522,210522103,镇,沙尖子镇
210522,210522104,镇,五里甸子镇
210522,210522108,镇,八里甸子镇
210522,210522110,镇,华来镇
210522,210522111,镇,古城镇
210522,210522201,民族乡,雅河朝鲜族乡
210522,210522202,乡,向阳乡
210522,210522206,乡,黑沟乡
210522,210522208,乡,北甸子乡
210602,210602002,街道,七道街道
210602,210602004,街道,九道街道
210602,210602006,街道,兴东街道
210602,210602007,街道,广济街道
210602,210602101,镇,金山镇
210603,210603002,街道,站前街道
210603,210603003,街道,临江街道
210603,210603005,街道,帽盔山街道
210603,210603006,街道,纤维街道
210603,210603007,街道,永昌街道
210603,210603008,街道,花园街道
210603,210603009,街道,江海街道
210603,210603101,镇,浪头镇
210603,210603102,镇,安民镇
210604,210604001,街道,鸭绿江街道
210604,210604004,街道,珍珠街道
210604,210604005,街道,太平湾街道
210604,210604102,镇,同兴镇
210604,210604104,镇,五龙背镇
210604,210604105,镇,楼房镇
210604,210604106,镇,九连城镇
210604,210604107,镇,汤山城镇
210624,210624100,镇,宽甸镇
210624,210624101,镇,灌水镇
210624,210624102,镇,硼海镇
210624,210624103,镇,红石镇
210624,210624104,镇,毛甸子镇
210624,210624105,镇,长甸镇
210624,210624106,镇,永甸镇
210624,210624108,镇,太平哨镇
210624,210624109,镇,青山沟镇
210624,210624110,镇,牛毛坞镇
210624,210624111,镇,大川头镇
210624,210624112,镇,青椅山镇
210624,210624113,镇,杨木川镇
210624,210624114,镇,虎山镇
210624,210624115,镇,振江镇
210624,210624116,镇,步达远镇
210624,210624117,镇,大西岔镇
210624,210624118,镇,八河川镇
210624,210624119,镇,双山子镇
210624,210624201,乡,石湖沟乡
210624,210624202,民族乡,下露河朝鲜族乡
210624,210624206,乡,古楼子乡
210681,210681001,街道,大东街道
210681,210681002,街道,新兴街道
210681,210681003,街道,新城街道
210681,210681101,镇,孤山镇
210681,210681104,镇,前阳镇
210681,210681105,镇,长安镇
210681,210681106,镇,十字街镇
210681,210681107,镇,长山镇
210681,210681108,镇,北井子镇
210681,210681109,镇,椅圈镇
210681,210681110,镇,黄土坎镇
210681,210681113,镇,马家店镇
210681,210681114,镇,龙王庙镇
210681,210681115,镇,小甸子镇
210681,210681117,镇,菩萨庙镇
210681,210681118,镇,黑沟镇
210681,210681119,镇,新农镇
210681,210681120,镇,汤池镇
210681,210681204,民族乡,合隆满族乡
210682,210682001,街道,凤凰城街道
210682,210682002,街道,凤山街道
210682,210682003,街道,草河街道
210682,210682101,镇,宝山镇
210682,210682102,镇,白旗镇
210682,210682103,镇,沙里寨镇
210682,210682104,镇,红旗镇
210682,210682105,镇,蓝旗镇
210682,210682107,镇,边门镇
210682,210682110,镇,东汤镇
210682,210682111,镇,石城镇
210682,210682112,镇,大兴镇
210682,210682113,镇,爱阳镇
210682,210682114,镇,赛马镇
210682,210682115,镇,弟兄山镇
210682,210682116,镇,鸡冠山镇
210682,210682117,镇,刘家河镇
210682,210682118,镇,通远堡镇
210682,210682119,镇,四门子镇
210682,210682120,镇,青城子镇
210682,210682201,民族乡,大堡蒙古族乡
210702,210702002,街道,石油街道
210702,210702004,街道,敬业街道
210702,210702005,街道,保安街道
210702,210702009,街道,士英街道
210702,210702011,街道,古城街道
210703,210703002,街道,石桥子街道
210703,210703003,街道,龙江街道
210703,210703004,街道,榴花街道
210703,210703008,街道,康宁街道
210703,210703009,街道,锦铁街道
210703,210703011,街道,紫荆街道
210711,210711004,街道,太和街道
210711,210711008,街道,大薛街道
210711,210711010,街道,天桥街道
210711,210711011,街道,新民街道
210711,210711012,街道,营盘街道
210711,210711013,街道,女儿河街道
210711,210711014,街道,杏山街道
210711,210711015,街道,凌南街道
210711,210711016,街道,松山街道
210711,210711017,街道,娘娘宫街道
210711,210711100,镇,建业镇
210726,210726001,街道,黑山街道
210726,210726002,街道,大虎山街道
210726,210726101,镇,芳山镇
210726,210726102,镇,白厂门镇
210726,210726103,镇,常兴镇
210726,210726104,镇,姜屯镇
210726,210726105,镇,励家镇
210726,210726106,镇,绕阳河镇
210726,210726107,镇,半拉门镇
210726,210726108,镇,无梁殿镇
210726,210726109,镇,胡家镇
210726,210726110,镇,新立屯镇
210726,210726111,镇,八道壕镇
210726,210726113,镇,四家子镇
210726,210726114,镇,新兴镇
210726,210726115,镇,小东镇
210726,210726116,镇,太和镇
210726,210726117,镇,镇安镇
210726,210726201,乡,英城子乡
210726,210726209,乡,段家乡
210726,210726210,乡,大兴乡
210726,210726212,乡,薛屯乡
210727,210727001,街道,义州街道
210727,210727002,街道,城关街道
210727,210727101,镇,刘龙台镇
210727,210727102,镇,七里河镇
210727,210727103,镇,大榆树堡镇
210727,210727104,镇,稍户营子镇
210727,210727105,镇,九道岭镇
210727,210727106,镇,高台子镇
210727,210727108,镇,瓦子峪镇
210727,210727109,镇,头台镇
210727,210727110,镇,张家堡镇
210727,210727111,镇,前杨镇
210727,210727112,镇,头道河镇
210727,210727113,镇,留龙沟镇
210727,210727114,镇,聚粮屯镇
210727,210727203,民族乡,地藏寺满族乡
210727,210727205,民族乡,大定堡满族乡
210727,210727207,乡,白庙子乡
210781,210781001,街道,大凌河街道
210781,210781002,街道,金城街道
210781,210781003,街道,八千街道
210781,210781101,镇,石山镇
210781,210781102,镇,余积镇
210781,210781103,镇,双羊镇
210781,210781104,镇,班吉塔镇
210781,210781105,镇,沈家台镇
210781,210781106,镇,三台子镇
210781,210781107,镇,右卫镇
210781,210781108,镇,阎家镇
210781,210781109,镇,新庄子镇
210781,210781112,镇,翠岩镇
210781,210781113,镇,安屯镇
210781,210781114,镇,大业镇
210781,210781116,镇,白台子镇
210781,210781117,镇,温滴楼镇
210781,210781212,乡,板石沟乡
210781,210781217,乡,谢屯乡
210782,210782004,街道,北镇街道
210782,210782006,街道,富屯街道
210782,210782007,街道,广宁街道
210782,210782008,街道,沟帮子街道
210782,210782101,镇,大市镇
210782,210782102,镇,罗罗堡镇
210782,210782103,镇,常兴店镇
210782,210782104,镇,正安镇
210782,210782105,镇,闾阳镇
210782,210782106,镇,中安镇
210782,210782107,镇,廖屯镇
210782,210782109,镇,赵屯镇
210782,210782110,镇,青堆子镇
210782,210782111,镇,高山子镇
210782,210782113,镇,吴家镇
210782,210782203,乡,鲍家乡
210782,210782206,乡,大屯乡
210782,210782209,乡,柳家乡
210802,210802001,街道,八田地街道
210802,210802002,街道,建丰街道
210802,210802003,街道,建设街道
210802,210802004,街道,跃进街道
210802,210802007,街道,新建街道
210802,210802008,街道,东兴街道
210803,210803004,街道,得胜街道
210803,210803005,街道,五台子街道
210803,210803010,街道,渔市街道
210803,210803011,街道,滨海街道
210803,210803012,街道,清华街道
210804,210804001,街道,红海街道
210804,210804002,街道,海星街道
210804,210804005,街道,望海街道
210804,210804100,镇,熊岳镇
210804,210804102,镇,芦屯镇
210804,210804103,镇,红旗镇
210811,210811003,街道,老边街道
210811,210811101,镇,路南镇
210811,210811102,镇,柳树镇
210811,210811103,镇,边城镇
210881,210881001,街道,鼓楼街道
210881,210881002,街道,西城街道
210881,210881003,街道,东城街道
210881,210881004,街道,太阳升街道
210881,210881005,街道,团山街道
210881,210881006,街道,西海街道
210881,210881007,街道,九垄地街道
210881,210881008,街道,归州街道
210881,210881102,镇,高屯镇
210881,210881105,镇,沙岗镇
210881,210881109,镇,九寨镇
210881,210881110,镇,万福镇
210881,210881111,镇,卧龙泉镇
210881,210881112,镇,青石岭镇
210881,210881113,镇,暖泉镇
210881,210881116,镇,榜式堡镇
210881,210881117,镇,团甸镇
210881,210881118,镇,双台镇
210881,210881119,镇,杨运镇
210881,210881120,镇,徐屯镇
210881,210881121,镇,什字街镇
210881,210881122,镇,矿洞沟镇
210881,210881123,镇,陈屯镇
210881,210881124,镇,梁屯镇
210881,210881216,乡,小石棚乡
210881,210881217,乡,果园乡
210881,210881218,乡,二台乡
210882,210882003,街道,金桥街道
210882,210882004,街道,钢都街道
210882,210882005,街道,百寨街道
210882,210882006,街道,镁都街道
210882,210882101,镇,水源镇
210882,210882102,镇,沟沿镇
210882,210882103,镇,石佛镇
210882,210882104,镇,高坎镇
210882,210882105,镇,旗口镇
210882,210882106,镇,虎庄镇
210882,210882107,镇,官屯镇
210882,210882112,镇,博洛铺镇
210882,210882113,镇,永安镇
210882,210882114,镇,汤池镇
210882,210882115,镇,建一镇
210882,210882116,镇,黄土岭镇
210882,210882117,镇,周家镇
210902,210902004,街道,西山街道
210902,210902005,街道,河北街道
210902,210902012,街道,平安西部街道
210902,210902013,街道,站前街道
210902,210902014,街道,五龙街道
210902,210902015,街道,和平街道
210902,210902101,镇,韩家店镇
210903,210903005,街道,街基街道
210903,210903006,街道,新发屯街道
210903,210903101,镇,长营子镇
210904,210904001,街道,红树街道
210904,210904006,街道,孙家湾街道
210904,210904007,街道,高德街道
210904,210904101,镇,水泉镇
210905,210905005,街道,清河街道
210905,210905006,街道,新北街道
210905,210905101,镇,河西镇
210905,210905102,镇,乌龙坝镇
210911,210911001,街道,玉新街道
210911,210911007,街道,玉龙街道
210911,210911008,街道,玉丰街道
210911,210911102,镇,四合镇
210921,210921001,街道,城区街道
210921,210921100,镇,阜新镇
210921,210921102,镇,东梁镇
210921,210921103,镇,佛寺镇
210921,210921104,镇,伊吗图镇
210921,210921105,镇,旧庙镇
210921,210921106,镇,务欢池镇
210921,210921107,镇,建设镇
210921,210921108,镇,大巴镇
210921,210921109,镇,泡子镇
210921,210921110,镇,十家子镇
210921,210921111,镇,王府镇
210921,210921112,镇,于寺镇
210921,210921113,镇,富荣镇
210921,210921114,镇,新民镇
210921,210921115,镇,福兴地镇
210921,210921116,镇,平安地镇
210921,210921117,镇,沙拉镇
210921,210921118,镇,大固本镇
210921,210921119,镇,大五家子镇
210921,210921120,镇,大板镇
210921,210921121,镇,招束沟镇
210921,210921122,镇,八家子镇
210921,210921123,镇,扎兰营子镇
210921,210921124,镇,塔营子镇
210921,210921125,镇,红帽子镇
210921,210921126,镇,蜘蛛山镇
210921,210921127,镇,七家子镇
210921,210921128,镇,紫都台镇
210921,210921129,镇,化石戈镇
210921,210921130,镇,哈达户稍镇
210921,210921131,镇,老河土镇
210921,210921132,镇,太平镇
210921,210921203,乡,卧凤沟乡
210921,210921211,乡,苍土乡
210921,210921222,乡,国华乡
210922,210922100,镇,彰武镇
210922,210922101,镇,哈尔套镇
210922,210922102,镇,章古台镇
210922,210922103,镇,五峰镇
210922,210922104,镇,冯家镇
210922,210922105,镇,后新秋镇
210922,210922106,镇,东六家子镇
210922,210922107,镇,阿尔乡镇
210922,210922108,镇,前福兴地镇
210922,210922109,镇,双庙镇
210922,210922110,镇,大四家子镇
210922,210922111,镇,苇子沟镇
210922,210922112,镇,兴隆山镇
210922,210922113,镇,满堂红镇
210922,210922114,镇,四合城镇
210922,210922115,镇,大冷镇
210922,210922116,镇,平安镇
210922,210922117,镇,两家子镇
210922,210922118,镇,兴隆堡镇
210922,210922119,镇,四堡子镇
210922,210922120,镇,西六家子镇
210922,210922121,镇,大德镇
210922,210922202,民族乡,二道河子蒙古族乡
210922,210922209,乡,丰田乡
211002,211002016,街道,文圣街道
211002,211002017,街道,武圣街道
211002,211002018,街道,南门街道
211002,211002019,街道,襄平街道
211003,211003004,街道,庆阳街道
211003,211003008,街道,东京陵街道
211003,211003099,街道,新城街道
211003,211003100,镇,罗大台镇
211003,211003101,镇,小屯镇
211004,211004001,街道,工农街道
211004,211004004,街道,长征街道
211004,211004093,街道,新村街道
211004,211004101,镇,曙光镇
211004,211004102,镇,兰家镇
211005,211005001,街道,苏家街道
211005,211005003,街道,安平街道
211005,211005092,街道,团山街道
211005,211005101,镇,汤河镇
211005,211005201,乡,安平乡
211011,211011004,街道,铁西街道
211011,211011101,镇,祁家镇
211011,211011102,镇,王家镇
211011,211011103,镇,沙岭镇
211011,211011204,乡,东宁卫乡
211021,211021100,镇,首山镇
211021,211021101,镇,刘二堡镇
211021,211021103,镇,小北河镇
211021,211021104,镇,黄泥洼镇
211021,211021106,镇,唐马寨镇
211021,211021107,镇,穆家镇
211021,211021108,镇,柳壕镇
211021,211021110,镇,河栏镇
211021,211021111,镇,隆昌镇
211021,211021112,镇,八会镇
211021,211021113,镇,寒岭镇
211021,211021115,镇,兴隆镇
211021,211021201,乡,下达河乡
211021,211021202,民族乡,吉洞峪满族乡
211021,211021206,民族乡,甜水满族乡
211081,211081001,街道,烟台街道
211081,211081002,街道,万宝桥街道
211081,211081003,街道,古城街道
211081,211081101,镇,佟二堡镇
211081,211081102,镇,铧子镇
211081,211081103,镇,张台子镇
211081,211081104,镇,西大窑镇
211081,211081105,镇,沈旦堡镇
211081,211081106,镇,西马峰镇
211081,211081107,镇,柳条寨镇
211081,211081108,镇,柳河子镇
211081,211081111,镇,大河南镇
211081,211081114,镇,五星镇
211081,211081205,乡,鸡冠山乡
211102,211102002,街道,胜利街道
211102,211102003,街道,建设街道
211102,211102004,街道,红旗街道
211102,211102005,街道,辽河街道
211102,211102008,街道,铁东街道
211102,211102009,街道,双盛街道
211102,211102100,镇,陆家镇
211102,211102101,镇,统一镇
211103,211103001,街道,振兴街道
211103,211103002,街道,兴隆街道
211103,211103003,街道,渤海街道
211103,211103004,街道,新工街道
211103,211103007,街道,曙光街道
211103,211103008,街道,欢喜岭街道
211103,211103013,街道,沈采街道
211103,211103016,街道,创新街道
211103,211103017,街道,兴盛街道
211103,211103018,街道,兴海街道
211103,211103019,街道,东郭街道
211103,211103020,街道,惠宾街道
211104,211104001,街道,大洼街道
211104,211104002,街道,榆树街道
211104,211104003,街道,田家街道
211104,211104004,街道,王家街道
211104,211104006,街道,于楼街道
211104,211104009,街道,二界沟街道
211104,211104103,镇,东风镇
211104,211104104,镇,新开镇
211104,211104106,镇,清水镇
211104,211104107,镇,新兴镇
211104,211104108,镇,西安镇
211104,211104109,镇,新立镇
211104,211104112,镇,唐家镇
211104,211104113,镇,平安镇
211104,211104114,镇,赵圈河镇
211104,211104115,镇,田庄台镇
211122,211122001,街道,太平街道
211122,211122002,街道,高升街道
211122,211122003,街道,得胜街道
211122,211122101,镇,沙岭镇
211122,211122103,镇,胡家镇
211122,211122107,镇,古城子镇
211122,211122108,镇,坝墙子镇
211122,211122110,镇,陈家镇
211122,211122111,镇,甜水镇
211122,211122112,镇,吴家镇
211122,211122114,镇,石新镇
211122,211122115,镇,羊圈子镇
211202,211202001,街道,红旗街道
211202,211202002,街道,工人街道
211202,211202003,街道,铁西街道
211202,211202004,街道,铜钟街道
211202,211202005,街道,柴河街道
211202,211202006,街道,岭东街道
211202,211202007,街道,辽海街道
211202,211202201,乡,龙山乡
211204,211204001,街道,红旗街道
211204,211204002,街道,向阳街道
211204,211204101,镇,张相镇
211204,211204102,镇,杨木林子镇
211204,211204203,民族乡,聂家满族乡
211221,211221101,镇,新台子镇
211221,211221102,镇,阿吉镇
211221,211221103,镇,平顶堡镇
211221,211221104,镇,大甸子镇
211221,211221105,镇,凡河镇
211221,211221106,镇,腰堡镇
211221,211221107,镇,镇西堡镇
211221,211221108,镇,蔡牛镇
211221,211221109,镇,李千户镇
211221,211221111,镇,熊官屯镇
211221,211221112,镇,横道河子镇
211221,211221113,镇,双井子镇
211221,211221208,乡,鸡冠山乡
211221,211221209,民族乡,白旗寨满族乡
211223,211223100,镇,西丰镇
211223,211223101,镇,平岗镇
211223,211223102,镇,郜家店镇
211223,211223103,镇,凉泉镇
211223,211223104,镇,振兴镇
211223,211223105,镇,安民镇
211223,211223106,镇,天德镇
211223,211223107,镇,房木镇
211223,211223109,镇,柏榆镇
211223,211223110,镇,更刻镇
211223,211223111,镇,钓鱼镇
211223,211223112,镇,陶然镇
211223,211223204,民族乡,德兴满族乡
211223,211223206,民族乡,明德满族乡
211223,211223209,民族乡,成平满族乡
211223,211223211,民族乡,和隆满族乡
211223,211223212,民族乡,营厂满族乡
211223,211223213,民族乡,金星满族乡
211224,211224100,镇,昌图镇
211224,211224101,镇,老城镇
211224,211224102,镇,八面城镇
211224,211224103,镇,三江口镇
211224,211224104,镇,金家镇
211224,211224105,镇,宝力镇
211224,211224106,镇,泉头镇
211224,211224107,镇,双庙子镇
211224,211224108,镇,亮中桥镇
211224,211224109,镇,马仲河镇
211224,211224110,镇,毛家店镇
211224,211224111,镇,老四平镇
211224,211224112,镇,大洼镇
211224,211224113,镇,头道镇
211224,211224114,镇,鴜鹭树镇
211224,211224115,镇,付家镇
211224,211224117,镇,四合镇
211224,211224118,镇,朝阳镇
211224,211224119,镇,古榆树镇
211224,211224120,镇,七家子镇
211224,211224121,镇,东嘎镇
211224,211224122,镇,四面城镇
211224,211224123,镇,前双井镇
211224,211224124,镇,通江口镇
211224,211224125,镇,大四家子镇
211224,211224126,镇,曲家店镇
211224,211224130,镇,平安堡镇
211224,211224131,镇,下二台镇
211224,211224132,镇,太平镇
211224,211224133,镇,十八家子镇
211224,211224134,镇,后窑镇
211224,211224135,镇,大兴镇
211224,211224136,镇,长发镇
211281,211281001,街道,兀术街街道
211281,211281002,街道,调兵山街道
211281,211281102,镇,晓明镇
211281,211281103,镇,大明镇
211281,211281105,镇,晓南镇
211282,211282001,街道,新城街道
211282,211282002,街道,老城街道
211282,211282003,街道,开原街道
211282,211282102,镇,威远堡镇
211282,211282103,镇,庆云堡镇
211282,211282104,镇,中固镇
211282,211282105,镇,八棵树镇
211282,211282106,镇,金沟子镇
211282,211282107,镇,八宝镇
211282,211282108,镇,业民镇
211282,211282109,镇,莲花镇
211282,211282110,镇,靠山镇
211282,211282111,镇,下肥镇
211282,211282112,镇,松山镇
211282,211282113,镇,李家台镇
211282,211282114,镇,马家寨镇
211282,211282115,镇,城东镇
211282,211282116,镇,上肥镇
211282,211282117,镇,黄旗寨镇
211282,211282217,民族乡,林丰满族乡
211302,211302003,街道,前进街道
211302,211302004,街道,凌河街道
211302,211302005,街道,光明街道
211302,211302006,街道,凌凤街道
211302,211302007,街道,龙山街道
211302,211302008,街道,站南街道
211302,211302009,街道,红旗街道
211302,211302010,街道,燕北街道
211302,211302012,街道,双塔街道
211302,211302111,镇,桃花吐镇
211302,211302113,镇,他拉皋镇
211302,211302114,镇,孙家湾镇
211302,211302212,乡,长宝营子乡
211303,211303004,街道,新华街道
211303,211303006,街道,海龙街道
211303,211303007,街道,龙泉街道
211303,211303101,镇,七道泉子镇
211303,211303102,镇,西大营子镇
211303,211303103,镇,召都巴镇
211303,211303104,镇,大平房镇
211303,211303105,镇,联合镇
211303,211303106,镇,边杖子镇
211321,211321001,街道,柳城街道
211321,211321102,镇,波罗赤镇
211321,211321103,镇,木头城子镇
211321,211321104,镇,二十家子镇
211321,211321105,镇,羊山镇
211321,211321106,镇,六家子镇
211321,211321107,镇,瓦房子镇
211321,211321108,镇,大庙镇
211321,211321110,镇,古山子镇
211321,211321111,镇,南双庙镇
211321,211321112,镇,台子镇
211321,211321113,镇,清风岭镇
211321,211321114,镇,胜利镇
211321,211321115,镇,七道岭镇
211321,211321116,镇,杨树湾镇
211321,211321211,乡,西五家子乡
211321,211321212,乡,北沟门子乡
211321,211321214,乡,东大道乡
211321,211321215,民族乡,乌兰河硕蒙古族乡
211321,211321220,乡,东大屯乡
211321,211321221,民族乡,松岭门蒙古族乡
211321,211321222,乡,根德营子乡
211321,211321224,乡,西营子乡
211321,211321228,乡,北四家子乡
211321,211321230,乡,王营子乡
211321,211321231,乡,黑牛营子乡
211321,211321232,乡,尚志乡
211322,211322001,街道,叶柏寿街道
211322,211322002,街道,红山街道
211322,211322003,街道,铁南街道
211322,211322004,街道,万寿街道
211322,211322101,镇,朱碌科镇
211322,211322102,镇,建平镇
211322,211322103,镇,黑水镇
211322,211322104,镇,喀喇沁镇
211322,211322105,镇,北二十家子镇
211322,211322106,镇,沙海镇
211322,211322108,镇,哈拉道口镇
211322,211322109,镇,榆树林子镇
211322,211322110,镇,老官地镇
211322,211322111,镇,深井镇
211322,211322112,镇,奎德素镇
211322,211322113,镇,小塘镇
211322,211322114,镇,马场镇
211322,211322115,镇,昌隆镇
211322,211322117,镇,张家营子镇
211322,211322118,镇,青峰山镇
211322,211322119,镇,太平庄镇
211322,211322205,乡,青松岭乡
211322,211322206,乡,杨树岭乡
211322,211322209,乡,罗福沟乡
211322,211322211,乡,烧锅营子乡
211322,211322214,乡,白山乡
211322,211322218,民族乡,三家蒙古族乡
211322,211322220,乡,义成功乡
211324,211324001,街道,大城子街道
211324,211324003,街道,利州街道
211324,211324101,镇,南公营子镇
211324,211324102,镇,山嘴子镇
211324,211324104,镇,公营子镇
211324,211324105,镇,白塔子镇
211324,211324106,镇,中三家镇
211324,211324107,镇,老爷庙镇
211324,211324108,镇,六官营子镇
211324,211324109,镇,平房子镇
211324,211324110,镇,十二德堡镇
211324,211324111,镇,羊角沟镇
211324,211324112,镇,甘招镇
211324,211324113,镇,兴隆庄镇
211324,211324114,镇,东哨镇
211324,211324115,镇,水泉镇
211324,211324204,乡,尤杖子乡
211324,211324207,乡,草场乡
211324,211324210,乡,坤都营子乡
211324,211324211,乡,大营子乡
211324,211324214,乡,卧虎沟乡
211381,211381001,街道,城关街道
211381,211381002,街道,南山街道
211381,211381003,街道,冠山街道
211381,211381006,街道,台吉街道
211381,211381101,镇,西官营镇
211381,211381102,镇,大板镇
211381,211381103,镇,上园镇
211381,211381104,镇,宝国老镇
211381,211381105,镇,黑城子镇
211381,211381107,镇,五间房镇
211381,211381108,镇,台吉镇
211381,211381109,镇,东官营镇
211381,211381110,镇,龙潭镇
211381,211381111,镇,北塔镇
211381,211381112,镇,蒙古营镇
211381,211381113,镇,大三家镇
211381,211381201,乡,长皋乡
211381,211381202,乡,常河营乡
211381,211381203,乡,小塔子乡
211381,211381204,民族乡,马友营蒙古族乡
211381,211381206,乡,泉巨永乡
211381,211381212,乡,哈尔脑乡
211381,211381213,乡,南八家子乡
211381,211381214,乡,章吉营乡
211381,211381215,乡,三宝营乡
211381,211381216,乡,巴图营乡
211381,211381218,乡,台吉营乡
211381,211381220,乡,娄家店乡
211381,211381221,乡,北四家乡
211381,211381223,民族乡,凉水河蒙古族乡
211381,211381228,乡,三宝乡
211382,211382001,街道,东城街道
211382,211382002,街道,北街街道
211382,211382003,街道,南街街道
211382,211382004,街道,红山街道
211382,211382007,街道,城关街道
211382,211382098,街道,凌北街道
211382,211382101,镇,万元店镇
211382,211382102,镇,宋杖子镇
211382,211382103,镇,三十家子镇
211382,211382104,镇,杨杖子镇
211382,211382105,镇,刀尔登镇
211382,211382106,镇,松岭子镇
211382,211382107,镇,四官营子镇
211382,211382108,镇,沟门子镇
211382,211382110,镇,小城子镇
211382,211382111,镇,四合当镇
211382,211382113,镇,乌兰白镇
211382,211382114,镇,瓦房店镇
211382,211382115,镇,大河北镇
211382,211382116,镇,牛营子镇
211382,211382117,镇,三道河子镇
211382,211382118,镇,刘杖子镇
211382,211382210,乡,北炉乡
211382,211382217,民族乡,三家子蒙古族乡
211382,211382219,乡,佛爷洞乡
211382,211382220,乡,大王杖子乡
211382,211382222,乡,前进乡
211382,211382223,乡,河坎子乡
211402,211402001,街道,连山街道
211402,211402002,街道,站前街道
211402,211402003,街道,渤海街道
211402,211402004,街道,兴工街道
211402,211402005,街道,石油街道
211402,211402006,街道,化工街道
211402,211402010,街道,锦郊街道
211402,211402011,街道,杨家杖子街道
211402,211402104,镇,钢屯镇
211402,211402105,镇,寺儿堡镇
211402,211402106,镇,新台门镇
211402,211402201,乡,沙河营乡
211402,211402202,乡,孤竹营子乡
211402,211402203,乡,白马石乡
211402,211402205,乡,山神庙子乡
211402,211402206,乡,塔山乡
211402,211402210,乡,杨郊乡
211403,211403001,街道,葫芦岛街道
211403,211403005,街道,龙湾街道
211403,211403006,街道,滨海街道
211403,211403007,街道,双龙街道
211403,211403008,街道,玉皇街道
211403,211403009,街道,连湾街道
211403,211403010,街道,北港街道
211403,211403011,街道,马仗房街道
211403,211403094,街道,望海寺街道
211403,211403211,乡,双树乡
211404,211404002,街道,沙锅屯街道
211404,211404003,街道,邱皮沟街道
211404,211404005,街道,苇子沟街道
211404,211404007,街道,小凌河街道
211404,211404008,街道,九龙街道
211404,211404010,街道,龙腾街道
211404,211404101,镇,缸窑岭镇
211404,211404102,镇,暖池塘镇
211404,211404103,镇,高桥镇
211404,211404104,镇,台集屯镇
211404,211404105,镇,虹螺岘镇
211404,211404106,镇,金星镇
211404,211404201,乡,沙锅屯乡
211404,211404203,乡,黄土坎乡
211404,211404204,乡,大兴乡
211404,211404205,乡,张相公屯乡
211421,211421100,镇,绥中镇
211421,211421101,镇,西甸子镇
211421,211421102,镇,宽邦镇
211421,211421103,镇,大王庙镇
211421,211421104,镇,万家镇
211421,211421105,镇,前所镇
211421,211421106,镇,高岭镇
211421,211421107,镇,前卫镇
211421,211421108,镇,荒地镇
211421,211421109,镇,塔山屯镇
211421,211421113,镇,高台镇
211421,211421114,镇,王宝镇
211421,211421115,镇,沙河镇
211421,211421116,镇,小庄子镇
211421,211421201,民族乡,西平坡满族乡
211421,211421202,民族乡,葛家满族乡
211421,211421204,民族乡,高甸子满族乡
211421,211421206,民族乡,范家满族乡
211421,211421207,民族乡,明水满族乡
211421,211421208,乡,秋子沟乡
211421,211421210,乡,加碑岩乡
211421,211421211,乡,永安堡乡
211421,211421212,乡,李家堡乡
211421,211421214,民族乡,网户满族乡
211421,211421217,乡,城郊乡
211422,211422100,镇,建昌镇
211422,211422101,镇,八家子镇
211422,211422102,镇,喇嘛洞镇
211422,211422103,镇,药王庙镇
211422,211422104,镇,汤神庙镇
211422,211422105,镇,玲珑塔镇
211422,211422106,镇,大屯镇
211422,211422201,乡,牤牛营子乡
211422,211422203,乡,素珠营子乡
211422,211422204,乡,石佛乡
211422,211422206,乡,王宝营子乡
211422,211422207,乡,老大杖子乡
211422,211422208,乡,要路沟乡
211422,211422209,乡,魏家岭乡
211422,211422210,乡,西碱厂乡
211422,211422211,乡,头道营子乡
211422,211422212,乡,新开岭乡
211422,211422213,乡,贺杖子乡
211422,211422214,乡,养马甸子乡
211422,211422215,乡,和尚房子乡
211422,211422218,乡,杨树湾子乡
211422,211422219,乡,黑山科乡
211422,211422220,乡,雷家店乡
211422,211422222,乡,小德营子乡
211422,211422223,民族乡,二道湾子蒙古族乡
211422,211422224,乡,巴什罕乡
211422,211422225,乡,娘娘庙乡
211422,211422226,乡,谷杖子乡
211481,211481001,街道,古城街道
211481,211481002,街道,宁远街道
211481,211481004,街道,温泉街道
211481,211481006,街道,华山街道
211481,211481007,街道,四家屯街道
211481,211481008,街道,菊花街道
211481,211481009,街道,临海街道
211481,211481093,街道,城东街道
211481,211481101,镇,曹庄镇
211481,211481103,镇,沙后所镇
211481,211481104,镇,东辛庄镇
211481,211481105,镇,郭家镇
211481,211481106,镇,红崖子镇
211481,211481107,镇,徐大堡镇
211481,211481108,镇,高家岭镇
211481,211481201,民族乡,羊安满族乡
211481,211481203,民族乡,元台子满族乡
211481,211481204,民族乡,白塔满族乡
211481,211481206,民族乡,望海满族乡
211481,211481207,民族乡,刘台子满族乡
211481,211481208,民族乡,大寨满族乡
211481,211481209,民族乡,南大山满族乡
211481,211481210,民族乡,围屏满族乡
211481,211481212,民族乡,碱厂满族乡
211481,211481213,民族乡,三道沟满族乡
211481,211481215,民族乡,旧门满族乡
211481,211481216,民族乡,药王满族乡
220102,220102001,街道,南岭街道
220102,220102002,街道,自强街道
220102,220102003,街道,民康街道
220102,220102004,街道,新春街道
220102,220102005,街道,长通街道
220102,220102006,街道,全安街道
220102,220102007,街道,曙光街道
220102,220102008,街道,永吉街道
220102,220102009,街道,桃源街道
220102,220102010,街道,永兴街道
220102,220102011,街道,净月街道
220102,220102012,街道,临河街道
220102,220102013,街道,鸿城街道
220102,220102014,街道,明珠街道
220102,220102015,街道,富裕街道
220102,220102016,街道,会展街道
220102,220102017,街道,彩织街道
220102,220102018,街道,博硕街道
220102,220102019,街道,德正街道
220102,220102020,街道,福祉街道
220102,220102021,街道,德容街道
220102,220102022,街道,盛世街道
220102,220102023,街道,德馨街道
220102,220102024,街道,永顺街道
220102,220102100,镇,新立城镇
220102,220102101,镇,新湖镇
220102,220102102,镇,玉潭镇
220102,220102200,乡,幸福乡
220103,220103001,街道,新发街道
220103,220103002,街道,站前街道
220103,220103003,街道,南广街道
220103,220103004,街道,东广街道
220103,220103005,街道,群英街道
220103,220103006,街道,兴业街道
220103,220103007,街道,凯旋街道
220103,220103008,街道,团山街道
220103,220103009,街道,柳影街道
220103,220103010,街道,欣园街道
220103,220103011,街道,北湖街道
220103,220103012,街道,长德街道
220103,220103013,街道,新广街道
220103,220103014,街道,新隆街道
220103,220103015,街道,长新街道
220103,220103101,镇,兰家镇
220103,220103102,镇,兴隆山镇
220103,220103103,镇,米沙子镇
220103,220103104,镇,万宝镇
220103,220103105,镇,合隆镇
220103,220103200,乡,奋进乡
220104,220104001,街道,前进街道
220104,220104002,街道,桂林街道
220104,220104003,街道,南湖街道
220104,220104004,街道,永昌街道
220104,220104005,街道,重庆街道
220104,220104006,街道,清和街道
220104,220104007,街道,红旗街道
220104,220104008,街道,湖西街道
220104,220104009,街道,富锋街道
220104,220104010,街道,硅谷街道
220104,220104011,街道,双德街道
220104,220104012,街道,飞跃街道
220104,220104013,街道,前程街道
220104,220104014,街道,超越街道
220104,220104101,镇,乐山镇
220104,220104102,镇,永春镇
220105,220105001,街道,东盛街道
220105,220105002,街道,吉林街道
220105,220105003,街道,荣光街道
220105,220105004,街道,东站街道
220105,220105005,街道,远达街道
220105,220105006,街道,八里堡街道
220105,220105007,街道,东方广场街道
220105,220105008,街道,长青街道
220105,220105009,街道,世纪街道
220105,220105010,街道,东惠街道
220105,220105101,镇,劝农山镇
220105,220105102,镇,泉眼镇
220105,220105103,镇,英俊镇
220105,220105201,乡,四家乡
220106,220106001,街道,正阳街道
220106,220106002,街道,普阳街道
220106,220106003,街道,锦程街道
220106,220106004,街道,春城街道
220106,220106005,街道,铁西街道
220106,220106006,街道,青年路街道
220106,220106007,街道,东风街道
220106,220106008,街道,林园街道
220106,220106009,街道,同心街道
220106,220106010,街道,富民街道
220106,220106011,街道,迎宾街道
220106,220106012,街道,自立街道
220106,220106013,街道,广兴街道
220106,220106014,街道,锦绣街道
220106,220106100,镇,合心镇
220106,220106101,镇,西新镇
220106,220106102,镇,城西镇
220112,220112001,街道,云山街道
220112,220112002,街道,平湖街道
220112,220112003,街道,奢岭街道
220112,220112004,街道,山河街道
220112,220112101,镇,鹿乡镇
220112,220112102,镇,太平镇
220112,220112104,镇,齐家镇
220112,220112203,民族乡,双营子回族乡
220113,220113001,街道,九台街道
220113,220113002,街道,营城街道
220113,220113003,街道,九郊街道
220113,220113004,街道,西营城街道
220113,220113005,街道,卡伦湖街道
220113,220113006,街道,东湖街道
220113,220113007,街道,土们岭街道
220113,220113008,街道,波泥河街道
220113,220113009,街道,苇子沟街道
220113,220113010,街道,兴隆街道
220113,220113011,街道,纪家街道
220113,220113012,街道,龙嘉街道
220113,220113013,街道,兴港街道
220113,220113014,街道,城子街街道
220113,220113015,街道,沐石河街道
220113,220113016,街道,南山街道
220113,220113102,镇,其塔木镇
220113,220113103,镇,上河湾镇
220113,220113200,民族乡,胡家回族乡
220113,220113201,民族乡,莽卡满族乡
220122,220122001,街道,兴农街道
220122,220122002,街道,宝塔街道
220122,220122003,街道,和谐街道
220122,220122004,街道,黄龙街道
220122,220122100,镇,农安镇
220122,220122101,镇,伏龙泉镇
220122,220122102,镇,哈拉海镇
220122,220122103,镇,靠山镇
220122,220122105,镇,开安镇
220122,220122106,镇,烧锅镇
220122,220122107,镇,高家店镇
220122,220122109,镇,华家镇
220122,220122111,镇,三盛玉镇
220122,220122112,镇,巴吉垒镇
220122,220122113,镇,三岗镇
220122,220122201,乡,前岗乡
220122,220122202,乡,龙王乡
220122,220122204,乡,万顺乡
220122,220122205,乡,杨树林乡
220122,220122207,乡,永安乡
220122,220122208,乡,青山口乡
220122,220122209,乡,黄鱼圈乡
220122,220122210,乡,新农乡
220122,220122211,乡,万金塔乡
220122,220122212,乡,小城子乡
220182,220182001,街道,华昌街道
220182,220182002,街道,正阳街道
220182,220182003,街道,培英街道
220182,220182004,街道,城郊街道
220182,220182100,镇,五棵树镇
220182,220182101,镇,弓棚镇
220182,220182102,镇,闵家镇
220182,220182103,镇,大坡镇
220182,220182104,镇,黑林镇
220182,220182105,镇,土桥镇
220182,220182106,镇,新立镇
220182,220182107,镇,大岭镇
220182,220182108,镇,于家镇
220182,220182109,镇,泗河镇
220182,220182110,镇,八号镇
220182,220182111,镇,刘家镇
220182,220182112,镇,秀水镇
220182,220182113,镇,保寿镇
220182,220182115,镇,新庄镇
220182,220182200,乡,育民乡
220182,220182201,乡,红星乡
220182,220182203,乡,太安乡
220182,220182204,乡,先锋乡
220182,220182208,乡,青山乡
220182,220182209,民族乡,延和朝鲜族乡
220182,220182210,乡,恩育乡
220182,220182211,乡,城发乡
220182,220182213,乡,环城乡
220183,220183001,街道,胜利街道
220183,220183002,街道,建设街道
220183,220183004,街道,惠发街道
220183,220183005,街道,夏家店街道
220183,220183100,镇,大青咀镇
220183,220183101,镇,郭家镇
220183,220183102,镇,松花江镇
220183,220183103,镇,达家沟镇
220183,220183104,镇,大房身镇
220183,220183105,镇,岔路口镇
220183,220183106,镇,朱城子镇
220183,220183110,镇,布海镇
220183,220183111,镇,天台镇
220183,220183112,镇,菜园子镇
220183,220183200,乡,同太乡
220183,220183202,乡,边岗乡
220183,220183203,乡,五台乡
220183,220183204,乡,朝阳乡
220184,220184001,街道,河南街道
220184,220184002,街道,河北街道
220184,220184003,街道,东三街道
220184,220184004,街道,岭东街道
220184,220184005,街道,铁北街道
220184,220184006,街道,岭西街道
220184,220184007,街道,南崴子街道
220184,220184008,街道,刘房子街道
220184,220184009,街道,苇子沟街道
220184,220184010,街道,环岭街道
220184,220184100,镇,二十家子满族镇
220184,220184101,镇,黑林子镇
220184,220184102,镇,陶家屯镇
220184,220184103,镇,范家屯镇
220184,220184104,镇,响水镇
220184,220184105,镇,大岭镇
220184,220184106,镇,怀德镇
220184,220184107,镇,双城堡镇
220184,220184108,镇,双龙镇
220184,220184109,镇,杨大城子镇
220184,220184110,镇,毛城子镇
220184,220184111,镇,玻璃城子镇
220184,220184112,镇,朝阳坡镇
220184,220184113,镇,大榆树镇
220184,220184114,镇,秦家屯镇
220184,220184115,镇,八屋镇
220184,220184116,镇,十屋镇
220184,220184117,镇,桑树台镇
220184,220184200,民族乡,龙山满族乡
220184,220184201,乡,永发乡
220202,220202001,街道,兴华街道
220202,220202002,街道,文庙街道
220202,220202003,街道,东局子街道
220202,220202004,街道,新地号街道
220202,220202005,街道,延安街道
220202,220202006,街道,站前街道
220202,220202007,街道,民主街道
220202,220202008,街道,莲花街道
220202,220202009,街道,通江街道
220202,220202010,街道,哈达湾街道
220202,220202011,街道,新建街道
220202,220202012,街道,延江街道
220202,220202013,街道,双吉街道
220202,220202016,街道,九站街道
220202,220202100,镇,孤店子镇
220202,220202101,镇,桦皮厂镇
220202,220202102,镇,左家镇
220202,220202200,民族乡,两家子满族乡
220202,220202201,民族乡,土城子满族朝鲜族乡
220203,220203001,街道,榆树街道
220203,220203002,街道,遵义街道
220203,220203003,街道,铁东街道
220203,220203004,街道,龙潭街道
220203,220203005,街道,新安街道
220203,220203006,街道,湘潭街道
220203,220203007,街道,龙华街道
220203,220203008,街道,新吉林街道
220203,220203009,街道,山前街道
220203,220203010,街道,泡子沿街道
220203,220203011,街道,靠山街道
220203,220203012,街道,东城街道
220203,220203013,街道,承德街道
220203,220203100,镇,乌拉街满族镇
220203,220203101,镇,缸窑镇
220203,220203102,镇,江密峰镇
220203,220203103,镇,大口钦满族镇
220203,220203104,镇,金珠镇
220203,220203201,乡,江北乡
220204,220204001,街道,德胜街道
220204,220204002,街道,南京街道
220204,220204003,街道,大东街道
220204,220204004,街道,青岛街道
220204,220204005,街道,向阳街道
220204,220204006,街道,北极街道
220204,220204007,街道,致和街道
220204,220204008,街道,长春路街道
220204,220204009,街道,临江街道
220204,220204010,街道,北山街道
220204,220204011,街道,黄旗街道
220204,220204014,街道,新北街道
220204,220204100,镇,大绥河镇
220204,220204101,镇,搜登站镇
220204,220204102,镇,越北镇
220204,220204200,乡,欢喜乡
220211,220211001,街道,泰山街道
220211,220211002,街道,江南街道
220211,220211003,街道,石井街道
220211,220211004,街道,沿丰街道
220211,220211005,街道,丰满街道
220211,220211006,街道,红旗街道
220211,220211007,街道,高新街道
220211,220211008,街道,建华街道
220211,220211100,镇,旺起镇
220211,220211200,乡,江南乡
220211,220211201,乡,小白山乡
220211,220211202,乡,前二道乡
220221,220221101,镇,口前镇
220221,220221102,镇,岔路河镇
220221,220221103,镇,双河镇
220221,220221104,镇,西阳镇
220221,220221105,镇,北大湖镇
220221,220221106,镇,一拉溪镇
220221,220221107,镇,万昌镇
220221,220221203,民族乡,金家满族乡
220221,220221205,乡,黄榆乡
220281,220281001,街道,民主街道
220281,220281002,街道,长安街道
220281,220281003,街道,河南街道
220281,220281005,街道,奶子山街道
220281,220281006,街道,新农街道
220281,220281007,街道,拉法街道
220281,220281009,街道,河北街道
220281,220281100,镇,新站镇
220281,220281101,镇,天岗镇
220281,220281102,镇,白石山镇
220281,220281103,镇,漂河镇
220281,220281104,镇,黄松甸镇
220281,220281106,镇,天北镇
220281,220281107,镇,松江镇
220281,220281108,镇,庆岭镇
220281,220281200,民族乡,乌林朝鲜族乡
220281,220281202,乡,前进乡
220282,220282001,街道,明桦街道
220282,220282002,街道,永吉街道
220282,220282003,街道,胜利街道
220282,220282004,街道,新华街道
220282,220282005,街道,启新街道
220282,220282100,镇,夹皮沟镇
220282,220282102,镇,二道甸子镇
220282,220282103,镇,红石砬子镇
220282,220282104,镇,八道河子镇
220282,220282106,镇,常山镇
220282,220282107,镇,金沙镇
220282,220282200,乡,桦郊乡
220282,220282202,乡,横道河子乡
220282,220282205,乡,公吉乡
220283,220283001,街道,北城街道
220283,220283002,街道,南城街道
220283,220283003,街道,环城街道
220283,220283004,街道,吉舒街道
220283,220283005,街道,滨河街道
220283,220283100,镇,白旗镇
220283,220283101,镇,朝阳镇
220283,220283102,镇,开原镇
220283,220283103,镇,上营镇
220283,220283104,镇,水曲柳镇
220283,220283105,镇,平安镇
220283,220283106,镇,法特镇
220283,220283107,镇,溪河镇
220283,220283108,镇,小城镇
220283,220283109,镇,金马镇
220283,220283200,乡,七里乡
220283,220283202,乡,莲花乡
220283,220283203,乡,亮甲山乡
220283,220283204,乡,天德乡
220283,220283206,乡,新安乡
220284,220284001,街道,东宁街道
220284,220284002,街道,河南街道
220284,220284003,街道,福安街道
220284,220284004,街道,阜康街道
220284,220284100,镇,烟筒山镇
220284,220284101,镇,明城镇
220284,220284102,镇,红旗岭镇
220284,220284103,镇,牛心镇
220284,220284104,镇,石嘴镇
220284,220284105,镇,朝阳山镇
220284,220284106,镇,富太镇
220284,220284107,镇,呼兰镇
220284,220284108,镇,松山镇
220284,220284109,镇,黑石镇
220284,220284110,镇,吉昌镇
220284,220284111,镇,取柴河镇
220284,220284112,镇,驿马镇
220284,220284200,乡,宝山乡
220302,220302001,街道,仁兴街道
220302,220302002,街道,英雄街道
220302,220302003,街道,站前街道
220302,220302004,街道,北沟街道
220302,220302005,街道,地直街道
220302,220302100,镇,十家堡镇
220302,220302101,镇,郭家店镇
220302,220302102,镇,孟家岭镇
220302,220302200,乡,平西乡
220303,220303001,街道,平东街道
220303,220303002,街道,北市场街道
220303,220303003,街道,黄土坑街道
220303,220303004,街道,七马路街道
220303,220303005,街道,四马路街道
220303,220303006,街道,解放街道
220303,220303007,街道,北门街道
220303,220303008,街道,平南街道
220303,220303100,镇,山门镇
220303,220303103,镇,石岭镇
220303,220303110,镇,叶赫满族镇
220303,220303200,乡,城东乡
220322,220322001,街道,富强街道
220322,220322002,街道,康平街道
220322,220322003,街道,霍家店街道
220322,220322100,镇,梨树镇
220322,220322102,镇,榆树台镇
220322,220322105,镇,小城子镇
220322,220322106,镇,喇嘛甸镇
220322,220322107,镇,蔡家镇
220322,220322108,镇,刘家馆子镇
220322,220322113,镇,万发镇
220322,220322114,镇,东河镇
220322,220322115,镇,沈洋镇
220322,220322116,镇,林海镇
220322,220322117,镇,小宽镇
220322,220322118,镇,孤家子镇
220322,220322202,乡,白山乡
220322,220322204,乡,泉眼岭乡
220322,220322205,乡,胜利乡
220322,220322206,乡,四棵树乡
220322,220322207,乡,双河乡
220322,220322208,乡,金山乡
220323,220323001,街道,永盛街道
220323,220323002,街道,永宁街道
220323,220323100,镇,伊通镇
220323,220323101,镇,二道镇
220323,220323102,镇,伊丹镇
220323,220323103,镇,马鞍山镇
220323,220323104,镇,景台镇
220323,220323105,镇,靠山镇
220323,220323106,镇,大孤山镇
220323,220323107,镇,小孤山镇
220323,220323108,镇,营城子镇
220323,220323109,镇,西苇镇
220323,220323110,镇,河源镇
220323,220323111,镇,黄岭子镇
220323,220323200,乡,新兴乡
220323,220323201,乡,莫里青乡
220323,220323203,乡,三道乡
220382,220382001,街道,郑家屯街道
220382,220382002,街道,辽东街道
220382,220382003,街道,辽西街道
220382,220382004,街道,辽南街道
220382,220382005,街道,辽北街道
220382,220382006,街道,红旗街道
220382,220382100,镇,茂林镇
220382,220382101,镇,双山镇
220382,220382102,镇,卧虎镇
220382,220382103,镇,服先镇
220382,220382105,镇,王奔镇
220382,220382106,镇,玻璃山镇
220382,220382107,镇,兴隆镇
220382,220382108,镇,东明镇
220382,220382200,民族乡,那木斯蒙古族乡
220382,220382201,乡,柳条乡
220382,220382202,乡,新立乡
220382,220382203,乡,永加乡
220402,220402001,街道,南康街道
220402,220402002,街道,北寿街道
220402,220402003,街道,东吉街道
220402,220402004,街道,西宁街道
220402,220402005,街道,站前街道
220402,220402006,街道,新兴街道
220402,220402007,街道,福镇街道
220402,220402008,街道,向阳街道
220402,220402100,镇,寿山镇
220402,220402200,乡,工农乡
220403,220403001,街道,仙城街道
220403,220403002,街道,太安街道
220403,220403003,街道,东山街道
220403,220403004,街道,安家街道
220403,220403005,街道,先锋街道
220403,220403006,街道,富国街道
220403,220403100,镇,灯塔镇
220421,220421001,街道,吉鹿街道
220421,220421002,街道,祥鹿街道
220421,220421003,街道,福鹿街道
220421,220421100,镇,东丰镇
220421,220421101,镇,大阳镇
220421,220421102,镇,横道河镇
220421,220421103,镇,那丹伯镇
220421,220421104,镇,猴石镇
220421,220421105,镇,杨木林镇
220421,220421106,镇,小四平镇
220421,220421107,镇,黄河镇
220421,220421108,镇,拉拉河镇
220421,220421109,镇,沙河镇
220421,220421110,镇,南屯基镇
220421,220421111,镇,大兴镇
220421,220421201,民族乡,三合满族朝鲜族乡
220421,220421207,乡,二龙山乡
220422,220422001,街道,东顺街道
220422,220422100,镇,白泉镇
220422,220422101,镇,渭津镇
220422,220422102,镇,安石镇
220422,220422103,镇,辽河源镇
220422,220422104,镇,泉太镇
220422,220422105,镇,建安镇
220422,220422106,镇,安恕镇
220422,220422107,镇,平岗镇
220422,220422111,镇,云顶镇
220422,220422200,乡,凌云乡
220422,220422201,乡,甲山乡
220422,220422202,乡,足民乡
220422,220422204,乡,金州乡
220502,220502001,街道,东昌街道
220502,220502002,街道,民主街道
220502,220502003,街道,老站街道
220502,220502004,街道,团结街道
220502,220502005,街道,新站街道
220502,220502006,街道,光明街道
220502,220502007,街道,龙泉街道
220502,220502008,街道,滨江街道
220502,220502009,街道,陆港街道
220502,220502100,镇,金厂镇
220502,220502200,乡,环通乡
220502,220502201,乡,江东乡
220503,220503001,街道,桃园街道
220503,220503002,街道,东通化街道
220503,220503100,镇,鸭园镇
220503,220503101,镇,铁厂镇
220503,220503102,镇,五道江镇
220503,220503200,乡,二道江乡
220521,220521001,街道,茂山街道
220521,220521002,街道,东安街道
220521,220521100,镇,快大茂镇
220521,220521103,镇,二密镇
220521,220521104,镇,果松镇
220521,220521105,镇,石湖镇
220521,220521106,镇,大安镇
220521,220521107,镇,光华镇
220521,220521108,镇,兴林镇
220521,220521109,镇,英额布镇
220521,220521110,镇,三棵榆树镇
220521,220521111,镇,西江镇
220521,220521202,乡,富江乡
220521,220521203,乡,四棚乡
220521,220521205,乡,东来乡
220521,220521207,民族乡,大泉源满族朝鲜族乡
220521,220521208,民族乡,金斗朝鲜族满族乡
220523,220523001,街道,东凤街道
220523,220523002,街道,朝辉街道
220523,220523003,街道,西凤街道
220523,220523100,镇,朝阳镇
220523,220523101,镇,辉南镇
220523,220523102,镇,样子哨镇
220523,220523103,镇,杉松岗镇
220523,220523104,镇,石道河镇
220523,220523105,镇,辉发城镇
220523,220523106,镇,抚民镇
220523,220523108,镇,金川镇
220523,220523110,镇,团林镇
220523,220523111,镇,庆阳镇
220523,220523200,民族乡,楼街朝鲜族乡
220524,220524001,街道,采胜街道
220524,220524002,街道,中岗街道
220524,220524003,街道,导航街道
220524,220524100,镇,柳河镇
220524,220524101,镇,三源浦朝鲜族镇
220524,220524102,镇,五道沟镇
220524,220524103,镇,驼腰岭镇
220524,220524104,镇,孤山子镇
220524,220524105,镇,圣水河子镇
220524,220524106,镇,罗通山镇
220524,220524107,镇,安口镇
220524,220524108,镇,向阳镇
220524,220524109,镇,红石镇
220524,220524110,镇,凉水河子镇
220524,220524111,镇,亨通镇
220524,220524201,乡,柳南乡
220524,220524202,乡,时家店乡
220524,220524203,民族乡,姜家店朝鲜族乡
220581,220581001,街道,新华街道
220581,220581002,街道,和平街道
220581,220581003,街道,光明街道
220581,220581004,街道,解放街道
220581,220581005,街道,福民街道
220581,220581100,镇,山城镇
220581,220581101,镇,红梅镇
220581,220581102,镇,海龙镇
220581,220581103,镇,新合镇
220581,220581105,镇,曙光镇
220581,220581106,镇,中和镇
220581,220581107,镇,黑山头镇
220581,220581108,镇,水道镇
220581,220581109,镇,进化镇
220581,220581110,镇,一座营镇
220581,220581111,镇,康大营镇
220581,220581112,镇,牛心顶镇
220581,220581113,镇,湾龙镇
220581,220581114,镇,杏岭镇
220581,220581115,镇,兴华镇
220581,220581116,镇,双兴镇
220581,220581203,乡,李炉乡
220581,220581207,民族乡,小杨满族朝鲜族乡
220581,220581209,乡,吉乐乡
220582,220582001,街道,团结街道
220582,220582002,街道,黎明街道
220582,220582003,街道,通胜街道
220582,220582004,街道,城东街道
220582,220582100,镇,青石镇
220582,220582101,镇,榆林镇
220582,220582102,镇,花甸镇
220582,220582103,镇,头道镇
220582,220582104,镇,清河镇
220582,220582105,镇,台上镇
220582,220582106,镇,财源镇
220582,220582107,镇,大路镇
220582,220582108,镇,太王镇
220582,220582200,乡,麻线乡
220582,220582201,民族乡,凉水朝鲜族乡
220602,220602001,街道,新建街道
220602,220602002,街道,通沟街道
220602,220602003,街道,东兴街道
220602,220602004,街道,红旗街道
220602,220602005,街道,河口街道
220602,220602006,街道,板石街道
220602,220602007,街道,江北街道
220602,220602008,街道,城南街道
220602,220602101,镇,六道江镇
220602,220602102,镇,红土崖镇
220602,220602103,镇,三道沟镇
220602,220602104,镇,七道江镇
220605,220605001,街道,孙家堡子街道
220605,220605002,街道,江源街道
220605,220605003,街道,正岔街道
220605,220605004,街道,城墙街道
220605,220605102,镇,湾沟镇
220605,220605103,镇,松树镇
220605,220605104,镇,砟子镇
220605,220605105,镇,石人镇
220605,220605106,镇,大阳岔镇
220605,220605107,镇,大石人镇
220621,220621100,镇,抚松镇
220621,220621101,镇,松江河镇
220621,220621102,镇,泉阳镇
220621,220621103,镇,露水河镇
220621,220621104,镇,仙人桥镇
220621,220621105,镇,万良镇
220621,220621106,镇,新屯子镇
220621,220621107,镇,东岗镇
220621,220621108,镇,漫江镇
220621,220621109,镇,北岗镇
220621,220621110,镇,兴参镇
220621,220621202,乡,兴隆乡
220621,220621203,乡,抽水乡
220621,220621205,乡,沿江乡
220622,220622100,镇,靖宇镇
220622,220622101,镇,三道湖镇
220622,220622102,镇,龙泉镇
220622,220622103,镇,那尔轰镇
220622,220622104,镇,花园口镇
220622,220622105,镇,景山镇
220622,220622106,镇,赤松镇
220622,220622203,乡,濛江乡
220623,220623100,镇,长白镇
220623,220623101,镇,八道沟镇
220623,220623102,镇,十四道沟镇
220623,220623103,镇,马鹿沟镇
220623,220623104,镇,宝泉山镇
220623,220623105,镇,新房子镇
220623,220623106,镇,十二道沟镇
220623,220623200,乡,金华乡
220681,220681001,街道,建国街道
220681,220681002,街道,新市街道
220681,220681003,街道,兴隆街道
220681,220681004,街道,大湖街道
220681,220681005,街道,森工街道
220681,220681006,街道,大栗子街道
220681,220681101,镇,桦树镇
220681,220681102,镇,六道沟镇
220681,220681103,镇,苇沙河镇
220681,220681104,镇,花山镇
220681,220681105,镇,闹枝镇
220681,220681106,镇,四道沟镇
220681,220681200,乡,蚂蚁河乡
220702,220702001,街道,团结街道
220702,220702002,街道,文化街道
220702,220702003,街道,民主街道
220702,220702004,街道,临江街道
220702,220702005,街道,新区街道
220702,220702006,街道,前进街道
220702,220702007,街道,和平街道
220702,220702008,街道,工农街道
220702,220702009,街道,沿江街道
220702,220702010,街道,铁西街道
220702,220702011,街道,繁荣街道
220702,220702012,街道,建设街道
220702,220702013,街道,石化街道
220702,220702014,街道,伯都讷街道
220702,220702015,街道,长宁街道
220702,220702016,街道,镜湖街道
220702,220702017,街道,滨江街道
220702,220702100,镇,大洼镇
220702,220702102,镇,善友镇
220702,220702103,镇,毛都站镇
220702,220702104,镇,哈达山镇
220702,220702200,乡,新城乡
220702,220702202,乡,伯都乡
220702,220702204,乡,兴原乡
220721,220721001,街道,阿穆尔街道
220721,220721002,街道,萨日朗街道
220721,220721003,街道,哈达街道
220721,220721100,镇,前郭尔罗斯镇
220721,220721102,镇,长山镇
220721,220721103,镇,海勃日戈镇
220721,220721104,镇,乌兰图嘎镇
220721,220721105,镇,查干花镇
220721,220721106,镇,王府站镇
220721,220721107,镇,八郎镇
220721,220721108,镇,哈拉毛都镇
220721,220721109,镇,查干湖镇
220721,220721200,乡,宝甸乡
220721,220721201,乡,平凤乡
220721,220721205,乡,达里巴乡
220721,220721206,乡,吉拉吐乡
220721,220721207,乡,白依拉嘎乡
220721,220721208,乡,洪泉乡
220721,220721209,乡,额如乡
220721,220721210,乡,套浩太乡
220721,220721211,乡,长龙乡
220721,220721212,乡,乌兰塔拉乡
220721,220721213,乡,东三家子乡
220721,220721214,乡,浩特芒哈乡
220721,220721215,乡,乌兰敖都乡
220722,220722001,街道,长盛街道
220722,220722002,街道,长治街道
220722,220722003,街道,长久街道
220722,220722100,镇,长岭镇
220722,220722101,镇,太平川镇
220722,220722102,镇,巨宝山镇
220722,220722103,镇,太平山镇
220722,220722104,镇,前七号镇
220722,220722105,镇,新安镇
220722,220722106,镇,三青山镇
220722,220722107,镇,大兴镇
220722,220722108,镇,北正镇
220722,220722109,镇,流水镇
220722,220722110,镇,永久镇
220722,220722111,镇,利发盛镇
220722,220722202,乡,集体乡
220722,220722203,乡,光明乡
220722,220722204,乡,三县堡乡
220722,220722205,乡,海青乡
220722,220722206,乡,前进乡
220722,220722207,乡,东岭乡
220722,220722209,乡,腰坨子乡
220722,220722210,乡,八十八乡
220722,220722213,乡,三团乡
220722,220722214,乡,三十号乡
220723,220723001,街道,荣业街道
220723,220723002,街道,驰誉街道
220723,220723003,街道,如松街道
220723,220723100,镇,乾安镇
220723,220723101,镇,大布苏镇
220723,220723102,镇,水字镇
220723,220723103,镇,让字镇
220723,220723104,镇,所字镇
220723,220723105,镇,安字镇
220723,220723200,乡,余字乡
220723,220723203,乡,道字乡
220723,220723206,乡,严字乡
220723,220723207,乡,赞字乡
220781,220781001,街道,和兴街道
220781,220781002,街道,育才街道
220781,220781003,街道,联盟街道
220781,220781004,街道,士英街道
220781,220781005,街道,铁西街道
220781,220781100,镇,三岔河镇
220781,220781101,镇,长春岭镇
220781,220781102,镇,五家站镇
220781,220781103,镇,陶赖昭镇
220781,220781104,镇,蔡家沟镇
220781,220781105,镇,弓棚子镇
220781,220781106,镇,三井子镇
220781,220781107,镇,增盛镇
220781,220781108,镇,新万发镇
220781,220781109,镇,大林子镇
220781,220781110,镇,新源镇
220781,220781111,镇,得胜镇
220781,220781200,民族乡,三骏满族蒙古族锡伯族乡
220781,220781201,乡,永平乡
220781,220781202,乡,新站乡
220781,220781203,乡,更新乡
220781,220781204,乡,肖家乡
220802,220802001,街道,海明街道
220802,220802002,街道,长庆街道
220802,220802003,街道,瑞光街道
220802,220802004,街道,明仁街道
220802,220802005,街道,铁东街道
220802,220802006,街道,城南街道
220802,220802007,街道,新立街道
220802,220802008,街道,幸福街道
220802,220802009,街道,新华街道
220802,220802010,街道,保平街道
220802,220802011,街道,西郊街道
220802,220802012,街道,官银号街道
220802,220802100,镇,岭下镇
220802,220802101,镇,平安镇
220802,220802102,镇,青山镇
220802,220802103,镇,林海镇
220802,220802104,镇,洮河镇
220802,220802105,镇,平台镇
220802,220802106,镇,到保镇
220802,220802201,乡,东风乡
220802,220802202,乡,三合乡
220802,220802204,乡,金祥乡
220802,220802205,乡,东胜乡
220802,220802206,民族乡,德顺蒙古族乡
220821,220821001,街道,鹤城街道
220821,220821002,街道,镇东街道
220821,220821003,街道,赉北街道
220821,220821100,镇,镇赉镇
220821,220821101,镇,坦途镇
220821,220821102,镇,东屏镇
220821,220821103,镇,大屯镇
220821,220821105,镇,沿江镇
220821,220821106,镇,五棵树镇
220821,220821107,镇,黑鱼泡镇
220821,220821201,民族乡,哈吐气蒙古族乡
220821,220821203,民族乡,莫莫格蒙古族乡
220821,220821205,乡,建平乡
220821,220821206,乡,嘎什根乡
220822,220822001,街道,树满街道
220822,220822002,街道,八区街道
220822,220822003,街道,迎新街道
220822,220822004,街道,永青街道
220822,220822100,镇,开通镇
220822,220822101,镇,瞻榆镇
220822,220822102,镇,双岗镇
220822,220822103,镇,兴隆山镇
220822,220822104,镇,边昭镇
220822,220822105,镇,鸿兴镇
220822,220822107,镇,新华镇
220822,220822108,镇,乌兰花镇
220822,220822201,乡,新发乡
220822,220822202,乡,新兴乡
220822,220822204,民族乡,向海蒙古族乡
220822,220822205,民族乡,包拉温都蒙古族乡
220822,220822206,乡,团结乡
220822,220822207,乡,十花道乡
220822,220822208,乡,八面乡
220822,220822209,乡,苏公坨乡
220881,220881001,街道,团结街道
220881,220881002,街道,富文街道
220881,220881003,街道,光明街道
220881,220881004,街道,兴隆街道
220881,220881005,街道,永康街道
220881,220881006,街道,通达街道
220881,220881007,街道,向阳街道
220881,220881008,街道,洮府街道
220881,220881100,镇,瓦房镇
220881,220881101,镇,万宝镇
220881,220881102,镇,黑水镇
220881,220881103,镇,那金镇
220881,220881104,镇,安定镇
220881,220881105,镇,福顺镇
220881,220881200,民族乡,胡力吐蒙古族乡
220881,220881201,乡,万宝乡
220881,220881202,乡,聚宝乡
220881,220881204,乡,东升乡
220881,220881205,乡,野马乡
220881,220881206,乡,永茂乡
220881,220881208,乡,蛟流河乡
220881,220881209,乡,大通乡
220881,220881212,乡,二龙乡
220881,220881214,民族乡,呼和车力蒙古族乡
220882,220882001,街道,慧阳街道
220882,220882002,街道,临江街道
220882,220882003,街道,长虹街道
220882,220882004,街道,锦华街道
220882,220882005,街道,安北街道
220882,220882100,镇,月亮泡镇
220882,220882101,镇,安广镇
220882,220882102,镇,丰收镇
220882,220882103,镇,新平安镇
220882,220882104,镇,两家子镇
220882,220882105,镇,舍力镇
220882,220882106,镇,大岗子镇
220882,220882107,镇,叉干镇
220882,220882108,镇,龙沼镇
220882,220882109,镇,太山镇
220882,220882200,乡,四棵树乡
220882,220882201,乡,联合乡
220882,220882203,乡,乐胜乡
220882,220882204,乡,大赉乡
220882,220882205,乡,红岗子乡
220882,220882208,乡,烧锅镇乡
220882,220882210,乡,海坨乡
220882,220882211,民族乡,新艾里蒙古族乡
222401,222401001,街道,进学街道
222401,222401002,街道,北山街道
222401,222401003,街道,新兴街道
222401,222401004,街道,公园街道
222401,222401005,街道,河南街道
222401,222401006,街道,建工街道
222401,222401100,镇,小营镇
222401,222401101,镇,依兰镇
222401,222401102,镇,三道湾镇
222401,222401103,镇,朝阳川镇
222402,222402001,街道,向上街道
222402,222402002,街道,新华街道
222402,222402003,街道,月宫街道
222402,222402100,镇,月晴镇
222402,222402101,镇,石岘镇
222402,222402102,镇,长安镇
222402,222402103,镇,凉水镇
222403,222403001,街道,渤海街道
222403,222403002,街道,胜利街道
222403,222403003,街道,民主街道
222403,222403004,街道,丹江街道
222403,222403100,镇,大石头镇
222403,222403101,镇,黄泥河镇
222403,222403102,镇,官地镇
222403,222403103,镇,沙河沿镇
222403,222403104,镇,秋梨沟镇
222403,222403105,镇,额穆镇
222403,222403106,镇,贤儒镇
222403,222403107,镇,大蒲柴河镇
222403,222403108,镇,雁鸣湖镇
222403,222403109,镇,江源镇
222403,222403110,镇,江南镇
222403,222403200,乡,大桥乡
222403,222403201,乡,黑石乡
222403,222403202,乡,青沟子乡
222403,222403203,乡,翰章乡
222403,222403204,乡,红石乡
222404,222404001,街道,靖和街道
222404,222404002,街道,新安街道
222404,222404003,街道,河南街道
222404,222404004,街道,近海街道
222404,222404006,街道,海东街道
222404,222404100,镇,春化镇
222404,222404101,镇,敬信镇
222404,222404102,镇,板石镇
222404,222404103,镇,英安镇
222404,222404200,乡,马川子乡
222404,222404201,民族乡,杨泡满族乡
222404,222404202,民族乡,三家子满族乡
222404,222404203,乡,密江乡
222404,222404204,乡,哈达门乡
222405,222405001,街道,安民街道
222405,222405002,街道,龙门街道
222405,222405005,街道,梨园街道
222405,222405100,镇,开山屯镇
222405,222405102,镇,老头沟镇
222405,222405103,镇,三合镇
222405,222405104,镇,东盛涌镇
222405,222405105,镇,智新镇
222405,222405200,乡,德新乡
222405,222405201,乡,白金乡
222406,222406001,街道,民惠街道
222406,222406002,街道,光明街道
222406,222406003,街道,文化街道
222406,222406100,镇,八家子镇
222406,222406101,镇,福洞镇
222406,222406102,镇,头道镇
222406,222406103,镇,西城镇
222406,222406104,镇,南坪镇
222406,222406105,镇,东城镇
222406,222406106,镇,崇善镇
222406,222406108,镇,龙城镇
222424,222424001,街道,大川街道
222424,222424002,街道,新民街道
222424,222424003,街道,长荣街道
222424,222424101,镇,大兴沟镇
222424,222424102,镇,天桥岭镇
222424,222424103,镇,罗子沟镇
222424,222424104,镇,百草沟镇
222424,222424105,镇,春阳镇
222424,222424106,镇,复兴镇
222424,222424107,镇,东光镇
222424,222424109,镇,汪清镇
222424,222424202,乡,鸡冠乡
222426,222426001,街道,九龙街道
222426,222426002,街道,瓮声街道
222426,222426003,街道,长兴街道
222426,222426100,镇,明月镇
222426,222426101,镇,松江镇
222426,222426102,镇,二道白河镇
222426,222426103,镇,两江镇
222426,222426104,镇,石门镇
222426,222426105,镇,万宝镇
222426,222426106,镇,亮兵镇
222426,222426201,乡,新合乡
222426,222426202,乡,永庆乡
230102,230102001,街道,兆麟街道
230102,230102002,街道,新阳路街道
230102,230102003,街道,抚顺街道
230102,230102004,街道,共乐街道
230102,230102005,街道,新华街道
230102,230102006,街道,城乡路街道
230102,230102007,街道,工农街道
230102,230102008,街道,尚志街道
230102,230102009,街道,斯大林街道
230102,230102010,街道,通江街道
230102,230102011,街道,经纬街道
230102,230102012,街道,工程街道
230102,230102013,街道,安静街道
230102,230102014,街道,安和街道
230102,230102015,街道,正阳河街道
230102,230102016,街道,建国街道
230102,230102017,街道,康安街道
230102,230102018,街道,爱建街道
230102,230102019,街道,群力街道
230102,230102101,镇,太平镇
230102,230102102,镇,新发镇
230102,230102103,镇,新农镇
230102,230102104,镇,榆树镇
230103,230103001,街道,花园街道
230103,230103002,街道,奋斗路街道
230103,230103003,街道,革新街道
230103,230103004,街道,文化街道
230103,230103005,街道,大成街道
230103,230103006,街道,芦家街道
230103,230103007,街道,荣市街道
230103,230103009,街道,燎原街道
230103,230103010,街道,松花江街道
230103,230103011,街道,曲线街道
230103,230103012,街道,通达街道
230103,230103013,街道,七政街道
230103,230103015,街道,和兴路街道
230103,230103016,街道,哈西街道
230103,230103017,街道,保健路街道
230103,230103018,街道,先锋路街道
230103,230103019,街道,新春街道
230103,230103020,街道,跃进街道
230103,230103101,镇,王岗镇
230103,230103201,民族乡,红旗满族乡
230104,230104001,街道,靖宇街道
230104,230104002,街道,太古街道
230104,230104003,街道,东莱街道
230104,230104004,街道,滨江街道
230104,230104005,街道,仁里街道
230104,230104007,街道,崇俭街道
230104,230104008,街道,振江街道
230104,230104009,街道,东原街道
230104,230104010,街道,大兴街道
230104,230104011,街道,胜利街道
230104,230104012,街道,南马路街道
230104,230104021,街道,民强街道
230104,230104022,街道,大有坊街道
230104,230104023,街道,南直路街道
230104,230104024,街道,化工街道
230104,230104025,街道,火车头街道
230104,230104026,街道,新一街道
230104,230104027,街道,三棵树大街街道
230104,230104028,街道,水泥路街道
230104,230104029,街道,太平大街街道
230104,230104030,街道,黎华街道
230104,230104031,街道,新乐街道
230104,230104033,街道,南市街道
230104,230104111,镇,团结镇
230104,230104112,镇,永源镇
230104,230104113,镇,巨源镇
230104,230104114,镇,民主镇
230108,230108001,街道,兴建街道
230108,230108002,街道,保国街道
230108,230108003,街道,联盟街道
230108,230108004,街道,友协街道
230108,230108005,街道,新疆街道
230108,230108006,街道,新伟街道
230108,230108007,街道,平新街道
230108,230108008,街道,平盛街道
230108,230108009,街道,建安街道
230108,230108101,镇,平房镇
230109,230109002,街道,太阳岛街道
230109,230109003,街道,船口街道
230109,230109004,街道,松祥街道
230109,230109005,街道,松安街道
230109,230109006,街道,松北街道
230109,230109007,街道,松浦街道
230109,230109101,镇,对青山镇
230109,230109102,镇,乐业镇
230109,230109104,镇,万宝镇
230110,230110001,街道,香坊大街街道
230110,230110002,街道,安埠街道
230110,230110003,街道,通天街道
230110,230110004,街道,新香坊街道
230110,230110005,街道,铁东街道
230110,230110006,街道,新成街道
230110,230110007,街道,红旗街道
230110,230110008,街道,六顺街道
230110,230110009,街道,建筑街道
230110,230110010,街道,哈平路街道
230110,230110011,街道,安乐街道
230110,230110012,街道,健康路街道
230110,230110013,街道,大庆路街道
230110,230110014,街道,进乡街道
230110,230110015,街道,通乡街道
230110,230110016,街道,和平路街道
230110,230110017,街道,民生路街道
230110,230110018,街道,文政街道
230110,230110019,街道,王兆街道
230110,230110020,街道,黎明街道
230110,230110101,镇,成高子镇
230110,230110102,镇,朝阳镇
230110,230110103,镇,幸福镇
230110,230110104,镇,向阳镇
230111,230111001,街道,呼兰街道
230111,230111002,街道,兰河街道
230111,230111003,街道,腰堡街道
230111,230111004,街道,利民街道
230111,230111005,街道,康金街道
230111,230111006,街道,双井街道
230111,230111007,街道,建设路街道
230111,230111008,街道,学院路街道
230111,230111009,街道,长岭街道
230111,230111010,街道,沈家街道
230111,230111011,街道,南京路街道
230111,230111012,街道,裕民街道
230111,230111013,街道,裕田街道
230111,230111014,街道,裕强街道
230111,230111015,街道,萧乡街道
230111,230111016,街道,公园路街道
230111,230111017,街道,利业街道
230111,230111105,镇,二八镇
230111,230111106,镇,石人镇
230111,230111107,镇,白奎镇
230111,230111109,镇,方台镇
230111,230111110,镇,莲花镇
230111,230111111,镇,大用镇
230111,230111201,乡,杨林乡
230111,230111203,乡,许堡乡
230111,230111205,乡,孟家乡
230112,230112001,街道,金城街道
230112,230112002,街道,金都街道
230112,230112003,街道,通城街道
230112,230112004,街道,河东街道
230112,230112005,街道,阿什河街道
230112,230112006,街道,玉泉街道
230112,230112007,街道,新利街道
230112,230112008,街道,舍利街道
230112,230112009,街道,双丰街道
230112,230112010,街道,小岭街道
230112,230112011,街道,亚沟街道
230112,230112012,街道,交界街道
230112,230112013,街道,蜚克图街道
230112,230112014,街道,杨树街道
230112,230112015,街道,料甸街道
230112,230112107,镇,平山镇
230112,230112108,镇,松峰山镇
230112,230112109,镇,红星镇
230112,230112110,镇,金龙山镇
230113,230113001,街道,五家街道
230113,230113002,街道,新兴街道
230113,230113003,街道,兰棱街道
230113,230113004,街道,周家街道
230113,230113005,街道,公正街道
230113,230113006,街道,承旭街道
230113,230113007,街道,承恩街道
230113,230113008,街道,永治街道
230113,230113009,街道,永和街道
230113,230113010,街道,幸福街道
230113,230113104,镇,韩甸镇
230113,230113105,镇,单城镇
230113,230113106,镇,东官镇
230113,230113107,镇,农丰镇
230113,230113108,镇,杏山镇
230113,230113110,镇,西官镇
230113,230113112,镇,联兴镇
230113,230113113,镇,永胜镇
230113,230113114,镇,胜丰镇
230113,230113160,镇,双城镇
230113,230113201,乡,金城乡
230113,230113202,民族乡,青岭满族乡
230113,230113206,乡,临江乡
230113,230113207,乡,水泉乡
230113,230113208,民族乡,乐群满族乡
230113,230113209,乡,万隆乡
230113,230113210,民族乡,希勤满族乡
230113,230113211,民族乡,同心满族乡
230113,230113260,乡,朝阳乡
230113,230113604,民族乡,幸福满族乡
230123,230123100,镇,依兰镇
230123,230123101,镇,达连河镇
230123,230123102,镇,江湾镇
230123,230123103,镇,三道岗镇
230123,230123104,镇,道台桥镇
230123,230123105,镇,宏克力镇
230123,230123205,乡,团山子乡
230123,230123206,乡,愚公乡
230123,230123210,民族乡,迎兰朝鲜族乡
230124,230124100,镇,方正镇
230124,230124101,镇,会发镇
230124,230124102,镇,大罗密镇
230124,230124103,镇,得莫利镇
230124,230124104,镇,高楞镇
230124,230124200,乡,天门乡
230124,230124201,乡,松南乡
230124,230124202,乡,德善乡
230124,230124204,乡,宝兴乡
230125,230125100,镇,宾州镇
230125,230125101,镇,居仁镇
230125,230125102,镇,宾西镇
230125,230125103,镇,糖坊镇
230125,230125104,镇,宾安镇
230125,230125105,镇,新甸镇
230125,230125106,镇,胜利镇
230125,230125107,镇,宁远镇
230125,230125109,镇,摆渡镇
230125,230125110,镇,平坊镇
230125,230125111,镇,满井镇
230125,230125112,镇,常安镇
230125,230125201,乡,永和乡
230125,230125203,乡,鸟河乡
230125,230125204,乡,民和乡
230125,230125205,乡,经建乡
230125,230125210,乡,三宝乡
230126,230126100,镇,巴彦镇
230126,230126101,镇,兴隆镇
230126,230126102,镇,西集镇
230126,230126103,镇,洼兴镇
230126,230126104,镇,龙泉镇
230126,230126105,镇,巴彦港镇
230126,230126106,镇,龙庙镇
230126,230126107,镇,万发镇
230126,230126108,镇,天增镇
230126,230126110,镇,黑山镇
230126,230126200,乡,松花江乡
230126,230126202,乡,富江乡
230126,230126204,乡,华山乡
230126,230126205,乡,丰乐乡
230126,230126209,乡,德祥乡
230126,230126210,乡,红光乡
230126,230126212,乡,山后乡
230126,230126214,乡,镇东乡
230127,230127100,镇,木兰镇
230127,230127101,镇,东兴镇
230127,230127102,镇,大贵镇
230127,230127103,镇,利东镇
230127,230127104,镇,柳河镇
230127,230127105,镇,新民镇
230127,230127200,乡,建国乡
230127,230127203,乡,吉兴乡
230128,230128100,镇,通河镇
230128,230128101,镇,乌鸦泡镇
230128,230128102,镇,清河镇
230128,230128103,镇,浓河镇
230128,230128104,镇,凤山镇
230128,230128105,镇,祥顺镇
230128,230128106,镇,富林镇
230128,230128107,镇,三站镇
230129,230129100,镇,延寿镇
230129,230129101,镇,六团镇
230129,230129102,镇,中和镇
230129,230129103,镇,加信镇
230129,230129104,镇,延河镇
230129,230129105,镇,玉河镇
230129,230129204,乡,安山乡
230129,230129205,乡,寿山乡
230129,230129209,乡,青川乡
230183,230183100,镇,尚志镇
230183,230183101,镇,一面坡镇
230183,230183102,镇,苇河镇
230183,230183103,镇,亚布力镇
230183,230183104,镇,帽儿山镇
230183,230183105,镇,亮河镇
230183,230183106,镇,庆阳镇
230183,230183107,镇,石头河子镇
230183,230183108,镇,元宝镇
230183,230183109,镇,黑龙宫镇
230183,230183202,乡,长寿乡
230183,230183204,乡,乌吉密乡
230183,230183206,民族乡,鱼池朝鲜族乡
230183,230183207,乡,珍珠山乡
230183,230183208,乡,老街基乡
230183,230183209,乡,马延乡
230183,230183211,民族乡,河东朝鲜族乡
230184,230184100,镇,五常镇
230184,230184101,镇,拉林镇
230184,230184102,镇,山河镇
230184,230184103,镇,小山子镇
230184,230184104,镇,安家镇
230184,230184105,镇,牛家镇
230184,230184106,镇,杜家镇
230184,230184107,镇,背荫河镇
230184,230184108,镇,冲河镇
230184,230184109,镇,沙河子镇
230184,230184110,镇,向阳镇
230184,230184111,镇,龙凤山镇
230184,230184200,乡,兴盛乡
230184,230184201,乡,志广乡
230184,230184202,乡,卫国乡
230184,230184203,乡,常堡乡
230184,230184206,乡,民意乡
230184,230184209,民族乡,红旗满族乡
230184,230184210,乡,八家子乡
230184,230184211,民族乡,民乐朝鲜族乡
230184,230184212,民族乡,营城子满族乡
230184,230184214,乡,长山乡
230184,230184215,乡,兴隆乡
230184,230184216,乡,二河乡
230202,230202001,街道,五龙街道
230202,230202002,街道,湖滨街道
230202,230202004,街道,正阳街道
230202,230202005,街道,彩虹街道
230202,230202007,街道,江安街道
230202,230202008,街道,南航街道
230202,230202009,街道,大民街道
230203,230203003,街道,中华街道
230203,230203004,街道,西大桥街道
230203,230203005,街道,卜奎街道
230203,230203006,街道,建设街道
230203,230203007,街道,文化街道
230203,230203008,街道,溪畔街道
230203,230203009,街道,北华街道
230204,230204001,街道,站前街道
230204,230204002,街道,南浦街道
230204,230204003,街道,通东街道
230204,230204004,街道,光荣街道
230204,230204005,街道,龙华街道
230204,230204006,街道,北局宅街道
230204,230204008,街道,东湖街道
230204,230204009,街道,种畜场街道
230204,230204100,镇,扎龙镇
230205,230205001,街道,新兴街道
230205,230205002,街道,新建街道
230205,230205005,街道,林机街道
230205,230205006,街道,道北街道
230205,230205100,镇,水师营镇
230205,230205101,镇,榆树屯镇
230206,230206001,街道,红岸街道
230206,230206003,街道,沿江街道
230206,230206004,街道,电力街道
230206,230206005,街道,幸福街道
230206,230206006,街道,红宝石街道
230206,230206007,街道,北兴街道
230206,230206008,街道,铁北街道
230206,230206009,街道,和平街道
230206,230206200,乡,长青乡
230206,230206202,民族乡,杜尔门沁达斡尔族乡
230207,230207001,街道,东安街道
230207,230207002,街道,富强街道
230207,230207003,街道,跃进街道
230207,230207004,街道,繁荣街道
230208,230208001,街道,梅里斯街道
230208,230208101,镇,雅尔塞镇
230208,230208102,镇,卧牛吐镇
230208,230208103,镇,达呼店镇
230208,230208104,镇,共和镇
230208,230208105,镇,梅里斯镇
230208,230208200,民族乡,莽格吐达斡尔族乡
230221,230221100,镇,龙江镇
230221,230221101,镇,景星镇
230221,230221102,镇,龙兴镇
230221,230221103,镇,山泉镇
230221,230221104,镇,七棵树镇
230221,230221105,镇,杏山镇
230221,230221106,镇,白山镇
230221,230221107,镇,头站镇
230221,230221201,乡,黑岗乡
230221,230221202,乡,广厚乡
230221,230221203,乡,华民乡
230221,230221204,乡,哈拉海乡
230221,230221215,乡,鲁河乡
230221,230221217,乡,济沁河乡
230223,230223100,镇,依安镇
230223,230223101,镇,依龙镇
230223,230223102,镇,双阳镇
230223,230223103,镇,三兴镇
230223,230223104,镇,中心镇
230223,230223105,镇,新兴镇
230223,230223200,乡,富饶乡
230223,230223201,乡,解放乡
230223,230223202,乡,阳春乡
230223,230223203,乡,新发乡
230223,230223204,乡,太东乡
230223,230223205,乡,上游乡
230223,230223206,乡,红星乡
230223,230223207,乡,先锋乡
230223,230223208,乡,新屯乡
230224,230224100,镇,泰来镇
230224,230224101,镇,平洋镇
230224,230224103,镇,江桥镇
230224,230224104,镇,塔子城镇
230224,230224105,镇,大兴镇
230224,230224106,镇,和平镇
230224,230224107,镇,克利镇
230224,230224108,镇,汤池镇
230224,230224200,民族乡,胜利蒙古族乡
230224,230224209,民族乡,宁姜蒙古族乡
230225,230225100,镇,甘南镇
230225,230225101,镇,兴十四镇
230225,230225102,镇,平阳镇
230225,230225103,镇,东阳镇
230225,230225104,镇,巨宝镇
230225,230225201,乡,长山乡
230225,230225202,乡,中兴乡
230225,230225203,乡,兴隆乡
230225,230225204,乡,宝山乡
230225,230225206,乡,查哈阳乡
230227,230227100,镇,富裕镇
230227,230227101,镇,富路镇
230227,230227102,镇,富海镇
230227,230227103,镇,二道湾镇
230227,230227104,镇,龙安桥镇
230227,230227106,镇,塔哈镇
230227,230227200,乡,繁荣乡
230227,230227201,乡,绍文乡
230227,230227202,乡,忠厚乡
230227,230227203,民族乡,友谊达斡尔族满族柯尔克孜族乡
230229,230229100,镇,克山镇
230229,230229101,镇,北兴镇
230229,230229102,镇,西城镇
230229,230229103,镇,古城镇
230229,230229104,镇,北联镇
230229,230229105,镇,西河镇
230229,230229106,镇,双河镇
230229,230229200,乡,河南乡
230229,230229203,乡,河北乡
230229,230229204,乡,古北乡
230229,230229205,乡,西联乡
230229,230229206,乡,发展乡
230229,230229207,乡,西建乡
230229,230229208,乡,向华乡
230229,230229210,乡,曙光乡
230230,230230100,镇,克东镇
230230,230230101,镇,宝泉镇
230230,230230102,镇,乾丰镇
230230,230230103,镇,玉岗镇
230230,230230104,镇,蒲峪路镇
230230,230230202,乡,润津乡
230230,230230204,乡,昌盛乡
230231,230231100,镇,拜泉镇
230231,230231101,镇,三道镇
230231,230231102,镇,兴农镇
230231,230231103,镇,长春镇
230231,230231104,镇,龙泉镇
230231,230231105,镇,国富镇
230231,230231106,镇,富强镇
230231,230231200,乡,新生乡
230231,230231201,乡,兴国乡
230231,230231203,乡,上升乡
230231,230231204,乡,兴华乡
230231,230231206,乡,大众乡
230231,230231209,乡,丰产乡
230231,230231210,乡,永勤乡
230231,230231212,乡,爱农乡
230231,230231214,乡,时中乡
230281,230281001,街道,雨亭街道
230281,230281002,街道,通江街道
230281,230281101,镇,拉哈镇
230281,230281102,镇,二克浅镇
230281,230281103,镇,学田镇
230281,230281104,镇,龙河镇
230281,230281105,镇,讷南镇
230281,230281106,镇,六合镇
230281,230281107,镇,长发镇
230281,230281108,镇,通南镇
230281,230281109,镇,同义镇
230281,230281110,镇,九井镇
230281,230281111,镇,老莱镇
230281,230281201,乡,孔国乡
230281,230281207,乡,和盛乡
230281,230281208,乡,同心乡
230281,230281210,民族乡,兴旺鄂温克族乡
230302,230302001,街道,向阳街道
230302,230302002,街道,南山街道
230302,230302003,街道,立新街道
230302,230302004,街道,东风街道
230302,230302005,街道,红军路街道
230302,230302006,街道,西鸡西街道
230302,230302007,街道,西山街道
230302,230302200,乡,红星乡
230302,230302201,乡,西郊乡
230303,230303001,街道,桦木林街道
230303,230303002,街道,大恒山街道
230303,230303003,街道,小恒山街道
230303,230303004,街道,二道河子街道
230303,230303005,街道,张新街道
230303,230303006,街道,奋斗街道
230303,230303007,街道,柳毛街道
230303,230303200,乡,红旗乡
230303,230303201,乡,柳毛乡
230304,230304001,街道,东兴街道
230304,230304002,街道,矿里街道
230304,230304003,街道,洗煤街道
230304,230304004,街道,大通沟街道
230304,230304200,乡,滴道河乡
230304,230304201,乡,兰岭乡
230305,230305001,街道,街里街道
230305,230305002,街道,穆棱街道
230305,230305003,街道,平岗街道
230305,230305004,街道,碱场街道
230305,230305005,街道,石磷街道
230305,230305101,镇,梨树镇
230306,230306001,街道,城子河街道
230306,230306002,街道,正阳街道
230306,230306003,街道,东海街道
230306,230306004,街道,城西街道
230306,230306005,街道,杏花街道
230306,230306200,乡,长青乡
230306,230306201,民族乡,永丰朝鲜族乡
230307,230307001,街道,麻山街道
230307,230307101,镇,麻山镇
230321,230321100,镇,鸡东镇
230321,230321101,镇,平阳镇
230321,230321102,镇,向阳镇
230321,230321103,镇,哈达镇
230321,230321104,镇,永安镇
230321,230321105,镇,永和镇
230321,230321106,镇,东海镇
230321,230321107,镇,兴农镇
230321,230321200,民族乡,鸡林朝鲜族乡
230321,230321205,民族乡,明德朝鲜族乡
230321,230321206,乡,下亮子乡
230381,230381100,镇,虎林镇
230381,230381101,镇,东方红镇
230381,230381102,镇,迎春镇
230381,230381103,镇,虎头镇
230381,230381104,镇,杨岗镇
230381,230381106,镇,宝东镇
230381,230381107,镇,东诚镇
230381,230381203,乡,新乐乡
230381,230381204,乡,伟光乡
230381,230381206,乡,珍宝岛乡
230381,230381207,乡,阿北乡
230382,230382100,镇,密山镇
230382,230382101,镇,连珠山镇
230382,230382102,镇,当壁镇
230382,230382103,镇,知一镇
230382,230382104,镇,黑台镇
230382,230382105,镇,兴凯镇
230382,230382106,镇,裴德镇
230382,230382107,镇,白鱼湾镇
230382,230382200,乡,柳毛乡
230382,230382201,乡,杨木乡
230382,230382202,乡,兴凯湖乡
230382,230382203,乡,承紫河乡
230382,230382206,乡,二人班乡
230382,230382208,乡,太平乡
230382,230382210,民族乡,和平朝鲜族乡
230382,230382212,乡,富源乡
230402,230402001,街道,光明街道
230402,230402002,街道,红军街道
230402,230402003,街道,胜利街道
230402,230402004,街道,南翼街道
230402,230402005,街道,北山街道
230403,230403001,街道,育才路街道
230403,230403002,街道,团结路街道
230403,230403003,街道,湖滨街道
230403,230403004,街道,解放路街道
230403,230403005,街道,新南街道
230403,230403006,街道,红旗路街道
230404,230404001,街道,铁西街道
230404,230404002,街道,铁东街道
230404,230404003,街道,六号街道
230404,230404004,街道,大陆街道
230404,230404005,街道,富力街道
230404,230404006,街道,麓林山街道
230405,230405001,街道,兴安路街道
230405,230405002,街道,兴建路街道
230405,230405003,街道,河东路街道
230405,230405004,街道,峻德路街道
230405,230405005,街道,兴长路街道
230405,230405006,街道,光宇街道
230405,230405100,镇,红旗镇
230406,230406001,街道,东山街道
230406,230406002,街道,三街街道
230406,230406003,街道,工人村街道
230406,230406004,街道,新一街道
230406,230406005,街道,鹤兴街道
230406,230406100,镇,新华镇
230406,230406201,乡,蔬园乡
230406,230406202,乡,东方红乡
230407,230407001,街道,沟南街道
230407,230407002,街道,沟北街道
230407,230407003,街道,岭南街道
230407,230407004,街道,岭北街道
230421,230421100,镇,凤翔镇
230421,230421101,镇,鹤北镇
230421,230421102,镇,名山镇
230421,230421103,镇,团结镇
230421,230421104,镇,肇兴镇
230421,230421105,镇,云山镇
230421,230421200,民族乡,东明朝鲜族乡
230421,230421203,乡,太平沟乡
230422,230422100,镇,绥滨镇
230422,230422101,镇,绥东镇
230422,230422102,镇,忠仁镇
230422,230422200,乡,连生乡
230422,230422201,乡,北岗乡
230422,230422202,乡,富强乡
230422,230422203,乡,北山乡
230422,230422204,民族乡,福兴满族乡
230422,230422205,乡,新富乡
230502,230502001,街道,二马路街道
230502,230502002,街道,八马路街道
230502,230502003,街道,中心站街道
230502,230502004,街道,富安街道
230502,230502006,街道,长安街道
230502,230502007,街道,铁西街道
230502,230502008,街道,学府街道
230502,230502200,乡,安邦乡
230503,230503001,街道,中山街道
230503,230503002,街道,北山街道
230503,230503003,街道,南山街道
230503,230503004,街道,东山街道
230503,230503005,街道,中心街道
230503,230503006,街道,西山街道
230503,230503200,乡,长胜乡
230505,230505001,街道,振兴中路街道
230505,230505002,街道,振兴东路街道
230505,230505004,街道,集贤街道
230505,230505005,街道,东荣街道
230505,230505101,镇,太保镇
230506,230506001,街道,红旗街道
230506,230506002,街道,跃进街道
230506,230506003,街道,东保卫街道
230506,230506004,街道,七星街道
230506,230506005,街道,双阳街道
230506,230506006,街道,新安街道
230506,230506008,街道,农场街道
230506,230506101,镇,七星镇
230521,230521100,镇,福利镇
230521,230521101,镇,集贤镇
230521,230521102,镇,升昌镇
230521,230521103,镇,丰乐镇
230521,230521104,镇,太平镇
230521,230521201,乡,腰屯乡
230521,230521202,乡,兴安乡
230521,230521204,乡,永安乡
230522,230522100,镇,友谊镇
230522,230522101,镇,兴隆镇
230522,230522102,镇,龙山镇
230522,230522103,镇,凤岗镇
230522,230522200,乡,兴盛乡
230522,230522201,乡,东建乡
230522,230522202,乡,庆丰乡
230522,230522203,乡,建设乡
230522,230522204,乡,友邻乡
230522,230522205,乡,新镇乡
230522,230522206,民族乡,成富朝鲜族满族乡
230523,230523100,镇,宝清镇
230523,230523101,镇,七星泡镇
230523,230523102,镇,青原镇
230523,230523103,镇,夹信子镇
230523,230523104,镇,龙头镇
230523,230523105,镇,小城子镇
230523,230523106,镇,朝阳镇
230523,230523203,乡,万金山乡
230523,230523204,乡,尖山子乡
230523,230523209,乡,七星河乡
230524,230524100,镇,饶河镇
230524,230524101,镇,小佳河镇
230524,230524102,镇,西丰镇
230524,230524103,镇,五林洞镇
230524,230524200,乡,西林子乡
230524,230524201,民族乡,四排赫哲族乡
230524,230524203,乡,大佳河乡
230524,230524204,乡,山里乡
230524,230524207,乡,大通河乡
230602,230602013,街道,萨尔图街道
230602,230602014,街道,会战街道
230602,230602015,街道,友谊街道
230602,230602016,街道,东安街道
230602,230602017,街道,东风街道
230602,230602018,街道,铁人街道
230602,230602019,街道,火炬街道
230602,230602020,街道,拥军街道
230602,230602021,街道,万宝街道
230602,230602022,街道,格林街道
230602,230602023,街道,绿园街道
230603,230603011,街道,兴化街道
230603,230603012,街道,卧里屯街道
230603,230603013,街道,东光街道
230603,230603014,街道,龙凤街道
230603,230603015,街道,三永街道
230603,230603016,街道,龙政街道
230603,230603017,街道,湿地街道
230603,230603018,街道,光明街道
230603,230603019,街道,黎明街道
230603,230603100,镇,龙凤镇
230604,230604010,街道,庆新街道
230604,230604011,街道,北湖街道
230604,230604012,街道,奋斗街道
230604,230604013,街道,龙岗街道
230604,230604014,街道,旭园街道
230604,230604015,街道,西宾街道
230604,230604016,街道,怡园街道
230604,230604017,街道,东湖街道
230604,230604018,街道,乘风街道
230604,230604019,街道,创业城街道
230604,230604020,街道,银浪街道
230604,230604101,镇,喇嘛甸镇
230605,230605008,街道,杏南街道
230605,230605009,街道,创业街道
230605,230605010,街道,红岗街道
230605,230605011,街道,八百垧街道
230605,230605012,街道,银河街道
230605,230605013,街道,解放街道
230605,230605100,镇,杏树岗镇
230606,230606007,街道,和平街道
230606,230606008,街道,庆葡街道
230606,230606009,街道,新华街道
230606,230606010,街道,高平街道
230606,230606011,街道,林源街道
230606,230606012,街道,和苑街道
230606,230606013,街道,同福街道
230606,230606100,镇,大同镇
230606,230606101,镇,高台子镇
230606,230606102,镇,太阳升镇
230606,230606103,镇,林源镇
230606,230606200,乡,祝三乡
230606,230606203,乡,老山头乡
230606,230606205,乡,八井子乡
230606,230606206,乡,双榆树乡
230621,230621100,镇,肇州镇
230621,230621101,镇,永乐镇
230621,230621102,镇,丰乐镇
230621,230621103,镇,朝阳沟镇
230621,230621104,镇,兴城镇
230621,230621105,镇,二井镇
230621,230621202,乡,双发乡
230621,230621203,乡,托古乡
230621,230621205,乡,朝阳乡
230621,230621206,乡,永胜乡
230621,230621208,乡,榆树乡
230621,230621211,乡,新福乡
230622,230622100,镇,肇源镇
230622,230622101,镇,三站镇
230622,230622102,镇,二站镇
230622,230622103,镇,茂兴镇
230622,230622104,镇,古龙镇
230622,230622105,镇,新站镇
230622,230622106,镇,头台镇
230622,230622107,镇,古恰镇
230622,230622200,乡,福兴乡
230622,230622201,乡,薄荷台乡
230622,230622203,乡,和平乡
230622,230622207,民族乡,超等蒙古族乡
230622,230622208,乡,民意乡
230622,230622210,民族乡,义顺蒙古族乡
230622,230622211,民族乡,浩德蒙古族乡
230622,230622212,乡,大兴乡
230623,230623100,镇,林甸镇
230623,230623101,镇,红旗镇
230623,230623102,镇,花园镇
230623,230623103,镇,四季青镇
230623,230623104,镇,鹤鸣湖镇
230623,230623200,乡,东兴乡
230623,230623202,乡,宏伟乡
230623,230623206,乡,四合乡
230624,230624100,镇,杜尔伯特镇
230624,230624101,镇,胡吉吐莫镇
230624,230624102,镇,烟筒屯镇
230624,230624103,镇,他拉哈镇
230624,230624104,镇,连环湖镇
230624,230624200,乡,一心乡
230624,230624201,乡,克尔台乡
230624,230624203,乡,敖林西伯乡
230624,230624204,乡,巴彦查干乡
230624,230624205,乡,腰新乡
230624,230624206,乡,江湾乡
230717,230717001,街道,朝阳街道
230717,230717002,街道,前进街道
230717,230717003,街道,红升街道
230717,230717004,街道,旭日街道
230717,230717005,街道,新欣街道
230717,230717006,街道,南郡街道
230717,230717100,镇,东升镇
230717,230717101,镇,美溪镇
230718,230718100,镇,乌马河镇
230718,230718101,镇,翠峦镇
230719,230719003,街道,友好街道
230719,230719100,镇,上甘岭镇
230719,230719101,镇,双子河镇
230719,230719102,镇,铁林镇
230722,230722100,镇,朝阳镇
230722,230722101,镇,乌云镇
230722,230722102,镇,乌拉嘎镇
230722,230722103,镇,保兴镇
230722,230722200,乡,常胜乡
230722,230722201,乡,向阳乡
230722,230722202,乡,沪嘉乡
230722,230722203,乡,红光乡
230722,230722205,乡,青山乡
230723,230723100,镇,乌伊岭镇
230723,230723101,镇,汤旺河镇
230724,230724100,镇,新青镇
230724,230724101,镇,红星镇
230724,230724102,镇,五营镇
230725,230725100,镇,带岭镇
230725,230725101,镇,朗乡镇
230726,230726100,镇,南岔镇
230726,230726101,镇,晨明镇
230726,230726102,镇,浩良河镇
230726,230726103,镇,梧桐镇
230751,230751100,镇,西林镇
230751,230751101,镇,金山屯镇
230781,230781100,镇,铁力镇
230781,230781101,镇,双丰镇
230781,230781102,镇,桃山镇
230781,230781105,镇,神树镇
230781,230781106,镇,日月峡镇
230781,230781200,民族乡,年丰朝鲜族乡
230781,230781201,乡,工农乡
230781,230781202,乡,王杨乡
230803,230803007,街道,西林街道
230803,230803008,街道,建设街道
230803,230803009,街道,长安街道
230803,230803010,街道,学府街道
230803,230803011,街道,桥南街道
230804,230804007,街道,永安街道
230804,230804008,街道,港湾街道
230804,230804009,街道,和平街道
230804,230804010,街道,山水街道
230805,230805007,街道,晓云街道
230805,230805008,街道,佳东街道
230805,230805009,街道,建国街道
230805,230805010,街道,佳南街道
230805,230805101,镇,建国镇
230805,230805200,乡,松江乡
230811,230811008,街道,云环街道
230811,230811009,街道,英俊街道
230811,230811010,街道,红旗街道
230811,230811011,街道,友谊街道
230811,230811101,镇,大来镇
230811,230811102,镇,敖其镇
230811,230811103,镇,望江镇
230811,230811104,镇,长发镇
230811,230811105,镇,莲江口镇
230811,230811106,镇,西格木镇
230811,230811107,镇,沿江镇
230811,230811108,镇,四丰镇
230811,230811200,乡,长青乡
230811,230811208,乡,平安乡
230811,230811211,乡,群胜乡
230822,230822103,镇,驼腰子镇
230822,230822104,镇,石头河子镇
230822,230822106,镇,桦南镇
230822,230822107,镇,土龙山镇
230822,230822108,镇,孟家岗镇
230822,230822109,镇,闫家镇
230822,230822110,镇,柳毛河镇
230822,230822205,乡,金沙乡
230822,230822213,乡,梨树乡
230822,230822214,乡,明义乡
230822,230822215,乡,大八浪乡
230822,230822216,乡,五道岗乡
230826,230826101,镇,横头山镇
230826,230826103,镇,苏家店镇
230826,230826104,镇,悦来镇
230826,230826105,镇,新城镇
230826,230826108,镇,四马架镇
230826,230826201,乡,东河乡
230826,230826202,乡,梨丰乡
230826,230826205,乡,创业乡
230826,230826207,民族乡,星火朝鲜族乡
230828,230828101,镇,香兰镇
230828,230828102,镇,鹤立镇
230828,230828103,镇,竹帘镇
230828,230828104,镇,汤原镇
230828,230828201,民族乡,汤旺朝鲜族乡
230828,230828203,乡,胜利乡
230828,230828208,乡,吉祥乡
230828,230828209,乡,振兴乡
230828,230828210,乡,太平川乡
230828,230828211,乡,永发乡
230881,230881001,街道,繁荣街道
230881,230881002,街道,兴华街道
230881,230881100,镇,同江镇
230881,230881101,镇,乐业镇
230881,230881102,镇,三村镇
230881,230881103,镇,临江镇
230881,230881104,镇,向阳镇
230881,230881105,镇,青河镇
230881,230881204,民族乡,街津口赫哲族乡
230881,230881205,民族乡,八岔赫哲族乡
230881,230881206,乡,金川乡
230881,230881207,乡,银川乡
230882,230882002,街道,城东街道
230882,230882003,街道,城西街道
230882,230882101,镇,富锦镇
230882,230882103,镇,长安镇
230882,230882106,镇,砚山镇
230882,230882107,镇,头林镇
230882,230882108,镇,兴隆岗镇
230882,230882109,镇,宏胜镇
230882,230882110,镇,向阳川镇
230882,230882111,镇,二龙山镇
230882,230882113,镇,锦山镇
230882,230882114,镇,大榆树镇
230882,230882119,镇,上街基镇
230883,230883100,镇,抚远镇
230883,230883101,镇,寒葱沟镇
230883,230883102,镇,浓桥镇
230883,230883103,镇,乌苏镇
230883,230883104,镇,黑瞎子岛镇
230883,230883105,镇,通江镇
230883,230883106,镇,海青镇
230883,230883201,乡,浓江乡
230883,230883203,乡,别拉洪乡
230883,230883204,乡,鸭南乡
230902,230902011,街道,北山街道
230902,230902012,街道,欣源街道
230902,230902013,街道,兴安街道
230902,230902014,街道,兴富街道
230902,230902015,街道,兴和街道
230902,230902016,街道,兴盛街道
230902,230902017,街道,兴华街道
230902,230902018,街道,金沙街道
230902,230902100,镇,红旗镇
230902,230902200,乡,长兴乡
230903,230903008,街道,桃南街道
230903,230903009,街道,桃北街道
230903,230903010,街道,桃山街道
230903,230903011,街道,桃东街道
230903,230903012,街道,桃西街道
230903,230903013,街道,桃源街道
230903,230903100,镇,万宝河镇
230904,230904006,街道,东胜街道
230904,230904007,街道,东风街道
230904,230904008,街道,通达街道
230904,230904009,街道,湖东街道
230904,230904010,街道,富强街道
230904,230904011,街道,龙湖街道
230904,230904100,镇,茄子河镇
230904,230904101,镇,宏伟镇
230904,230904102,镇,兴北镇
230904,230904200,乡,铁山乡
230904,230904201,乡,中心河乡
230921,230921100,镇,勃利镇
230921,230921101,镇,小五站镇
230921,230921102,镇,大四站镇
230921,230921103,镇,双河镇
230921,230921104,镇,倭肯镇
230921,230921200,乡,青山乡
230921,230921202,乡,永恒乡
230921,230921203,乡,抢垦乡
230921,230921204,民族乡,杏树朝鲜族乡
230921,230921205,民族乡,吉兴朝鲜族满族乡
231002,231002001,街道,新安街道
231002,231002002,街道,长安街道
231002,231002003,街道,七星街道
231002,231002004,街道,五星街道
231002,231002005,街道,东兴街道
231002,231002006,街道,振兴街道
231002,231002100,镇,兴隆镇
231003,231003001,街道,阳明街道
231003,231003002,街道,前进街道
231003,231003003,街道,新兴街道
231003,231003004,街道,桦橡街道
231003,231003100,镇,铁岭镇
231003,231003101,镇,桦林镇
231003,231003102,镇,磨刀石镇
231003,231003103,镇,五林镇
231004,231004001,街道,向阳街道
231004,231004002,街道,黄花街道
231004,231004003,街道,铁北街道
231004,231004004,街道,新华街道
231004,231004005,街道,大庆街道
231004,231004006,街道,兴平街道
231004,231004007,街道,北山街道
231004,231004100,镇,三道关镇
231005,231005001,街道,先锋街道
231005,231005002,街道,火炬街道
231005,231005003,街道,立新街道
231005,231005004,街道,牡丹街道
231005,231005005,街道,江滨街道
231005,231005006,街道,沿江街道
231005,231005007,街道,水泥街道
231005,231005100,镇,温春镇
231005,231005200,民族乡,海南朝鲜族乡
231025,231025100,镇,林口镇
231025,231025101,镇,古城镇
231025,231025102,镇,刁翎镇
231025,231025104,镇,朱家镇
231025,231025105,镇,柳树镇
231025,231025106,镇,三道通镇
231025,231025107,镇,龙爪镇
231025,231025108,镇,莲花镇
231025,231025110,镇,青山镇
231025,231025111,镇,建堂镇
231025,231025112,镇,奎山镇
231081,231081100,镇,绥芬河镇
231081,231081101,镇,阜宁镇
231083,231083100,镇,海林镇
231083,231083101,镇,长汀镇
231083,231083102,镇,横道河子镇
231083,231083103,镇,山市镇
231083,231083104,镇,柴河镇
231083,231083105,镇,二道河子镇
231083,231083106,镇,新安镇
231083,231083107,镇,三道河子镇
231084,231084100,镇,宁安镇
231084,231084101,镇,东京城镇
231084,231084102,镇,渤海镇
231084,231084103,镇,石岩镇
231084,231084104,镇,沙兰镇
231084,231084105,镇,海浪镇
231084,231084106,镇,兰岗镇
231084,231084107,镇,镜泊镇
231084,231084202,民族乡,江南朝鲜族满族乡
231084,231084206,民族乡,卧龙朝鲜族乡
231084,231084208,乡,马河乡
231084,231084211,乡,三陵乡
231085,231085100,镇,八面通镇
231085,231085101,镇,穆棱镇
231085,231085102,镇,下城子镇
231085,231085103,镇,马桥河镇
231085,231085104,镇,兴源镇
231085,231085105,镇,河西镇
231085,231085200,民族乡,福禄朝鲜族满族乡
231085,231085202,乡,共和乡
231086,231086100,镇,东宁镇
231086,231086101,镇,三岔口镇
231086,231086102,镇,大肚川镇
231086,231086103,镇,老黑山镇
231086,231086104,镇,道河镇
231086,231086105,镇,绥阳镇
231102,231102001,街道,花园街道
231102,231102002,街道,兴安街道
231102,231102003,街道,海兰街道
231102,231102004,街道,西兴街道
231102,231102101,镇,西岗子镇
231102,231102102,镇,瑷珲镇
231102,231102103,镇,罕达汽镇
231102,231102104,镇,上马厂镇
231102,231102200,乡,幸福乡
231102,231102201,民族乡,四嘉子满族乡
231102,231102202,民族乡,坤河达斡尔族满族乡
231102,231102204,乡,张地营子乡
231102,231102205,乡,西峰山乡
231102,231102206,民族乡,新生鄂伦春族乡
231102,231102207,乡,二站乡
231123,231123101,镇,逊河镇
231123,231123102,镇,奇克镇
231123,231123103,镇,克林镇
231123,231123201,乡,干岔子乡
231123,231123202,乡,松树沟乡
231123,231123203,乡,车陆乡
231123,231123204,民族乡,新鄂鄂伦春族乡
231123,231123205,民族乡,新兴鄂伦春族乡
231123,231123207,乡,宝山乡
231124,231124100,镇,孙吴镇
231124,231124101,镇,辰清镇
231124,231124201,乡,西兴乡
231124,231124202,民族乡,沿江满族达斡尔族乡
231124,231124203,乡,腰屯乡
231124,231124204,乡,卧牛河乡
231124,231124205,乡,群山乡
231124,231124206,乡,奋斗乡
231124,231124207,乡,红旗乡
231124,231124208,乡,正阳山乡
231124,231124210,乡,清溪乡
231181,231181001,街道,兆麟街道
231181,231181002,街道,和平街道
231181,231181003,街道,北岗街道
231181,231181004,街道,庆华街道
231181,231181005,街道,铁西街道
231181,231181006,街道,铁南街道
231181,231181101,镇,通北镇
231181,231181102,镇,赵光镇
231181,231181103,镇,海星镇
231181,231181104,镇,石泉镇
231181,231181105,镇,二井镇
231181,231181200,乡,城郊乡
231181,231181201,乡,东胜乡
231181,231181203,乡,杨家乡
231181,231181207,民族乡,主星朝鲜族乡
231182,231182001,街道,青山街道
231182,231182101,镇,龙镇
231182,231182102,镇,和平镇
231182,231182103,镇,五大连池镇
231182,231182104,镇,双泉镇
231182,231182105,镇,新发镇
231182,231182106,镇,团结镇
231182,231182107,镇,兴隆镇
231182,231182108,镇,朝阳山镇
231182,231182203,乡,建设乡
231182,231182205,乡,太平乡
231182,231182208,乡,兴安乡
231183,231183100,镇,嫩江镇
231183,231183101,镇,伊拉哈镇
231183,231183102,镇,双山镇
231183,231183103,镇,多宝山镇
231183,231183104,镇,海江镇
231183,231183105,镇,前进镇
231183,231183106,镇,长福镇
231183,231183107,镇,科洛镇
231183,231183108,镇,霍龙门镇
231183,231183202,乡,临江乡
231183,231183206,乡,联兴乡
231183,231183207,乡,白云乡
231183,231183208,乡,塔溪乡
231183,231183211,乡,长江乡
231202,231202001,街道,紫来街道
231202,231202002,街道,爱路街道
231202,231202003,街道,大有街道
231202,231202004,街道,吉泰街道
231202,231202005,街道,东兴街道
231202,231202006,街道,北林街道
231202,231202007,街道,先锋街道
231202,231202008,街道,春雷街道
231202,231202009,街道,东城街道
231202,231202010,街道,康庄街道
231202,231202011,街道,朝旭街道
231202,231202012,街道,北辰街道
231202,231202101,镇,宝山镇
231202,231202102,镇,绥胜镇
231202,231202103,镇,西长发镇
231202,231202104,镇,永安镇
231202,231202105,镇,太平川镇
231202,231202106,镇,秦家镇
231202,231202107,镇,双河镇
231202,231202108,镇,三河镇
231202,231202109,镇,四方台镇
231202,231202110,镇,津河镇
231202,231202111,镇,张维镇
231202,231202113,镇,东津镇
231202,231202114,镇,东富镇
231202,231202115,镇,兴福镇
231202,231202116,镇,三井镇
231202,231202201,民族乡,红旗满族乡
231202,231202202,乡,连岗乡
231202,231202203,乡,新华乡
231202,231202212,乡,五营乡
231202,231202213,民族乡,兴和朝鲜族乡
231221,231221100,镇,望奎镇
231221,231221101,镇,通江镇
231221,231221102,镇,卫星镇
231221,231221103,镇,海丰镇
231221,231221104,镇,莲花镇
231221,231221105,镇,惠七镇
231221,231221106,镇,先锋镇
231221,231221107,镇,火箭镇
231221,231221108,镇,东郊镇
231221,231221109,镇,灯塔镇
231221,231221202,民族乡,灵山满族乡
231221,231221203,乡,后三乡
231221,231221209,乡,东升乡
231221,231221210,乡,恭六乡
231221,231221211,民族乡,厢白满族乡
231222,231222100,镇,兰西镇
231222,231222101,镇,榆林镇
231222,231222102,镇,临江镇
231222,231222103,镇,平山镇
231222,231222104,镇,远大镇
231222,231222105,镇,红光镇
231222,231222106,镇,康荣镇
231222,231222107,镇,燎原镇
231222,231222108,镇,奋斗镇
231222,231222202,乡,北安乡
231222,231222203,乡,长江乡
231222,231222204,乡,兰河乡
231222,231222205,乡,红星乡
231222,231222207,乡,长岗乡
231222,231222210,乡,星火乡
231223,231223100,镇,青冈镇
231223,231223101,镇,中和镇
231223,231223102,镇,祯祥镇
231223,231223103,镇,兴华镇
231223,231223104,镇,永丰镇
231223,231223105,镇,芦河镇
231223,231223106,镇,柞岗镇
231223,231223107,镇,民政镇
231223,231223108,镇,劳动镇
231223,231223109,镇,迎春镇
231223,231223110,镇,德胜镇
231223,231223111,镇,昌盛镇
231223,231223202,乡,建设乡
231223,231223203,乡,新村乡
231223,231223212,乡,连丰乡
231224,231224101,镇,民乐镇
231224,231224102,镇,大罗镇
231224,231224103,镇,平安镇
231224,231224104,镇,勤劳镇
231224,231224105,镇,久胜镇
231224,231224106,镇,庆安镇
231224,231224107,镇,同乐镇
231224,231224108,镇,柳河镇
231224,231224201,乡,建民乡
231224,231224202,乡,巨宝山乡
231224,231224206,乡,丰收乡
231224,231224208,乡,发展乡
231224,231224210,乡,致富乡
231224,231224211,乡,欢胜乡
231224,231224604,乡,新胜乡
231225,231225100,镇,明水镇
231225,231225101,镇,兴仁镇
231225,231225102,镇,永兴镇
231225,231225103,镇,崇德镇
231225,231225104,镇,通达镇
231225,231225105,镇,双兴镇
231225,231225203,乡,永久乡
231225,231225204,乡,树人乡
231225,231225205,乡,光荣乡
231225,231225206,乡,繁荣乡
231225,231225207,乡,通泉乡
231225,231225208,乡,育林乡
231226,231226100,镇,绥棱镇
231226,231226101,镇,上集镇
231226,231226102,镇,四海店镇
231226,231226103,镇,双岔河镇
231226,231226104,镇,阁山镇
231226,231226105,镇,长山镇
231226,231226200,乡,靠山乡
231226,231226201,乡,后头乡
231226,231226205,乡,克音河乡
231226,231226206,乡,绥中乡
231226,231226207,乡,泥尔河乡
231281,231281100,镇,安达镇
231281,231281101,镇,任民镇
231281,231281102,镇,吉星岗镇
231281,231281103,镇,万宝山镇
231281,231281104,镇,昌德镇
231281,231281105,镇,升平镇
231281,231281106,镇,羊草镇
231281,231281107,镇,老虎岗镇
231281,231281108,镇,中本镇
231281,231281109,镇,太平庄镇
231281,231281110,镇,卧里屯镇
231281,231281111,镇,古大湖镇
231281,231281112,镇,火石山镇
231281,231281209,乡,先源乡
231282,231282100,镇,肇东镇
231282,231282101,镇,昌五镇
231282,231282102,镇,宋站镇
231282,231282103,镇,五站镇
231282,231282104,镇,尚家镇
231282,231282105,镇,姜家镇
231282,231282106,镇,里木店镇
231282,231282107,镇,四站镇
231282,231282108,镇,涝洲镇
231282,231282109,镇,五里明镇
231282,231282110,镇,西八里镇
231282,231282111,镇,海城镇
231282,231282201,乡,太平乡
231282,231282204,乡,向阳乡
231282,231282205,乡,洪河乡
231282,231282206,乡,跃进乡
231282,231282210,乡,黎明乡
231282,231282212,乡,德昌乡
231282,231282213,乡,宣化乡
231282,231282214,乡,安民乡
231282,231282215,乡,明久乡
231283,231283100,镇,海伦镇
231283,231283101,镇,海北镇
231283,231283102,镇,伦河镇
231283,231283103,镇,共合镇
231283,231283104,镇,海兴镇
231283,231283105,镇,祥富镇
231283,231283106,镇,东风镇
231283,231283107,镇,百祥镇
231283,231283108,镇,向荣镇
231283,231283109,镇,长发镇
231283,231283110,镇,永富镇
231283,231283111,镇,前进镇
231283,231283112,镇,联发镇
231283,231283113,镇,共荣镇
231283,231283114,镇,东林镇
231283,231283115,镇,永和镇
231283,231283208,乡,海南乡
231283,231283210,乡,乐业乡
231283,231283211,乡,福民乡
231283,231283212,乡,丰山乡
231283,231283218,乡,爱民乡
231283,231283220,乡,扎音河乡
231283,231283221,乡,双录乡
232701,232701100,镇,西林吉镇
232701,232701101,镇,图强镇
232701,232701102,镇,阿木尔镇
232701,232701103,镇,兴安镇
232701,232701104,镇,北极镇
232701,232701105,镇,古莲镇
232721,232721100,镇,呼玛镇
232721,232721101,镇,韩家园镇
232721,232721200,乡,三卡乡
232721,232721201,乡,金山乡
232721,232721202,乡,兴华乡
232721,232721203,乡,鸥浦乡
232721,232721204,民族乡,白银纳鄂伦春族乡
232721,232721205,乡,北疆乡
232722,232722100,镇,塔河镇
232722,232722101,镇,瓦拉干镇
232722,232722102,镇,盘古镇
232722,232722103,镇,古驿镇
232722,232722104,镇,开库康镇
232722,232722200,民族乡,十八站鄂伦春族乡
232722,232722201,乡,依西肯乡
310101,310101002,街道,南京东路街道
310101,310101013,街道,外滩街道
310101,310101015,街道,半淞园路街道
310101,310101017,街道,小东门街道
310101,310101018,街道,豫园街道
310101,310101019,街道,老西门街道
310101,310101020,街道,五里桥街道
310101,310101021,街道,打浦桥街道
310101,310101022,街道,淮海中路街道
310101,310101023,街道,瑞金二路街道
310104,310104003,街道,天平路街道
310104,310104004,街道,湖南路街道
310104,310104007,街道,斜土路街道
310104,310104008,街道,枫林路街道
310104,310104010,街道,长桥街道
310104,310104011,街道,田林街道
310104,310104012,街道,虹梅路街道
310104,310104013,街道,康健新村街道
310104,310104014,街道,徐家汇街道
310104,310104015,街道,凌云路街道
310104,310104016,街道,龙华街道
310104,310104017,街道,漕河泾街道
310104,310104103,镇,华泾镇
310105,310105001,街道,华阳路街道
310105,310105002,街道,江苏路街道
310105,310105004,街道,新华路街道
310105,310105005,街道,周家桥街道
310105,310105006,街道,天山路街道
310105,310105008,街道,仙霞新村街道
310105,310105009,街道,虹桥街道
310105,310105010,街道,程家桥街道
310105,310105011,街道,北新泾街道
310105,310105102,镇,新泾镇
310106,310106006,街道,江宁路街道
310106,310106011,街道,石门二路街道
310106,310106012,街道,南京西路街道
310106,310106013,街道,静安寺街道
310106,310106014,街道,曹家渡街道
310106,310106015,街道,天目西路街道
310106,310106016,街道,北站街道
310106,310106017,街道,宝山路街道
310106,310106018,街道,共和新路街道
310106,310106019,街道,大宁路街道
310106,310106020,街道,彭浦新村街道
310106,310106021,街道,临汾路街道
310106,310106022,街道,芷江西路街道
310106,310106100,镇,彭浦镇
310107,310107005,街道,曹杨新村街道
310107,310107014,街道,长风新村街道
310107,310107015,街道,长寿路街道
310107,310107016,街道,甘泉路街道
310107,310107017,街道,石泉路街道
310107,310107020,街道,宜川路街道
310107,310107021,街道,真如镇街道
310107,310107022,街道,万里街道
310107,310107102,镇,长征镇
310107,310107103,镇,桃浦镇
310109,310109009,街道,欧阳路街道
310109,310109010,街道,曲阳路街道
310109,310109011,街道,广中路街道
310109,310109014,街道,嘉兴路街道
310109,310109016,街道,凉城新村街道
310109,310109017,街道,四川北路街道
310109,310109018,街道,北外滩街道
310109,310109019,街道,江湾镇街道
310110,310110001,街道,定海路街道
310110,310110006,街道,平凉路街道
310110,310110008,街道,江浦路街道
310110,310110009,街道,四平路街道
310110,310110012,街道,控江路街道
310110,310110013,街道,长白新村街道
310110,310110015,街道,延吉新村街道
310110,310110016,街道,殷行街道
310110,310110018,街道,大桥街道
310110,310110019,街道,五角场街道
310110,310110020,街道,新江湾城街道
310110,310110021,街道,长海路街道
310112,310112001,街道,江川路街道
310112,310112006,街道,古美路街道
310112,310112008,街道,新虹街道
310112,310112009,街道,浦锦街道
310112,310112101,镇,莘庄镇
310112,310112102,镇,七宝镇
310112,310112103,镇,颛桥镇
310112,310112106,镇,华漕镇
310112,310112107,镇,虹桥镇
310112,310112108,镇,梅陇镇
310112,310112110,镇,吴泾镇
310112,310112112,镇,马桥镇
310112,310112114,镇,浦江镇
310113,310113003,街道,友谊路街道
310113,310113007,街道,吴淞街道
310113,310113008,街道,张庙街道
310113,310113101,镇,罗店镇
310113,310113102,镇,大场镇
310113,310113103,镇,杨行镇
310113,310113104,镇,月浦镇
310113,310113106,镇,罗泾镇
310113,310113109,镇,顾村镇
310113,310113111,镇,高境镇
310113,310113112,镇,庙行镇
310113,310113113,镇,淞南镇
310114,310114001,街道,新成路街道
310114,310114002,街道,真新街道
310114,310114004,街道,嘉定镇街道
310114,310114102,镇,南翔镇
310114,310114103,镇,安亭镇
310114,310114106,镇,马陆镇
310114,310114109,镇,徐行镇
310114,310114111,镇,华亭镇
310114,310114114,镇,外冈镇
310114,310114118,镇,江桥镇
310115,310115004,街道,潍坊新村街道
310115,310115005,街道,陆家嘴街道
310115,310115007,街道,周家渡街道
310115,310115008,街道,塘桥街道
310115,310115009,街道,上钢新村街道
310115,310115010,街道,南码头路街道
310115,310115011,街道,沪东新村街道
310115,310115012,街道,金杨新村街道
310115,310115013,街道,洋泾街道
310115,310115014,街道,浦兴路街道
310115,310115015,街道,东明路街道
310115,310115016,街道,花木街道
310115,310115103,镇,川沙新镇
310115,310115104,镇,高桥镇
310115,310115105,镇,北蔡镇
310115,310115110,镇,合庆镇
310115,310115114,镇,唐镇
310115,310115117,镇,曹路镇
310115,310115120,镇,金桥镇
310115,310115121,镇,高行镇
310115,310115123,镇,高东镇
310115,310115125,镇,张江镇
310115,310115130,镇,三林镇
310115,310115131,镇,惠南镇
310115,310115132,镇,周浦镇
310115,310115133,镇,新场镇
310115,310115134,镇,大团镇
310115,310115136,镇,康桥镇
310115,310115137,镇,航头镇
310115,310115139,镇,祝桥镇
310115,310115140,镇,泥城镇
310115,310115141,镇,宣桥镇
310115,310115142,镇,书院镇
310115,310115143,镇,万祥镇
310115,310115144,镇,老港镇
310115,310115145,镇,南汇新城镇
310116,310116001,街道,石化街道
310116,310116101,镇,朱泾镇
310116,310116102,镇,枫泾镇
310116,310116103,镇,张堰镇
310116,310116104,镇,亭林镇
310116,310116105,镇,吕巷镇
310116,310116107,镇,廊下镇
310116,310116109,镇,金山卫镇
310116,310116112,镇,漕泾镇
310116,310116113,镇,山阳镇
310117,310117001,街道,岳阳街道
310117,310117002,街道,永丰街道
310117,310117003,街道,方松街道
310117,310117004,街道,中山街道
310117,310117005,街道,广富林街道
310117,310117006,街道,九里亭街道
310117,310117102,镇,泗泾镇
310117,310117103,镇,佘山镇
310117,310117104,镇,车墩镇
310117,310117105,镇,新桥镇
310117,310117106,镇,洞泾镇
310117,310117107,镇,九亭镇
310117,310117109,镇,泖港镇
310117,310117116,镇,石湖荡镇
310117,310117117,镇,新浜镇
310117,310117120,镇,叶榭镇
310117,310117121,镇,小昆山镇
310118,310118001,街道,夏阳街道
310118,310118002,街道,盈浦街道
310118,310118003,街道,香花桥街道
310118,310118102,镇,朱家角镇
310118,310118103,镇,练塘镇
310118,310118104,镇,金泽镇
310118,310118105,镇,赵巷镇
310118,310118106,镇,徐泾镇
310118,310118107,镇,华新镇
310118,310118109,镇,重固镇
310118,310118110,镇,白鹤镇
310120,310120001,街道,西渡街道
310120,310120002,街道,奉浦街道
310120,310120003,街道,金海街道
310120,310120004,街道,头桥街道
310120,310120101,镇,南桥镇
310120,310120102,镇,奉城镇
310120,310120104,镇,庄行镇
310120,310120106,镇,金汇镇
310120,310120111,镇,青村镇
310120,310120118,镇,柘林镇
310120,310120123,镇,海湾镇
310120,310120124,镇,四团镇
310151,310151100,镇,城桥镇
310151,310151101,镇,堡镇
310151,310151102,镇,新河镇
310151,310151103,镇,庙镇
310151,310151104,镇,竖新镇
310151,310151105,镇,向化镇
310151,310151106,镇,三星镇
310151,310151107,镇,港沿镇
310151,310151108,镇,中兴镇
310151,310151109,镇,陈家镇
310151,310151110,镇,绿华镇
310151,310151111,镇,港西镇
310151,310151112,镇,建设镇
310151,310151113,镇,新海镇
310151,310151114,镇,东平镇
310151,310151115,镇,长兴镇
310151,310151200,乡,新村乡
310151,310151201,乡,横沙乡
320102,320102002,街道,梅园新村街道
320102,320102003,街道,新街口街道
320102,320102005,街道,玄武门街道
320102,320102007,街道,锁金村街道
320102,320102008,街道,红山街道
320102,320102009,街道,孝陵卫街道
320102,320102010,街道,玄武湖街道
320104,320104001,街道,秦虹街道
320104,320104002,街道,夫子庙街道
320104,320104004,街道,双塘街道
320104,320104006,街道,中华门街道
320104,320104007,街道,红花街道
320104,320104008,街道,洪武路街道
320104,320104009,街道,五老村街道
320104,320104010,街道,大光路街道
320104,320104011,街道,瑞金路街道
320104,320104012,街道,月牙湖街道
320104,320104013,街道,光华路街道
320104,320104014,街道,朝天宫街道
320105,320105006,街道,兴隆街道
320105,320105007,街道,南苑街道
320105,320105008,街道,双闸街道
320105,320105009,街道,沙洲街道
320105,320105010,街道,江心洲街道
320105,320105011,街道,莫愁湖街道
320106,320106001,街道,宁海路街道
320106,320106002,街道,华侨路街道
320106,320106003,街道,湖南路街道
320106,320106004,街道,中央门街道
320106,320106005,街道,挹江门街道
320106,320106006,街道,江东街道
320106,320106007,街道,凤凰街道
320106,320106008,街道,下关街道
320106,320106009,街道,热河南路街道
320106,320106010,街道,幕府山街道
320106,320106011,街道,建宁路街道
320106,320106012,街道,宝塔桥街道
320106,320106013,街道,小市街道
320111,320111001,街道,泰山街道
320111,320111002,街道,顶山街道
320111,320111003,街道,沿江街道
320111,320111004,街道,江浦街道
320111,320111005,街道,桥林街道
320111,320111006,街道,汤泉街道
320111,320111007,街道,盘城街道
320111,320111008,街道,星甸街道
320111,320111009,街道,永宁街道
320113,320113001,街道,尧化街道
320113,320113002,街道,马群街道
320113,320113003,街道,迈皋桥街道
320113,320113004,街道,燕子矶街道
320113,320113005,街道,仙林街道
320113,320113007,街道,龙潭街道
320113,320113008,街道,栖霞街道
320113,320113009,街道,八卦洲街道
320113,320113010,街道,西岗街道
320114,320114002,街道,赛虹桥街道
320114,320114003,街道,雨花街道
320114,320114004,街道,西善桥街道
320114,320114005,街道,板桥街道
320114,320114006,街道,铁心桥街道
320114,320114008,街道,梅山街道
320114,320114009,街道,古雄街道
320115,320115001,街道,东山街道
320115,320115004,街道,禄口街道
320115,320115005,街道,淳化街道
320115,320115006,街道,麒麟街道
320115,320115007,街道,横溪街道
320115,320115008,街道,江宁街道
320115,320115009,街道,谷里街道
320115,320115010,街道,汤山街道
320115,320115011,街道,秣陵街道
320115,320115012,街道,湖熟街道
320116,320116001,街道,龙池街道
320116,320116002,街道,雄州街道
320116,320116003,街道,横梁街道
320116,320116004,街道,金牛湖街道
320116,320116005,街道,程桥街道
320116,320116006,街道,马鞍街道
320116,320116007,街道,龙袍街道
320116,320116008,街道,冶山街道
320116,320116010,街道,大厂街道
320116,320116011,街道,葛塘街道
320116,320116012,街道,长芦街道
320116,320116110,镇,竹镇镇
320117,320117001,街道,永阳街道
320117,320117002,街道,柘塘街道
320117,320117003,街道,东屏街道
320117,320117004,街道,石湫街道
320117,320117005,街道,洪蓝街道
320117,320117101,镇,白马镇
320117,320117106,镇,晶桥镇
320117,320117107,镇,和凤镇
320118,320118001,街道,淳溪街道
320118,320118002,街道,古柏街道
320118,320118003,街道,漆桥街道
320118,320118004,街道,固城街道
320118,320118005,街道,东坝街道
320118,320118006,街道,桠溪街道
320118,320118101,镇,阳江镇
320118,320118102,镇,砖墙镇
320205,320205001,街道,东亭街道
320205,320205002,街道,安镇街道
320205,320205003,街道,东北塘街道
320205,320205004,街道,云林街道
320205,320205005,街道,厚桥街道
320205,320205102,镇,羊尖镇
320205,320205104,镇,鹅湖镇
320205,320205106,镇,锡北镇
320205,320205107,镇,东港镇
320206,320206001,街道,堰桥街道
320206,320206002,街道,长安街道
320206,320206003,街道,钱桥街道
320206,320206004,街道,前洲街道
320206,320206005,街道,玉祁街道
320206,320206103,镇,洛社镇
320206,320206105,镇,阳山镇
320211,320211001,街道,河埒街道
320211,320211002,街道,荣巷街道
320211,320211003,街道,蠡湖街道
320211,320211004,街道,蠡园街道
320211,320211006,街道,华庄街道
320211,320211007,街道,太湖街道
320211,320211008,街道,雪浪街道
320211,320211009,街道,马山街道
320211,320211104,镇,胡埭镇
320213,320213001,街道,崇安寺街道
320213,320213015,街道,山北街道
320213,320213018,街道,清名桥街道
320213,320213019,街道,惠山街道
320213,320213020,街道,北大街街道
320213,320213021,街道,广益街道
320213,320213022,街道,扬名街道
320213,320213023,街道,黄巷街道
320213,320213024,街道,瞻江街道
320214,320214001,街道,新安街道
320214,320214002,街道,旺庄街道
320214,320214003,街道,硕放街道
320214,320214004,街道,江溪街道
320214,320214005,街道,梅村街道
320214,320214006,街道,鸿山街道
320281,320281001,街道,澄江街道
320281,320281004,街道,南闸街道
320281,320281005,街道,云亭街道
320281,320281006,街道,城东街道
320281,320281008,街道,夏港街道
320281,320281009,街道,申港街道
320281,320281010,街道,利港街道
320281,320281101,镇,璜土镇
320281,320281106,镇,月城镇
320281,320281107,镇,青阳镇
320281,320281108,镇,徐霞客镇
320281,320281113,镇,华士镇
320281,320281114,镇,周庄镇
320281,320281115,镇,新桥镇
320281,320281116,镇,长泾镇
320281,320281117,镇,顾山镇
320281,320281119,镇,祝塘镇
320281,320281607,街道,临港街道
320282,320282001,街道,新庄街道
320282,320282002,街道,宜城街道
320282,320282003,街道,屺亭街道
320282,320282005,街道,新街街道
320282,320282006,街道,芳桥街道
320282,320282101,镇,张渚镇
320282,320282102,镇,西渚镇
320282,320282103,镇,太华镇
320282,320282105,镇,徐舍镇
320282,320282108,镇,官林镇
320282,320282109,镇,杨巷镇
320282,320282111,镇,新建镇
320282,320282114,镇,和桥镇
320282,320282115,镇,高塍镇
320282,320282118,镇,万石镇
320282,320282119,镇,周铁镇
320282,320282123,镇,丁蜀镇
320282,320282125,镇,湖㳇镇
320302,320302001,街道,丰财街道
320302,320302002,街道,环城街道
320302,320302003,街道,黄楼街道
320302,320302004,街道,牌楼街道
320302,320302008,街道,琵琶街道
320302,320302011,街道,铜沛街道
320302,320302012,街道,九里街道
320302,320302013,街道,金山桥街道
320302,320302014,街道,东环街道
320302,320302015,街道,拾屯街道
320303,320303001,街道,彭城街道
320303,320303005,街道,子房街道
320303,320303007,街道,黄山街道
320303,320303008,街道,骆驼山街道
320303,320303010,街道,大郭庄街道
320303,320303011,街道,翠屏山街道
320303,320303012,街道,潘塘街道
320303,320303013,街道,大龙湖街道
320303,320303014,街道,汉风街道
320305,320305003,街道,大泉街道
320305,320305004,街道,老矿街道
320305,320305005,街道,大吴街道
320305,320305006,街道,潘安湖街道
320305,320305007,街道,大庙街道
320305,320305008,街道,大黄山街道
320305,320305009,街道,茱萸山街道
320305,320305010,街道,金龙湖街道
320305,320305102,镇,青山泉镇
320305,320305104,镇,紫庄镇
320305,320305105,镇,塔山镇
320305,320305106,镇,汴塘镇
320305,320305107,镇,江庄镇
320311,320311001,街道,王陵街道
320311,320311003,街道,永安街道
320311,320311004,街道,湖滨街道
320311,320311005,街道,段庄街道
320311,320311006,街道,翟山街道
320311,320311007,街道,奎山街道
320311,320311008,街道,和平街道
320311,320311011,街道,泰山街道
320311,320311012,街道,金山街道
320311,320311014,街道,七里沟街道
320311,320311015,街道,火花街道
320311,320311016,街道,苏山街道
320311,320311017,街道,庞庄街道
320311,320311018,街道,桃园街道
320312,320312002,街道,利国街道
320312,320312003,街道,张集街道
320312,320312004,街道,垞城街道
320312,320312005,街道,电厂街道
320312,320312006,街道,张双楼街道
320312,320312007,街道,三河尖街道
320312,320312009,街道,铜山街道
320312,320312010,街道,三堡街道
320312,320312011,街道,新区街道
320312,320312012,街道,沿湖街道
320312,320312102,镇,何桥镇
320312,320312103,镇,黄集镇
320312,320312104,镇,马坡镇
320312,320312105,镇,郑集镇
320312,320312106,镇,柳新镇
320312,320312107,镇,刘集镇
320312,320312108,镇,大彭镇
320312,320312109,镇,汉王镇
320312,320312111,镇,棠张镇
320312,320312112,镇,张集镇
320312,320312113,镇,房村镇
320312,320312114,镇,伊庄镇
320312,320312115,镇,单集镇
320312,320312117,镇,徐庄镇
320312,320312118,镇,大许镇
320312,320312119,镇,茅村镇
320312,320312120,镇,柳泉镇
320312,320312121,镇,利国镇
320321,320321001,街道,中阳里街道
320321,320321002,街道,凤城街道
320321,320321003,街道,孙楼街道
320321,320321102,镇,首羡镇
320321,320321103,镇,顺河镇
320321,320321104,镇,常店镇
320321,320321105,镇,欢口镇
320321,320321106,镇,师寨镇
320321,320321107,镇,华山镇
320321,320321108,镇,梁寨镇
320321,320321109,镇,范楼镇
320321,320321111,镇,宋楼镇
320321,320321112,镇,大沙河镇
320321,320321113,镇,王沟镇
320321,320321114,镇,赵庄镇
320322,320322001,街道,沛城街道
320322,320322002,街道,大屯街道
320322,320322003,街道,汉兴街道
320322,320322004,街道,汉源街道
320322,320322102,镇,龙固镇
320322,320322103,镇,杨屯镇
320322,320322105,镇,胡寨镇
320322,320322106,镇,魏庙镇
320322,320322107,镇,五段镇
320322,320322108,镇,张庄镇
320322,320322109,镇,张寨镇
320322,320322110,镇,敬安镇
320322,320322111,镇,河口镇
320322,320322112,镇,栖山镇
320322,320322113,镇,鹿楼镇
320322,320322114,镇,朱寨镇
320322,320322115,镇,安国镇
320324,320324001,街道,睢城街道
320324,320324002,街道,睢河街道
320324,320324003,街道,金城街道
320324,320324102,镇,王集镇
320324,320324103,镇,双沟镇
320324,320324104,镇,岚山镇
320324,320324105,镇,李集镇
320324,320324106,镇,桃园镇
320324,320324107,镇,官山镇
320324,320324108,镇,高作镇
320324,320324109,镇,沙集镇
320324,320324110,镇,凌城镇
320324,320324111,镇,邱集镇
320324,320324112,镇,古邳镇
320324,320324113,镇,姚集镇
320324,320324114,镇,魏集镇
320324,320324115,镇,梁集镇
320324,320324116,镇,庆安镇
320324,320324601,镇,睢城镇
320381,320381001,街道,新安街道
320381,320381002,街道,北沟街道
320381,320381003,街道,唐店街道
320381,320381004,街道,墨河街道
320381,320381005,街道,钟吾街道
320381,320381102,镇,草桥镇
320381,320381103,镇,港头镇
320381,320381104,镇,合沟镇
320381,320381105,镇,窑湾镇
320381,320381106,镇,棋盘镇
320381,320381107,镇,马陵山镇
320381,320381108,镇,邵店镇
320381,320381109,镇,高流镇
320381,320381110,镇,阿湖镇
320381,320381112,镇,时集镇
320381,320381113,镇,瓦窑镇
320381,320381114,镇,双塘镇
320381,320381116,镇,新店镇
320382,320382001,街道,运河街道
320382,320382002,街道,炮车街道
320382,320382003,街道,戴圩街道
320382,320382004,街道,东湖街道
320382,320382102,镇,邳城镇
320382,320382103,镇,官湖镇
320382,320382104,镇,四户镇
320382,320382105,镇,宿羊山镇
320382,320382106,镇,八义集镇
320382,320382107,镇,土山镇
320382,320382108,镇,碾庄镇
320382,320382109,镇,港上镇
320382,320382110,镇,邹庄镇
320382,320382111,镇,占城镇
320382,320382112,镇,新河镇
320382,320382113,镇,八路镇
320382,320382115,镇,铁富镇
320382,320382116,镇,岔河镇
320382,320382118,镇,陈楼镇
320382,320382119,镇,邢楼镇
320382,320382120,镇,戴庄镇
320382,320382121,镇,车辐山镇
320382,320382122,镇,燕子埠镇
320382,320382123,镇,赵墩镇
320382,320382124,镇,议堂镇
320402,320402001,街道,天宁街道
320402,320402006,街道,兰陵街道
320402,320402007,街道,茶山街道
320402,320402008,街道,雕庄街道
320402,320402009,街道,红梅街道
320402,320402010,街道,青龙街道
320402,320402100,镇,郑陆镇
320404,320404001,街道,五星街道
320404,320404002,街道,永红街道
320404,320404003,街道,北港街道
320404,320404004,街道,西林街道
320404,320404005,街道,南大街街道
320404,320404006,街道,荷花池街道
320404,320404010,街道,新闸街道
320404,320404100,镇,邹区镇
320411,320411003,街道,龙虎塘街道
320411,320411004,街道,新桥街道
320411,320411005,街道,春江街道
320411,320411006,街道,魏村街道
320411,320411007,街道,三井街道
320411,320411102,镇,孟河镇
320411,320411104,镇,薛家镇
320411,320411105,镇,罗溪镇
320411,320411106,镇,西夏墅镇
320411,320411107,镇,奔牛镇
320411,320411191,镇,春江镇
320412,320412001,街道,南夏墅街道
320412,320412002,街道,西湖街道
320412,320412003,街道,丁堰街道
320412,320412004,街道,戚墅堰街道
320412,320412005,街道,潞城街道
320412,320412100,镇,湖塘镇
320412,320412102,镇,牛塘镇
320412,320412103,镇,洛阳镇
320412,320412104,镇,遥观镇
320412,320412105,镇,横林镇
320412,320412106,镇,横山桥镇
320412,320412110,镇,雪堰镇
320412,320412113,镇,前黄镇
320412,320412114,镇,礼嘉镇
320412,320412119,镇,嘉泽镇
320412,320412120,镇,湟里镇
320413,320413001,街道,西城街道
320413,320413002,街道,尧塘街道
320413,320413003,街道,东城街道
320413,320413100,镇,金城镇
320413,320413101,镇,儒林镇
320413,320413102,镇,直溪镇
320413,320413103,镇,朱林镇
320413,320413104,镇,薛埠镇
320413,320413105,镇,指前镇
320481,320481001,街道,昆仑街道
320481,320481002,街道,溧城街道
320481,320481003,街道,古县街道
320481,320481101,镇,埭头镇
320481,320481102,镇,上黄镇
320481,320481103,镇,戴埠镇
320481,320481106,镇,天目湖镇
320481,320481107,镇,别桥镇
320481,320481109,镇,上兴镇
320481,320481111,镇,竹箦镇
320481,320481114,镇,南渡镇
320481,320481116,镇,社渚镇
320505,320505002,街道,狮山街道
320505,320505003,街道,横塘街道
320505,320505004,街道,枫桥街道
320505,320505005,街道,东渚街道
320505,320505006,街道,斜塘街道
320505,320505007,街道,娄葑街道
320505,320505102,镇,浒墅关镇
320505,320505105,镇,通安镇
320506,320506003,街道,长桥街道
320506,320506004,街道,郭巷街道
320506,320506005,街道,横泾街道
320506,320506006,街道,越溪街道
320506,320506007,街道,城南街道
320506,320506008,街道,香山街道
320506,320506009,街道,唯亭街道
320506,320506010,街道,胜浦街道
320506,320506011,街道,太湖街道
320506,320506012,街道,金鸡湖街道
320506,320506101,镇,甪直镇
320506,320506104,镇,光福镇
320506,320506108,镇,木渎镇
320506,320506109,镇,胥口镇
320506,320506111,镇,临湖镇
320506,320506113,镇,东山镇
320506,320506114,镇,金庭镇
320507,320507001,街道,元和街道
320507,320507002,街道,黄桥街道
320507,320507004,街道,北桥街道
320507,320507007,街道,太平街道
320507,320507008,街道,北河泾街道
320507,320507009,街道,漕湖街道
320507,320507010,街道,澄阳街道
320507,320507100,镇,望亭镇
320507,320507103,镇,黄埭镇
320507,320507107,镇,渭塘镇
320507,320507111,镇,阳澄湖镇
320508,320508002,街道,沧浪街道
320508,320508003,街道,吴门桥街道
320508,320508005,街道,双塔街道
320508,320508008,街道,平江街道
320508,320508009,街道,苏锦街道
320508,320508015,街道,金阊街道
320508,320508016,街道,白洋湾街道
320508,320508017,街道,虎丘街道
320509,320509002,街道,松陵街道
320509,320509003,街道,江陵街道
320509,320509004,街道,横扇街道
320509,320509005,街道,八坼街道
320509,320509101,镇,同里镇
320509,320509102,镇,平望镇
320509,320509103,镇,盛泽镇
320509,320509104,镇,七都镇
320509,320509105,镇,震泽镇
320509,320509106,镇,桃源镇
320509,320509107,镇,黎里镇
320509,320509600,镇,松陵镇
320509,320509601,街道,滨湖街道
320581,320581001,街道,碧溪街道
320581,320581003,街道,东南街道
320581,320581004,街道,虞山街道
320581,320581005,街道,琴川街道
320581,320581006,街道,莫城街道
320581,320581007,街道,常福街道
320581,320581101,镇,梅李镇
320581,320581102,镇,海虞镇
320581,320581107,镇,古里镇
320581,320581108,镇,沙家浜镇
320581,320581109,镇,支塘镇
320581,320581111,镇,董浜镇
320581,320581117,镇,尚湖镇
320581,320581120,镇,辛庄镇
320582,320582001,街道,金港街道
320582,320582002,街道,后塍街道
320582,320582003,街道,德积街道
320582,320582100,镇,塘桥镇
320582,320582103,镇,凤凰镇
320582,320582105,镇,乐余镇
320582,320582107,镇,锦丰镇
320582,320582108,镇,南丰镇
320582,320582110,镇,杨舍镇
320582,320582116,镇,大新镇
320582,320582118,镇,金港镇
320583,320583100,镇,玉山镇
320583,320583102,镇,巴城镇
320583,320583105,镇,周市镇
320583,320583107,镇,陆家镇
320583,320583108,镇,花桥镇
320583,320583110,镇,淀山湖镇
320583,320583111,镇,张浦镇
320583,320583112,镇,周庄镇
320583,320583113,镇,千灯镇
320583,320583114,镇,锦溪镇
320585,320585001,街道,娄东街道
320585,320585002,街道,陆渡街道
320585,320585100,镇,城厢镇
320585,320585103,镇,浮桥镇
320585,320585105,镇,璜泾镇
320585,320585109,镇,双凤镇
320585,320585110,镇,沙溪镇
320585,320585111,镇,浏河镇
320612,320612001,街道,金沙街道
320612,320612002,街道,先锋街道
320612,320612003,街道,兴东街道
320612,320612004,街道,金新街道
320612,320612101,镇,西亭镇
320612,320612102,镇,二甲镇
320612,320612103,镇,东社镇
320612,320612104,镇,三余镇
320612,320612107,镇,十总镇
320612,320612110,镇,石港镇
320612,320612112,镇,刘桥镇
320612,320612114,镇,平潮镇
320612,320612116,镇,五接镇
320612,320612117,镇,兴仁镇
320612,320612119,镇,张芝山镇
320612,320612120,镇,川姜镇
320613,320613001,街道,城东街道
320613,320613002,街道,和平桥街道
320613,320613003,街道,任港街道
320613,320613004,街道,新城桥街道
320613,320613005,街道,虹桥街道
320613,320613006,街道,学田街道
320613,320613007,街道,钟秀街道
320613,320613008,街道,文峰街道
320613,320613009,街道,观音山街道
320613,320613010,街道,狼山镇街道
320613,320613011,街道,新开街道
320613,320613012,街道,中兴街道
320613,320613013,街道,小海街道
320613,320613014,街道,竹行街道
320613,320613015,街道,江海街道
320613,320613016,街道,永兴街道
320613,320613017,街道,唐闸镇街道
320613,320613018,街道,天生港镇街道
320613,320613019,街道,秦灶街道
320613,320613020,街道,陈桥街道
320613,320613021,街道,幸福街道
320614,320614001,街道,海门街道
320614,320614002,街道,滨江街道
320614,320614003,街道,三厂街道
320614,320614101,镇,三星镇
320614,320614102,镇,海永镇
320614,320614103,镇,常乐镇
320614,320614104,镇,悦来镇
320614,320614105,镇,四甲镇
320614,320614106,镇,余东镇
320614,320614107,镇,正余镇
320614,320614108,镇,包场镇
320614,320614109,镇,临江镇
320623,320623001,街道,苴镇街道
320623,320623002,街道,城中街道
320623,320623003,街道,掘港街道
320623,320623100,镇,栟茶镇
320623,320623101,镇,洋口镇
320623,320623104,镇,长沙镇
320623,320623109,镇,马塘镇
320623,320623110,镇,丰利镇
320623,320623111,镇,曹埠镇
320623,320623112,镇,岔河镇
320623,320623113,镇,双甸镇
320623,320623114,镇,新店镇
320623,320623115,镇,河口镇
320623,320623117,镇,袁庄镇
320623,320623121,镇,大豫镇
320681,320681100,镇,汇龙镇
320681,320681102,镇,南阳镇
320681,320681105,镇,北新镇
320681,320681107,镇,王鲍镇
320681,320681108,镇,合作镇
320681,320681110,镇,吕四港镇
320681,320681113,镇,海复镇
320681,320681117,镇,近海镇
320681,320681118,镇,寅阳镇
320681,320681120,镇,惠萍镇
320681,320681122,镇,东海镇
320681,320681124,镇,启隆镇
320682,320682001,街道,如城街道
320682,320682002,街道,城北街道
320682,320682003,街道,城南街道
320682,320682103,镇,东陈镇
320682,320682104,镇,丁堰镇
320682,320682105,镇,白蒲镇
320682,320682107,镇,下原镇
320682,320682108,镇,九华镇
320682,320682110,镇,石庄镇
320682,320682111,镇,长江镇
320682,320682112,镇,吴窑镇
320682,320682113,镇,江安镇
320682,320682116,镇,搬经镇
320682,320682117,镇,磨头镇
320685,320685001,街道,海安街道
320685,320685002,街道,孙庄街道
320685,320685003,街道,胡集街道
320685,320685004,街道,隆政街道
320685,320685101,镇,城东镇
320685,320685102,镇,曲塘镇
320685,320685103,镇,李堡镇
320685,320685105,镇,角斜镇
320685,320685107,镇,大公镇
320685,320685109,镇,雅周镇
320685,320685110,镇,白甸镇
320685,320685112,镇,南莫镇
320685,320685113,镇,墩头镇
320703,320703001,街道,墟沟街道
320703,320703002,街道,连云街道
320703,320703003,街道,连岛街道
320703,320703004,街道,板桥街道
320703,320703005,街道,云山街道
320703,320703006,街道,海州湾街道
320703,320703007,街道,宿城街道
320703,320703008,街道,高公岛街道
320703,320703009,街道,中云街道
320703,320703010,街道,猴嘴街道
320703,320703011,街道,朝阳街道
320703,320703012,街道,徐圩街道
320703,320703200,乡,前三岛乡
320706,320706001,街道,海州街道
320706,320706002,街道,幸福路街道
320706,320706003,街道,朐阳街道
320706,320706004,街道,洪门街道
320706,320706005,街道,云台街道
320706,320706006,街道,新浦街道
320706,320706007,街道,浦西街道
320706,320706008,街道,新东街道
320706,320706009,街道,新南街道
320706,320706010,街道,路南街道
320706,320706011,街道,新海街道
320706,320706012,街道,花果山街道
320706,320706013,街道,南城街道
320706,320706014,街道,宁海街道
320706,320706015,街道,郁洲街道
320706,320706100,镇,新坝镇
320706,320706101,镇,锦屏镇
320706,320706102,镇,板浦镇
320706,320706103,镇,浦南镇
320707,320707100,镇,青口镇
320707,320707101,镇,柘汪镇
320707,320707102,镇,石桥镇
320707,320707103,镇,金山镇
320707,320707104,镇,黑林镇
320707,320707105,镇,厉庄镇
320707,320707106,镇,海头镇
320707,320707107,镇,塔山镇
320707,320707108,镇,赣马镇
320707,320707109,镇,班庄镇
320707,320707110,镇,城头镇
320707,320707111,镇,城西镇
320707,320707112,镇,宋庄镇
320707,320707113,镇,沙河镇
320707,320707114,镇,墩尚镇
320722,320722001,街道,牛山街道
320722,320722002,街道,石榴街道
320722,320722101,镇,白塔埠镇
320722,320722103,镇,黄川镇
320722,320722104,镇,石梁河镇
320722,320722105,镇,青湖镇
320722,320722107,镇,温泉镇
320722,320722108,镇,双店镇
320722,320722109,镇,桃林镇
320722,320722110,镇,洪庄镇
320722,320722111,镇,安峰镇
320722,320722112,镇,房山镇
320722,320722113,镇,平明镇
320722,320722114,镇,曲阳镇
320722,320722115,镇,山左口镇
320722,320722200,乡,驼峰乡
320722,320722203,乡,李埝乡
320722,320722205,乡,石湖乡
320722,320722207,乡,张湾乡
320723,320723001,街道,侍庄街道
320723,320723100,镇,伊山镇
320723,320723102,镇,杨集镇
320723,320723103,镇,燕尾港镇
320723,320723104,镇,同兴镇
320723,320723105,镇,四队镇
320723,320723106,镇,圩丰镇
320723,320723107,镇,龙苴镇
320723,320723108,镇,下车镇
320723,320723109,镇,东王集镇
320723,320723110,镇,图河镇
320723,320723111,镇,小伊镇
320723,320723112,镇,南岗镇
320724,320724100,镇,新安镇
320724,320724101,镇,堆沟港镇
320724,320724103,镇,北陈集镇
320724,320724104,镇,张店镇
320724,320724105,镇,汤沟镇
320724,320724106,镇,百禄镇
320724,320724107,镇,孟兴庄镇
320724,320724108,镇,三口镇
320724,320724109,镇,田楼镇
320724,320724110,镇,新集镇
320724,320724111,镇,李集镇
320803,320803001,街道,淮城街道
320803,320803002,街道,河下街道
320803,320803004,街道,山阳街道
320803,320803101,镇,平桥镇
320803,320803103,镇,朱桥镇
320803,320803105,镇,施河镇
320803,320803106,镇,车桥镇
320803,320803108,镇,流均镇
320803,320803109,镇,苏嘴镇
320803,320803110,镇,钦工镇
320803,320803111,镇,顺河镇
320803,320803113,镇,博里镇
320803,320803116,镇,复兴镇
320803,320803120,镇,范集镇
320803,320803121,镇,漕运镇
320803,320803122,镇,石塘镇
320804,320804006,街道,长江路街道
320804,320804007,街道,新渡口街道
320804,320804008,街道,古清口街道
320804,320804009,街道,王家营街道
320804,320804103,镇,南陈集镇
320804,320804104,镇,马头镇
320804,320804107,镇,丁集镇
320804,320804109,镇,徐溜镇
320804,320804110,镇,渔沟镇
320804,320804114,镇,三树镇
320804,320804115,镇,高家堰镇
320804,320804116,镇,淮高镇
320804,320804117,镇,刘老庄镇
320812,320812001,街道,府前街道
320812,320812002,街道,长西街道
320812,320812003,街道,淮海街道
320812,320812004,街道,长东街道
320812,320812005,街道,柳树湾街道
320812,320812006,街道,水渡口街道
320812,320812007,街道,清河街道
320812,320812008,街道,清江街道
320812,320812009,街道,浦楼街道
320812,320812010,街道,闸口街道
320812,320812011,街道,清浦街道
320812,320812012,街道,城南街道
320812,320812013,街道,盐河街道
320812,320812014,街道,武墩街道
320812,320812015,街道,钵池街道
320812,320812016,街道,徐杨街道
320812,320812017,街道,南马厂街道
320812,320812018,街道,枚乘街道
320812,320812100,镇,和平镇
320812,320812103,镇,黄码镇
320813,320813001,街道,高良涧街道
320813,320813002,街道,朱坝街道
320813,320813003,街道,黄集街道
320813,320813101,镇,蒋坝镇
320813,320813103,镇,岔河镇
320813,320813104,镇,西顺河镇
320813,320813105,镇,老子山镇
320813,320813106,镇,三河镇
320813,320813110,镇,东双沟镇
320826,320826001,街道,涟城街道
320826,320826002,街道,朱码街道
320826,320826003,街道,陈师街道
320826,320826004,街道,保滩街道
320826,320826101,镇,高沟镇
320826,320826102,镇,唐集镇
320826,320826104,镇,大东镇
320826,320826105,镇,五港镇
320826,320826106,镇,梁岔镇
320826,320826107,镇,石湖镇
320826,320826109,镇,岔庙镇
320826,320826110,镇,东胡集镇
320826,320826111,镇,南集镇
320826,320826113,镇,成集镇
320826,320826114,镇,红窑镇
320826,320826117,镇,黄营镇
320830,320830001,街道,盱城街道
320830,320830002,街道,太和街道
320830,320830003,街道,古桑街道
320830,320830101,镇,马坝镇
320830,320830102,镇,官滩镇
320830,320830104,镇,桂五镇
320830,320830105,镇,管仲镇
320830,320830106,镇,河桥镇
320830,320830107,镇,鲍集镇
320830,320830108,镇,黄花塘镇
320830,320830111,镇,淮河镇
320830,320830114,镇,天泉湖镇
320830,320830115,镇,穆店镇
320831,320831001,街道,黎城街道
320831,320831002,街道,戴楼街道
320831,320831003,街道,金北街道
320831,320831101,镇,金南镇
320831,320831103,镇,塔集镇
320831,320831106,镇,前锋镇
320831,320831107,镇,吕良镇
320831,320831111,镇,银涂镇
320902,320902001,街道,五星街道
320902,320902002,街道,文峰街道
320902,320902003,街道,先锋街道
320902,320902004,街道,伍佑街道
320902,320902005,街道,新城街道
320902,320902006,街道,大洋街道
320902,320902007,街道,黄海街道
320902,320902008,街道,新洋街道
320902,320902009,街道,毓龙街道
320902,320902010,街道,新河街道
320902,320902011,街道,宝瓶湖街道
320902,320902012,街道,东亭湖街道
320902,320902102,镇,新兴镇
320902,320902104,镇,南洋镇
320902,320902106,镇,便仓镇
320902,320902108,镇,步凤镇
320902,320902115,镇,黄尖镇
320902,320902116,镇,盐东镇
320903,320903001,街道,张庄街道
320903,320903002,街道,潘黄街道
320903,320903003,街道,新都街道
320903,320903004,街道,盐龙街道
320903,320903005,街道,盐渎街道
320903,320903006,街道,科城街道
320903,320903103,镇,学富镇
320903,320903109,镇,龙冈镇
320903,320903111,镇,郭猛镇
320903,320903112,镇,大冈镇
320903,320903113,镇,大纵湖镇
320903,320903114,镇,楼王镇
320903,320903115,镇,尚庄镇
320903,320903116,镇,秦南镇
320904,320904001,街道,丰华街道
320904,320904002,街道,大中街道
320904,320904101,镇,草堰镇
320904,320904102,镇,白驹镇
320904,320904103,镇,刘庄镇
320904,320904106,镇,小海镇
320904,320904107,镇,西团镇
320904,320904108,镇,新丰镇
320904,320904110,镇,大桥镇
320904,320904111,镇,草庙镇
320904,320904112,镇,万盈镇
320904,320904114,镇,南阳镇
320904,320904116,镇,三龙镇
320921,320921100,镇,响水镇
320921,320921101,镇,陈家港镇
320921,320921102,镇,小尖镇
320921,320921103,镇,黄圩镇
320921,320921104,镇,大有镇
320921,320921105,镇,双港镇
320921,320921106,镇,南河镇
320921,320921107,镇,运河镇
320922,320922001,街道,东坎街道
320922,320922002,街道,坎南街道
320922,320922003,街道,坎北街道
320922,320922101,镇,五汛镇
320922,320922102,镇,蔡桥镇
320922,320922103,镇,正红镇
320922,320922104,镇,通榆镇
320922,320922105,镇,界牌镇
320922,320922106,镇,八巨镇
320922,320922107,镇,八滩镇
320922,320922108,镇,滨海港镇
320922,320922109,镇,滨淮镇
320922,320922110,镇,天场镇
320922,320922112,镇,陈涛镇
320923,320923001,街道,阜城街道
320923,320923002,街道,金沙湖街道
320923,320923003,街道,花园街道
320923,320923004,街道,吴滩街道
320923,320923101,镇,沟墩镇
320923,320923104,镇,陈良镇
320923,320923106,镇,三灶镇
320923,320923107,镇,郭墅镇
320923,320923108,镇,新沟镇
320923,320923109,镇,陈集镇
320923,320923110,镇,羊寨镇
320923,320923111,镇,芦蒲镇
320923,320923113,镇,板湖镇
320923,320923114,镇,东沟镇
320923,320923115,镇,益林镇
320923,320923118,镇,古河镇
320923,320923119,镇,罗桥镇
320924,320924100,镇,合德镇
320924,320924101,镇,临海镇
320924,320924102,镇,千秋镇
320924,320924104,镇,四明镇
320924,320924106,镇,海河镇
320924,320924108,镇,海通镇
320924,320924109,镇,兴桥镇
320924,320924110,镇,新坍镇
320924,320924111,镇,长荡镇
320924,320924112,镇,盘湾镇
320924,320924113,镇,特庸镇
320924,320924114,镇,洋马镇
320924,320924117,镇,黄沙港镇
320925,320925001,街道,近湖街道
320925,320925002,街道,钟庄街道
320925,320925003,街道,塘河街道
320925,320925101,镇,建阳镇
320925,320925102,镇,九龙口镇
320925,320925103,镇,恒济镇
320925,320925104,镇,颜单镇
320925,320925105,镇,沿河镇
320925,320925106,镇,芦沟镇
320925,320925107,镇,庆丰镇
320925,320925108,镇,上冈镇
320925,320925111,镇,冈西镇
320925,320925113,镇,宝塔镇
320925,320925114,镇,高作镇
320981,320981100,镇,溱东镇
320981,320981101,镇,时堰镇
320981,320981106,镇,五烈镇
320981,320981107,镇,梁垛镇
320981,320981108,镇,安丰镇
320981,320981109,镇,南沈灶镇
320981,320981110,镇,富安镇
320981,320981112,镇,唐洋镇
320981,320981113,镇,新街镇
320981,320981114,镇,许河镇
320981,320981115,镇,三仓镇
320981,320981118,镇,头灶镇
320981,320981121,镇,弶港镇
320981,320981122,镇,东台镇
321002,321002001,街道,东关街道
321002,321002002,街道,汶河街道
321002,321002003,街道,文峰街道
321002,321002004,街道,曲江街道
321002,321002005,街道,汤汪街道
321002,321002100,镇,湾头镇
321002,321002101,镇,杭集镇
321002,321002102,镇,李典镇
321002,321002103,镇,沙头镇
321002,321002104,镇,头桥镇
321002,321002105,镇,泰安镇
321003,321003001,街道,邗上街道
321003,321003002,街道,新盛街道
321003,321003003,街道,蒋王街道
321003,321003004,街道,汊河街道
321003,321003005,街道,梅岭街道
321003,321003006,街道,扬子津街道
321003,321003007,街道,瘦西湖街道
321003,321003008,街道,甘泉街道
321003,321003011,街道,城北街道
321003,321003012,街道,竹西街道
321003,321003013,街道,文汇街道
321003,321003014,街道,双桥街道
321003,321003015,街道,西湖街道
321003,321003102,镇,公道镇
321003,321003104,镇,方巷镇
321003,321003106,镇,槐泗镇
321003,321003109,镇,瓜洲镇
321003,321003118,镇,杨寿镇
321003,321003120,镇,杨庙镇
321003,321003122,镇,八里镇
321003,321003123,镇,施桥镇
321003,321003200,乡,平山乡
321012,321012100,镇,仙女镇
321012,321012101,镇,小纪镇
321012,321012102,镇,武坚镇
321012,321012103,镇,樊川镇
321012,321012104,镇,真武镇
321012,321012105,镇,宜陵镇
321012,321012106,镇,丁沟镇
321012,321012107,镇,郭村镇
321012,321012108,镇,邵伯镇
321012,321012109,镇,丁伙镇
321012,321012110,镇,大桥镇
321012,321012111,镇,吴桥镇
321012,321012112,镇,浦头镇
321023,321023100,镇,安宜镇
321023,321023101,镇,氾水镇
321023,321023102,镇,夏集镇
321023,321023103,镇,柳堡镇
321023,321023104,镇,射阳湖镇
321023,321023105,镇,广洋湖镇
321023,321023106,镇,鲁垛镇
321023,321023107,镇,小官庄镇
321023,321023108,镇,望直港镇
321023,321023109,镇,曹甸镇
321023,321023110,镇,西安丰镇
321023,321023111,镇,山阳镇
321023,321023112,镇,黄塍镇
321023,321023113,镇,泾河镇
321081,321081100,镇,真州镇
321081,321081101,镇,青山镇
321081,321081103,镇,新集镇
321081,321081104,镇,新城镇
321081,321081105,镇,马集镇
321081,321081106,镇,刘集镇
321081,321081107,镇,陈集镇
321081,321081108,镇,大仪镇
321081,321081109,镇,月塘镇
321081,321081110,镇,朴席镇
321084,321084001,街道,高邮街道
321084,321084002,街道,马棚街道
321084,321084101,镇,龙虬镇
321084,321084103,镇,车逻镇
321084,321084106,镇,汤庄镇
321084,321084107,镇,卸甲镇
321084,321084108,镇,三垛镇
321084,321084109,镇,甘垛镇
321084,321084112,镇,界首镇
321084,321084113,镇,周山镇
321084,321084115,镇,临泽镇
321084,321084116,镇,送桥镇
321084,321084200,民族乡,菱塘回族乡
321102,321102001,街道,正东路街道
321102,321102002,街道,健康路街道
321102,321102003,街道,大市口街道
321102,321102004,街道,四牌楼街道
321102,321102005,街道,谏壁街道
321102,321102006,街道,象山街道
321102,321102007,街道,丁卯街道
321102,321102008,街道,大港街道
321102,321102100,镇,丁岗镇
321102,321102101,镇,大路镇
321102,321102102,镇,姚桥镇
321111,321111001,街道,宝塔路街道
321111,321111002,街道,和平路街道
321111,321111003,街道,官塘桥街道
321111,321111004,街道,蒋乔街道
321111,321111005,街道,金山街道
321111,321111006,街道,韦岗街道
321111,321111007,街道,七里甸街道
321111,321111008,街道,南山街道
321112,321112001,街道,高资街道
321112,321112002,街道,宜城街道
321112,321112103,镇,高桥镇
321112,321112105,镇,辛丰镇
321112,321112107,镇,谷阳镇
321112,321112108,镇,上党镇
321112,321112110,镇,宝堰镇
321112,321112113,镇,世业镇
321181,321181001,街道,云阳街道
321181,321181002,街道,曲阿街道
321181,321181101,镇,司徒镇
321181,321181105,镇,延陵镇
321181,321181106,镇,珥陵镇
321181,321181109,镇,导墅镇
321181,321181110,镇,皇塘镇
321181,321181112,镇,吕城镇
321181,321181114,镇,陵口镇
321181,321181117,镇,访仙镇
321181,321181118,镇,界牌镇
321181,321181122,镇,丹北镇
321182,321182001,街道,三茅街道
321182,321182002,街道,兴隆街道
321182,321182101,镇,新坝镇
321182,321182103,镇,油坊镇
321182,321182104,镇,八桥镇
321182,321182105,镇,西来桥镇
321183,321183001,街道,华阳街道
321183,321183002,街道,崇明街道
321183,321183003,街道,黄梅街道
321183,321183102,镇,下蜀镇
321183,321183103,镇,白兔镇
321183,321183105,镇,茅山镇
321183,321183106,镇,后白镇
321183,321183107,镇,郭庄镇
321183,321183109,镇,天王镇
321183,321183112,镇,宝华镇
321183,321183117,镇,边城镇
321202,321202001,街道,城东街道
321202,321202002,街道,城西街道
321202,321202003,街道,城南街道
321202,321202004,街道,城中街道
321202,321202005,街道,城北街道
321202,321202007,街道,京泰路街道
321202,321202008,街道,凤凰街道
321202,321202009,街道,寺巷街道
321202,321202010,街道,明珠街道
321202,321202011,街道,红旗街道
321202,321202100,镇,九龙镇
321202,321202102,镇,罡杨镇
321202,321202103,镇,苏陈镇
321202,321202104,镇,华港镇
321203,321203001,街道,口岸街道
321203,321203002,街道,刁铺街道
321203,321203003,街道,许庄街道
321203,321203004,街道,沿江街道
321203,321203102,镇,永安洲镇
321203,321203103,镇,白马镇
321203,321203105,镇,大泗镇
321203,321203106,镇,胡庄镇
321203,321203107,镇,野徐镇
321204,321204001,街道,罗塘街道
321204,321204003,街道,梁徐街道
321204,321204004,街道,天目山街道
321204,321204005,街道,三水街道
321204,321204100,镇,蒋垛镇
321204,321204101,镇,娄庄镇
321204,321204102,镇,白米镇
321204,321204103,镇,俞垛镇
321204,321204105,镇,大𫭢镇
321204,321204107,镇,顾高镇
321204,321204109,镇,张甸镇
321204,321204113,镇,淤溪镇
321204,321204115,镇,溱潼镇
321281,321281001,街道,昭阳街道
321281,321281002,街道,临城街道
321281,321281003,街道,垛田街道
321281,321281100,镇,戴窑镇
321281,321281101,镇,合陈镇
321281,321281102,镇,永丰镇
321281,321281103,镇,新垛镇
321281,321281104,镇,安丰镇
321281,321281105,镇,海南镇
321281,321281106,镇,钓鱼镇
321281,321281107,镇,大邹镇
321281,321281108,镇,沙沟镇
321281,321281109,镇,中堡镇
321281,321281114,镇,竹泓镇
321281,321281115,镇,沈𫭢镇
321281,321281116,镇,大垛镇
321281,321281117,镇,荻垛镇
321281,321281118,镇,陶庄镇
321281,321281119,镇,昌荣镇
321281,321281121,镇,周庄镇
321281,321281122,镇,陈堡镇
321281,321281126,镇,大营镇
321281,321281128,镇,千垛镇
321281,321281129,镇,兴东镇
321281,321281130,镇,戴南镇
321281,321281207,乡,林湖乡
321282,321282001,街道,靖城街道
321282,321282101,镇,新桥镇
321282,321282102,镇,东兴镇
321282,321282104,镇,斜桥镇
321282,321282105,镇,西来镇
321282,321282106,镇,季市镇
321282,321282107,镇,孤山镇
321282,321282109,镇,生祠镇
321282,321282110,镇,马桥镇
321283,321283001,街道,济川街道
321283,321283002,街道,延令街道
321283,321283003,街道,姚王街道
321283,321283101,镇,黄桥镇
321283,321283102,镇,珊瑚镇
321283,321283103,镇,广陵镇
321283,321283106,镇,古溪镇
321283,321283107,镇,元竹镇
321283,321283108,镇,张桥镇
321283,321283109,镇,曲霞镇
321283,321283110,镇,河失镇
321283,321283113,镇,新街镇
321283,321283115,镇,宣堡镇
321283,321283122,镇,分界镇
321283,321283123,镇,滨江镇
321283,321283124,镇,虹桥镇
321283,321283201,乡,根思乡
321302,321302001,街道,幸福街道
321302,321302002,街道,项里街道
321302,321302003,街道,河滨街道
321302,321302004,街道,古城街道
321302,321302005,街道,支口街道
321302,321302006,街道,双庄街道
321302,321302007,街道,三棵树街道
321302,321302008,街道,黄河街道
321302,321302009,街道,洋北街道
321302,321302010,街道,古楚街道
321302,321302101,镇,耿车镇
321302,321302102,镇,埠子镇
321302,321302107,镇,中扬镇
321302,321302109,镇,陈集镇
321302,321302110,镇,洋河镇
321302,321302111,镇,蔡集镇
321302,321302112,镇,龙河镇
321302,321302113,镇,屠园镇
321302,321302202,乡,南蔡乡
321311,321311001,街道,顺河街道
321311,321311002,街道,豫新街道
321311,321311003,街道,下相街道
321311,321311004,街道,陆集街道
321311,321311005,街道,晓店街道
321311,321311006,街道,井头街道
321311,321311103,镇,王官集镇
321311,321311105,镇,仰化镇
321311,321311111,镇,关庙镇
321311,321311113,镇,新庄镇
321311,321311116,镇,来龙镇
321311,321311117,镇,大兴镇
321311,321311118,镇,皂河镇
321311,321311201,乡,曹集乡
321322,321322001,街道,沭城街道
321322,321322002,街道,南湖街道
321322,321322003,街道,梦溪街道
321322,321322004,街道,十字街道
321322,321322006,街道,七雄街道
321322,321322007,街道,章集街道
321322,321322101,镇,陇集镇
321322,321322102,镇,胡集镇
321322,321322105,镇,马厂镇
321322,321322106,镇,沂涛镇
321322,321322107,镇,庙头镇
321322,321322109,镇,华冲镇
321322,321322111,镇,悦来镇
321322,321322112,镇,刘集镇
321322,321322115,镇,扎下镇
321322,321322116,镇,颜集镇
321322,321322117,镇,潼阳镇
321322,321322118,镇,龙庙镇
321322,321322124,镇,新河镇
321322,321322126,镇,吴集镇
321322,321322128,镇,青伊湖镇
321322,321322129,镇,钱集镇
321322,321322130,镇,塘沟镇
321322,321322131,镇,韩山镇
321322,321322132,镇,桑墟镇
321322,321322133,镇,李恒镇
321322,321322134,镇,高墟镇
321322,321322135,镇,耿圩镇
321322,321322136,镇,贤官镇
321322,321322205,乡,西圩乡
321323,321323001,街道,众兴街道
321323,321323002,街道,城厢街道
321323,321323003,街道,来安街道
321323,321323103,镇,裴圩镇
321323,321323104,镇,新袁镇
321323,321323105,镇,李口镇
321323,321323107,镇,临河镇
321323,321323112,镇,三庄镇
321323,321323113,镇,爱园镇
321323,321323114,镇,卢集镇
321323,321323115,镇,王集镇
321323,321323116,镇,穿城镇
321323,321323200,乡,庄圩乡
321324,321324001,街道,青阳街道
321324,321324002,街道,重岗街道
321324,321324003,街道,大楼街道
321324,321324102,镇,上塘镇
321324,321324103,镇,魏营镇
321324,321324106,镇,孙园镇
321324,321324107,镇,梅花镇
321324,321324108,镇,归仁镇
321324,321324109,镇,金锁镇
321324,321324110,镇,朱湖镇
321324,321324113,镇,龙集镇
321324,321324114,镇,双沟镇
321324,321324115,镇,界集镇
321324,321324116,镇,半城镇
321324,321324117,镇,临淮镇
321324,321324202,乡,天岗湖乡
321324,321324203,乡,车门乡
321324,321324204,乡,瑶沟乡
321324,321324205,乡,石集乡
321324,321324600,镇,青阳镇
330102,330102001,街道,清波街道
330102,330102003,街道,湖滨街道
330102,330102004,街道,小营街道
330102,330102008,街道,南星街道
330102,330102009,街道,紫阳街道
330102,330102010,街道,望江街道
330102,330102011,街道,凯旋街道
330102,330102012,街道,采荷街道
330102,330102013,街道,闸弄口街道
330102,330102014,街道,四季青街道
330102,330102015,街道,彭埠街道
330102,330102016,街道,笕桥街道
330102,330102017,街道,丁兰街道
330102,330102018,街道,九堡街道
330105,330105001,街道,米市巷街道
330105,330105002,街道,湖墅街道
330105,330105003,街道,小河街道
330105,330105004,街道,和睦街道
330105,330105005,街道,拱宸桥街道
330105,330105007,街道,大关街道
330105,330105008,街道,上塘街道
330105,330105009,街道,祥符街道
330105,330105010,街道,康桥街道
330105,330105011,街道,半山街道
330105,330105012,街道,天水街道
330105,330105013,街道,武林街道
330105,330105014,街道,长庆街道
330105,330105015,街道,潮鸣街道
330105,330105016,街道,朝晖街道
330105,330105017,街道,文晖街道
330105,330105018,街道,东新街道
330105,330105019,街道,石桥街道
330106,330106002,街道,北山街道
330106,330106003,街道,灵隐街道
330106,330106004,街道,西溪街道
330106,330106005,街道,翠苑街道
330106,330106006,街道,文新街道
330106,330106011,街道,转塘街道
330106,330106012,街道,蒋村街道
330106,330106013,街道,留下街道
330106,330106014,街道,古荡街道
330106,330106015,街道,西湖街道
330106,330106109,镇,三墩镇
330106,330106110,镇,双浦镇
330108,330108001,街道,西兴街道
330108,330108002,街道,浦沿街道
330108,330108003,街道,长河街道
330109,330109001,街道,城厢街道
330109,330109002,街道,北干街道
330109,330109003,街道,蜀山街道
330109,330109004,街道,新塘街道
330109,330109005,街道,靖江街道
330109,330109006,街道,南阳街道
330109,330109012,街道,新街街道
330109,330109013,街道,闻堰街道
330109,330109014,街道,宁围街道
330109,330109015,街道,盈丰街道
330109,330109100,镇,楼塔镇
330109,330109101,镇,河上镇
330109,330109102,镇,戴村镇
330109,330109103,镇,浦阳镇
330109,330109104,镇,进化镇
330109,330109105,镇,临浦镇
330109,330109106,镇,义桥镇
330109,330109107,镇,所前镇
330109,330109108,镇,衙前镇
330109,330109113,镇,瓜沥镇
330109,330109115,镇,益农镇
330109,330109120,镇,党湾镇
330110,330110005,街道,五常街道
330110,330110009,街道,仁和街道
330110,330110010,街道,闲林街道
330110,330110011,街道,中泰街道
330110,330110012,街道,余杭街道
330110,330110013,街道,良渚街道
330110,330110014,街道,仓前街道
330110,330110109,镇,径山镇
330110,330110110,镇,瓶窑镇
330110,330110111,镇,鸬鸟镇
330110,330110112,镇,百丈镇
330110,330110113,镇,黄湖镇
330111,330111001,街道,富春街道
330111,330111002,街道,春江街道
330111,330111003,街道,东洲街道
330111,330111004,街道,鹿山街道
330111,330111005,街道,银湖街道
330111,330111100,镇,万市镇
330111,330111101,镇,洞桥镇
330111,330111102,镇,新登镇
330111,330111103,镇,渌渚镇
330111,330111104,镇,胥口镇
330111,330111105,镇,永昌镇
330111,330111106,镇,大源镇
330111,330111107,镇,灵桥镇
330111,330111108,镇,里山镇
330111,330111109,镇,常绿镇
330111,330111110,镇,场口镇
330111,330111111,镇,常安镇
330111,330111112,镇,龙门镇
330111,330111200,乡,新桐乡
330111,330111201,乡,上官乡
330111,330111202,乡,渔山乡
330111,330111203,乡,环山乡
330111,330111204,乡,湖源乡
330111,330111205,乡,春建乡
330112,330112001,街道,锦城街道
330112,330112002,街道,玲珑街道
330112,330112003,街道,青山湖街道
330112,330112004,街道,锦南街道
330112,330112005,街道,锦北街道
330112,330112100,镇,高虹镇
330112,330112101,镇,太湖源镇
330112,330112102,镇,於潜镇
330112,330112103,镇,天目山镇
330112,330112104,镇,太阳镇
330112,330112105,镇,潜川镇
330112,330112106,镇,昌化镇
330112,330112107,镇,河桥镇
330112,330112108,镇,龙岗镇
330112,330112109,镇,湍口镇
330112,330112110,镇,清凉峰镇
330112,330112111,镇,岛石镇
330112,330112112,镇,板桥镇
330113,330113001,街道,临平街道
330113,330113002,街道,南苑街道
330113,330113003,街道,东湖街道
330113,330113004,街道,星桥街道
330113,330113005,街道,乔司街道
330113,330113006,街道,运河街道
330113,330113007,街道,崇贤街道
330113,330113100,镇,塘栖镇
330114,330114001,街道,下沙街道
330114,330114002,街道,白杨街道
330114,330114003,街道,河庄街道
330114,330114004,街道,义蓬街道
330114,330114005,街道,新湾街道
330114,330114006,街道,临江街道
330114,330114007,街道,前进街道
330122,330122001,街道,桐君街道
330122,330122002,街道,旧县街道
330122,330122003,街道,城南街道
330122,330122004,街道,凤川街道
330122,330122101,镇,富春江镇
330122,330122102,镇,横村镇
330122,330122105,镇,江南镇
330122,330122109,镇,分水镇
330122,330122110,镇,瑶琳镇
330122,330122112,镇,百江镇
330122,330122201,民族乡,莪山畲族乡
330122,330122202,乡,钟山乡
330122,330122204,乡,新合乡
330122,330122210,乡,合村乡
330127,330127101,镇,文昌镇
330127,330127102,镇,石林镇
330127,330127103,镇,临岐镇
330127,330127104,镇,威坪镇
330127,330127106,镇,姜家镇
330127,330127107,镇,梓桐镇
330127,330127108,镇,汾口镇
330127,330127109,镇,中洲镇
330127,330127110,镇,大墅镇
330127,330127111,镇,枫树岭镇
330127,330127112,镇,千岛湖镇
330127,330127200,乡,里商乡
330127,330127201,乡,金峰乡
330127,330127202,乡,富文乡
330127,330127203,乡,左口乡
330127,330127205,乡,屏门乡
330127,330127206,乡,瑶山乡
330127,330127208,乡,王阜乡
330127,330127210,乡,宋村乡
330127,330127211,乡,鸠坑乡
330127,330127212,乡,浪川乡
330127,330127214,乡,界首乡
330127,330127216,乡,安阳乡
330182,330182001,街道,新安江街道
330182,330182002,街道,洋溪街道
330182,330182003,街道,更楼街道
330182,330182101,镇,莲花镇
330182,330182102,镇,乾潭镇
330182,330182104,镇,梅城镇
330182,330182105,镇,杨村桥镇
330182,330182106,镇,下涯镇
330182,330182107,镇,大洋镇
330182,330182108,镇,三都镇
330182,330182109,镇,寿昌镇
330182,330182110,镇,航头镇
330182,330182111,镇,大慈岩镇
330182,330182112,镇,大同镇
330182,330182113,镇,李家镇
330182,330182202,乡,钦堂乡
330203,330203001,街道,南门街道
330203,330203002,街道,江厦街道
330203,330203003,街道,西门街道
330203,330203004,街道,月湖街道
330203,330203005,街道,鼓楼街道
330203,330203006,街道,白云街道
330203,330203007,街道,段塘街道
330203,330203008,街道,望春街道
330203,330203009,街道,石碶街道
330203,330203100,镇,高桥镇
330203,330203101,镇,横街镇
330203,330203102,镇,集士港镇
330203,330203103,镇,古林镇
330203,330203104,镇,洞桥镇
330203,330203105,镇,鄞江镇
330203,330203106,镇,章水镇
330203,330203200,乡,龙观乡
330205,330205003,街道,孔浦街道
330205,330205004,街道,文教街道
330205,330205005,街道,庄桥街道
330205,330205006,街道,甬江街道
330205,330205007,街道,洪塘街道
330205,330205008,街道,前江街道
330205,330205009,街道,外滩街道
330205,330205103,镇,慈城镇
330206,330206001,街道,新碶街道
330206,330206002,街道,小港街道
330206,330206003,街道,大碶街道
330206,330206004,街道,霞浦街道
330206,330206005,街道,柴桥街道
330206,330206006,街道,戚家山街道
330206,330206007,街道,大榭街道
330206,330206008,街道,梅山街道
330206,330206009,街道,春晓街道
330206,330206010,街道,白峰街道
330206,330206011,街道,郭巨街道
330211,330211001,街道,招宝山街道
330211,330211002,街道,蛟川街道
330211,330211003,街道,骆驼街道
330211,330211004,街道,庄市街道
330211,330211005,街道,贵驷街道
330211,330211100,镇,澥浦镇
330211,330211101,镇,九龙湖镇
330212,330212003,街道,下应街道
330212,330212004,街道,钟公庙街道
330212,330212006,街道,首南街道
330212,330212007,街道,中河街道
330212,330212008,街道,梅墟街道
330212,330212009,街道,潘火街道
330212,330212010,街道,百丈街道
330212,330212011,街道,东胜街道
330212,330212012,街道,明楼街道
330212,330212013,街道,白鹤街道
330212,330212014,街道,东柳街道
330212,330212015,街道,东郊街道
330212,330212016,街道,福明街道
330212,330212017,街道,新明街道
330212,330212018,街道,聚贤街道
330212,330212100,镇,瞻岐镇
330212,330212101,镇,咸祥镇
330212,330212102,镇,塘溪镇
330212,330212104,镇,东吴镇
330212,330212105,镇,五乡镇
330212,330212106,镇,邱隘镇
330212,330212108,镇,云龙镇
330212,330212109,镇,横溪镇
330212,330212121,镇,姜山镇
330212,330212123,镇,东钱湖镇
330213,330213001,街道,锦屏街道
330213,330213002,街道,岳林街道
330213,330213003,街道,江口街道
330213,330213004,街道,西坞街道
330213,330213005,街道,萧王庙街道
330213,330213006,街道,方桥街道
330213,330213007,街道,莼湖街道
330213,330213008,街道,尚田街道
330213,330213100,镇,溪口镇
330213,330213103,镇,裘村镇
330213,330213104,镇,大堰镇
330213,330213105,镇,松岙镇
330225,330225001,街道,丹东街道
330225,330225002,街道,丹西街道
330225,330225003,街道,爵溪街道
330225,330225101,镇,石浦镇
330225,330225102,镇,西周镇
330225,330225103,镇,鹤浦镇
330225,330225104,镇,贤庠镇
330225,330225105,镇,墙头镇
330225,330225106,镇,泗洲头镇
330225,330225107,镇,定塘镇
330225,330225108,镇,涂茨镇
330225,330225109,镇,大徐镇
330225,330225110,镇,新桥镇
330225,330225200,乡,东陈乡
330225,330225201,乡,晓塘乡
330225,330225202,乡,黄避岙乡
330225,330225203,乡,茅洋乡
330225,330225204,乡,高塘岛乡
330226,330226001,街道,跃龙街道
330226,330226002,街道,桃源街道
330226,330226003,街道,梅林街道
330226,330226004,街道,桥头胡街道
330226,330226101,镇,长街镇
330226,330226102,镇,力洋镇
330226,330226104,镇,一市镇
330226,330226105,镇,岔路镇
330226,330226106,镇,前童镇
330226,330226107,镇,桑洲镇
330226,330226108,镇,黄坛镇
330226,330226109,镇,大佳何镇
330226,330226110,镇,强蛟镇
330226,330226111,镇,西店镇
330226,330226112,镇,深甽镇
330226,330226113,镇,茶院镇
330226,330226200,乡,胡陈乡
330226,330226202,乡,越溪乡
330281,330281001,街道,梨洲街道
330281,330281002,街道,凤山街道
330281,330281003,街道,兰江街道
330281,330281004,街道,阳明街道
330281,330281005,街道,低塘街道
330281,330281006,街道,朗霞街道
330281,330281100,镇,临山镇
330281,330281101,镇,黄家埠镇
330281,330281102,镇,小曹娥镇
330281,330281103,镇,泗门镇
330281,330281106,镇,马渚镇
330281,330281108,镇,牟山镇
330281,330281109,镇,丈亭镇
330281,330281110,镇,三七市镇
330281,330281111,镇,河姆渡镇
330281,330281112,镇,大隐镇
330281,330281113,镇,陆埠镇
330281,330281114,镇,梁弄镇
330281,330281115,镇,大岚镇
330281,330281116,镇,四明山镇
330281,330281201,乡,鹿亭乡
330282,330282001,街道,浒山街道
330282,330282002,街道,宗汉街道
330282,330282003,街道,坎墩街道
330282,330282004,街道,白沙路街道
330282,330282005,街道,古塘街道
330282,330282006,街道,陆中湾街道
330282,330282101,镇,龙山镇
330282,330282104,镇,掌起镇
330282,330282107,镇,观海卫镇
330282,330282108,镇,附海镇
330282,330282109,镇,桥头镇
330282,330282110,镇,匡堰镇
330282,330282111,镇,逍林镇
330282,330282112,镇,新浦镇
330282,330282113,镇,胜山镇
330282,330282114,镇,横河镇
330282,330282116,镇,崇寿镇
330282,330282118,镇,庵东镇
330282,330282120,镇,长河镇
330282,330282121,镇,周巷镇
330302,330302002,街道,滨江街道
330302,330302014,街道,松台街道
330302,330302018,街道,五马街道
330302,330302021,街道,南汇街道
330302,330302022,街道,双屿街道
330302,330302023,街道,仰义街道
330302,330302024,街道,七都街道
330302,330302025,街道,蒲鞋市街道
330302,330302026,街道,广化街道
330302,330302027,街道,大南街道
330302,330302028,街道,南郊街道
330302,330302029,街道,丰门街道
330302,330302100,镇,藤桥镇
330302,330302101,镇,山福镇
330303,330303001,街道,永中街道
330303,330303002,街道,蒲州街道
330303,330303003,街道,海滨街道
330303,330303004,街道,永兴街道
330303,330303005,街道,海城街道
330303,330303006,街道,状元街道
330303,330303007,街道,瑶溪街道
330303,330303008,街道,沙城街道
330303,330303009,街道,天河街道
330303,330303010,街道,星海街道
330304,330304001,街道,景山街道
330304,330304002,街道,梧田街道
330304,330304003,街道,茶山街道
330304,330304004,街道,南白象街道
330304,330304005,街道,新桥街道
330304,330304006,街道,娄桥街道
330304,330304007,街道,三垟街道
330304,330304008,街道,瞿溪街道
330304,330304010,街道,潘桥街道
330304,330304011,街道,丽岙街道
330304,330304012,街道,仙岩街道
330304,330304013,街道,郭溪街道
330304,330304108,镇,泽雅镇
330305,330305001,街道,北岙街道
330305,330305002,街道,东屏街道
330305,330305003,街道,元觉街道
330305,330305004,街道,霓屿街道
330305,330305005,街道,昆鹏街道
330305,330305011,街道,灵昆街道
330305,330305100,镇,大门镇
330305,330305200,乡,鹿西乡
330324,330324001,街道,乌牛街道
330324,330324002,街道,东城街道
330324,330324003,街道,北城街道
330324,330324004,街道,南城街道
330324,330324007,街道,三江街道
330324,330324008,街道,黄田街道
330324,330324009,街道,瓯北街道
330324,330324102,镇,桥头镇
330324,330324105,镇,大若岩镇
330324,330324109,镇,枫林镇
330324,330324112,镇,桥下镇
330324,330324113,镇,碧莲镇
330324,330324114,镇,巽宅镇
330324,330324115,镇,岩头镇
330324,330324116,镇,岩坦镇
330324,330324117,镇,沙头镇
330324,330324118,镇,鹤盛镇
330324,330324119,镇,金溪镇
330324,330324200,乡,茗岙乡
330324,330324201,乡,云岭乡
330324,330324202,乡,溪下乡
330324,330324203,乡,界坑乡
330326,330326100,镇,昆阳镇
330326,330326101,镇,鳌江镇
330326,330326102,镇,水头镇
330326,330326103,镇,萧江镇
330326,330326104,镇,海西镇
330326,330326105,镇,腾蛟镇
330326,330326106,镇,南麂镇
330326,330326107,镇,山门镇
330326,330326108,镇,顺溪镇
330326,330326109,镇,南雁镇
330326,330326110,镇,麻步镇
330326,330326111,镇,凤卧镇
330326,330326112,镇,万全镇
330326,330326113,镇,怀溪镇
330326,330326214,民族乡,青街畲族乡
330326,330326215,乡,闹村乡
330327,330327103,镇,宜山镇
330327,330327104,镇,大渔镇
330327,330327105,镇,炎亭镇
330327,330327106,镇,望里镇
330327,330327107,镇,莒溪镇
330327,330327108,镇,南宋镇
330327,330327109,镇,霞关镇
330327,330327110,镇,沿浦镇
330327,330327112,镇,藻溪镇
330327,330327122,镇,灵溪镇
330327,330327124,镇,金乡镇
330327,330327125,镇,钱库镇
330327,330327126,镇,马站镇
330327,330327127,镇,矾山镇
330327,330327128,镇,桥墩镇
330327,330327129,镇,赤溪镇
330327,330327216,民族乡,凤阳畲族乡
330327,330327218,民族乡,岱岭畲族乡
330328,330328101,镇,百丈漈镇
330328,330328102,镇,二源镇
330328,330328106,镇,巨屿镇
330328,330328108,镇,大峃镇
330328,330328109,镇,珊溪镇
330328,330328110,镇,玉壶镇
330328,330328111,镇,南田镇
330328,330328112,镇,黄坦镇
330328,330328113,镇,西坑畲族镇
330328,330328114,镇,峃口镇
330328,330328115,镇,周壤镇
330328,330328116,镇,铜铃山镇
330328,330328210,乡,桂山乡
330328,330328211,乡,双桂乡
330328,330328212,乡,平和乡
330328,330328213,乡,公阳乡
330328,330328217,民族乡,周山畲族乡
330329,330329102,镇,百丈镇
330329,330329111,镇,罗阳镇
330329,330329112,镇,司前畲族镇
330329,330329113,镇,筱村镇
330329,330329114,镇,泗溪镇
330329,330329115,镇,彭溪镇
330329,330329116,镇,雅阳镇
330329,330329117,镇,仕阳镇
330329,330329118,镇,三魁镇
330329,330329120,镇,南浦溪镇
330329,330329121,镇,龟湖镇
330329,330329122,镇,西旸镇
330329,330329201,乡,东溪乡
330329,330329202,乡,凤垟乡
330329,330329203,乡,柳峰乡
330329,330329204,民族乡,竹里畲族乡
330329,330329206,乡,雪溪乡
330329,330329208,乡,大安乡
330329,330329210,乡,包垟乡
330381,330381001,街道,安阳街道
330381,330381002,街道,上望街道
330381,330381003,街道,东山街道
330381,330381004,街道,玉海街道
330381,330381005,街道,锦湖街道
330381,330381006,街道,莘塍街道
330381,330381007,街道,汀田街道
330381,330381008,街道,南滨街道
330381,330381009,街道,飞云街道
330381,330381010,街道,仙降街道
330381,330381011,街道,潘岱街道
330381,330381012,街道,云周街道
330381,330381101,镇,塘下镇
330381,330381125,镇,陶山镇
330381,330381126,镇,湖岭镇
330381,330381127,镇,马屿镇
330381,330381128,镇,高楼镇
330381,330381129,镇,桐浦镇
330381,330381130,镇,曹村镇
330381,330381131,镇,林川镇
330381,330381132,镇,平阳坑镇
330381,330381201,乡,北麂乡
330381,330381202,乡,芳庄乡
330382,330382001,街道,城东街道
330382,330382002,街道,城南街道
330382,330382003,街道,盐盆街道
330382,330382004,街道,翁垟街道
330382,330382005,街道,白石街道
330382,330382006,街道,石帆街道
330382,330382007,街道,天成街道
330382,330382008,街道,乐成街道
330382,330382104,镇,雁荡镇
330382,330382121,镇,柳市镇
330382,330382122,镇,北白象镇
330382,330382123,镇,虹桥镇
330382,330382124,镇,淡溪镇
330382,330382125,镇,清江镇
330382,330382126,镇,芙蓉镇
330382,330382127,镇,大荆镇
330382,330382128,镇,仙溪镇
330382,330382129,镇,磐石镇
330382,330382130,镇,蒲岐镇
330382,330382131,镇,南岳镇
330382,330382132,镇,南塘镇
330382,330382133,镇,湖雾镇
330382,330382200,乡,岭底乡
330382,330382201,乡,智仁乡
330382,330382202,乡,龙西乡
330402,330402007,街道,建设街道
330402,330402008,街道,解放街道
330402,330402009,街道,新嘉街道
330402,330402010,街道,南湖街道
330402,330402011,街道,新兴街道
330402,330402012,街道,七星街道
330402,330402013,街道,东栅街道
330402,330402014,街道,城南街道
330402,330402015,街道,长水街道
330402,330402100,镇,凤桥镇
330402,330402101,镇,余新镇
330402,330402103,镇,新丰镇
330402,330402105,镇,大桥镇
330411,330411002,街道,新城街道
330411,330411003,街道,高照街道
330411,330411004,街道,嘉北街道
330411,330411005,街道,塘汇街道
330411,330411101,镇,王江泾镇
330411,330411103,镇,油车港镇
330411,330411104,镇,新塍镇
330411,330411105,镇,王店镇
330411,330411106,镇,洪合镇
330421,330421001,街道,罗星街道
330421,330421002,街道,魏塘街道
330421,330421003,街道,惠民街道
330421,330421102,镇,大云镇
330421,330421103,镇,西塘镇
330421,330421105,镇,干窑镇
330421,330421107,镇,陶庄镇
330421,330421111,镇,天凝镇
330421,330421112,镇,姚庄镇
330424,330424001,街道,武原街道
330424,330424002,街道,秦山街道
330424,330424003,街道,望海街道
330424,330424004,街道,西塘桥街道
330424,330424101,镇,沈荡镇
330424,330424102,镇,百步镇
330424,330424103,镇,于城镇
330424,330424105,镇,澉浦镇
330424,330424106,镇,通元镇
330481,330481001,街道,马桥街道
330481,330481002,街道,海昌街道
330481,330481003,街道,海洲街道
330481,330481004,街道,硖石街道
330481,330481101,镇,许村镇
330481,330481103,镇,长安镇
330481,330481105,镇,周王庙镇
330481,330481106,镇,丁桥镇
330481,330481107,镇,斜桥镇
330481,330481108,镇,黄湾镇
330481,330481110,镇,盐官镇
330481,330481112,镇,袁花镇
330482,330482001,街道,当湖街道
330482,330482002,街道,曹桥街道
330482,330482003,街道,钟埭街道
330482,330482101,镇,乍浦镇
330482,330482102,镇,新埭镇
330482,330482103,镇,新仓镇
330482,330482106,镇,广陈镇
330482,330482107,镇,林埭镇
330482,330482108,镇,独山港镇
330483,330483001,街道,梧桐街道
330483,330483003,街道,凤鸣街道
330483,330483008,街道,高桥街道
330483,330483100,镇,乌镇镇
330483,330483101,镇,濮院镇
330483,330483102,镇,屠甸镇
330483,330483103,镇,石门镇
330483,330483104,镇,河山镇
330483,330483105,镇,洲泉镇
330483,330483106,镇,大麻镇
330483,330483107,镇,崇福镇
330502,330502001,街道,月河街道
330502,330502002,街道,朝阳街道
330502,330502003,街道,爱山街道
330502,330502004,街道,飞英街道
330502,330502005,街道,龙泉街道
330502,330502006,街道,凤凰街道
330502,330502007,街道,湖东街道
330502,330502008,街道,仁皇山街道
330502,330502009,街道,滨湖街道
330502,330502010,街道,康山街道
330502,330502011,街道,环渚街道
330502,330502012,街道,龙溪街道
330502,330502013,街道,杨家埠街道
330502,330502100,镇,织里镇
330502,330502101,镇,八里店镇
330502,330502102,镇,妙西镇
330502,330502103,镇,东林镇
330502,330502104,镇,埭溪镇
330502,330502200,乡,道场乡
330503,330503001,街道,东迁街道
330503,330503002,街道,旧馆街道
330503,330503100,镇,南浔镇
330503,330503101,镇,练市镇
330503,330503102,镇,双林镇
330503,330503103,镇,菱湖镇
330503,330503104,镇,和孚镇
330503,330503105,镇,善琏镇
330503,330503107,镇,千金镇
330503,330503108,镇,石淙镇
330521,330521001,街道,下渚湖街道
330521,330521002,街道,武康街道
330521,330521003,街道,舞阳街道
330521,330521004,街道,阜溪街道
330521,330521005,街道,康乾街道
330521,330521101,镇,乾元镇
330521,330521103,镇,洛舍镇
330521,330521110,镇,雷甸镇
330521,330521113,镇,钟管镇
330521,330521114,镇,新市镇
330521,330521115,镇,新安镇
330521,330521116,镇,禹越镇
330521,330521117,镇,莫干山镇
330521,330521602,乡,三合乡
330522,330522001,街道,雉城街道
330522,330522002,街道,画溪街道
330522,330522003,街道,太湖街道
330522,330522004,街道,龙山街道
330522,330522101,镇,洪桥镇
330522,330522102,镇,李家巷镇
330522,330522103,镇,夹浦镇
330522,330522104,镇,林城镇
330522,330522105,镇,泗安镇
330522,330522106,镇,虹星桥镇
330522,330522107,镇,和平镇
330522,330522108,镇,小浦镇
330522,330522109,镇,煤山镇
330522,330522200,乡,水口乡
330522,330522202,乡,吕山乡
330523,330523001,街道,递铺街道
330523,330523002,街道,昌硕街道
330523,330523003,街道,灵峰街道
330523,330523004,街道,孝源街道
330523,330523101,镇,梅溪镇
330523,330523103,镇,鄣吴镇
330523,330523104,镇,杭垓镇
330523,330523105,镇,孝丰镇
330523,330523106,镇,报福镇
330523,330523107,镇,章村镇
330523,330523108,镇,天荒坪镇
330523,330523111,镇,天子湖镇
330523,330523201,乡,溪龙乡
330523,330523205,乡,上墅乡
330523,330523206,乡,山川乡
330602,330602001,街道,塔山街道
330602,330602002,街道,府山街道
330602,330602004,街道,北海街道
330602,330602005,街道,城南街道
330602,330602006,街道,稽山街道
330602,330602007,街道,迪荡街道
330602,330602008,街道,东湖街道
330602,330602009,街道,灵芝街道
330602,330602010,街道,东浦街道
330602,330602011,街道,鉴湖街道
330602,330602012,街道,斗门街道
330602,330602013,街道,皋埠街道
330602,330602014,街道,马山街道
330602,330602015,街道,孙端街道
330602,330602016,街道,陶堰街道
330602,330602017,街道,沥海街道
330602,330602109,镇,富盛镇
330602,330602603,街道,蕺山街道
330603,330603001,街道,柯桥街道
330603,330603002,街道,柯岩街道
330603,330603003,街道,华舍街道
330603,330603004,街道,湖塘街道
330603,330603005,街道,齐贤街道
330603,330603006,街道,安昌街道
330603,330603007,街道,兰亭街道
330603,330603008,街道,福全街道
330603,330603009,街道,钱清街道
330603,330603010,街道,马鞍街道
330603,330603011,街道,杨汛桥街道
330603,330603104,镇,平水镇
330603,330603106,镇,王坛镇
330603,330603108,镇,稽东镇
330603,330603110,镇,漓渚镇
330603,330603111,镇,夏履镇
330604,330604001,街道,百官街道
330604,330604002,街道,曹娥街道
330604,330604003,街道,东关街道
330604,330604004,街道,道墟街道
330604,330604005,街道,梁湖街道
330604,330604006,街道,小越街道
330604,330604007,街道,崧厦街道
330604,330604101,镇,长塘镇
330604,330604102,镇,上浦镇
330604,330604103,镇,汤浦镇
330604,330604104,镇,章镇镇
330604,330604105,镇,下管镇
330604,330604106,镇,丰惠镇
330604,330604107,镇,永和镇
330604,330604109,镇,驿亭镇
330604,330604111,镇,谢塘镇
330604,330604112,镇,盖北镇
330604,330604200,乡,岭南乡
330604,330604201,乡,陈溪乡
330604,330604202,乡,丁宅乡
330624,330624001,街道,南明街道
330624,330624002,街道,羽林街道
330624,330624003,街道,七星街道
330624,330624004,街道,澄潭街道
330624,330624108,镇,沙溪镇
330624,330624109,镇,镜岭镇
330624,330624110,镇,儒岙镇
330624,330624111,镇,回山镇
330624,330624112,镇,沃洲镇
330624,330624113,镇,小将镇
330624,330624200,乡,城南乡
330624,330624201,乡,东茗乡
330681,330681001,街道,暨阳街道
330681,330681002,街道,浣东街道
330681,330681003,街道,陶朱街道
330681,330681004,街道,暨南街道
330681,330681005,街道,大唐街道
330681,330681102,镇,应店街镇
330681,330681103,镇,次坞镇
330681,330681104,镇,店口镇
330681,330681106,镇,姚江镇
330681,330681108,镇,山下湖镇
330681,330681109,镇,枫桥镇
330681,330681110,镇,赵家镇
330681,330681111,镇,马剑镇
330681,330681112,镇,五泄镇
330681,330681115,镇,牌头镇
330681,330681116,镇,同山镇
330681,330681117,镇,安华镇
330681,330681119,镇,璜山镇
330681,330681120,镇,陈宅镇
330681,330681121,镇,岭北镇
330681,330681122,镇,浬浦镇
330681,330681123,镇,东白湖镇
330681,330681201,乡,东和乡
330683,330683001,街道,剡湖街道
330683,330683002,街道,三江街道
330683,330683003,街道,鹿山街道
330683,330683004,街道,浦口街道
330683,330683100,镇,甘霖镇
330683,330683101,镇,长乐镇
330683,330683102,镇,崇仁镇
330683,330683103,镇,黄泽镇
330683,330683104,镇,三界镇
330683,330683107,镇,仙岩镇
330683,330683110,镇,下王镇
330683,330683111,镇,石璜镇
330683,330683112,镇,谷来镇
330683,330683113,镇,金庭镇
330683,330683206,乡,贵门乡
330702,330702001,街道,城东街道
330702,330702002,街道,城中街道
330702,330702003,街道,城西街道
330702,330702004,街道,城北街道
330702,330702005,街道,江南街道
330702,330702006,街道,三江口街道
330702,330702007,街道,西关街道
330702,330702008,街道,秋滨街道
330702,330702009,街道,新狮街道
330702,330702100,镇,罗店镇
330702,330702101,镇,雅畈镇
330702,330702102,镇,安地镇
330702,330702103,镇,白龙桥镇
330702,330702104,镇,琅琊镇
330702,330702105,镇,蒋堂镇
330702,330702106,镇,汤溪镇
330702,330702107,镇,罗埠镇
330702,330702108,镇,洋埠镇
330702,330702201,乡,乾西乡
330702,330702202,乡,竹马乡
330702,330702203,乡,长山乡
330702,330702204,乡,箬阳乡
330702,330702205,乡,沙畈乡
330702,330702206,乡,塔石乡
330702,330702207,乡,岭上乡
330702,330702208,乡,莘畈乡
330702,330702209,乡,苏孟乡
330703,330703001,街道,多湖街道
330703,330703002,街道,东孝街道
330703,330703101,镇,孝顺镇
330703,330703102,镇,傅村镇
330703,330703103,镇,曹宅镇
330703,330703104,镇,澧浦镇
330703,330703105,镇,岭下镇
330703,330703106,镇,江东镇
330703,330703107,镇,塘雅镇
330703,330703108,镇,赤松镇
330703,330703200,乡,源东乡
330723,330723001,街道,白洋街道
330723,330723002,街道,壶山街道
330723,330723003,街道,熟溪街道
330723,330723100,镇,柳城畲族镇
330723,330723101,镇,履坦镇
330723,330723102,镇,桐琴镇
330723,330723103,镇,泉溪镇
330723,330723104,镇,新宅镇
330723,330723105,镇,王宅镇
330723,330723106,镇,桃溪镇
330723,330723107,镇,茭道镇
330723,330723200,乡,大田乡
330723,330723201,乡,白姆乡
330723,330723202,乡,俞源乡
330723,330723203,乡,坦洪乡
330723,330723204,乡,西联乡
330723,330723205,乡,三港乡
330723,330723206,乡,大溪口乡
330726,330726001,街道,浦南街道
330726,330726002,街道,仙华街道
330726,330726003,街道,浦阳街道
330726,330726101,镇,黄宅镇
330726,330726102,镇,白马镇
330726,330726103,镇,郑家坞镇
330726,330726104,镇,郑宅镇
330726,330726105,镇,岩头镇
330726,330726106,镇,檀溪镇
330726,330726107,镇,杭坪镇
330726,330726200,乡,大畈乡
330726,330726201,乡,中余乡
330726,330726202,乡,前吴乡
330726,330726203,乡,花桥乡
330726,330726204,乡,虞宅乡
330727,330727001,街道,安文街道
330727,330727002,街道,新渥街道
330727,330727102,镇,尖山镇
330727,330727103,镇,仁川镇
330727,330727104,镇,大盘镇
330727,330727105,镇,方前镇
330727,330727106,镇,玉山镇
330727,330727107,镇,尚湖镇
330727,330727108,镇,冷水镇
330727,330727201,乡,双峰乡
330727,330727203,乡,双溪乡
330727,330727205,乡,窈川乡
330727,330727206,乡,盘峰乡
330727,330727211,乡,九和乡
330781,330781001,街道,兰江街道
330781,330781002,街道,云山街道
330781,330781003,街道,上华街道
330781,330781004,街道,永昌街道
330781,330781005,街道,赤溪街道
330781,330781006,街道,女埠街道
330781,330781101,镇,游埠镇
330781,330781102,镇,诸葛镇
330781,330781103,镇,黄店镇
330781,330781104,镇,香溪镇
330781,330781106,镇,梅江镇
330781,330781109,镇,马涧镇
330781,330781110,镇,横溪镇
330781,330781200,乡,灵洞乡
330781,330781201,乡,柏社乡
330781,330781202,民族乡,水亭畲族乡
330782,330782001,街道,稠城街道
330782,330782002,街道,江东街道
330782,330782003,街道,稠江街道
330782,330782004,街道,北苑街道
330782,330782005,街道,后宅街道
330782,330782006,街道,城西街道
330782,330782007,街道,廿三里街道
330782,330782008,街道,福田街道
330782,330782100,镇,佛堂镇
330782,330782101,镇,赤岸镇
330782,330782102,镇,义亭镇
330782,330782104,镇,上溪镇
330782,330782105,镇,苏溪镇
330782,330782106,镇,大陈镇
330783,330783001,街道,吴宁街道
330783,330783002,街道,南市街道
330783,330783003,街道,白云街道
330783,330783004,街道,江北街道
330783,330783005,街道,城东街道
330783,330783006,街道,六石街道
330783,330783128,镇,歌山镇
330783,330783129,镇,巍山镇
330783,330783130,镇,虎鹿镇
330783,330783131,镇,佐村镇
330783,330783133,镇,东阳江镇
330783,330783134,镇,湖溪镇
330783,330783135,镇,横店镇
330783,330783136,镇,马宅镇
330783,330783137,镇,千祥镇
330783,330783138,镇,南马镇
330783,330783139,镇,画水镇
330783,330783200,乡,三单乡
330784,330784001,街道,东城街道
330784,330784002,街道,西城街道
330784,330784003,街道,江南街道
330784,330784100,镇,石柱镇
330784,330784101,镇,古山镇
330784,330784102,镇,象珠镇
330784,330784103,镇,龙山镇
330784,330784104,镇,花街镇
330784,330784105,镇,方岩镇
330784,330784106,镇,舟山镇
330784,330784107,镇,前仓镇
330784,330784108,镇,唐先镇
330784,330784109,镇,西溪镇
330784,330784110,镇,芝英镇
330802,330802001,街道,府山街道
330802,330802004,街道,荷花街道
330802,330802005,街道,新新街道
330802,330802007,街道,双港街道
330802,330802008,街道,信安街道
330802,330802009,街道,花园街道
330802,330802010,街道,白云街道
330802,330802011,街道,衢化街道
330802,330802100,镇,石梁镇
330802,330802101,镇,航埠镇
330802,330802200,乡,姜家山乡
330802,330802201,乡,万田乡
330802,330802202,乡,石室乡
330802,330802205,乡,黄家乡
330802,330802209,乡,七里乡
330802,330802210,乡,九华乡
330802,330802211,乡,沟溪乡
330802,330802212,乡,华墅乡
330803,330803001,街道,樟潭街道
330803,330803002,街道,浮石街道
330803,330803100,镇,上方镇
330803,330803101,镇,峡川镇
330803,330803102,镇,杜泽镇
330803,330803103,镇,莲花镇
330803,330803105,镇,高家镇
330803,330803109,镇,全旺镇
330803,330803110,镇,大洲镇
330803,330803111,镇,后溪镇
330803,330803112,镇,廿里镇
330803,330803113,镇,湖南镇
330803,330803200,乡,灰坪乡
330803,330803202,乡,太真乡
330803,330803203,乡,双桥乡
330803,330803206,乡,周家乡
330803,330803207,乡,云溪乡
330803,330803212,乡,黄坛口乡
330803,330803213,乡,举村乡
330803,330803214,乡,岭洋乡
330822,330822001,街道,天马街道
330822,330822002,街道,紫港街道
330822,330822003,街道,金川街道
330822,330822101,镇,辉埠镇
330822,330822102,镇,芳村镇
330822,330822103,镇,球川镇
330822,330822104,镇,白石镇
330822,330822105,镇,招贤镇
330822,330822106,镇,青石镇
330822,330822200,乡,何家乡
330822,330822208,乡,新昌乡
330822,330822211,乡,同弓乡
330822,330822213,乡,大桥头乡
330822,330822214,乡,东案乡
330824,330824101,镇,华埠镇
330824,330824102,镇,马金镇
330824,330824103,镇,村头镇
330824,330824104,镇,池淮镇
330824,330824106,镇,桐村镇
330824,330824107,镇,杨林镇
330824,330824108,镇,苏庄镇
330824,330824109,镇,齐溪镇
330824,330824200,乡,林山乡
330824,330824201,乡,音坑乡
330824,330824202,乡,中村乡
330824,330824205,乡,长虹乡
330824,330824208,乡,何田乡
330824,330824210,乡,大溪边乡
330825,330825001,街道,东华街道
330825,330825002,街道,龙洲街道
330825,330825101,镇,湖镇镇
330825,330825102,镇,小南海镇
330825,330825103,镇,溪口镇
330825,330825104,镇,横山镇
330825,330825105,镇,塔石镇
330825,330825106,镇,詹家镇
330825,330825201,乡,罗家乡
330825,330825203,乡,庙下乡
330825,330825204,民族乡,沐尘畲族乡
330825,330825206,乡,模环乡
330825,330825207,乡,石佛乡
330825,330825209,乡,社阳乡
330825,330825211,乡,大街乡
330881,330881001,街道,双塔街道
330881,330881002,街道,虎山街道
330881,330881003,街道,清湖街道
330881,330881102,镇,上余镇
330881,330881103,镇,贺村镇
330881,330881105,镇,坛石镇
330881,330881106,镇,大桥镇
330881,330881107,镇,四都镇
330881,330881109,镇,新塘边镇
330881,330881110,镇,凤林镇
330881,330881111,镇,峡口镇
330881,330881112,镇,廿八都镇
330881,330881113,镇,长台镇
330881,330881114,镇,石门镇
330881,330881200,乡,大陈乡
330881,330881201,乡,碗窑乡
330881,330881202,乡,保安乡
330881,330881204,乡,张村乡
330881,330881205,乡,塘源口乡
330902,330902002,街道,昌国街道
330902,330902003,街道,环南街道
330902,330902004,街道,城东街道
330902,330902005,街道,盐仓街道
330902,330902006,街道,临城街道
330902,330902007,街道,小沙街道
330902,330902008,街道,岑港街道
330902,330902009,街道,马岙街道
330902,330902010,街道,双桥街道
330902,330902011,街道,千岛街道
330902,330902100,镇,金塘镇
330902,330902104,镇,白泉镇
330902,330902105,镇,干𬒗镇
330903,330903001,街道,沈家门街道
330903,330903003,街道,东港街道
330903,330903004,街道,展茅街道
330903,330903005,街道,朱家尖街道
330903,330903102,镇,虾峙镇
330903,330903104,镇,桃花镇
330903,330903105,镇,东极镇
330903,330903106,镇,六横镇
330903,330903107,镇,普陀山镇
330921,330921100,镇,高亭镇
330921,330921101,镇,东沙镇
330921,330921102,镇,岱东镇
330921,330921103,镇,岱西镇
330921,330921105,镇,长涂镇
330921,330921106,镇,衢山镇
330921,330921200,乡,秀山乡
330922,330922100,镇,菜园镇
330922,330922101,镇,嵊山镇
330922,330922102,镇,洋山镇
330922,330922200,乡,五龙乡
330922,330922201,乡,黄龙乡
330922,330922202,乡,枸杞乡
330922,330922203,乡,花鸟乡
331002,331002001,街道,海门街道
331002,331002002,街道,白云街道
331002,331002003,街道,葭沚街道
331002,331002004,街道,洪家街道
331002,331002005,街道,三甲街道
331002,331002006,街道,下陈街道
331002,331002007,街道,前所街道
331002,331002008,街道,章安街道
331002,331002009,街道,海虹街道
331002,331002101,镇,大陈镇
331003,331003001,街道,东城街道
331003,331003002,街道,南城街道
331003,331003003,街道,西城街道
331003,331003004,街道,北城街道
331003,331003005,街道,新前街道
331003,331003006,街道,澄江街道
331003,331003007,街道,江口街道
331003,331003008,街道,高桥街道
331003,331003101,镇,宁溪镇
331003,331003102,镇,北洋镇
331003,331003103,镇,头陀镇
331003,331003107,镇,院桥镇
331003,331003108,镇,沙埠镇
331003,331003200,乡,屿头乡
331003,331003201,乡,上郑乡
331003,331003202,乡,富山乡
331003,331003203,乡,茅畲乡
331003,331003204,乡,上垟乡
331003,331003205,乡,平田乡
331004,331004001,街道,路南街道
331004,331004002,街道,路桥街道
331004,331004003,街道,路北街道
331004,331004004,街道,螺洋街道
331004,331004005,街道,桐屿街道
331004,331004006,街道,峰江街道
331004,331004103,镇,新桥镇
331004,331004104,镇,横街镇
331004,331004106,镇,金清镇
331004,331004107,镇,蓬街镇
331022,331022001,街道,海游街道
331022,331022002,街道,海润街道
331022,331022003,街道,沙柳街道
331022,331022102,镇,珠岙镇
331022,331022103,镇,亭旁镇
331022,331022105,镇,健跳镇
331022,331022106,镇,横渡镇
331022,331022108,镇,花桥镇
331022,331022110,镇,浦坝港镇
331022,331022205,乡,蛇蟠乡
331023,331023001,街道,赤城街道
331023,331023002,街道,福溪街道
331023,331023003,街道,始丰街道
331023,331023101,镇,白鹤镇
331023,331023102,镇,石梁镇
331023,331023104,镇,街头镇
331023,331023105,镇,平桥镇
331023,331023106,镇,坦头镇
331023,331023107,镇,三合镇
331023,331023108,镇,洪畴镇
331023,331023200,乡,三州乡
331023,331023203,乡,龙溪乡
331023,331023204,乡,雷峰乡
331023,331023207,乡,南屏乡
331023,331023209,乡,泳溪乡
331024,331024001,街道,福应街道
331024,331024002,街道,南峰街道
331024,331024003,街道,安洲街道
331024,331024101,镇,横溪镇
331024,331024102,镇,埠头镇
331024,331024103,镇,白塔镇
331024,331024104,镇,田市镇
331024,331024105,镇,官路镇
331024,331024106,镇,下各镇
331024,331024107,镇,朱溪镇
331024,331024200,乡,安岭乡
331024,331024201,乡,溪港乡
331024,331024202,乡,湫山乡
331024,331024203,乡,淡竹乡
331024,331024204,乡,皤滩乡
331024,331024205,乡,上张乡
331024,331024206,乡,步路乡
331024,331024207,乡,广度乡
331024,331024209,乡,大战乡
331024,331024210,乡,双庙乡
331081,331081001,街道,太平街道
331081,331081002,街道,城东街道
331081,331081003,街道,城西街道
331081,331081004,街道,城北街道
331081,331081005,街道,横峰街道
331081,331081100,镇,泽国镇
331081,331081101,镇,大溪镇
331081,331081102,镇,松门镇
331081,331081103,镇,箬横镇
331081,331081104,镇,新河镇
331081,331081105,镇,石塘镇
331081,331081106,镇,滨海镇
331081,331081107,镇,温峤镇
331081,331081108,镇,城南镇
331081,331081109,镇,石桥头镇
331081,331081110,镇,坞根镇
331082,331082001,街道,古城街道
331082,331082002,街道,大洋街道
331082,331082003,街道,江南街道
331082,331082004,街道,大田街道
331082,331082005,街道,邵家渡街道
331082,331082100,镇,汛桥镇
331082,331082101,镇,东塍镇
331082,331082103,镇,汇溪镇
331082,331082104,镇,小芝镇
331082,331082105,镇,河头镇
331082,331082106,镇,白水洋镇
331082,331082107,镇,括苍镇
331082,331082108,镇,永丰镇
331082,331082109,镇,尤溪镇
331082,331082110,镇,涌泉镇
331082,331082111,镇,沿江镇
331082,331082112,镇,杜桥镇
331082,331082113,镇,上盘镇
331082,331082114,镇,桃渚镇
331083,331083001,街道,玉城街道
331083,331083002,街道,坎门街道
331083,331083003,街道,大麦屿街道
331083,331083100,镇,清港镇
331083,331083101,镇,楚门镇
331083,331083102,镇,干江镇
331083,331083103,镇,沙门镇
331083,331083104,镇,芦浦镇
331083,331083105,镇,龙溪镇
331083,331083200,乡,鸡山乡
331083,331083201,乡,海山乡
331102,331102001,街道,紫金街道
331102,331102002,街道,岩泉街道
331102,331102003,街道,万象街道
331102,331102004,街道,白云街道
331102,331102005,街道,联城街道
331102,331102006,街道,南明山街道
331102,331102100,镇,碧湖镇
331102,331102102,镇,大港头镇
331102,331102103,镇,老竹畲族镇
331102,331102104,镇,雅溪镇
331102,331102200,乡,太平乡
331102,331102202,乡,仙渡乡
331102,331102204,乡,峰源乡
331102,331102207,民族乡,丽新畲族乡
331102,331102211,乡,黄村乡
331121,331121001,街道,鹤城街道
331121,331121002,街道,瓯南街道
331121,331121003,街道,油竹街道
331121,331121004,街道,三溪口街道
331121,331121101,镇,温溪镇
331121,331121102,镇,东源镇
331121,331121103,镇,高湖镇
331121,331121104,镇,船寮镇
331121,331121105,镇,海口镇
331121,331121106,镇,腊口镇
331121,331121107,镇,北山镇
331121,331121108,镇,山口镇
331121,331121109,镇,仁庄镇
331121,331121110,镇,祯埠镇
331121,331121200,乡,万山乡
331121,331121201,乡,黄垟乡
331121,331121202,乡,季宅乡
331121,331121203,乡,高市乡
331121,331121204,乡,海溪乡
331121,331121205,乡,章村乡
331121,331121206,乡,祯旺乡
331121,331121208,乡,舒桥乡
331121,331121209,乡,巨浦乡
331121,331121211,乡,万阜乡
331121,331121212,乡,方山乡
331121,331121213,乡,汤垟乡
331121,331121214,乡,贵岙乡
331121,331121215,乡,小舟山乡
331121,331121216,乡,吴坑乡
331121,331121217,乡,仁宫乡
331121,331121218,乡,章旦乡
331121,331121219,乡,阜山乡
331122,331122001,街道,五云街道
331122,331122002,街道,仙都街道
331122,331122003,街道,新碧街道
331122,331122101,镇,壶镇镇
331122,331122102,镇,新建镇
331122,331122103,镇,舒洪镇
331122,331122105,镇,大洋镇
331122,331122106,镇,东渡镇
331122,331122107,镇,东方镇
331122,331122108,镇,大源镇
331122,331122203,乡,七里乡
331122,331122206,乡,前路乡
331122,331122207,乡,三溪乡
331122,331122208,乡,溶江乡
331122,331122209,乡,双溪口乡
331122,331122210,乡,胡源乡
331122,331122211,乡,方溪乡
331122,331122212,乡,石笕乡
331123,331123001,街道,妙高街道
331123,331123002,街道,云峰街道
331123,331123102,镇,新路湾镇
331123,331123103,镇,北界镇
331123,331123104,镇,金竹镇
331123,331123105,镇,大柘镇
331123,331123106,镇,石练镇
331123,331123107,镇,王村口镇
331123,331123108,镇,黄沙腰镇
331123,331123200,民族乡,三仁畲族乡
331123,331123201,乡,濂竹乡
331123,331123202,乡,应村乡
331123,331123203,乡,高坪乡
331123,331123204,乡,湖山乡
331123,331123205,乡,蔡源乡
331123,331123206,乡,焦滩乡
331123,331123207,乡,龙洋乡
331123,331123208,乡,柘岱口乡
331123,331123209,乡,西畈乡
331123,331123210,乡,垵口乡
331124,331124001,街道,西屏街道
331124,331124002,街道,水南街道
331124,331124003,街道,望松街道
331124,331124101,镇,古市镇
331124,331124102,镇,玉岩镇
331124,331124103,镇,象溪镇
331124,331124104,镇,大东坝镇
331124,331124105,镇,新兴镇
331124,331124201,乡,叶村乡
331124,331124202,乡,斋坛乡
331124,331124203,乡,三都乡
331124,331124204,乡,竹源乡
331124,331124205,乡,四都乡
331124,331124206,乡,赤寿乡
331124,331124208,乡,樟溪乡
331124,331124211,乡,枫坪乡
331124,331124212,民族乡,板桥畲族乡
331124,331124213,乡,裕溪乡
331124,331124214,乡,安民乡
331125,331125001,街道,元和街道
331125,331125002,街道,凤凰山街道
331125,331125003,街道,白龙山街道
331125,331125004,街道,浮云街道
331125,331125101,镇,石塘镇
331125,331125102,镇,紧水滩镇
331125,331125103,镇,崇头镇
331125,331125201,民族乡,雾溪畲族乡
331125,331125202,民族乡,安溪畲族乡
331125,331125206,乡,赤石乡
331126,331126001,街道,濛洲街道
331126,331126002,街道,屏都街道
331126,331126003,街道,松源街道
331126,331126101,镇,黄田镇
331126,331126102,镇,竹口镇
331126,331126104,镇,荷地镇
331126,331126105,镇,左溪镇
331126,331126106,镇,贤良镇
331126,331126107,镇,百山祖镇
331126,331126200,乡,岭头乡
331126,331126201,乡,五大堡乡
331126,331126202,乡,淤上乡
331126,331126203,乡,安南乡
331126,331126204,乡,张村乡
331126,331126205,乡,隆宫乡
331126,331126206,乡,举水乡
331126,331126207,乡,江根乡
331126,331126209,乡,龙溪乡
331126,331126211,乡,官塘乡
331127,331127001,街道,鹤溪街道
331127,331127002,街道,红星街道
331127,331127101,镇,渤海镇
331127,331127102,镇,东坑镇
331127,331127103,镇,英川镇
331127,331127104,镇,沙湾镇
331127,331127201,乡,大均乡
331127,331127202,乡,澄照乡
331127,331127203,乡,梅岐乡
331127,331127205,乡,郑坑乡
331127,331127206,乡,九龙乡
331127,331127208,乡,大漈乡
331127,331127209,乡,景南乡
331127,331127210,乡,雁溪乡
331127,331127212,乡,鸬鹚乡
331127,331127213,乡,梧桐乡
331127,331127214,乡,标溪乡
331127,331127215,乡,毛垟乡
331127,331127216,乡,秋炉乡
331127,331127217,乡,大地乡
331127,331127218,乡,家地乡
331181,331181001,街道,龙渊街道
331181,331181002,街道,西街街道
331181,331181003,街道,剑池街道
331181,331181004,街道,鿎石街道
331181,331181100,镇,八都镇
331181,331181101,镇,上垟镇
331181,331181102,镇,小梅镇
331181,331181103,镇,查田镇
331181,331181104,镇,安仁镇
331181,331181105,镇,锦溪镇
331181,331181106,镇,住龙镇
331181,331181107,镇,屏南镇
331181,331181200,乡,兰巨乡
331181,331181202,乡,宝溪乡
331181,331181203,民族乡,竹垟畲族乡
331181,331181204,乡,道太乡
331181,331181205,乡,岩樟乡
331181,331181206,乡,城北乡
331181,331181207,乡,龙南乡
340102,340102004,街道,三里街街道
340102,340102005,街道,铜陵路街道
340102,340102006,街道,七里站街道
340102,340102007,街道,红光街道
340102,340102008,街道,和平路街道
340102,340102010,街道,城东街道
340102,340102011,街道,长淮街道
340102,340102012,街道,方庙街道
340102,340102013,街道,七里塘街道
340102,340102014,街道,嘉山路街道
340102,340102015,街道,三十头街道
340102,340102016,街道,磨店街道
340102,340102017,街道,淮浦街道
340102,340102018,街道,龙岗街道
340102,340102101,镇,大兴镇
340103,340103003,街道,逍遥津街道
340103,340103009,街道,亳州路街道
340103,340103010,街道,双岗街道
340103,340103011,街道,杏花村街道
340103,340103012,街道,海棠街道
340103,340103013,街道,杏林街道
340103,340103014,街道,三孝口街道
340103,340103015,街道,四里河街道
340103,340103016,街道,林店街道
340103,340103101,镇,大杨镇
340103,340103200,乡,三十岗乡
340104,340104001,街道,三里庵街道
340104,340104002,街道,南七街道
340104,340104003,街道,稻香村街道
340104,340104004,街道,琥珀街道
340104,340104005,街道,西园街道
340104,340104006,街道,五里墩街道
340104,340104008,街道,荷叶地街道
340104,340104009,街道,笔架山街道
340104,340104010,街道,高刘街道
340104,340104100,镇,井岗镇
340104,340104110,镇,南岗镇
340104,340104112,镇,小庙镇
340111,340111002,街道,包公街道
340111,340111003,街道,芜湖路街道
340111,340111004,街道,常青街道
340111,340111006,街道,望湖街道
340111,340111007,街道,义城街道
340111,340111008,街道,烟墩街道
340111,340111009,街道,骆岗街道
340111,340111010,街道,万年埠街道
340111,340111011,街道,同安街道
340111,340111012,街道,驷佩塘街道
340111,340111013,街道,方兴街道
340111,340111101,镇,大圩镇
340111,340111106,镇,淝河镇
340121,340121100,镇,水湖镇
340121,340121103,镇,庄墓镇
340121,340121104,镇,杨庙镇
340121,340121105,镇,吴山镇
340121,340121106,镇,岗集镇
340121,340121107,镇,双墩镇
340121,340121108,镇,下塘镇
340121,340121109,镇,朱巷镇
340121,340121110,镇,陶楼镇
340121,340121111,镇,杜集镇
340121,340121112,镇,义井镇
340121,340121113,镇,左店镇
340121,340121114,镇,罗塘镇
340121,340121115,镇,造甲镇
340122,340122001,街道,唐杨街道
340122,340122002,街道,燎原街道
340122,340122003,街道,和睦湖街道
340122,340122100,镇,店埠镇
340122,340122101,镇,撮镇镇
340122,340122102,镇,梁园镇
340122,340122103,镇,桥头集镇
340122,340122104,镇,长临河镇
340122,340122105,镇,八斗镇
340122,340122106,镇,白龙镇
340122,340122107,镇,古城镇
340122,340122108,镇,石塘镇
340122,340122109,镇,元疃镇
340122,340122110,镇,包公镇
340122,340122112,镇,陈集镇
340122,340122200,民族乡,牌坊回族满族乡
340122,340122201,乡,响导乡
340122,340122202,乡,杨店乡
340122,340122203,乡,众兴乡
340122,340122204,乡,张集乡
340122,340122205,乡,马湖乡
340123,340123001,街道,幸福坝街道
340123,340123002,街道,中派街道
340123,340123003,街道,紫云街道
340123,340123004,街道,群英街道
340123,340123100,镇,上派镇
340123,340123101,镇,三河镇
340123,340123102,镇,桃花镇
340123,340123103,镇,花岗镇
340123,340123105,镇,官亭镇
340123,340123107,镇,山南镇
340123,340123108,镇,丰乐镇
340123,340123110,镇,紫蓬镇
340123,340123111,镇,高店镇
340123,340123112,镇,严店镇
340123,340123203,乡,铭传乡
340123,340123207,乡,柿树岗乡
340124,340124001,街道,东顾山街道
340124,340124002,街道,岗湾街道
340124,340124003,街道,移湖街道
340124,340124100,镇,庐城镇
340124,340124101,镇,冶父山镇
340124,340124102,镇,万山镇
340124,340124103,镇,汤池镇
340124,340124104,镇,郭河镇
340124,340124105,镇,金牛镇
340124,340124106,镇,石头镇
340124,340124107,镇,白山镇
340124,340124108,镇,盛桥镇
340124,340124109,镇,白湖镇
340124,340124110,镇,龙桥镇
340124,340124111,镇,矾山镇
340124,340124112,镇,罗河镇
340124,340124113,镇,泥河镇
340124,340124114,镇,乐桥镇
340124,340124115,镇,柯坦镇
340124,340124116,镇,同大镇
340181,340181005,街道,卧牛山街道
340181,340181006,街道,亚父街道
340181,340181007,街道,天河街道
340181,340181008,街道,凤凰山街道
340181,340181009,街道,半汤街道
340181,340181010,街道,中庙街道
340181,340181100,镇,柘皋镇
340181,340181101,镇,烔炀镇
340181,340181102,镇,槐林镇
340181,340181104,镇,夏阁镇
340181,340181105,镇,苏湾镇
340181,340181107,镇,黄麓镇
340181,340181108,镇,银屏镇
340181,340181109,镇,散兵镇
340181,340181110,镇,坝镇
340181,340181112,镇,中垾镇
340181,340181113,镇,栏杆集镇
340181,340181114,镇,庙岗镇
340202,340202001,街道,张家山街道
340202,340202002,街道,赭麓街道
340202,340202003,街道,范罗山街道
340202,340202005,街道,赭山街道
340202,340202006,街道,弋矶山街道
340202,340202007,街道,汀棠街道
340202,340202008,街道,天门山街道
340202,340202010,街道,大砻坊街道
340202,340202011,街道,荆山街道
340202,340202012,街道,方村街道
340207,340207001,街道,四褐山街道
340207,340207002,街道,裕溪口街道
340207,340207003,街道,官陡街道
340207,340207004,街道,湾里街道
340207,340207005,街道,清水街道
340207,340207006,街道,龙山街道
340207,340207007,街道,万春街道
340207,340207100,镇,沈巷镇
340207,340207101,镇,二坝镇
340207,340207102,镇,汤沟镇
340207,340207103,镇,白茆镇
340209,340209001,街道,中南街道
340209,340209002,街道,马塘街道
340209,340209003,街道,澛港街道
340209,340209004,街道,火龙街道
340209,340209005,街道,白马街道
340209,340209006,街道,南瑞街道
340209,340209007,街道,三山街道
340209,340209008,街道,保定街道
340209,340209009,街道,龙湖街道
340209,340209010,街道,高安街道
340209,340209100,镇,峨桥镇
340210,340210100,镇,湾沚镇
340210,340210101,镇,陶辛镇
340210,340210102,镇,六郎镇
340210,340210103,镇,花桥镇
340210,340210104,镇,红杨镇
340212,340212100,镇,繁阳镇
340212,340212101,镇,荻港镇
340212,340212102,镇,新港镇
340212,340212103,镇,孙村镇
340212,340212104,镇,平铺镇
340212,340212105,镇,峨山镇
340223,340223100,镇,籍山镇
340223,340223101,镇,弋江镇
340223,340223102,镇,许镇镇
340223,340223103,镇,三里镇
340223,340223105,镇,工山镇
340223,340223108,镇,家发镇
340223,340223110,镇,烟墩镇
340223,340223112,镇,何湾镇
340281,340281100,镇,无城镇
340281,340281101,镇,襄安镇
340281,340281102,镇,陡沟镇
340281,340281103,镇,石涧镇
340281,340281104,镇,严桥镇
340281,340281105,镇,开城镇
340281,340281106,镇,蜀山镇
340281,340281107,镇,牛埠镇
340281,340281108,镇,刘渡镇
340281,340281109,镇,姚沟镇
340281,340281110,镇,泥汊镇
340281,340281111,镇,福渡镇
340281,340281112,镇,泉塘镇
340281,340281113,镇,赫店镇
340281,340281114,镇,高沟镇
340281,340281115,镇,红庙镇
340281,340281116,镇,鹤毛镇
340281,340281117,镇,十里墩镇
340281,340281118,镇,昆山镇
340281,340281119,镇,洪巷镇
340302,340302001,街道,解放街道
340302,340302002,街道,东风街道
340302,340302003,街道,治淮街道
340302,340302004,街道,东升街道
340302,340302006,街道,曹山街道
340302,340302008,街道,延安街道
340302,340302100,镇,长淮卫镇
340302,340302200,乡,李楼乡
340303,340303001,街道,天桥街道
340303,340303002,街道,青年街道
340303,340303003,街道,纬二路街道
340303,340303004,街道,黄庄街道
340303,340303005,街道,宏业村街道
340303,340303006,街道,胜利街道
340303,340303007,街道,龙湖新村街道
340303,340303201,乡,雪华乡
340303,340303202,乡,燕山乡
340304,340304001,街道,朝阳街道
340304,340304002,街道,纬四街道
340304,340304003,街道,大庆街道
340304,340304004,街道,张公山街道
340304,340304005,街道,钓鱼台街道
340304,340304100,镇,秦集镇
340304,340304101,镇,马城镇
340304,340304200,乡,长青乡
340311,340311001,街道,淮滨街道
340311,340311100,镇,吴小街镇
340311,340311101,镇,小蚌埠镇
340311,340311102,镇,曹老集镇
340311,340311103,镇,梅桥镇
340311,340311104,镇,沫河口镇
340321,340321001,街道,白乳泉街道
340321,340321002,街道,引凤街道
340321,340321003,街道,望淮街道
340321,340321100,镇,荆山镇
340321,340321101,镇,鲍集镇
340321,340321102,镇,龙亢镇
340321,340321103,镇,河溜镇
340321,340321104,镇,常坟镇
340321,340321106,镇,双桥集镇
340321,340321107,镇,魏庄镇
340321,340321108,镇,唐集镇
340321,340321109,镇,万福镇
340321,340321110,镇,白莲坡镇
340321,340321111,镇,古城镇
340321,340321112,镇,褚集镇
340321,340321113,镇,榴城镇
340321,340321114,镇,淝南镇
340321,340321115,镇,陈集镇
340321,340321116,镇,淝河镇
340321,340321117,镇,兰桥镇
340321,340321205,乡,徐圩乡
340322,340322100,镇,城关镇
340322,340322101,镇,新集镇
340322,340322103,镇,小溪镇
340322,340322104,镇,双忠庙镇
340322,340322105,镇,小圩镇
340322,340322106,镇,东刘集镇
340322,340322107,镇,头铺镇
340322,340322108,镇,大新镇
340322,340322109,镇,武桥镇
340322,340322110,镇,朱顶镇
340322,340322111,镇,浍南镇
340322,340322112,镇,申集镇
340322,340322200,乡,沱湖乡
340322,340322201,民族乡,临北回族乡
340323,340323100,镇,谷阳镇
340323,340323101,镇,王庄镇
340323,340323103,镇,新马桥镇
340323,340323104,镇,刘集镇
340323,340323105,镇,湖沟镇
340323,340323106,镇,任桥镇
340323,340323107,镇,濠城镇
340323,340323108,镇,连城镇
340323,340323109,镇,仲兴镇
340323,340323110,镇,杨庙镇
340323,340323201,乡,石湖乡
340402,340402001,街道,大通街道
340402,340402100,镇,上窑镇
340402,340402101,镇,洛河镇
340402,340402102,镇,九龙岗镇
340402,340402200,乡,孔店乡
340403,340403001,街道,田东街道
340403,340403002,街道,新淮街道
340403,340403003,街道,淮滨街道
340403,340403004,街道,公园街道
340403,340403005,街道,国庆街道
340403,340403006,街道,泉山街道
340403,340403007,街道,洞山街道
340403,340403008,街道,龙泉街道
340403,340403009,街道,朝阳街道
340403,340403100,镇,舜耕镇
340403,340403101,镇,安成镇
340403,340403102,镇,曹庵镇
340403,340403103,镇,三和镇
340403,340403201,乡,史院乡
340404,340404001,街道,谢家集街道
340404,340404002,街道,蔡家岗街道
340404,340404003,街道,立新街道
340404,340404004,街道,谢三村街道
340404,340404005,街道,平山街道
340404,340404100,镇,望峰岗镇
340404,340404101,镇,李郢孜镇
340404,340404102,镇,唐山镇
340404,340404103,镇,杨公镇
340404,340404200,民族乡,孤堆回族乡
340404,340404201,乡,孙庙乡
340405,340405001,街道,新庄孜街道
340405,340405002,街道,土坝孜街道
340405,340405003,街道,毕家岗街道
340405,340405100,镇,山王镇
340405,340405101,镇,八公山镇
340406,340406002,街道,田集街道
340406,340406100,镇,泥河镇
340406,340406101,镇,芦集镇
340406,340406102,镇,潘集镇
340406,340406103,镇,平圩镇
340406,340406104,镇,高皇镇
340406,340406105,镇,架河镇
340406,340406106,镇,祁集镇
340406,340406107,镇,夹沟镇
340406,340406108,镇,贺疃镇
340406,340406205,民族乡,古沟回族乡
340421,340421100,镇,城关镇
340421,340421102,镇,新集镇
340421,340421103,镇,朱马店镇
340421,340421104,镇,岳张集镇
340421,340421106,镇,顾桥镇
340421,340421107,镇,桂集镇
340421,340421108,镇,凤凰镇
340421,340421109,镇,杨村镇
340421,340421110,镇,丁集镇
340421,340421111,镇,刘集镇
340421,340421112,镇,大兴镇
340421,340421113,镇,尚塘镇
340421,340421114,镇,毛集镇
340421,340421115,镇,夏集镇
340421,340421116,镇,焦岗湖镇
340421,340421205,乡,古店乡
340421,340421206,乡,钱庙乡
340421,340421210,乡,关店乡
340421,340421212,民族乡,李冲回族乡
340422,340422100,镇,寿春镇
340422,340422101,镇,双桥镇
340422,340422102,镇,涧沟镇
340422,340422103,镇,丰庄镇
340422,340422104,镇,正阳关镇
340422,340422105,镇,迎河镇
340422,340422106,镇,板桥镇
340422,340422107,镇,安丰塘镇
340422,340422108,镇,堰口镇
340422,340422109,镇,保义镇
340422,340422110,镇,隐贤镇
340422,340422111,镇,安丰镇
340422,340422112,镇,瓦埠镇
340422,340422113,镇,众兴镇
340422,340422114,镇,茶庵镇
340422,340422115,镇,三觉镇
340422,340422116,镇,炎刘镇
340422,340422117,镇,刘岗镇
340422,340422118,镇,双庙集镇
340422,340422119,镇,小甸镇
340422,340422120,镇,大顺镇
340422,340422121,镇,窑口镇
340422,340422200,乡,八公山乡
340422,340422202,民族乡,陶店回族乡
340422,340422203,乡,张李乡
340503,340503001,街道,沙塘路街道
340503,340503002,街道,解放路街道
340503,340503003,街道,湖东路街道
340503,340503004,街道,桃源路街道
340503,340503005,街道,霍里街道
340503,340503006,街道,金家庄街道
340503,340503007,街道,江东街道
340503,340503008,街道,塘西街道
340503,340503009,街道,慈湖街道
340503,340503100,镇,濮塘镇
340504,340504001,街道,平湖街道
340504,340504002,街道,雨山街道
340504,340504003,街道,安民街道
340504,340504004,街道,采石街道
340504,340504100,镇,向山镇
340504,340504101,镇,银塘镇
340504,340504200,乡,佳山乡
340506,340506100,镇,博望镇
340506,340506101,镇,丹阳镇
340506,340506102,镇,新市镇
340521,340521100,镇,姑孰镇
340521,340521101,镇,黄池镇
340521,340521102,镇,乌溪镇
340521,340521103,镇,石桥镇
340521,340521104,镇,塘南镇
340521,340521105,镇,护河镇
340521,340521109,镇,太白镇
340521,340521110,镇,年陡镇
340521,340521111,镇,湖阳镇
340521,340521112,镇,大陇镇
340521,340521203,乡,江心乡
340522,340522100,镇,环峰镇
340522,340522101,镇,运漕镇
340522,340522103,镇,铜闸镇
340522,340522104,镇,陶厂镇
340522,340522105,镇,林头镇
340522,340522106,镇,清溪镇
340522,340522107,镇,仙踪镇
340522,340522109,镇,昭关镇
340523,340523100,镇,历阳镇
340523,340523105,镇,白桥镇
340523,340523106,镇,姥桥镇
340523,340523107,镇,西埠镇
340523,340523108,镇,香泉镇
340523,340523109,镇,乌江镇
340523,340523110,镇,善厚镇
340523,340523111,镇,石杨镇
340523,340523112,镇,功桥镇
340602,340602001,街道,高岳街道
340602,340602002,街道,矿山集街道
340602,340602102,镇,朔里镇
340602,340602103,镇,石台镇
340602,340602104,镇,段园镇
340603,340603001,街道,相南街道
340603,340603002,街道,相山东街道
340603,340603003,街道,相山西街道
340603,340603004,街道,三堤口街道
340603,340603005,街道,东山街道
340603,340603008,街道,曲阳街道
340603,340603009,街道,南黎街道
340603,340603010,街道,任圩街道
340603,340603100,镇,渠沟镇
340604,340604001,街道,杨庄街道
340604,340604002,街道,任楼街道
340604,340604003,街道,临海童街道
340604,340604005,街道,百善街道
340604,340604006,街道,前岭街道
340604,340604100,镇,烈山镇
340604,340604101,镇,宋疃镇
340604,340604102,镇,古饶镇
340621,340621100,镇,濉溪镇
340621,340621102,镇,韩村镇
340621,340621104,镇,临涣镇
340621,340621105,镇,南坪镇
340621,340621108,镇,孙疃镇
340621,340621109,镇,刘桥镇
340621,340621110,镇,百善镇
340621,340621112,镇,双堆集镇
340621,340621113,镇,五沟镇
340621,340621114,镇,铁佛镇
340621,340621115,镇,四铺镇
340705,340705007,街道,东郊街道
340705,340705008,街道,新城街道
340705,340705100,镇,西湖镇
340706,340706001,街道,新桥街道
340706,340706100,镇,五松镇
340706,340706101,镇,钟鸣镇
340706,340706102,镇,天门镇
340706,340706103,镇,顺安镇
340706,340706104,镇,西联镇
340706,340706105,镇,东联镇
340706,340706201,乡,胥坝乡
340706,340706203,乡,老洲乡
340711,340711001,街道,安庆矿区街道
340711,340711002,街道,桥南街道
340711,340711100,镇,铜山镇
340711,340711101,镇,大通镇
340711,340711102,镇,老洲镇
340711,340711103,镇,陈瑶湖镇
340711,340711104,镇,周潭镇
340711,340711200,乡,灰河乡
340722,340722106,镇,横埠镇
340722,340722107,镇,项铺镇
340722,340722108,镇,钱桥镇
340722,340722109,镇,麒麟镇
340722,340722110,镇,义津镇
340722,340722111,镇,浮山镇
340722,340722112,镇,官埠桥镇
340722,340722113,镇,会宫镇
340722,340722114,镇,白柳镇
340722,340722115,镇,钱铺镇
340722,340722116,镇,金社镇
340722,340722117,镇,雨坛镇
340722,340722118,镇,枞阳镇
340722,340722119,镇,𠙶山镇
340722,340722120,镇,汤沟镇
340722,340722205,乡,白梅乡
340802,340802001,街道,宜城路街道
340802,340802002,街道,新河路街道
340802,340802003,街道,华中路街道
340802,340802004,街道,人民路街道
340802,340802005,街道,孝肃路街道
340802,340802007,街道,滨江街道
340802,340802100,镇,老峰镇
340802,340802101,镇,龙狮桥镇
340802,340802102,镇,长风镇
340802,340802203,乡,新洲乡
340803,340803001,街道,德宽路街道
340803,340803002,街道,玉琳路街道
340803,340803003,街道,龙山路街道
340803,340803004,街道,菱湖街道
340803,340803005,街道,集贤路街道
340803,340803006,街道,石化路街道
340803,340803007,街道,花亭路街道
340803,340803100,镇,海口镇
340803,340803200,乡,山口乡
340803,340803201,乡,十里铺乡
340811,340811055,街道,大桥街道
340811,340811056,街道,菱北街道
340811,340811100,镇,杨桥镇
340811,340811101,镇,大龙山镇
340811,340811102,镇,罗岭镇
340811,340811200,乡,白泽湖乡
340811,340811201,乡,五横乡
340822,340822100,镇,石牌镇
340822,340822101,镇,高河镇
340822,340822102,镇,月山镇
340822,340822103,镇,腊树镇
340822,340822104,镇,黄龙镇
340822,340822105,镇,三桥镇
340822,340822106,镇,小市镇
340822,340822107,镇,黄墩镇
340822,340822108,镇,公岭镇
340822,340822109,镇,马庙镇
340822,340822110,镇,金拱镇
340822,340822111,镇,茶岭镇
340822,340822113,镇,洪铺镇
340822,340822114,镇,江镇镇
340822,340822116,镇,平山镇
340822,340822201,乡,雷埠乡
340822,340822203,乡,清河乡
340822,340822204,乡,秀山乡
340822,340822206,乡,凉亭乡
340822,340822208,乡,石镜乡
340825,340825100,镇,晋熙镇
340825,340825101,镇,徐桥镇
340825,340825102,镇,新仓镇
340825,340825103,镇,小池镇
340825,340825104,镇,寺前镇
340825,340825105,镇,天华镇
340825,340825106,镇,牛镇镇
340825,340825107,镇,弥陀镇
340825,340825108,镇,北中镇
340825,340825109,镇,百里镇
340825,340825200,乡,大石乡
340825,340825201,乡,城西乡
340825,340825202,乡,江塘乡
340825,340825203,乡,汤泉乡
340825,340825204,乡,刘畈乡
340826,340826001,街道,龙山街道
340826,340826002,街道,松兹街道
340826,340826100,镇,孚玉镇
340826,340826101,镇,复兴镇
340826,340826102,镇,汇口镇
340826,340826103,镇,许岭镇
340826,340826104,镇,下仓镇
340826,340826105,镇,二郎镇
340826,340826106,镇,华亭镇
340826,340826107,镇,凉亭镇
340826,340826108,镇,长铺镇
340826,340826109,镇,洲头镇
340826,340826110,镇,佐坝镇
340826,340826200,乡,高岭乡
340826,340826201,乡,程岭乡
340826,340826202,乡,九姑乡
340826,340826203,乡,千岭乡
340826,340826206,乡,北浴乡
340826,340826207,乡,陈汉乡
340826,340826208,乡,隘口乡
340826,340826209,乡,柳坪乡
340826,340826210,乡,趾凤乡
340826,340826211,乡,河塌乡
340826,340826212,乡,五里乡（2022年撤分）
340827,340827001,街道,雷阳街道
340827,340827002,街道,吉水街道
340827,340827003,街道,回龙街道
340827,340827101,镇,华阳镇
340827,340827102,镇,杨湾镇
340827,340827103,镇,漳湖镇
340827,340827104,镇,赛口镇
340827,340827105,镇,高士镇
340827,340827106,镇,鸦滩镇
340827,340827107,镇,长岭镇
340827,340827108,镇,太慈镇
340827,340827109,镇,雷池镇
340827,340827210,乡,凉泉乡
340828,340828100,镇,天堂镇
340828,340828101,镇,店前镇
340828,340828102,镇,来榜镇
340828,340828103,镇,菖蒲镇
340828,340828104,镇,头陀镇
340828,340828105,镇,白帽镇
340828,340828106,镇,温泉镇
340828,340828107,镇,响肠镇
340828,340828108,镇,河图镇
340828,340828109,镇,五河镇
340828,340828110,镇,主簿镇
340828,340828111,镇,冶溪镇
340828,340828112,镇,黄尾镇
340828,340828113,镇,中关镇
340828,340828200,乡,毛尖山乡
340828,340828201,乡,莲云乡
340828,340828202,乡,青天乡
340828,340828203,乡,包家乡
340828,340828204,乡,古坊乡
340828,340828205,乡,田头乡
340828,340828207,乡,石关乡
340828,340828208,乡,姚河乡
340828,340828209,乡,和平乡
340828,340828214,乡,巍岭乡
340881,340881002,街道,文昌街道
340881,340881003,街道,龙眠街道
340881,340881004,街道,龙腾街道
340881,340881100,镇,双港镇
340881,340881101,镇,新渡镇
340881,340881102,镇,金神镇
340881,340881103,镇,孔城镇
340881,340881104,镇,范岗镇
340881,340881105,镇,青草镇
340881,340881108,镇,吕亭镇
340881,340881114,镇,大关镇
340881,340881115,镇,唐湾镇
340881,340881116,镇,鲟鱼镇
340881,340881118,镇,嬉子湖镇
340881,340881120,镇,黄甲镇
340882,340882100,镇,梅城镇
340882,340882101,镇,王河镇
340882,340882102,镇,源潭镇
340882,340882103,镇,余井镇
340882,340882105,镇,黄泥镇
340882,340882106,镇,槎水镇
340882,340882107,镇,官庄镇
340882,340882108,镇,水吼镇
340882,340882109,镇,黄柏镇
340882,340882110,镇,黄铺镇
340882,340882111,镇,天柱山镇
340882,340882200,乡,油坝乡
340882,340882202,乡,痘姆乡
340882,340882204,乡,塔畈乡
340882,340882209,乡,五庙乡
340882,340882215,乡,龙潭乡
341002,341002001,街道,昱东街道
341002,341002002,街道,昱中街道
341002,341002003,街道,昱西街道
341002,341002004,街道,老街街道
341002,341002100,镇,屯光镇
341002,341002101,镇,阳湖镇
341002,341002102,镇,黎阳镇
341002,341002103,镇,新潭镇
341002,341002104,镇,奕棋镇
341003,341003100,镇,甘棠镇
341003,341003101,镇,仙源镇
341003,341003102,镇,汤口镇
341003,341003103,镇,谭家桥镇
341003,341003104,镇,太平湖镇
341003,341003105,镇,焦村镇
341003,341003106,镇,耿城镇
341003,341003107,镇,三口镇
341003,341003108,镇,乌石镇
341003,341003201,乡,新明乡
341003,341003202,乡,龙门乡
341003,341003208,乡,新华乡
341003,341003209,乡,新丰乡
341003,341003210,乡,永丰乡
341004,341004100,镇,岩寺镇
341004,341004101,镇,西溪南镇
341004,341004102,镇,潜口镇
341004,341004103,镇,呈坎镇
341004,341004200,乡,洽舍乡
341004,341004201,乡,杨村乡
341004,341004202,乡,富溪乡
341021,341021100,镇,徽城镇
341021,341021101,镇,深渡镇
341021,341021102,镇,桂林镇
341021,341021103,镇,富堨镇
341021,341021104,镇,郑村镇
341021,341021105,镇,北岸镇
341021,341021106,镇,许村镇
341021,341021107,镇,溪头镇
341021,341021108,镇,杞梓里镇
341021,341021109,镇,霞坑镇
341021,341021110,镇,岔口镇
341021,341021111,镇,街口镇
341021,341021112,镇,王村镇
341021,341021113,镇,雄村镇
341021,341021114,镇,三阳镇
341021,341021201,乡,坑口乡
341021,341021203,乡,上丰乡
341021,341021207,乡,昌溪乡
341021,341021209,乡,武阳乡
341021,341021214,乡,金川乡
341021,341021216,乡,小川乡
341021,341021218,乡,新溪口乡
341021,341021219,乡,璜田乡
341021,341021222,乡,长陔乡
341021,341021223,乡,森村乡
341021,341021224,乡,绍濂乡
341021,341021226,乡,石门乡
341021,341021227,乡,狮石乡
341022,341022100,镇,海阳镇
341022,341022101,镇,齐云山镇
341022,341022102,镇,万安镇
341022,341022103,镇,五城镇
341022,341022104,镇,东临溪镇
341022,341022105,镇,蓝田镇
341022,341022106,镇,溪口镇
341022,341022107,镇,流口镇
341022,341022108,镇,汪村镇
341022,341022109,镇,商山镇
341022,341022110,镇,月潭湖镇
341022,341022204,乡,山斗乡
341022,341022205,乡,岭南乡
341022,341022207,乡,渭桥乡
341022,341022211,乡,板桥乡
341022,341022215,乡,鹤城乡
341022,341022218,乡,源芳乡
341022,341022219,乡,榆村乡
341022,341022221,乡,龙田乡
341022,341022222,乡,璜尖乡
341022,341022223,乡,白际乡
341023,341023100,镇,碧阳镇
341023,341023101,镇,宏村镇
341023,341023102,镇,渔亭镇
341023,341023103,镇,西递镇
341023,341023104,镇,柯村镇
341023,341023201,乡,美溪乡
341023,341023202,乡,宏潭乡
341023,341023203,乡,洪星乡
341024,341024100,镇,祁山镇
341024,341024101,镇,小路口镇
341024,341024102,镇,金字牌镇
341024,341024103,镇,平里镇
341024,341024104,镇,历口镇
341024,341024105,镇,闪里镇
341024,341024106,镇,安凌镇
341024,341024107,镇,凫峰镇
341024,341024108,镇,塔坊镇
341024,341024109,镇,新安镇
341024,341024200,乡,大坦乡
341024,341024206,乡,柏溪乡
341024,341024208,乡,祁红乡
341024,341024209,乡,溶口乡
341024,341024210,乡,芦溪乡
341024,341024211,乡,渚口乡
341024,341024213,乡,古溪乡
341024,341024215,乡,箬坑乡
341102,341102010,街道,琅琊街道
341102,341102011,街道,遵阳街道
341102,341102012,街道,丰山街道
341102,341102013,街道,清流街道
341102,341102014,街道,扬子街道
341102,341102015,街道,西涧街道
341102,341102016,街道,滁阳街道
341102,341102017,街道,三官街道
341102,341102018,街道,凤凰街道
341102,341102019,街道,紫薇街道
341102,341102094,街道,南门街道
341103,341103001,街道,龙蟠街道
341103,341103002,街道,大王街道
341103,341103003,街道,同乐街道
341103,341103004,街道,银花街道
341103,341103100,镇,乌衣镇
341103,341103101,镇,沙河镇
341103,341103102,镇,章广镇
341103,341103103,镇,黄泥岗镇
341103,341103104,镇,珠龙镇
341103,341103105,镇,大柳镇
341103,341103106,镇,腰铺镇
341103,341103108,镇,施集镇
341122,341122100,镇,新安镇
341122,341122101,镇,半塔镇
341122,341122102,镇,水口镇
341122,341122103,镇,独山镇
341122,341122104,镇,汊河镇
341122,341122105,镇,大英镇
341122,341122106,镇,雷官镇
341122,341122107,镇,施官镇
341122,341122108,镇,舜山镇
341122,341122109,镇,张山镇
341122,341122110,镇,三城镇
341122,341122207,乡,杨郢乡
341124,341124100,镇,襄河镇
341124,341124101,镇,古河镇
341124,341124102,镇,大墅镇
341124,341124103,镇,二郎口镇
341124,341124104,镇,武岗镇
341124,341124105,镇,马厂镇
341124,341124106,镇,石沛镇
341124,341124108,镇,西王镇
341124,341124109,镇,六镇镇
341124,341124111,镇,十字镇
341125,341125100,镇,定城镇
341125,341125101,镇,炉桥镇
341125,341125102,镇,永康镇
341125,341125103,镇,吴圩镇
341125,341125104,镇,朱湾镇
341125,341125105,镇,张桥镇
341125,341125106,镇,藕塘镇
341125,341125107,镇,池河镇
341125,341125108,镇,连江镇
341125,341125109,镇,界牌集镇
341125,341125110,镇,仓镇
341125,341125111,镇,三和集镇
341125,341125112,镇,西卅店镇
341125,341125114,镇,桑涧镇
341125,341125115,镇,蒋集镇
341125,341125116,镇,大桥镇
341125,341125203,乡,严桥乡
341125,341125204,乡,拂晓乡
341125,341125210,乡,能仁乡
341125,341125214,乡,七里塘乡
341125,341125215,民族乡,二龙回族乡
341125,341125219,乡,范岗乡
341126,341126001,街道,中都街道
341126,341126002,街道,玄武街道
341126,341126100,镇,府城镇
341126,341126101,镇,临淮关镇
341126,341126103,镇,武店镇
341126,341126104,镇,西泉镇
341126,341126105,镇,刘府镇
341126,341126106,镇,大庙镇
341126,341126107,镇,殷涧镇
341126,341126109,镇,总铺镇
341126,341126110,镇,红心镇
341126,341126111,镇,板桥镇
341126,341126112,镇,大溪河镇
341126,341126114,镇,小溪河镇
341126,341126118,镇,枣巷镇
341126,341126119,镇,官塘镇
341126,341126207,乡,黄湾乡
341181,341181002,街道,千秋街道
341181,341181003,街道,广陵街道
341181,341181100,镇,铜城镇
341181,341181101,镇,汊涧镇
341181,341181102,镇,秦栏镇
341181,341181103,镇,大通镇
341181,341181104,镇,杨村镇
341181,341181105,镇,石梁镇
341181,341181106,镇,金集镇
341181,341181108,镇,仁和集镇
341181,341181109,镇,冶山镇
341181,341181110,镇,郑集镇
341181,341181111,镇,张铺镇
341181,341181112,镇,永丰镇
341181,341181113,镇,新街镇
341181,341181114,镇,万寿镇
341182,341182001,街道,明西街道
341182,341182002,街道,明光街道
341182,341182003,街道,明南街道
341182,341182004,街道,明东街道
341182,341182101,镇,张八岭镇
341182,341182102,镇,三界镇
341182,341182103,镇,管店镇
341182,341182104,镇,自来桥镇
341182,341182105,镇,涧溪镇
341182,341182106,镇,石坝镇
341182,341182108,镇,苏巷镇
341182,341182109,镇,桥头镇
341182,341182110,镇,女山湖镇
341182,341182111,镇,古沛镇
341182,341182112,镇,潘村镇
341182,341182113,镇,柳巷镇
341182,341182212,乡,泊岗乡
341202,341202001,街道,鼓楼街道
341202,341202002,街道,文峰街道
341202,341202003,街道,清河街道
341202,341202004,街道,颍西街道
341202,341202005,街道,京九路街道
341202,341202100,镇,王店镇
341202,341202101,镇,程集镇
341202,341202102,镇,三合镇
341202,341202103,镇,西湖镇
341202,341202104,镇,九龙镇
341202,341202105,镇,三十里铺镇
341202,341202106,镇,袁集镇
341202,341202107,镇,三塔集镇
341202,341202108,镇,马寨镇
341203,341203001,街道,河东街道
341203,341203002,街道,新华街道
341203,341203003,街道,向阳街道
341203,341203100,镇,口孜镇
341203,341203101,镇,插花镇
341203,341203102,镇,袁寨镇
341203,341203103,镇,枣庄镇
341203,341203104,镇,老庙镇
341203,341203105,镇,正午镇
341203,341203106,镇,杨楼孜镇
341203,341203107,镇,新乌江镇
341203,341203108,镇,冉庙镇
341204,341204001,街道,中市街道
341204,341204004,街道,周棚街道
341204,341204100,镇,伍明镇
341204,341204101,镇,宁老庄镇
341204,341204102,镇,闻集镇
341204,341204103,镇,行流镇
341221,341221001,街道,城关街道
341221,341221002,街道,邢塘街道
341221,341221003,街道,田桥街道
341221,341221004,街道,城东街道
341221,341221005,街道,城南街道
341221,341221101,镇,杨桥镇
341221,341221102,镇,鲖城镇
341221,341221105,镇,谭棚镇
341221,341221106,镇,老集镇
341221,341221107,镇,滑集镇
341221,341221108,镇,吕寨镇
341221,341221109,镇,单桥镇
341221,341221110,镇,长官镇
341221,341221111,镇,宋集镇
341221,341221112,镇,张新镇
341221,341221113,镇,艾亭镇
341221,341221114,镇,陈集镇
341221,341221115,镇,韦寨镇
341221,341221116,镇,迎仙镇
341221,341221117,镇,瓦店镇
341221,341221118,镇,姜寨镇
341221,341221119,镇,庙岔镇
341221,341221120,镇,黄岭镇
341221,341221121,镇,白庙镇
341221,341221122,镇,关庙镇
341221,341221124,镇,高塘镇
341221,341221203,乡,土陂乡
341221,341221206,乡,陶老乡
341222,341222100,镇,城关镇
341222,341222101,镇,旧县镇
341222,341222102,镇,税镇镇
341222,341222103,镇,皮条孙镇
341222,341222104,镇,原墙镇
341222,341222105,镇,倪邱镇
341222,341222106,镇,李兴镇
341222,341222107,镇,大新镇
341222,341222108,镇,肖口镇
341222,341222109,镇,关集镇
341222,341222110,镇,三塔镇
341222,341222111,镇,双浮镇
341222,341222112,镇,蔡庙镇
341222,341222113,镇,三堂镇
341222,341222114,镇,苗老集镇
341222,341222115,镇,赵庙镇
341222,341222116,镇,宫集镇
341222,341222117,镇,坟台镇
341222,341222118,镇,洪山镇
341222,341222119,镇,清浅镇
341222,341222120,镇,五星镇
341222,341222121,镇,高庙镇
341222,341222122,镇,桑营镇
341222,341222123,镇,大庙集镇
341222,341222124,镇,阮桥镇
341222,341222125,镇,双庙镇
341222,341222126,镇,胡总镇
341222,341222127,镇,马集镇
341222,341222128,镇,郭庙镇
341222,341222129,镇,二郎镇
341222,341222201,乡,赵集乡
341225,341225100,镇,鹿城镇
341225,341225101,镇,方集镇
341225,341225102,镇,中岗镇
341225,341225103,镇,柴集镇
341225,341225104,镇,新村镇
341225,341225106,镇,朱寨镇
341225,341225108,镇,赵集镇
341225,341225109,镇,田集镇
341225,341225110,镇,苗集镇
341225,341225111,镇,黄岗镇
341225,341225112,镇,焦陂镇
341225,341225113,镇,张寨镇
341225,341225114,镇,王堰镇
341225,341225115,镇,洪河桥镇
341225,341225116,镇,地城镇
341225,341225117,镇,王家坝镇
341225,341225118,镇,王化镇
341225,341225119,镇,曹集镇
341225,341225120,镇,柳沟镇
341225,341225121,镇,会龙镇
341225,341225200,乡,王店孜乡
341225,341225201,乡,许堂乡
341225,341225204,乡,段郢乡
341225,341225205,乡,公桥乡
341225,341225206,乡,龙王乡
341225,341225207,乡,于集乡
341225,341225208,乡,老观乡
341225,341225209,乡,郜台乡
341226,341226101,镇,谢桥镇
341226,341226102,镇,南照镇
341226,341226103,镇,杨湖镇
341226,341226104,镇,江口镇
341226,341226105,镇,润河镇
341226,341226106,镇,新集镇
341226,341226107,镇,六十铺镇
341226,341226108,镇,耿棚镇
341226,341226109,镇,半岗镇
341226,341226110,镇,王岗镇
341226,341226111,镇,夏桥镇
341226,341226112,镇,江店孜镇
341226,341226113,镇,陈桥镇
341226,341226114,镇,黄桥镇
341226,341226115,镇,八里河镇
341226,341226116,镇,迪沟镇
341226,341226117,镇,西三十铺镇
341226,341226118,镇,红星镇
341226,341226119,镇,十八里铺镇
341226,341226120,镇,鲁口镇
341226,341226121,镇,慎城镇
341226,341226123,镇,古城镇
341226,341226201,乡,建颍乡
341226,341226203,乡,五十铺乡
341226,341226204,乡,盛堂乡
341226,341226205,乡,关屯乡
341226,341226206,乡,垂岗乡
341226,341226207,民族乡,赛涧回族乡
341226,341226208,乡,新刘集乡
341226,341226209,乡,黄坝乡
341282,341282001,街道,东城街道
341282,341282002,街道,西城街道
341282,341282003,街道,颍南街道
341282,341282100,镇,光武镇
341282,341282101,镇,泉阳镇
341282,341282102,镇,芦村镇
341282,341282103,镇,新马集镇
341282,341282104,镇,大黄镇
341282,341282105,镇,田营镇
341282,341282106,镇,陶庙镇
341282,341282107,镇,王集镇
341282,341282108,镇,砖集镇
341282,341282109,镇,顾集镇
341282,341282110,镇,戴桥镇
341282,341282111,镇,舒庄镇
341282,341282112,镇,邴集镇
341282,341282113,镇,任寨镇
341282,341282201,乡,靳寨乡
341302,341302001,街道,埇桥街道
341302,341302002,街道,沱河街道
341302,341302003,街道,道东街道
341302,341302004,街道,东关街道
341302,341302005,街道,三里湾街道
341302,341302006,街道,南关街道
341302,341302007,街道,西关街道
341302,341302008,街道,北关街道
341302,341302009,街道,城东街道
341302,341302010,街道,三八街道
341302,341302011,街道,汴河街道
341302,341302012,街道,金海街道
341302,341302100,镇,符离镇
341302,341302101,镇,芦岭镇
341302,341302102,镇,朱仙庄镇
341302,341302103,镇,褚兰镇
341302,341302104,镇,曹村镇
341302,341302105,镇,夹沟镇
341302,341302106,镇,栏杆镇
341302,341302107,镇,时村镇
341302,341302108,镇,永安镇
341302,341302109,镇,灰古镇
341302,341302110,镇,大店镇
341302,341302111,镇,大泽乡镇
341302,341302112,镇,桃园镇
341302,341302113,镇,蕲县镇
341302,341302114,镇,大营镇
341302,341302115,镇,顺河镇
341302,341302116,镇,蒿沟镇
341302,341302117,镇,杨庄镇
341302,341302118,镇,解集镇
341302,341302119,镇,苗庵镇
341302,341302120,镇,西二铺镇
341302,341302121,镇,支河镇
341302,341302122,镇,桃沟镇
341302,341302123,镇,永镇镇
341321,341321102,镇,李庄镇
341321,341321103,镇,唐寨镇
341321,341321104,镇,葛集镇
341321,341321107,镇,官庄坝镇
341321,341321108,镇,曹庄镇
341321,341321110,镇,朱楼镇
341321,341321112,镇,程庄镇
341321,341321113,镇,良梨镇
341321,341321114,镇,砀城镇
341321,341321115,镇,玄庙镇
341321,341321116,镇,周寨镇
341321,341321117,镇,关帝庙镇
341321,341321118,镇,赵屯镇
341322,341322001,街道,凤城街道
341322,341322002,街道,龙河街道
341322,341322003,街道,锦屏街道
341322,341322100,镇,龙城镇
341322,341322101,镇,黄口镇
341322,341322102,镇,杨楼镇
341322,341322103,镇,闫集镇
341322,341322104,镇,新庄镇
341322,341322105,镇,刘套镇
341322,341322106,镇,马井镇
341322,341322107,镇,大屯镇
341322,341322108,镇,赵庄镇
341322,341322109,镇,杜楼镇
341322,341322110,镇,丁里镇
341322,341322111,镇,王寨镇
341322,341322112,镇,祖楼镇
341322,341322113,镇,青龙集镇
341322,341322114,镇,张庄寨镇
341322,341322115,镇,永堌镇
341322,341322116,镇,白土镇
341322,341322117,镇,官桥镇
341322,341322118,镇,圣泉镇
341322,341322119,镇,庄里镇
341322,341322120,镇,酒店镇
341322,341322121,镇,孙圩子镇
341322,341322204,乡,石林乡
341323,341323100,镇,灵城镇
341323,341323101,镇,韦集镇
341323,341323102,镇,黄湾镇
341323,341323103,镇,娄庄镇
341323,341323104,镇,杨疃镇
341323,341323105,镇,尹集镇
341323,341323106,镇,浍沟镇
341323,341323107,镇,游集镇
341323,341323108,镇,下楼镇
341323,341323109,镇,朝阳镇
341323,341323110,镇,渔沟镇
341323,341323111,镇,高楼镇
341323,341323112,镇,冯庙镇
341323,341323113,镇,禅堂镇
341323,341323114,镇,虞姬镇
341323,341323115,镇,向阳镇
341323,341323116,镇,大庙镇
341323,341323117,镇,朱集镇
341323,341323118,镇,大路镇
341324,341324001,街道,运河街道
341324,341324002,街道,虹城街道
341324,341324003,街道,泗水街道
341324,341324100,镇,泗城镇
341324,341324101,镇,墩集镇
341324,341324102,镇,丁湖镇
341324,341324103,镇,草沟镇
341324,341324104,镇,长沟镇
341324,341324105,镇,黄圩镇
341324,341324106,镇,大庄镇
341324,341324107,镇,山头镇
341324,341324108,镇,刘圩镇
341324,341324109,镇,黑塔镇
341324,341324110,镇,草庙镇
341324,341324111,镇,屏山镇
341324,341324112,镇,大路口镇
341324,341324113,镇,大杨镇
341324,341324114,镇,瓦坊镇
341502,341502001,街道,中市街道
341502,341502002,街道,东市街道
341502,341502003,街道,三里桥街道
341502,341502004,街道,清水河街道
341502,341502005,街道,望城街道
341502,341502100,镇,木厂镇
341502,341502101,镇,马头镇
341502,341502102,镇,东桥镇
341502,341502103,镇,张店镇
341502,341502104,镇,毛坦厂镇
341502,341502105,镇,东河口镇
341502,341502106,镇,双河镇
341502,341502107,镇,施桥镇
341502,341502108,镇,孙岗镇
341502,341502109,镇,三十铺镇
341502,341502110,镇,椿树镇
341502,341502111,镇,城北镇
341502,341502112,镇,中店镇
341502,341502113,镇,先生店镇
341502,341502201,乡,翁墩乡
341502,341502202,乡,淠东乡
341502,341502204,乡,横塘岗乡
341503,341503001,街道,鼓楼街道
341503,341503003,街道,西市街道
341503,341503005,街道,小华山街道
341503,341503100,镇,苏埠镇
341503,341503101,镇,韩摆渡镇
341503,341503102,镇,新安镇
341503,341503103,镇,顺河镇
341503,341503104,镇,独山镇
341503,341503105,镇,石婆店镇
341503,341503106,镇,城南镇
341503,341503107,镇,丁集镇
341503,341503108,镇,固镇镇
341503,341503109,镇,徐集镇
341503,341503110,镇,分路口镇
341503,341503111,镇,江家店镇
341503,341503200,乡,单王乡
341503,341503201,乡,青山乡
341503,341503202,乡,石板冲乡
341503,341503203,乡,西河口乡
341503,341503204,乡,平桥乡
341503,341503205,乡,罗集乡
341503,341503206,乡,狮子岗乡
341504,341504001,街道,史河街道
341504,341504002,街道,平岗街道
341504,341504100,镇,三元镇
341504,341504102,镇,洪集镇
341504,341504103,镇,姚李镇
341504,341504121,镇,叶集镇
341504,341504200,乡,孙岗乡
341522,341522100,镇,城关镇
341522,341522101,镇,河口镇
341522,341522102,镇,周集镇
341522,341522103,镇,临水镇
341522,341522104,镇,新店镇
341522,341522105,镇,石店镇
341522,341522106,镇,马店镇
341522,341522107,镇,孟集镇
341522,341522108,镇,花园镇
341522,341522109,镇,扈胡镇
341522,341522110,镇,长集镇
341522,341522113,镇,乌龙镇
341522,341522114,镇,高塘镇
341522,341522115,镇,龙潭镇
341522,341522116,镇,岔路镇
341522,341522117,镇,冯井镇
341522,341522118,镇,众兴集镇
341522,341522119,镇,夏店镇
341522,341522120,镇,曹庙镇
341522,341522122,镇,潘集镇
341522,341522123,镇,范桥镇
341522,341522124,镇,宋店镇
341522,341522125,镇,彭塔镇
341522,341522126,镇,临淮岗镇
341522,341522127,镇,冯瓴镇
341522,341522201,乡,王截流乡
341522,341522204,乡,城西湖乡
341522,341522206,乡,三流乡
341522,341522207,乡,邵岗乡
341522,341522208,乡,白莲乡
341523,341523100,镇,城关镇
341523,341523101,镇,晓天镇
341523,341523102,镇,桃溪镇
341523,341523103,镇,万佛湖镇
341523,341523104,镇,千人桥镇
341523,341523105,镇,百神庙镇
341523,341523106,镇,杭埠镇
341523,341523107,镇,舒茶镇
341523,341523108,镇,南港镇
341523,341523109,镇,干汊河镇
341523,341523110,镇,张母桥镇
341523,341523111,镇,五显镇
341523,341523112,镇,山七镇
341523,341523113,镇,河棚镇
341523,341523114,镇,汤池镇
341523,341523200,乡,春秋乡
341523,341523201,乡,柏林乡
341523,341523202,乡,棠树乡
341523,341523203,乡,阙店乡
341523,341523204,乡,高峰乡
341523,341523205,乡,庐镇乡
341524,341524100,镇,梅山镇
341524,341524101,镇,南溪镇
341524,341524103,镇,汤家汇镇
341524,341524104,镇,斑竹园镇
341524,341524105,镇,天堂寨镇
341524,341524106,镇,古碑镇
341524,341524107,镇,吴家店镇
341524,341524108,镇,燕子河镇
341524,341524109,镇,青山镇
341524,341524110,镇,麻埠镇
341524,341524111,镇,双河镇
341524,341524112,镇,白塔畈镇
341524,341524113,镇,流波䃥镇
341524,341524202,乡,油坊店乡
341524,341524203,乡,长岭乡
341524,341524204,乡,槐树湾乡
341524,341524205,乡,花石乡
341524,341524206,乡,沙河乡
341524,341524207,乡,桃岭乡
341524,341524208,乡,果子园乡
341524,341524209,乡,关庙乡
341524,341524211,乡,铁冲乡
341524,341524212,乡,全军乡
341525,341525100,镇,衡山镇
341525,341525101,镇,下符桥镇
341525,341525102,镇,但家庙镇
341525,341525103,镇,与儿街镇
341525,341525104,镇,磨子潭镇
341525,341525105,镇,上土市镇
341525,341525106,镇,漫水河镇
341525,341525107,镇,大化坪镇
341525,341525108,镇,落儿岭镇
341525,341525109,镇,诸佛庵镇
341525,341525110,镇,黑石渡镇
341525,341525111,镇,佛子岭镇
341525,341525112,镇,单龙寺镇
341525,341525201,乡,东西溪乡
341525,341525202,乡,太阳乡
341525,341525203,乡,太平畈乡
341602,341602001,街道,花戏楼街道
341602,341602002,街道,薛阁街道
341602,341602003,街道,汤陵街道
341602,341602100,镇,古井镇
341602,341602102,镇,芦庙镇
341602,341602103,镇,华佗镇
341602,341602104,镇,魏岗镇
341602,341602105,镇,牛集镇
341602,341602107,镇,颜集镇
341602,341602108,镇,五马镇
341602,341602109,镇,十八里镇
341602,341602111,镇,谯东镇
341602,341602112,镇,十九里镇
341602,341602113,镇,沙土镇
341602,341602114,镇,观堂镇
341602,341602115,镇,大杨镇
341602,341602116,镇,城父镇
341602,341602117,镇,十河镇
341602,341602119,镇,双沟镇
341602,341602120,镇,淝河镇
341602,341602121,镇,古城镇
341602,341602122,镇,龙扬镇
341602,341602123,镇,立德镇
341602,341602200,乡,张店乡
341602,341602201,乡,赵桥乡
341621,341621001,街道,城关街道
341621,341621002,街道,星园街道
341621,341621004,街道,天静宫街道
341621,341621103,镇,西阳镇
341621,341621104,镇,涡南镇
341621,341621105,镇,楚店镇
341621,341621106,镇,高公镇
341621,341621108,镇,高炉镇
341621,341621109,镇,曹市镇
341621,341621110,镇,青疃镇
341621,341621111,镇,石弓镇
341621,341621112,镇,龙山镇
341621,341621113,镇,义门镇
341621,341621114,镇,新兴镇
341621,341621115,镇,临湖镇
341621,341621116,镇,丹城镇
341621,341621117,镇,马店集镇
341621,341621118,镇,花沟镇
341621,341621119,镇,店集镇
341621,341621120,镇,陈大镇
341621,341621121,镇,牌坊镇
341621,341621122,镇,公吉寺镇
341621,341621123,镇,标里镇
341622,341622001,街道,漆园街道
341622,341622002,街道,庄周街道
341622,341622003,街道,城关街道
341622,341622101,镇,双涧镇
341622,341622102,镇,小涧镇
341622,341622104,镇,坛城镇
341622,341622106,镇,许疃镇
341622,341622107,镇,板桥集镇
341622,341622108,镇,马集镇
341622,341622110,镇,岳坊镇
341622,341622112,镇,立仓镇
341622,341622114,镇,楚村镇
341622,341622115,镇,乐土镇
341622,341622116,镇,三义镇
341622,341622117,镇,篱笆镇
341622,341622200,乡,王集乡
341622,341622202,乡,小辛集乡
341623,341623100,镇,城关镇
341623,341623101,镇,阚疃镇
341623,341623102,镇,张村镇
341623,341623103,镇,江集镇
341623,341623104,镇,旧城镇
341623,341623105,镇,西潘楼镇
341623,341623106,镇,孙集镇
341623,341623107,镇,汝集镇
341623,341623108,镇,巩店镇
341623,341623109,镇,王人镇
341623,341623110,镇,王市镇
341623,341623111,镇,永兴镇
341623,341623112,镇,马店孜镇
341623,341623113,镇,大李集镇
341623,341623114,镇,胡集镇
341623,341623115,镇,展沟镇
341623,341623116,镇,程家集镇
341623,341623117,镇,中疃镇
341623,341623118,镇,望疃镇
341623,341623119,镇,城北镇
341623,341623203,乡,纪王场乡
341623,341623204,乡,孙庙乡
341623,341623205,乡,新张集乡
341702,341702006,街道,秋江街道
341702,341702007,街道,马衙街道
341702,341702008,街道,梅龙街道
341702,341702009,街道,墩上街道
341702,341702022,街道,池阳街道
341702,341702023,街道,秋浦街道
341702,341702024,街道,江口街道
341702,341702025,街道,里山街道
341702,341702026,街道,杏花村街道
341702,341702027,街道,清风街道
341702,341702028,街道,清溪街道
341702,341702101,镇,殷汇镇
341702,341702102,镇,牌楼镇
341702,341702107,镇,涓桥镇
341702,341702110,镇,唐田镇
341702,341702113,镇,乌沙镇
341702,341702114,镇,牛头山镇
341702,341702115,镇,梅街镇
341702,341702116,镇,梅村镇
341702,341702117,镇,棠溪镇
341721,341721100,镇,尧渡镇
341721,341721101,镇,东流镇
341721,341721102,镇,大渡口镇
341721,341721103,镇,胜利镇
341721,341721104,镇,张溪镇
341721,341721105,镇,洋湖镇
341721,341721106,镇,葛公镇
341721,341721107,镇,香隅镇
341721,341721108,镇,官港镇
341721,341721109,镇,昭潭镇
341721,341721110,镇,龙泉镇
341721,341721111,镇,泥溪镇
341721,341721209,乡,花园乡
341721,341721212,乡,木塔乡
341721,341721216,乡,青山乡
341722,341722101,镇,七都镇
341722,341722103,镇,丁香镇
341722,341722104,镇,小河镇
341722,341722105,镇,横渡镇
341722,341722106,镇,仁里镇
341722,341722107,镇,仙寓镇
341722,341722203,乡,大演乡
341722,341722205,乡,矶滩乡
341723,341723100,镇,蓉城镇
341723,341723101,镇,木镇镇
341723,341723102,镇,庙前镇
341723,341723104,镇,新河镇
341723,341723105,镇,丁桥镇
341723,341723107,镇,朱备镇
341723,341723109,镇,杨田镇
341723,341723110,镇,九华镇
341723,341723111,镇,陵阳镇
341723,341723112,镇,酉华镇
341723,341723202,乡,乔木乡
341723,341723204,乡,杜村乡
341723,341723205,乡,九华乡
341802,341802001,街道,西林街道
341802,341802002,街道,澄江街道
341802,341802003,街道,鳌峰街道
341802,341802004,街道,济川街道
341802,341802005,街道,敬亭山街道
341802,341802006,街道,飞彩街道
341802,341802007,街道,双桥街道
341802,341802008,街道,金坝街道
341802,341802009,街道,向阳街道
341802,341802101,镇,古泉镇
341802,341802103,镇,文昌镇
341802,341802104,镇,杨柳镇
341802,341802105,镇,溪口镇
341802,341802106,镇,新田镇
341802,341802108,镇,洪林镇
341802,341802109,镇,沈村镇
341802,341802111,镇,水阳镇
341802,341802112,镇,水东镇
341802,341802113,镇,孙埠镇
341802,341802114,镇,周王镇
341802,341802115,镇,狸桥镇
341802,341802204,乡,黄渡乡
341802,341802209,乡,青湖乡
341802,341802211,乡,养贤乡
341821,341821001,街道,郎步街道
341821,341821002,街道,郎川街道
341821,341821003,街道,钟桥街道
341821,341821100,镇,建平镇
341821,341821102,镇,梅渚镇
341821,341821103,镇,涛城镇
341821,341821104,镇,十字镇
341821,341821107,镇,毕桥镇
341821,341821108,镇,新发镇
341821,341821109,镇,飞鲤镇
341821,341821110,镇,凌笪镇
341821,341821111,镇,姚村镇
341823,341823100,镇,泾川镇
341823,341823101,镇,桃花潭镇
341823,341823102,镇,茂林镇
341823,341823103,镇,榔桥镇
341823,341823105,镇,丁家桥镇
341823,341823106,镇,蔡村镇
341823,341823108,镇,琴溪镇
341823,341823109,镇,云岭镇
341823,341823110,镇,黄村镇
341823,341823111,镇,汀溪镇
341823,341823112,镇,昌桥镇
341824,341824100,镇,华阳镇
341824,341824101,镇,临溪镇
341824,341824102,镇,长安镇
341824,341824103,镇,上庄镇
341824,341824104,镇,扬溪镇
341824,341824105,镇,伏岭镇
341824,341824106,镇,金沙镇
341824,341824107,镇,瀛洲镇
341824,341824201,乡,板桥头乡
341824,341824202,乡,家朋乡
341824,341824203,乡,荆州乡
341825,341825100,镇,旌阳镇
341825,341825101,镇,蔡家桥镇
341825,341825102,镇,三溪镇
341825,341825103,镇,庙首镇
341825,341825104,镇,白地镇
341825,341825105,镇,俞村镇
341825,341825106,镇,兴隆镇
341825,341825107,镇,孙村镇
341825,341825108,镇,版书镇
341825,341825109,镇,云乐镇
341881,341881001,街道,西津街道
341881,341881002,街道,南山街道
341881,341881003,街道,河沥溪街道
341881,341881004,街道,汪溪街道
341881,341881005,街道,竹峰街道
341881,341881006,街道,天湖街道
341881,341881100,镇,港口镇
341881,341881101,镇,梅林镇
341881,341881102,镇,中溪镇
341881,341881103,镇,仙霞镇
341881,341881104,镇,宁墩镇
341881,341881105,镇,甲路镇
341881,341881106,镇,霞西镇
341881,341881107,镇,胡乐镇
341881,341881200,民族乡,云梯畲族乡
341881,341881201,乡,南极乡
341881,341881202,乡,万家乡
341881,341881204,乡,方塘乡
341881,341881205,乡,青龙乡
341882,341882001,街道,桐汭街道
341882,341882002,街道,祠山街道
341882,341882003,街道,升平街道
341882,341882100,镇,桃州镇
341882,341882101,镇,柏垫镇
341882,341882102,镇,誓节镇
341882,341882103,镇,邱村镇
341882,341882104,镇,新杭镇
341882,341882105,镇,杨滩镇
341882,341882106,镇,卢村镇
341882,341882107,镇,东亭镇
341882,341882108,镇,四合镇
350102,350102001,街道,鼓东街道
350102,350102002,街道,鼓西街道
350102,350102003,街道,温泉街道
350102,350102004,街道,东街街道
350102,350102005,街道,南街街道
350102,350102006,街道,安泰街道
350102,350102007,街道,华大街道
350102,350102008,街道,水部街道
350102,350102009,街道,五凤街道
350102,350102100,镇,洪山镇
350103,350103001,街道,瀛洲街道
350103,350103002,街道,后洲街道
350103,350103003,街道,义洲街道
350103,350103004,街道,新港街道
350103,350103005,街道,上海街道
350103,350103007,街道,苍霞街道
350103,350103009,街道,茶亭街道
350103,350103010,街道,洋中街道
350103,350103011,街道,鳌峰街道
350103,350103012,街道,宁化街道
350104,350104001,街道,仓前街道
350104,350104002,街道,东升街道
350104,350104003,街道,对湖街道
350104,350104004,街道,临江街道
350104,350104005,街道,三叉街街道
350104,350104006,街道,上渡街道
350104,350104007,街道,下渡街道
350104,350104008,街道,金山街道
350104,350104100,镇,仓山镇
350104,350104101,镇,城门镇
350104,350104102,镇,盖山镇
350104,350104103,镇,建新镇
350104,350104104,镇,螺洲镇
350105,350105001,街道,罗星街道
350105,350105100,镇,马尾镇
350105,350105101,镇,亭江镇
350105,350105102,镇,琅岐镇
350111,350111001,街道,茶园街道
350111,350111002,街道,王庄街道
350111,350111003,街道,象园街道
350111,350111100,镇,鼓山镇
350111,350111101,镇,新店镇
350111,350111102,镇,岳峰镇
350111,350111103,镇,宦溪镇
350111,350111201,乡,寿山乡
350111,350111202,乡,日溪乡
350112,350112001,街道,营前街道
350112,350112002,街道,漳港街道
350112,350112003,街道,航城街道
350112,350112004,街道,吴航街道
350112,350112005,街道,文武砂街道
350112,350112100,镇,首占镇
350112,350112101,镇,玉田镇
350112,350112102,镇,松下镇
350112,350112103,镇,江田镇
350112,350112104,镇,古槐镇
350112,350112106,镇,鹤上镇
350112,350112107,镇,湖南镇
350112,350112108,镇,金峰镇
350112,350112109,镇,文岭镇
350112,350112110,镇,梅花镇
350112,350112111,镇,潭头镇
350112,350112200,乡,罗联乡
350112,350112201,乡,猴屿乡
350121,350121001,街道,甘蔗街道
350121,350121101,镇,白沙镇
350121,350121102,镇,南屿镇
350121,350121103,镇,尚干镇
350121,350121104,镇,祥谦镇
350121,350121105,镇,青口镇
350121,350121106,镇,南通镇
350121,350121107,镇,上街镇
350121,350121108,镇,荆溪镇
350121,350121200,乡,竹岐乡
350121,350121201,乡,鸿尾乡
350121,350121202,乡,洋里乡
350121,350121203,乡,大湖乡
350121,350121204,乡,廷坪乡
350121,350121206,乡,小箬乡
350122,350122100,镇,凤城镇
350122,350122101,镇,敖江镇
350122,350122102,镇,东岱镇
350122,350122103,镇,琯头镇
350122,350122104,镇,晓澳镇
350122,350122105,镇,东湖镇
350122,350122106,镇,丹阳镇
350122,350122107,镇,长龙镇
350122,350122108,镇,透堡镇
350122,350122109,镇,马鼻镇
350122,350122110,镇,官坂镇
350122,350122111,镇,筱埕镇
350122,350122112,镇,黄岐镇
350122,350122113,镇,苔菉镇
350122,350122114,镇,浦口镇
350122,350122115,镇,坑园镇
350122,350122116,镇,潘渡镇
350122,350122117,镇,江南镇
350122,350122118,镇,下宫镇
350122,350122202,乡,蓼沿乡
350122,350122203,乡,安凯乡
350122,350122205,民族乡,小沧畲族乡
350122,350122206,乡,马祖乡
350123,350123100,镇,凤山镇
350123,350123101,镇,松山镇
350123,350123102,镇,起步镇
350123,350123103,镇,中房镇
350123,350123104,镇,飞竹镇
350123,350123105,镇,鉴江镇
350123,350123200,乡,白塔乡
350123,350123201,乡,洪洋乡
350123,350123202,乡,西兰乡
350123,350123203,民族乡,霍口畲族乡
350123,350123204,乡,碧里乡
350124,350124100,镇,梅城镇
350124,350124101,镇,梅溪镇
350124,350124102,镇,白樟镇
350124,350124103,镇,金沙镇
350124,350124104,镇,白中镇
350124,350124105,镇,池园镇
350124,350124106,镇,坂东镇
350124,350124107,镇,塔庄镇
350124,350124108,镇,省璜镇
350124,350124109,镇,雄江镇
350124,350124110,镇,东桥镇
350124,350124200,乡,云龙乡
350124,350124201,乡,上莲乡
350124,350124204,乡,三溪乡
350124,350124205,乡,桔林乡
350124,350124206,乡,下祝乡
350125,350125100,镇,樟城镇
350125,350125101,镇,嵩口镇
350125,350125102,镇,梧桐镇
350125,350125103,镇,葛岭镇
350125,350125104,镇,城峰镇
350125,350125105,镇,清凉镇
350125,350125106,镇,长庆镇
350125,350125107,镇,同安镇
350125,350125108,镇,大洋镇
350125,350125200,乡,塘前乡
350125,350125201,乡,富泉乡
350125,350125202,乡,岭路乡
350125,350125203,乡,赤锡乡
350125,350125204,乡,洑口乡
350125,350125205,乡,盖洋乡
350125,350125206,乡,东洋乡
350125,350125207,乡,霞拔乡
350125,350125208,乡,盘谷乡
350125,350125209,乡,红星乡
350125,350125210,乡,白云乡
350125,350125211,乡,丹云乡
350128,350128001,街道,海坛街道
350128,350128107,镇,金井镇
350128,350128108,镇,君山镇
350128,350128109,镇,苏平镇
350128,350128201,乡,屿头乡
350128,350128205,乡,东庠乡
350128,350128207,乡,南海乡
350181,350181001,街道,玉屏街道
350181,350181002,街道,音西街道
350181,350181003,街道,宏路街道
350181,350181004,街道,阳下街道
350181,350181005,街道,龙山街道
350181,350181006,街道,龙江街道
350181,350181007,街道,石竹街道
350181,350181103,镇,海口镇
350181,350181104,镇,城头镇
350181,350181105,镇,南岭镇
350181,350181106,镇,龙田镇
350181,350181107,镇,江镜镇
350181,350181108,镇,港头镇
350181,350181109,镇,高山镇
350181,350181110,镇,沙埔镇
350181,350181111,镇,三山镇
350181,350181112,镇,东瀚镇
350181,350181113,镇,渔溪镇
350181,350181114,镇,上迳镇
350181,350181115,镇,新厝镇
350181,350181116,镇,江阴镇
350181,350181117,镇,东张镇
350181,350181118,镇,镜洋镇
350181,350181119,镇,一都镇
350203,350203001,街道,厦港街道
350203,350203003,街道,中华街道
350203,350203005,街道,滨海街道
350203,350203006,街道,鹭江街道
350203,350203007,街道,开元街道
350203,350203008,街道,梧村街道
350203,350203009,街道,筼筜街道
350203,350203010,街道,莲前街道
350203,350203011,街道,嘉莲街道
350203,350203012,街道,鼓浪屿街道
350205,350205001,街道,海沧街道
350205,350205002,街道,新阳街道
350205,350205003,街道,嵩屿街道
350205,350205004,街道,东孚街道
350206,350206001,街道,湖里街道
350206,350206002,街道,殿前街道
350206,350206003,街道,禾山街道
350206,350206004,街道,江头街道
350206,350206005,街道,金山街道
350211,350211001,街道,集美街道
350211,350211002,街道,侨英街道
350211,350211003,街道,杏林街道
350211,350211004,街道,杏滨街道
350211,350211102,镇,灌口镇
350211,350211103,镇,后溪镇
350212,350212001,街道,大同街道
350212,350212002,街道,祥平街道
350212,350212003,街道,新民街道
350212,350212004,街道,西柯街道
350212,350212005,街道,祥和街道
350212,350212006,街道,新美街道
350212,350212007,街道,美林街道
350212,350212105,镇,莲花镇
350212,350212107,镇,洪塘镇
350212,350212109,镇,汀溪镇
350212,350212110,镇,五显镇
350213,350213001,街道,大嶝街道
350213,350213002,街道,马巷街道
350213,350213003,街道,民安街道
350213,350213004,街道,凤翔街道
350213,350213005,街道,新店街道
350213,350213006,街道,金海街道
350213,350213007,街道,香山街道
350213,350213103,镇,新圩镇
350213,350213111,镇,内厝镇
350302,350302001,街道,龙桥街道
350302,350302002,街道,凤凰山街道
350302,350302003,街道,霞林街道
350302,350302100,镇,常太镇
350302,350302101,镇,华亭镇
350302,350302102,镇,灵川镇
350302,350302103,镇,东海镇
350303,350303001,街道,涵东街道
350303,350303002,街道,涵西街道
350303,350303100,镇,三江口镇
350303,350303101,镇,白塘镇
350303,350303102,镇,国欢镇
350303,350303103,镇,梧塘镇
350303,350303104,镇,江口镇
350303,350303105,镇,萩芦镇
350303,350303106,镇,白沙镇
350303,350303107,镇,庄边镇
350303,350303108,镇,新县镇
350303,350303200,乡,大洋乡
350304,350304001,街道,镇海街道
350304,350304002,街道,拱辰街道
350304,350304100,镇,西天尾镇
350304,350304101,镇,黄石镇
350304,350304102,镇,新度镇
350304,350304103,镇,北高镇
350305,350305001,街道,笏石街道
350305,350305101,镇,东庄镇
350305,350305102,镇,忠门镇
350305,350305103,镇,东埔镇
350305,350305104,镇,东峤镇
350305,350305105,镇,埭头镇
350305,350305106,镇,平海镇
350305,350305107,镇,南日镇
350305,350305108,镇,湄洲镇
350305,350305109,镇,山亭镇
350305,350305110,镇,月塘镇
350322,350322001,街道,鲤城街道
350322,350322101,镇,枫亭镇
350322,350322102,镇,榜头镇
350322,350322103,镇,郊尾镇
350322,350322104,镇,度尾镇
350322,350322106,镇,赖店镇
350322,350322107,镇,盖尾镇
350322,350322108,镇,园庄镇
350322,350322109,镇,大济镇
350322,350322110,镇,龙华镇
350322,350322111,镇,钟山镇
350322,350322112,镇,游洋镇
350322,350322113,镇,鲤南镇
350322,350322200,乡,西苑乡
350322,350322202,乡,石苍乡
350322,350322203,乡,社硎乡
350322,350322204,乡,书峰乡
350322,350322205,乡,菜溪乡
350404,350404001,街道,列东街道
350404,350404002,街道,列西街道
350404,350404003,街道,徐碧街道
350404,350404004,街道,城关街道
350404,350404005,街道,白沙街道
350404,350404006,街道,富兴堡街道
350404,350404007,街道,荆西街道
350404,350404100,镇,陈大镇
350404,350404101,镇,洋溪镇
350404,350404102,镇,莘口镇
350404,350404103,镇,岩前镇
350404,350404200,乡,中村乡
350405,350405001,街道,凤岗街道
350405,350405002,街道,虬江街道
350405,350405100,镇,青州镇
350405,350405101,镇,夏茂镇
350405,350405102,镇,高砂镇
350405,350405103,镇,高桥镇
350405,350405104,镇,富口镇
350405,350405105,镇,大洛镇
350405,350405200,乡,南霞乡
350405,350405201,乡,南阳乡
350405,350405202,乡,郑湖乡
350405,350405203,乡,湖源乡
350421,350421100,镇,雪峰镇
350421,350421101,镇,盖洋镇
350421,350421102,镇,胡坊镇
350421,350421103,镇,瀚仙镇
350421,350421200,乡,城关乡
350421,350421201,乡,沙溪乡
350421,350421202,乡,夏阳乡
350421,350421203,乡,枫溪乡
350421,350421204,乡,夏坊乡
350423,350423100,镇,龙津镇
350423,350423101,镇,嵩溪镇
350423,350423102,镇,嵩口镇
350423,350423103,镇,灵地镇
350423,350423104,镇,长校镇
350423,350423105,镇,赖坊镇
350423,350423106,镇,林畲镇
350423,350423201,乡,温郊乡
350423,350423203,乡,田源乡
350423,350423204,乡,沙芜乡
350423,350423206,乡,余朋乡
350423,350423208,乡,李家乡
350423,350423209,乡,里田乡
350424,350424100,镇,翠江镇
350424,350424101,镇,泉上镇
350424,350424102,镇,湖村镇
350424,350424103,镇,石壁镇
350424,350424104,镇,曹坊镇
350424,350424105,镇,安远镇
350424,350424106,镇,淮土镇
350424,350424107,镇,安乐镇
350424,350424108,镇,水茜镇
350424,350424109,镇,城郊镇
350424,350424110,镇,城南镇
350424,350424202,乡,济村乡
350424,350424204,乡,方田乡
350424,350424207,民族乡,治平畲族乡
350424,350424208,乡,中沙乡
350424,350424209,乡,河龙乡
350425,350425100,镇,均溪镇
350425,350425101,镇,石牌镇
350425,350425102,镇,上京镇
350425,350425103,镇,广平镇
350425,350425104,镇,桃源镇
350425,350425105,镇,太华镇
350425,350425106,镇,建设镇
350425,350425107,镇,奇韬镇
350425,350425108,镇,吴山镇
350425,350425109,镇,华兴镇
350425,350425110,镇,梅山镇
350425,350425111,镇,文江镇
350425,350425201,乡,屏山乡
350425,350425203,乡,济阳乡
350425,350425204,乡,武陵乡
350425,350425205,乡,谢洋乡
350425,350425208,乡,湖美乡
350425,350425209,乡,前坪乡
350426,350426100,镇,城关镇
350426,350426101,镇,梅仙镇
350426,350426102,镇,西滨镇
350426,350426103,镇,洋中镇
350426,350426104,镇,新阳镇
350426,350426105,镇,管前镇
350426,350426106,镇,西城镇
350426,350426107,镇,尤溪口镇
350426,350426108,镇,坂面镇
350426,350426109,镇,联合镇
350426,350426110,镇,中仙镇
350426,350426201,乡,汤川乡
350426,350426202,乡,溪尾乡
350426,350426204,乡,台溪乡
350426,350426206,乡,八字桥乡
350428,350428100,镇,古镛镇
350428,350428101,镇,万安镇
350428,350428102,镇,高唐镇
350428,350428103,镇,白莲镇
350428,350428104,镇,黄潭镇
350428,350428105,镇,水南镇
350428,350428106,镇,光明镇
350428,350428107,镇,南口镇
350428,350428201,乡,漠源乡
350428,350428203,乡,万全乡
350428,350428204,乡,安仁乡
350428,350428205,乡,大源乡
350428,350428206,乡,余坊乡
350429,350429100,镇,杉城镇
350429,350429101,镇,朱口镇
350429,350429102,镇,下渠镇
350429,350429200,乡,新桥乡
350429,350429201,乡,上青乡
350429,350429202,乡,大田乡
350429,350429203,乡,梅口乡
350429,350429205,乡,开善乡
350429,350429206,乡,大龙乡
350430,350430100,镇,濉溪镇
350430,350430101,镇,里心镇
350430,350430102,镇,溪口镇
350430,350430103,镇,均口镇
350430,350430201,乡,伊家乡
350430,350430202,乡,黄坊乡
350430,350430203,乡,溪源乡
350430,350430204,乡,客坊乡
350430,350430205,乡,黄埠乡
350481,350481001,街道,燕东街道
350481,350481002,街道,燕西街道
350481,350481003,街道,燕南街道
350481,350481004,街道,燕北街道
350481,350481100,镇,西洋镇
350481,350481101,镇,贡川镇
350481,350481102,镇,安砂镇
350481,350481103,镇,小陶镇
350481,350481104,镇,大湖镇
350481,350481105,镇,曹远镇
350481,350481106,镇,洪田镇
350481,350481107,镇,槐南镇
350481,350481202,乡,上坪乡
350481,350481203,乡,罗坊乡
350481,350481204,民族乡,青水畲族乡
350502,350502001,街道,海滨街道
350502,350502002,街道,临江街道
350502,350502003,街道,鲤中街道
350502,350502004,街道,开元街道
350502,350502005,街道,浮桥街道
350502,350502006,街道,江南街道
350502,350502007,街道,金龙街道
350502,350502008,街道,常泰街道
350503,350503001,街道,东湖街道
350503,350503002,街道,丰泽街道
350503,350503003,街道,泉秀街道
350503,350503004,街道,清源街道
350503,350503005,街道,华大街道
350503,350503006,街道,城东街道
350503,350503007,街道,东海街道
350503,350503008,街道,北峰街道
350503,350503009,街道,临海街道
350504,350504001,街道,万安街道
350504,350504002,街道,双阳街道
350504,350504100,镇,罗溪镇
350504,350504101,镇,马甲镇
350504,350504102,镇,河市镇
350504,350504200,乡,虹山乡
350505,350505001,街道,山腰街道
350505,350505100,镇,南埔镇
350505,350505101,镇,界山镇
350505,350505102,镇,后龙镇
350505,350505103,镇,峰尾镇
350505,350505105,镇,前黄镇
350505,350505106,镇,涂岭镇
350521,350521100,镇,螺城镇
350521,350521101,镇,螺阳镇
350521,350521102,镇,黄塘镇
350521,350521103,镇,紫山镇
350521,350521104,镇,洛阳镇
350521,350521105,镇,东园镇
350521,350521106,镇,张坂镇
350521,350521107,镇,崇武镇
350521,350521108,镇,山霞镇
350521,350521109,镇,涂寨镇
350521,350521110,镇,东岭镇
350521,350521111,镇,东桥镇
350521,350521112,镇,净峰镇
350521,350521113,镇,小岞镇
350521,350521114,镇,辋川镇
350521,350521200,民族乡,百崎回族乡
350524,350524100,镇,凤城镇
350524,350524101,镇,蓬莱镇
350524,350524102,镇,湖头镇
350524,350524103,镇,官桥镇
350524,350524104,镇,剑斗镇
350524,350524105,镇,城厢镇
350524,350524106,镇,金谷镇
350524,350524107,镇,龙门镇
350524,350524108,镇,虎邱镇
350524,350524109,镇,芦田镇
350524,350524110,镇,感德镇
350524,350524111,镇,魁斗镇
350524,350524112,镇,西坪镇
350524,350524113,镇,参内镇
350524,350524114,镇,长卿镇
350524,350524115,镇,龙涓镇
350524,350524116,镇,尚卿镇
350524,350524117,镇,蓝田镇
350524,350524201,乡,白濑乡
350524,350524202,乡,湖上乡
350524,350524204,乡,大坪乡
350524,350524208,乡,祥华乡
350524,350524209,乡,桃舟乡
350524,350524210,乡,福田乡
350525,350525100,镇,桃城镇
350525,350525101,镇,五里街镇
350525,350525102,镇,一都镇
350525,350525103,镇,下洋镇
350525,350525104,镇,蓬壶镇
350525,350525105,镇,达埔镇
350525,350525106,镇,吾峰镇
350525,350525107,镇,石鼓镇
350525,350525108,镇,岵山镇
350525,350525109,镇,东平镇
350525,350525110,镇,湖洋镇
350525,350525111,镇,坑仔口镇
350525,350525112,镇,玉斗镇
350525,350525113,镇,锦斗镇
350525,350525114,镇,东关镇
350525,350525115,镇,桂洋镇
350525,350525116,镇,苏坑镇
350525,350525117,镇,仙夹镇
350525,350525200,乡,横口乡
350525,350525201,乡,呈祥乡
350525,350525202,乡,介福乡
350525,350525204,乡,外山乡
350526,350526100,镇,浔中镇
350526,350526101,镇,龙浔镇
350526,350526102,镇,三班镇
350526,350526103,镇,龙门滩镇
350526,350526104,镇,雷峰镇
350526,350526105,镇,南埕镇
350526,350526106,镇,水口镇
350526,350526107,镇,赤水镇
350526,350526108,镇,上涌镇
350526,350526109,镇,葛坑镇
350526,350526110,镇,盖德镇
350526,350526111,镇,美湖镇
350526,350526200,乡,杨梅乡
350526,350526202,乡,汤头乡
350526,350526204,乡,桂阳乡
350526,350526206,乡,国宝乡
350526,350526208,乡,大铭乡
350526,350526209,乡,春美乡
350581,350581001,街道,湖滨街道
350581,350581002,街道,凤里街道
350581,350581100,镇,灵秀镇
350581,350581101,镇,宝盖镇
350581,350581102,镇,蚶江镇
350581,350581103,镇,祥芝镇
350581,350581104,镇,鸿山镇
350581,350581105,镇,锦尚镇
350581,350581106,镇,永宁镇
350582,350582001,街道,青阳街道
350582,350582002,街道,梅岭街道
350582,350582003,街道,西园街道
350582,350582004,街道,罗山街道
350582,350582005,街道,灵源街道
350582,350582006,街道,新塘街道
350582,350582101,镇,陈埭镇
350582,350582102,镇,池店镇
350582,350582103,镇,安海镇
350582,350582104,镇,磁灶镇
350582,350582105,镇,内坑镇
350582,350582106,镇,紫帽镇
350582,350582107,镇,东石镇
350582,350582108,镇,永和镇
350582,350582109,镇,英林镇
350582,350582110,镇,金井镇
350582,350582111,镇,龙湖镇
350582,350582112,镇,深沪镇
350582,350582113,镇,西滨镇
350583,350583001,街道,溪美街道
350583,350583002,街道,柳城街道
350583,350583003,街道,美林街道
350583,350583100,镇,省新镇
350583,350583101,镇,仑苍镇
350583,350583102,镇,东田镇
350583,350583103,镇,英都镇
350583,350583104,镇,翔云镇
350583,350583105,镇,金淘镇
350583,350583106,镇,诗山镇
350583,350583107,镇,蓬华镇
350583,350583108,镇,码头镇
350583,350583109,镇,九都镇
350583,350583110,镇,乐峰镇
350583,350583111,镇,罗东镇
350583,350583112,镇,梅山镇
350583,350583113,镇,洪濑镇
350583,350583114,镇,洪梅镇
350583,350583115,镇,康美镇
350583,350583116,镇,丰州镇
350583,350583117,镇,霞美镇
350583,350583118,镇,官桥镇
350583,350583119,镇,水头镇
350583,350583120,镇,石井镇
350583,350583200,乡,眉山乡
350583,350583201,乡,向阳乡
350602,350602001,街道,东铺头街道
350602,350602002,街道,西桥街道
350602,350602003,街道,新桥街道
350602,350602004,街道,巷口街道
350602,350602005,街道,南坑街道
350602,350602006,街道,通北街道
350602,350602007,街道,芝山街道
350602,350602008,街道,石亭街道
350602,350602100,镇,浦南镇
350602,350602101,镇,天宝镇
350603,350603001,街道,东岳街道
350603,350603002,街道,步文街道
350603,350603003,街道,碧湖街道
350603,350603004,街道,蓝田街道
350603,350603005,街道,朝阳街道
350603,350603006,街道,景山街道
350603,350603103,镇,郭坑镇
350604,350604001,街道,石码街道
350604,350604100,镇,海澄镇
350604,350604101,镇,角美镇
350604,350604102,镇,白水镇
350604,350604103,镇,浮宫镇
350604,350604104,镇,程溪镇
350604,350604105,镇,港尾镇
350604,350604106,镇,九湖镇
350604,350604107,镇,颜厝镇
350604,350604108,镇,榜山镇
350604,350604109,镇,紫泥镇
350604,350604110,镇,东园镇
350604,350604200,乡,东泗乡
350604,350604201,民族乡,隆教畲族乡
350605,350605100,镇,武安镇
350605,350605101,镇,岩溪镇
350605,350605102,镇,陈巷镇
350605,350605103,镇,枋洋镇
350605,350605200,乡,坂里乡
350622,350622100,镇,云陵镇
350622,350622101,镇,陈岱镇
350622,350622102,镇,东厦镇
350622,350622103,镇,莆美镇
350622,350622104,镇,列屿镇
350622,350622105,镇,火田镇
350622,350622200,乡,下河乡
350622,350622201,乡,马铺乡
350622,350622202,乡,和平乡
350623,350623100,镇,绥安镇
350623,350623101,镇,旧镇镇
350623,350623102,镇,佛昙镇
350623,350623103,镇,赤湖镇
350623,350623104,镇,杜浔镇
350623,350623105,镇,霞美镇
350623,350623106,镇,官浔镇
350623,350623107,镇,石榴镇
350623,350623108,镇,盘陀镇
350623,350623109,镇,长桥镇
350623,350623110,镇,前亭镇
350623,350623111,镇,马坪镇
350623,350623112,镇,深土镇
350623,350623113,镇,六鳌镇
350623,350623114,镇,沙西镇
350623,350623115,镇,古雷镇
350623,350623116,镇,大南坂镇
350623,350623200,乡,南浦乡
350623,350623201,民族乡,赤岭畲族乡
350623,350623202,民族乡,湖西畲族乡
350623,350623203,乡,赤土乡
350624,350624100,镇,南诏镇
350624,350624101,镇,四都镇
350624,350624102,镇,梅岭镇
350624,350624103,镇,桥东镇
350624,350624104,镇,深桥镇
350624,350624105,镇,太平镇
350624,350624106,镇,霞葛镇
350624,350624107,镇,官陂镇
350624,350624108,镇,秀篆镇
350624,350624109,镇,西潭镇
350624,350624200,乡,金星乡
350624,350624202,乡,白洋乡
350624,350624203,乡,建设乡
350624,350624204,乡,红星乡
350624,350624205,乡,梅洲乡
350626,350626100,镇,西埔镇
350626,350626101,镇,樟塘镇
350626,350626102,镇,康美镇
350626,350626103,镇,杏陈镇
350626,350626104,镇,陈城镇
350626,350626105,镇,前楼镇
350626,350626106,镇,铜陵镇
350627,350627100,镇,山城镇
350627,350627101,镇,丰田镇
350627,350627102,镇,靖城镇
350627,350627103,镇,龙山镇
350627,350627104,镇,金山镇
350627,350627105,镇,和溪镇
350627,350627106,镇,奎洋镇
350627,350627107,镇,梅林镇
350627,350627108,镇,书洋镇
350627,350627109,镇,船场镇
350627,350627110,镇,南坑镇
350628,350628100,镇,小溪镇
350628,350628101,镇,山格镇
350628,350628102,镇,文峰镇
350628,350628103,镇,南胜镇
350628,350628104,镇,坂仔镇
350628,350628105,镇,安厚镇
350628,350628106,镇,大溪镇
350628,350628107,镇,霞寨镇
350628,350628108,镇,九峰镇
350628,350628109,镇,芦溪镇
350628,350628200,乡,五寨乡
350628,350628201,乡,国强乡
350628,350628202,乡,崎岭乡
350628,350628203,乡,长乐乡
350628,350628204,乡,秀峰乡
350629,350629100,镇,华丰镇
350629,350629101,镇,丰山镇
350629,350629102,镇,沙建镇
350629,350629103,镇,新圩镇
350629,350629104,镇,高安镇
350629,350629105,镇,仙都镇
350629,350629200,乡,高车乡
350629,350629201,乡,马坑乡
350629,350629203,乡,湖林乡
350702,350702001,街道,梅山街道
350702,350702002,街道,黄墩街道
350702,350702003,街道,紫云街道
350702,350702004,街道,四鹤街道
350702,350702005,街道,水南街道
350702,350702006,街道,水东街道
350702,350702100,镇,来舟镇
350702,350702101,镇,樟湖镇
350702,350702102,镇,夏道镇
350702,350702103,镇,西芹镇
350702,350702104,镇,峡阳镇
350702,350702105,镇,南山镇
350702,350702106,镇,大横镇
350702,350702107,镇,王台镇
350702,350702108,镇,太平镇
350702,350702109,镇,塔前镇
350702,350702111,镇,洋后镇
350702,350702112,镇,炉下镇
350702,350702113,镇,茫荡镇
350702,350702200,乡,巨口乡
350702,350702202,乡,赤门乡
350703,350703001,街道,潭城街道
350703,350703002,街道,童游街道
350703,350703003,街道,宝山街道
350703,350703004,街道,崇阳街道
350703,350703005,街道,崇泰街道
350703,350703100,镇,将口镇
350703,350703101,镇,徐市镇
350703,350703102,镇,莒口镇
350703,350703103,镇,麻沙镇
350703,350703104,镇,黄坑镇
350703,350703105,镇,水吉镇
350703,350703106,镇,漳墩镇
350703,350703107,镇,小湖镇
350703,350703200,乡,崇雒乡
350703,350703201,乡,书坊乡
350703,350703202,乡,回龙乡
350721,350721001,街道,双溪街道
350721,350721101,镇,建西镇
350721,350721102,镇,洋口镇
350721,350721103,镇,元坑镇
350721,350721105,镇,埔上镇
350721,350721106,镇,大历镇
350721,350721107,镇,大干镇
350721,350721108,镇,仁寿镇
350721,350721109,镇,郑坊镇
350721,350721200,乡,洋墩乡
350721,350721203,乡,岚下乡
350721,350721204,乡,高阳乡
350722,350722001,街道,南浦街道
350722,350722002,街道,河滨街道
350722,350722101,镇,富岭镇
350722,350722102,镇,石陂镇
350722,350722103,镇,临江镇
350722,350722104,镇,仙阳镇
350722,350722105,镇,水北街镇
350722,350722106,镇,永兴镇
350722,350722107,镇,忠信镇
350722,350722108,镇,莲塘镇
350722,350722109,镇,九牧镇
350722,350722200,乡,万安乡
350722,350722201,乡,古楼乡
350722,350722202,乡,山下乡
350722,350722203,乡,枫溪乡
350722,350722204,乡,濠村乡
350722,350722205,乡,管厝乡
350722,350722206,乡,盘亭乡
350722,350722207,乡,官路乡
350723,350723100,镇,杭川镇
350723,350723101,镇,寨里镇
350723,350723102,镇,止马镇
350723,350723103,镇,崇仁镇
350723,350723104,镇,鸾凤镇
350723,350723202,乡,李坊乡
350723,350723203,乡,华桥乡
350723,350723204,乡,司前乡
350724,350724001,街道,松源街道
350724,350724101,镇,郑墩镇
350724,350724102,镇,渭田镇
350724,350724200,乡,河东乡
350724,350724201,乡,茶平乡
350724,350724202,乡,旧县乡
350724,350724203,乡,溪东乡
350724,350724204,乡,花桥乡
350724,350724205,乡,祖墩乡
350725,350725001,街道,熊山街道
350725,350725101,镇,东平镇
350725,350725102,镇,石屯镇
350725,350725103,镇,铁山镇
350725,350725104,镇,镇前镇
350725,350725200,乡,星溪乡
350725,350725201,乡,外屯乡
350725,350725202,乡,杨源乡
350725,350725203,乡,澄源乡
350725,350725204,乡,岭腰乡
350781,350781001,街道,昭阳街道
350781,350781002,街道,通泰街道
350781,350781003,街道,水北街道
350781,350781004,街道,晒口街道
350781,350781100,镇,城郊镇
350781,350781101,镇,水北镇
350781,350781102,镇,下沙镇
350781,350781103,镇,卫闽镇
350781,350781104,镇,沿山镇
350781,350781105,镇,拿口镇
350781,350781106,镇,洪墩镇
350781,350781107,镇,大埠岗镇
350781,350781108,镇,和平镇
350781,350781109,镇,肖家坊镇
350781,350781110,镇,大竹镇
350781,350781111,镇,吴家塘镇
350781,350781200,乡,桂林乡
350781,350781201,乡,张厝乡
350781,350781202,乡,金坑乡
350782,350782001,街道,崇安街道
350782,350782002,街道,新丰街道
350782,350782003,街道,武夷街道
350782,350782101,镇,星村镇
350782,350782102,镇,兴田镇
350782,350782103,镇,五夫镇
350782,350782201,乡,上梅乡
350782,350782202,乡,吴屯乡
350782,350782203,乡,岚谷乡
350782,350782204,乡,洋庄乡
350783,350783001,街道,建安街道
350783,350783002,街道,通济街道
350783,350783003,街道,瓯宁街道
350783,350783004,街道,芝山街道
350783,350783100,镇,徐墩镇
350783,350783101,镇,吉阳镇
350783,350783102,镇,房道镇
350783,350783103,镇,南雅镇
350783,350783104,镇,迪口镇
350783,350783105,镇,小桥镇
350783,350783106,镇,玉山镇
350783,350783107,镇,东游镇
350783,350783108,镇,东峰镇
350783,350783109,镇,小松镇
350783,350783200,乡,顺阳乡
350783,350783201,乡,水源乡
350783,350783202,乡,川石乡
350783,350783203,乡,龙村乡
350802,350802001,街道,东城街道
350802,350802002,街道,南城街道
350802,350802003,街道,西城街道
350802,350802004,街道,中城街道
350802,350802005,街道,西陂街道
350802,350802006,街道,曹溪街道
350802,350802007,街道,东肖街道
350802,350802008,街道,龙门街道
350802,350802009,街道,铁山街道
350802,350802010,街道,北城街道
350802,350802100,镇,红坊镇
350802,350802101,镇,适中镇
350802,350802102,镇,雁石镇
350802,350802103,镇,白沙镇
350802,350802104,镇,万安镇
350802,350802105,镇,大池镇
350802,350802106,镇,小池镇
350802,350802107,镇,江山镇
350802,350802108,镇,苏坂镇
350802,350802109,镇,岩山镇
350803,350803001,街道,凤城街道
350803,350803101,镇,坎市镇
350803,350803102,镇,下洋镇
350803,350803103,镇,湖雷镇
350803,350803104,镇,高陂镇
350803,350803105,镇,抚市镇
350803,350803106,镇,湖坑镇
350803,350803107,镇,培丰镇
350803,350803108,镇,龙潭镇
350803,350803109,镇,峰市镇
350803,350803110,镇,城郊镇
350803,350803111,镇,仙师镇
350803,350803112,镇,虎岗镇
350803,350803113,镇,堂堡镇
350803,350803114,镇,岐岭镇
350803,350803115,镇,高头镇
350803,350803116,镇,洪山镇
350803,350803117,镇,金砂镇
350803,350803201,乡,西溪乡
350803,350803205,乡,湖山乡
350803,350803207,乡,古竹乡
350803,350803209,乡,合溪乡
350803,350803211,乡,大溪乡
350803,350803212,乡,陈东乡
350821,350821100,镇,汀州镇
350821,350821101,镇,大同镇
350821,350821102,镇,古城镇
350821,350821103,镇,新桥镇
350821,350821104,镇,馆前镇
350821,350821105,镇,童坊镇
350821,350821106,镇,河田镇
350821,350821107,镇,南山镇
350821,350821108,镇,濯田镇
350821,350821109,镇,四都镇
350821,350821110,镇,涂坊镇
350821,350821111,镇,策武镇
350821,350821112,镇,三洲镇
350821,350821201,乡,铁长乡
350821,350821202,乡,庵杰乡
350821,350821204,乡,宣成乡
350821,350821205,乡,红山乡
350821,350821206,乡,羊牯乡
350823,350823100,镇,临江镇
350823,350823101,镇,临城镇
350823,350823102,镇,中都镇
350823,350823103,镇,蓝溪镇
350823,350823104,镇,稔田镇
350823,350823105,镇,白砂镇
350823,350823106,镇,古田镇
350823,350823107,镇,才溪镇
350823,350823108,镇,南阳镇
350823,350823109,镇,蛟洋镇
350823,350823110,镇,旧县镇
350823,350823111,镇,溪口镇
350823,350823112,镇,湖洋镇
350823,350823113,镇,太拔镇
350823,350823114,镇,通贤镇
350823,350823115,镇,下都镇
350823,350823116,镇,茶地镇
350823,350823202,民族乡,庐丰畲族乡
350823,350823206,乡,泮境乡
350823,350823211,民族乡,官庄畲族乡
350823,350823212,乡,珊瑚乡
350824,350824001,街道,平川街道
350824,350824101,镇,中山镇
350824,350824102,镇,岩前镇
350824,350824103,镇,十方镇
350824,350824104,镇,中堡镇
350824,350824105,镇,桃溪镇
350824,350824106,镇,城厢镇
350824,350824107,镇,东留镇
350824,350824108,镇,武东镇
350824,350824109,镇,永平镇
350824,350824110,镇,万安镇
350824,350824111,镇,象洞镇
350824,350824112,镇,湘店镇
350824,350824113,镇,大禾镇
350824,350824114,镇,中赤镇
350824,350824203,乡,民主乡
350824,350824204,乡,下坝乡
350825,350825100,镇,莲峰镇
350825,350825101,镇,北团镇
350825,350825102,镇,姑田镇
350825,350825103,镇,朋口镇
350825,350825104,镇,莒溪镇
350825,350825105,镇,新泉镇
350825,350825106,镇,庙前镇
350825,350825107,镇,文亨镇
350825,350825108,镇,四堡镇
350825,350825109,镇,林坊镇
350825,350825110,镇,隔川镇
350825,350825111,镇,宣和镇
350825,350825200,乡,揭乐乡
350825,350825201,乡,塘前乡
350825,350825204,乡,罗坊乡
350825,350825208,乡,曲溪乡
350825,350825209,乡,赖源乡
350881,350881001,街道,菁城街道
350881,350881002,街道,桂林街道
350881,350881100,镇,新桥镇
350881,350881101,镇,双洋镇
350881,350881102,镇,永福镇
350881,350881103,镇,溪南镇
350881,350881104,镇,和平镇
350881,350881105,镇,拱桥镇
350881,350881106,镇,象湖镇
350881,350881107,镇,赤水镇
350881,350881108,镇,西园镇
350881,350881109,镇,南洋镇
350881,350881110,镇,芦芝镇
350881,350881203,乡,官田乡
350881,350881204,乡,吾祠乡
350881,350881205,乡,灵地乡
350902,350902001,街道,蕉南街道
350902,350902002,街道,蕉北街道
350902,350902100,镇,城南镇
350902,350902101,镇,漳湾镇
350902,350902102,镇,七都镇
350902,350902103,镇,八都镇
350902,350902104,镇,九都镇
350902,350902105,镇,霍童镇
350902,350902106,镇,赤溪镇
350902,350902107,镇,洋中镇
350902,350902108,镇,飞鸾镇
350902,350902109,镇,三都镇
350902,350902110,镇,虎𬇙镇
350902,350902200,民族乡,金涵畲族乡
350902,350902201,乡,洪口乡
350902,350902202,乡,石后乡
350921,350921001,街道,松港街道
350921,350921002,街道,松城街道
350921,350921003,街道,松山街道
350921,350921101,镇,长春镇
350921,350921102,镇,牙城镇
350921,350921103,镇,溪南镇
350921,350921104,镇,沙江镇
350921,350921105,镇,下浒镇
350921,350921106,镇,三沙镇
350921,350921200,民族乡,盐田畲族乡
350921,350921201,民族乡,水门畲族乡
350921,350921202,民族乡,崇儒畲族乡
350921,350921203,乡,柏洋乡
350921,350921204,乡,北壁乡
350921,350921205,乡,海岛乡
350922,350922001,街道,城西街道
350922,350922002,街道,城东街道
350922,350922101,镇,平湖镇
350922,350922102,镇,大桥镇
350922,350922103,镇,黄田镇
350922,350922104,镇,鹤塘镇
350922,350922105,镇,杉洋镇
350922,350922106,镇,凤都镇
350922,350922107,镇,水口镇
350922,350922108,镇,大甲镇
350922,350922201,乡,吉巷乡
350922,350922203,乡,泮洋乡
350922,350922204,乡,凤埔乡
350922,350922205,乡,卓洋乡
350923,350923100,镇,古峰镇
350923,350923101,镇,双溪镇
350923,350923102,镇,代溪镇
350923,350923103,镇,长桥镇
350923,350923104,镇,棠口镇
350923,350923200,乡,屏城乡
350923,350923202,乡,甘棠乡
350923,350923203,乡,熙岭乡
350923,350923204,乡,路下乡
350923,350923205,乡,寿山乡
350923,350923206,乡,岭下乡
350924,350924100,镇,鳌阳镇
350924,350924101,镇,斜滩镇
350924,350924102,镇,南阳镇
350924,350924103,镇,武曲镇
350924,350924104,镇,犀溪镇
350924,350924105,镇,平溪镇
350924,350924106,镇,凤阳镇
350924,350924107,镇,清源镇
350924,350924200,乡,大安乡
350924,350924201,乡,坑底乡
350924,350924203,乡,竹管垅乡
350924,350924205,乡,芹洋乡
350924,350924206,乡,托溪乡
350924,350924209,乡,下党乡
350925,350925100,镇,狮城镇
350925,350925101,镇,咸村镇
350925,350925102,镇,浦源镇
350925,350925103,镇,七步镇
350925,350925104,镇,李墩镇
350925,350925105,镇,纯池镇
350925,350925200,乡,泗桥乡
350925,350925201,乡,礼门乡
350925,350925202,乡,玛坑乡
350926,350926100,镇,双城镇
350926,350926101,镇,富溪镇
350926,350926200,乡,城郊乡
350926,350926201,乡,乍洋乡
350926,350926202,乡,东源乡
350926,350926203,乡,黄柏乡
350926,350926204,乡,宅中乡
350926,350926205,乡,楮坪乡
350926,350926206,乡,英山乡
350981,350981001,街道,城南街道
350981,350981002,街道,城北街道
350981,350981003,街道,阳头街道
350981,350981004,街道,罗江街道
350981,350981100,镇,赛岐镇
350981,350981101,镇,穆阳镇
350981,350981102,镇,上白石镇
350981,350981103,镇,潭头镇
350981,350981104,镇,社口镇
350981,350981105,镇,晓阳镇
350981,350981106,镇,溪潭镇
350981,350981107,镇,甘棠镇
350981,350981108,镇,下白石镇
350981,350981109,镇,溪尾镇
350981,350981110,镇,溪柄镇
350981,350981111,镇,湾坞镇
350981,350981112,镇,城阳镇
350981,350981201,民族乡,坂中畲族乡
350981,350981202,乡,范坑乡
350981,350981203,民族乡,穆云畲族乡
350981,350981204,民族乡,康厝畲族乡
350981,350981206,乡,松罗乡
350982,350982001,街道,桐山街道
350982,350982002,街道,桐城街道
350982,350982003,街道,山前街道
350982,350982004,街道,龙安街道
350982,350982100,镇,贯岭镇
350982,350982101,镇,前岐镇
350982,350982102,镇,沙埕镇
350982,350982103,镇,店下镇
350982,350982104,镇,太姥山镇
350982,350982105,镇,磻溪镇
350982,350982106,镇,白琳镇
350982,350982107,镇,点头镇
350982,350982108,镇,管阳镇
350982,350982109,镇,嵛山镇
350982,350982200,民族乡,硖门畲族乡
350982,350982201,乡,叠石乡
350982,350982202,民族乡,佳阳畲族乡
360102,360102014,街道,董家窑街道
360102,360102015,街道,滕王阁街道
360102,360102016,街道,百花洲街道
360102,360102017,街道,墩子塘街道
360102,360102020,街道,大院街道
360102,360102022,街道,豫章街道
360102,360102023,街道,彭家桥街道
360102,360102100,镇,扬子洲镇
360103,360103014,街道,南浦街道
360103,360103016,街道,绳金塔街道
360103,360103018,街道,南站街道
360103,360103019,街道,朝阳洲街道
360103,360103021,街道,广润门街道
360103,360103023,街道,丁公路街道
360103,360103024,街道,桃源街道
360103,360103025,街道,朝农街道
360103,360103026,街道,桃花街道
360103,360103027,街道,九洲街道
360104,360104006,街道,三家店街道
360104,360104007,街道,洪都街道
360104,360104008,街道,岱山街道
360104,360104009,街道,徐家坊街道
360104,360104010,街道,京山街道
360104,360104100,镇,青云谱镇
360111,360111001,街道,青山路街道
360111,360111002,街道,上海路街道
360111,360111003,街道,南钢街道
360111,360111004,街道,站东街道
360111,360111101,镇,罗家镇
360111,360111103,镇,湖坊镇
360111,360111104,镇,塘山镇
360111,360111106,镇,京东镇
360112,360112001,街道,站前街道
360112,360112002,街道,幸福街道
360112,360112003,街道,蛟桥街道
360112,360112004,街道,长堎街道
360112,360112005,街道,欣悦湖街道
360112,360112101,镇,石岗镇
360112,360112102,镇,松湖镇
360112,360112103,镇,望城镇
360112,360112104,镇,樵舍镇
360112,360112105,镇,象山镇
360112,360112106,镇,乐化镇
360112,360112107,镇,西山镇
360112,360112108,镇,溪霞镇
360112,360112109,镇,联圩镇
360112,360112110,镇,石埠镇
360112,360112112,镇,梅岭镇
360112,360112113,镇,太平镇
360112,360112114,镇,罗亭镇
360112,360112115,镇,招贤镇
360112,360112117,镇,大塘坪镇
360112,360112200,乡,昌邑乡
360112,360112201,乡,南矶乡
360112,360112203,乡,金桥乡
360112,360112205,乡,铁河乡
360113,360113001,街道,沙井街道
360113,360113002,街道,卫东街道
360113,360113003,街道,生米街道
360113,360113004,街道,凤凰洲街道
360113,360113005,街道,红角洲街道
360113,360113006,街道,九龙湖街道
360113,360113007,街道,龙兴街道
360113,360113101,镇,流湖镇
360113,360113102,镇,厚田镇
360121,360121001,街道,八月湖街道
360121,360121002,街道,莲塘街道
360121,360121003,街道,银三角街道
360121,360121004,街道,东新街道
360121,360121101,镇,向塘镇
360121,360121102,镇,三江镇
360121,360121103,镇,广福镇
360121,360121104,镇,塘南镇
360121,360121105,镇,幽兰镇
360121,360121106,镇,蒋巷镇
360121,360121107,镇,武阳镇
360121,360121108,镇,冈上镇
360121,360121109,镇,昌东镇
360121,360121110,镇,麻丘镇
360121,360121200,乡,黄马乡
360121,360121201,乡,富山乡
360121,360121202,乡,泾口乡
360121,360121204,乡,南新乡
360121,360121205,乡,八一乡
360121,360121206,乡,塔城乡
360123,360123001,街道,龙津街道
360123,360123101,镇,万埠镇
360123,360123102,镇,石鼻镇
360123,360123103,镇,鼎湖镇
360123,360123104,镇,长埠镇
360123,360123105,镇,东阳镇
360123,360123106,镇,黄洲镇
360123,360123201,乡,乔乐乡
360123,360123202,乡,长均乡
360123,360123204,乡,新民乡
360124,360124001,街道,民和街道
360124,360124002,街道,云桥街道
360124,360124101,镇,温圳镇
360124,360124102,镇,李渡镇
360124,360124104,镇,张公镇
360124,360124105,镇,梅庄镇
360124,360124106,镇,架桥镇
360124,360124107,镇,罗溪镇
360124,360124109,镇,前坊镇
360124,360124111,镇,文港镇
360124,360124112,镇,钟陵镇
360124,360124113,镇,池溪镇
360124,360124114,镇,下埠集镇
360124,360124201,乡,白圩乡
360124,360124205,乡,泉岭乡
360124,360124210,乡,三里乡
360124,360124211,乡,七里乡
360124,360124213,乡,三阳集乡
360202,360202001,街道,新枫街道
360202,360202002,街道,西郊街道
360202,360202003,街道,吕蒙街道
360202,360202101,镇,鲇鱼山镇
360202,360202103,镇,丽阳镇
360202,360202201,乡,荷塘乡
360203,360203001,街道,珠山街道
360203,360203003,街道,里村街道
360203,360203004,街道,新村街道
360203,360203005,街道,石狮埠街道
360203,360203006,街道,新厂街道
360203,360203007,街道,昌江街道
360203,360203008,街道,周路口街道
360203,360203009,街道,昌河街道
360203,360203010,街道,太白园街道
360203,360203011,街道,竟成街道
360222,360222001,街道,新平街道
360222,360222002,街道,罗家桥街道
360222,360222101,镇,鹅湖镇
360222,360222102,镇,经公桥镇
360222,360222103,镇,蛟潭镇
360222,360222104,镇,湘湖镇
360222,360222105,镇,瑶里镇
360222,360222106,镇,洪源镇
360222,360222107,镇,寿安镇
360222,360222108,镇,三龙镇
360222,360222109,镇,峙滩镇
360222,360222202,乡,王港乡
360222,360222203,乡,臧湾乡
360222,360222208,乡,黄坛乡
360222,360222210,乡,兴田乡
360222,360222212,乡,江村乡
360222,360222214,乡,勒功乡
360222,360222215,乡,西湖乡
360281,360281001,街道,塔山街道
360281,360281002,街道,洎阳街道
360281,360281003,街道,后港街道
360281,360281004,街道,接渡街道
360281,360281101,镇,镇桥镇
360281,360281102,镇,乐港镇
360281,360281103,镇,涌山镇
360281,360281104,镇,众埠镇
360281,360281107,镇,礼林镇
360281,360281109,镇,塔前镇
360281,360281110,镇,双田镇
360281,360281111,镇,临港镇
360281,360281112,镇,高家镇
360281,360281113,镇,名口镇
360281,360281114,镇,浯口镇
360281,360281115,镇,洪岩镇
360281,360281116,镇,十里岗镇
360281,360281205,乡,鸬鹚乡
360302,360302001,街道,八一街道
360302,360302002,街道,凤凰街道
360302,360302003,街道,丹江街道
360302,360302004,街道,后埠街道
360302,360302005,街道,东大街道
360302,360302006,街道,白源街道
360302,360302007,街道,横龙街道
360302,360302008,街道,光丰街道
360302,360302101,镇,高坑镇
360302,360302102,镇,安源镇
360302,360302103,镇,青山镇
360302,360302105,镇,五陂镇
360313,360313001,街道,峡山口街道
360313,360313100,镇,湘东镇
360313,360313101,镇,荷尧镇
360313,360313102,镇,老关镇
360313,360313103,镇,下埠镇
360313,360313104,镇,排上镇
360313,360313105,镇,东桥镇
360313,360313106,镇,麻山镇
360313,360313107,镇,腊市镇
360313,360313201,乡,白竺乡
360313,360313203,乡,广寒寨乡
360321,360321100,镇,琴亭镇
360321,360321101,镇,坊楼镇
360321,360321102,镇,升坊镇
360321,360321104,镇,良坊镇
360321,360321105,镇,路口镇
360321,360321204,乡,神泉乡
360321,360321205,乡,三板桥乡
360321,360321206,乡,南岭乡
360321,360321207,乡,荷塘乡
360321,360321209,乡,高洲乡
360321,360321210,乡,六市乡
360321,360321213,乡,湖上乡
360321,360321215,乡,闪石乡
360322,360322100,镇,上栗镇
360322,360322101,镇,桐木镇
360322,360322102,镇,福田镇
360322,360322103,镇,金山镇
360322,360322104,镇,彭高镇
360322,360322105,镇,赤山镇
360322,360322200,乡,长平乡
360322,360322201,乡,东源乡
360322,360322203,乡,鸡冠山乡
360322,360322204,乡,杨岐乡
360323,360323100,镇,芦溪镇
360323,360323101,镇,宣风镇
360323,360323102,镇,上埠镇
360323,360323103,镇,银河镇
360323,360323104,镇,南坑镇
360323,360323105,镇,麻田镇
360323,360323200,乡,长丰乡
360323,360323201,乡,新泉乡
360323,360323203,乡,万龙山乡
360323,360323204,乡,张佳坊乡
360323,360323206,乡,源南乡
360402,360402001,街道,十里街道
360402,360402002,街道,五里街道
360402,360402003,街道,七里湖街道
360402,360402101,镇,威家镇
360402,360402102,镇,新港镇
360402,360402103,镇,莲花镇
360402,360402105,镇,赛阳镇
360402,360402106,镇,姑塘镇
360402,360402202,乡,虞家河乡
360402,360402203,乡,高垅乡
360403,360403001,街道,甘棠街道
360403,360403002,街道,湓浦街道
360403,360403004,街道,人民路街道
360403,360403005,街道,白水湖街道
360403,360403006,街道,金鸡坡街道
360403,360403008,街道,滨兴街道
360403,360403009,街道,向阳街道
360403,360403010,街道,八里湖街道
360404,360404001,街道,沙河街道
360404,360404002,街道,狮子街道
360404,360404003,街道,城门街道
360404,360404004,街道,岳师街道
360404,360404005,街道,赛城湖街道
360404,360404101,镇,马回岭镇
360404,360404102,镇,江洲镇
360404,360404103,镇,城子镇
360404,360404104,镇,港口街镇
360404,360404105,镇,新合镇
360404,360404202,乡,涌泉乡
360404,360404203,乡,新塘乡
360404,360404208,乡,岷山乡
360404,360404209,乡,永安乡
360423,360423001,街道,豫宁街道
360423,360423100,镇,新宁镇
360423,360423101,镇,罗坪镇
360423,360423102,镇,泉口镇
360423,360423103,镇,鲁溪镇
360423,360423104,镇,澧溪镇
360423,360423105,镇,船滩镇
360423,360423106,镇,石门楼镇
360423,360423108,镇,宋溪镇
360423,360423200,乡,大洞乡
360423,360423201,乡,横路乡
360423,360423202,乡,官莲乡
360423,360423203,乡,巾口乡
360423,360423206,乡,甫田乡
360423,360423207,乡,石渡乡
360423,360423208,乡,清江乡
360423,360423209,乡,上汤乡
360423,360423211,乡,东林乡
360423,360423212,乡,罗溪乡
360423,360423214,乡,杨洲乡
360424,360424100,镇,义宁镇
360424,360424101,镇,太阳升镇
360424,360424102,镇,全丰镇
360424,360424103,镇,白岭镇
360424,360424104,镇,古市镇
360424,360424105,镇,大桥镇
360424,360424106,镇,渣津镇
360424,360424107,镇,杭口镇
360424,360424108,镇,马坳镇
360424,360424109,镇,溪口镇
360424,360424110,镇,港口镇
360424,360424111,镇,上奉镇
360424,360424112,镇,何市镇
360424,360424113,镇,黄港镇
360424,360424114,镇,黄沙镇
360424,360424115,镇,山口镇
360424,360424116,镇,四都镇
360424,360424117,镇,西港镇
360424,360424118,镇,宁州镇
360424,360424200,乡,路口乡
360424,360424201,乡,黄龙乡
360424,360424202,乡,上衫乡
360424,360424203,乡,余塅乡
360424,360424204,乡,水源乡
360424,360424205,乡,石坳乡
360424,360424206,乡,东港乡
360424,360424207,乡,上杭乡
360424,360424210,乡,新湾乡
360424,360424211,乡,布甲乡
360424,360424212,乡,大椿乡
360424,360424213,乡,庙岭乡
360424,360424214,乡,竹坪乡
360424,360424215,乡,征村乡
360424,360424216,乡,漫江乡
360424,360424217,乡,复原乡
360424,360424218,乡,黄坳乡
360425,360425001,街道,丰安街道
360425,360425100,镇,涂埠镇
360425,360425101,镇,吴城镇
360425,360425102,镇,柘林镇
360425,360425103,镇,虬津镇
360425,360425104,镇,艾城镇
360425,360425105,镇,滩溪镇
360425,360425106,镇,白槎镇
360425,360425107,镇,梅棠镇
360425,360425108,镇,三溪桥镇
360425,360425109,镇,燕坊镇
360425,360425110,镇,马口镇
360425,360425200,乡,三角乡
360425,360425201,乡,九合乡
360425,360425203,乡,立新乡
360425,360425205,乡,江上乡
360426,360426100,镇,蒲亭镇
360426,360426101,镇,聂桥镇
360426,360426102,镇,车桥镇
360426,360426103,镇,丰林镇
360426,360426104,镇,吴山镇
360426,360426201,乡,宝塔乡
360426,360426202,乡,河东乡
360426,360426204,乡,高塘乡
360426,360426205,乡,林泉乡
360426,360426208,乡,磨溪乡
360426,360426209,乡,爱民乡
360426,360426211,乡,邹桥乡
360426,360426212,乡,塘山乡
360428,360428100,镇,都昌镇
360428,360428101,镇,周溪镇
360428,360428102,镇,三汊港镇
360428,360428103,镇,中馆镇
360428,360428104,镇,大沙镇
360428,360428105,镇,万户镇
360428,360428106,镇,南峰镇
360428,360428107,镇,土塘镇
360428,360428108,镇,大港镇
360428,360428109,镇,蔡岭镇
360428,360428110,镇,徐埠镇
360428,360428111,镇,左里镇
360428,360428200,乡,和合乡
360428,360428201,乡,阳峰乡
360428,360428202,乡,西源乡
360428,360428203,乡,芗溪乡
360428,360428204,乡,狮山乡
360428,360428207,乡,鸣山乡
360428,360428210,乡,春桥乡
360428,360428211,乡,苏山乡
360428,360428212,乡,多宝乡
360428,360428213,乡,汪墩乡
360428,360428215,乡,北山乡
360428,360428216,乡,大树乡
360429,360429100,镇,双钟镇
360429,360429101,镇,流泗镇
360429,360429102,镇,马影镇
360429,360429103,镇,武山镇
360429,360429104,镇,城山镇
360429,360429105,镇,均桥镇
360429,360429106,镇,凰村镇
360429,360429107,镇,流芳镇
360429,360429200,乡,大垅乡
360429,360429202,乡,张青乡
360429,360429205,乡,付垅乡
360429,360429208,乡,舜德乡
360430,360430100,镇,龙城镇
360430,360430101,镇,棉船镇
360430,360430102,镇,马垱镇
360430,360430104,镇,芙蓉墩镇
360430,360430105,镇,定山镇
360430,360430106,镇,天红镇
360430,360430107,镇,杨梓镇
360430,360430108,镇,东升镇
360430,360430109,镇,瀼溪镇
360430,360430110,镇,黄花镇
360430,360430201,乡,太平关乡
360430,360430203,乡,浩山乡
360430,360430206,乡,黄岭乡
360481,360481001,街道,湓城街道
360481,360481002,街道,桂林街道
360481,360481003,街道,赛湖街道
360481,360481101,镇,码头镇
360481,360481102,镇,白杨镇
360481,360481103,镇,南义镇
360481,360481104,镇,横港镇
360481,360481105,镇,范镇
360481,360481106,镇,肇陈镇
360481,360481107,镇,高丰镇
360481,360481108,镇,夏畈镇
360481,360481205,乡,乐园乡
360481,360481206,乡,洪一乡
360481,360481207,乡,花园乡
360481,360481208,乡,洪下乡
360481,360481209,乡,武蛟乡
360481,360481211,乡,黄金乡
360481,360481212,乡,南阳乡
360481,360481213,乡,横立山乡
360482,360482001,街道,茶山街道
360482,360482100,镇,甘露镇
360482,360482101,镇,江益镇
360482,360482202,乡,金湖乡
360482,360482203,乡,泽泉乡
360482,360482204,乡,苏家垱乡
360483,360483100,镇,南康镇
360483,360483101,镇,蛟塘镇
360483,360483102,镇,白鹿镇
360483,360483103,镇,星子镇
360483,360483104,镇,温泉镇
360483,360483105,镇,华林镇
360483,360483106,镇,横塘镇
360483,360483107,镇,牯岭镇
360483,360483108,镇,海会镇
360483,360483200,乡,蓼南乡
360502,360502001,街道,城南街道
360502,360502002,街道,城北街道
360502,360502003,街道,袁河街道
360502,360502004,街道,新钢街道
360502,360502005,街道,孔目江街道
360502,360502101,镇,罗坊镇
360502,360502102,镇,水北镇
360502,360502103,镇,良山镇
360502,360502105,镇,姚圩镇
360502,360502106,镇,下村镇
360502,360502107,镇,珠珊镇
360502,360502109,镇,观巢镇
360502,360502110,镇,欧里镇
360502,360502111,镇,河下镇
360502,360502112,镇,水西镇
360502,360502113,镇,鹄山镇
360502,360502114,镇,人和镇
360502,360502202,乡,南安乡
360502,360502206,乡,新溪乡
360502,360502211,乡,界水乡
360502,360502212,乡,九龙山乡
360521,360521001,街道,钤东街道
360521,360521002,街道,钤西街道
360521,360521100,镇,分宜镇
360521,360521101,镇,杨桥镇
360521,360521102,镇,湖泽镇
360521,360521104,镇,双林镇
360521,360521105,镇,钤山镇
360521,360521107,镇,洋江镇
360521,360521108,镇,凤阳镇
360521,360521109,镇,操场镇
360521,360521204,乡,洞村乡
360521,360521205,乡,高岚乡
360602,360602001,街道,江边街道
360602,360602002,街道,交通街道
360602,360602003,街道,东湖街道
360602,360602004,街道,梅园街道
360602,360602005,街道,白露街道
360602,360602006,街道,四青街道
360602,360602007,街道,夏埠街道
360602,360602101,镇,童家镇
360603,360603001,街道,邓埠街道
360603,360603002,街道,龙岗街道
360603,360603101,镇,锦江镇
360603,360603102,镇,画桥镇
360603,360603103,镇,潢溪镇
360603,360603104,镇,中童镇
360603,360603105,镇,马荃镇
360603,360603106,镇,春涛镇
360603,360603200,乡,黄庄乡
360603,360603201,乡,平定乡
360603,360603202,乡,杨溪乡
360603,360603203,乡,洪湖乡
360603,360603204,乡,刘家站乡
360681,360681001,街道,雄石街道
360681,360681002,街道,东门街道
360681,360681003,街道,花园街道
360681,360681004,街道,江北街道
360681,360681103,镇,塘湾镇
360681,360681104,镇,泗沥镇
360681,360681105,镇,河潭镇
360681,360681106,镇,志光镇
360681,360681107,镇,鸿塘镇
360681,360681108,镇,冷水镇
360681,360681109,镇,文坊镇
360681,360681110,镇,金屯镇
360681,360681111,镇,流口镇
360681,360681112,镇,罗河镇
360681,360681113,镇,周坊镇
360681,360681114,镇,滨江镇
360681,360681115,镇,天禄镇
360681,360681116,镇,雷溪镇
360681,360681117,镇,上清镇
360681,360681118,镇,龙虎山镇
360681,360681201,乡,白田乡
360681,360681206,乡,耳口乡
360681,360681208,民族乡,樟坪畲族乡
360681,360681210,乡,彭湾乡
360702,360702001,街道,赣江街道
360702,360702002,街道,解放街道
360702,360702003,街道,南外街道
360702,360702004,街道,东外街道
360702,360702005,街道,黄金岭街道
360702,360702006,街道,水南街道
360702,360702007,街道,章江街道
360702,360702101,镇,沙石镇
360702,360702102,镇,水东镇
360702,360702105,镇,沙河镇
360702,360702106,镇,水西镇
360702,360702107,镇,蟠龙镇
360702,360702108,镇,湖边镇
360702,360702109,镇,潭东镇
360702,360702110,镇,潭口镇
360703,360703001,街道,蓉江街道
360703,360703002,街道,东山街道
360703,360703003,街道,南水街道
360703,360703100,镇,唐江镇
360703,360703101,镇,凤岗镇
360703,360703102,镇,横市镇
360703,360703103,镇,龙岭镇
360703,360703104,镇,龙回镇
360703,360703105,镇,镜坝镇
360703,360703106,镇,龙华镇
360703,360703107,镇,三江镇
360703,360703108,镇,太窝镇
360703,360703109,镇,朱坊镇
360703,360703200,乡,浮石乡
360703,360703201,乡,横寨乡
360703,360703206,乡,十八塘乡
360703,360703207,乡,麻双乡
360703,360703208,乡,大坪乡
360703,360703209,乡,坪市乡
360703,360703210,乡,隆木乡
360703,360703211,民族乡,赤土畲族乡
360704,360704001,街道,梅林街道
360704,360704101,镇,王母渡镇
360704,360704102,镇,沙地镇
360704,360704103,镇,江口镇
360704,360704104,镇,田村镇
360704,360704105,镇,南塘镇
360704,360704106,镇,茅店镇
360704,360704107,镇,吉埠镇
360704,360704108,镇,五云镇
360704,360704109,镇,湖江镇
360704,360704110,镇,储潭镇
360704,360704111,镇,韩坊镇
360704,360704200,乡,阳埠乡
360704,360704202,乡,大埠乡
360704,360704203,乡,长洛乡
360704,360704204,乡,大田乡
360704,360704207,乡,石芫乡
360704,360704208,乡,三溪乡
360704,360704209,乡,白鹭乡
360722,360722100,镇,嘉定镇
360722,360722101,镇,大塘埠镇
360722,360722102,镇,古陂镇
360722,360722103,镇,大桥镇
360722,360722104,镇,新田镇
360722,360722105,镇,安西镇
360722,360722106,镇,小江镇
360722,360722107,镇,铁石口镇
360722,360722108,镇,大阿镇
360722,360722109,镇,油山镇
360722,360722110,镇,小河镇
360722,360722111,镇,西牛镇
360722,360722112,镇,正平镇
360722,360722200,乡,虎山乡
360722,360722201,乡,崇仙乡
360722,360722202,乡,万隆乡
360723,360723100,镇,南安镇
360723,360723101,镇,新城镇
360723,360723102,镇,池江镇
360723,360723103,镇,青龙镇
360723,360723104,镇,樟斗镇
360723,360723105,镇,黄龙镇
360723,360723106,镇,吉村镇
360723,360723107,镇,左拔镇
360723,360723200,乡,浮江乡
360723,360723201,乡,内良乡
360723,360723202,乡,河洞乡
360724,360724100,镇,东山镇
360724,360724101,镇,陡水镇
360724,360724102,镇,社溪镇
360724,360724103,镇,营前镇
360724,360724104,镇,黄埠镇
360724,360724105,镇,寺下镇
360724,360724200,乡,梅水乡
360724,360724201,乡,油石乡
360724,360724202,乡,安和乡
360724,360724204,乡,双溪乡
360724,360724205,乡,水岩乡
360724,360724206,乡,平富乡
360724,360724207,乡,五指峰乡
360724,360724208,乡,紫阳乡
360725,360725100,镇,横水镇
360725,360725102,镇,扬眉镇
360725,360725103,镇,过埠镇
360725,360725104,镇,铅厂镇
360725,360725105,镇,长龙镇
360725,360725106,镇,关田镇
360725,360725200,乡,龙勾乡
360725,360725202,乡,杰坝乡
360725,360725203,乡,金坑乡
360725,360725204,乡,思顺乡
360725,360725205,乡,麟潭乡
360725,360725206,乡,上堡乡
360725,360725207,乡,聂都乡
360725,360725208,乡,文英乡
360725,360725209,乡,乐洞乡
360725,360725210,乡,丰州乡
360726,360726100,镇,欣山镇
360726,360726101,镇,孔田镇
360726,360726102,镇,版石镇
360726,360726103,镇,天心镇
360726,360726104,镇,龙布镇
360726,360726105,镇,鹤子镇
360726,360726106,镇,三百山镇
360726,360726107,镇,车头镇
360726,360726200,乡,镇岗乡
360726,360726201,乡,凤山乡
360726,360726202,乡,新龙乡
360726,360726203,乡,蔡坊乡
360726,360726204,乡,重石乡
360726,360726205,乡,长沙乡
360726,360726206,乡,浮槎乡
360726,360726207,乡,双芫乡
360726,360726208,乡,塘村乡
360726,360726209,乡,高云山乡
360728,360728100,镇,历市镇
360728,360728101,镇,岿美山镇
360728,360728102,镇,老城镇
360728,360728103,镇,天九镇
360728,360728104,镇,龙塘镇
360728,360728105,镇,岭北镇
360728,360728106,镇,鹅公镇
360729,360729100,镇,城厢镇
360729,360729101,镇,大吉山镇
360729,360729102,镇,陂头镇
360729,360729103,镇,金龙镇
360729,360729104,镇,南迳镇
360729,360729105,镇,龙源坝镇
360729,360729200,乡,中寨乡
360729,360729201,乡,社迳乡
360729,360729202,乡,龙下乡
360730,360730001,街道,梅江街道
360730,360730002,街道,翠微街道
360730,360730101,镇,青塘镇
360730,360730102,镇,长胜镇
360730,360730103,镇,黄陂镇
360730,360730104,镇,赖村镇
360730,360730105,镇,固村镇
360730,360730106,镇,石上镇
360730,360730107,镇,东山坝镇
360730,360730108,镇,洛口镇
360730,360730109,镇,小布镇
360730,360730110,镇,黄石镇
360730,360730111,镇,田头镇
360730,360730112,镇,竹笮镇
360730,360730201,乡,对坊乡
360730,360730202,乡,固厚乡
360730,360730203,乡,田埠乡
360730,360730204,乡,会同乡
360730,360730205,乡,湛田乡
360730,360730206,乡,安福乡
360730,360730207,乡,东韶乡
360730,360730208,乡,蔡江乡
360730,360730209,乡,大沽乡
360730,360730210,乡,肖田乡
360730,360730211,乡,钓峰乡
360731,360731100,镇,贡江镇
360731,360731101,镇,铁山垅镇
360731,360731102,镇,盘古山镇
360731,360731103,镇,祁禄山镇
360731,360731104,镇,银坑镇
360731,360731105,镇,罗坳镇
360731,360731106,镇,禾丰镇
360731,360731107,镇,岭背镇
360731,360731108,镇,梓山镇
360731,360731109,镇,葛坳镇
360731,360731200,乡,罗江乡
360731,360731201,乡,小溪乡
360731,360731202,乡,利村乡
360731,360731203,乡,新陂乡
360731,360731204,乡,靖石乡
360731,360731205,乡,黄麟乡
360731,360731206,乡,沙心乡
360731,360731207,乡,宽田乡
360731,360731209,乡,桥头乡
360731,360731210,乡,马安乡
360731,360731211,乡,仙下乡
360731,360731212,乡,车溪乡
360731,360731213,乡,段屋乡
360732,360732100,镇,潋江镇
360732,360732101,镇,江背镇
360732,360732102,镇,古龙岗镇
360732,360732103,镇,梅窖镇
360732,360732104,镇,高兴镇
360732,360732105,镇,良村镇
360732,360732106,镇,龙口镇
360732,360732107,镇,城岗镇
360732,360732108,镇,永丰镇
360732,360732200,乡,兴江乡
360732,360732201,乡,樟木乡
360732,360732202,乡,东村乡
360732,360732203,乡,兴莲乡
360732,360732204,乡,杰村乡
360732,360732205,乡,社富乡
360732,360732206,乡,埠头乡
360732,360732208,乡,隆坪乡
360732,360732209,乡,均村乡
360732,360732210,乡,茶园乡
360732,360732211,乡,崇贤乡
360732,360732212,乡,枫边乡
360732,360732213,乡,南坑乡
360732,360732215,乡,方太乡
360732,360732216,乡,鼎龙乡
360732,360732217,乡,长冈乡
360733,360733100,镇,文武坝镇
360733,360733101,镇,筠门岭镇
360733,360733102,镇,西江镇
360733,360733103,镇,周田镇
360733,360733104,镇,麻州镇
360733,360733105,镇,庄口镇
360733,360733201,乡,清溪乡
360733,360733202,乡,右水乡
360733,360733203,乡,高排乡
360733,360733204,乡,晓龙乡
360733,360733205,乡,珠兰乡
360733,360733206,乡,洞头乡
360733,360733207,乡,中村乡
360733,360733208,乡,站塘乡
360733,360733209,乡,永隆乡
360733,360733210,乡,富城乡
360733,360733211,乡,小密乡
360733,360733213,乡,庄埠乡
360733,360733214,乡,白鹅乡
360734,360734100,镇,长宁镇
360734,360734101,镇,晨光镇
360734,360734102,镇,留车镇
360734,360734103,镇,南桥镇
360734,360734104,镇,吉潭镇
360734,360734105,镇,澄江镇
360734,360734106,镇,桂竹帽镇
360734,360734200,乡,文峰乡
360734,360734201,乡,三标乡
360734,360734202,乡,菖蒲乡
360734,360734203,乡,龙廷乡
360734,360734204,乡,丹溪乡
360734,360734205,乡,项山乡
360734,360734206,乡,水源乡
360734,360734207,乡,罗珊乡
360735,360735100,镇,琴江镇
360735,360735101,镇,小松镇
360735,360735102,镇,屏山镇
360735,360735103,镇,横江镇
360735,360735104,镇,高田镇
360735,360735105,镇,赣江源镇
360735,360735200,乡,木兰乡
360735,360735201,乡,丰山乡
360735,360735202,乡,大由乡
360735,360735203,乡,龙岗乡
360735,360735204,乡,珠坑乡
360781,360781001,街道,象湖街道
360781,360781002,街道,红旗街道
360781,360781101,镇,壬田镇
360781,360781102,镇,谢坊镇
360781,360781103,镇,沙洲坝镇
360781,360781104,镇,瑞林镇
360781,360781105,镇,九堡镇
360781,360781106,镇,武阳镇
360781,360781107,镇,叶坪镇
360781,360781201,乡,日东乡
360781,360781202,乡,黄柏乡
360781,360781203,乡,大柏地乡
360781,360781204,乡,丁陂乡
360781,360781205,乡,冈面乡
360781,360781206,乡,万田乡
360781,360781207,乡,云石山乡
360781,360781208,乡,泽覃乡
360781,360781209,乡,拔英乡
360783,360783100,镇,龙南镇
360783,360783101,镇,武当镇
360783,360783102,镇,杨村镇
360783,360783103,镇,汶龙镇
360783,360783104,镇,程龙镇
360783,360783105,镇,关西镇
360783,360783106,镇,里仁镇
360783,360783107,镇,渡江镇
360783,360783108,镇,九连山镇
360783,360783109,镇,东江镇
360783,360783200,乡,桃江乡
360783,360783202,乡,临塘乡
360783,360783203,乡,南亨乡
360783,360783204,乡,夹湖乡
360802,360802001,街道,古南镇街道
360802,360802002,街道,永叔街道
360802,360802003,街道,文山街道
360802,360802004,街道,习溪桥街道
360802,360802005,街道,北门街道
360802,360802006,街道,白塘街道
360802,360802007,街道,禾埠街道
360802,360802101,镇,兴桥镇
360802,360802102,镇,樟山镇
360802,360802103,镇,长塘镇
360802,360802104,镇,曲濑镇
360803,360803001,街道,河东街道
360803,360803002,街道,滨江街道
360803,360803101,镇,天玉镇
360803,360803102,镇,值夏镇
360803,360803103,镇,新圩镇
360803,360803104,镇,文陂镇
360803,360803105,镇,富滩镇
360803,360803108,镇,富田镇
360803,360803203,民族乡,东固畲族乡
360821,360821001,街道,高新街道
360821,360821002,街道,金鸡湖街道
360821,360821100,镇,敦厚镇
360821,360821101,镇,永阳镇
360821,360821102,镇,天河镇
360821,360821103,镇,横江镇
360821,360821104,镇,固江镇
360821,360821105,镇,万福镇
360821,360821106,镇,永和镇
360821,360821107,镇,桐坪镇
360821,360821108,镇,梅塘镇
360821,360821113,镇,油田镇
360821,360821114,镇,敖城镇
360821,360821115,镇,凤凰镇
360821,360821116,镇,浬田镇
360821,360821200,乡,北源乡
360821,360821201,乡,大冲乡
360821,360821207,乡,登龙乡
360821,360821208,乡,安塘乡
360821,360821209,乡,官田乡
360821,360821211,乡,指阳乡
360822,360822100,镇,文峰镇
360822,360822101,镇,阜田镇
360822,360822102,镇,八都镇
360822,360822103,镇,水南镇
360822,360822104,镇,枫江镇
360822,360822105,镇,金滩镇
360822,360822106,镇,白沙镇
360822,360822107,镇,白水镇
360822,360822108,镇,盘谷镇
360822,360822109,镇,双村镇
360822,360822110,镇,醪桥镇
360822,360822111,镇,乌江镇
360822,360822112,镇,丁江镇
360822,360822113,镇,黄桥镇
360822,360822114,镇,螺田镇
360822,360822200,乡,尚贤乡
360822,360822203,乡,水田乡
360822,360822207,乡,冠山乡
360823,360823100,镇,水边镇
360823,360823101,镇,马埠镇
360823,360823102,镇,巴邱镇
360823,360823103,镇,仁和镇
360823,360823104,镇,砚溪镇
360823,360823105,镇,罗田镇
360823,360823200,乡,桐林乡
360823,360823201,乡,福民乡
360823,360823203,乡,戈坪乡
360823,360823204,乡,金江乡
360823,360823205,民族乡,金坪民族乡
360824,360824001,街道,洋峰街道
360824,360824100,镇,金川镇
360824,360824101,镇,三湖镇
360824,360824102,镇,大洋洲镇
360824,360824103,镇,七琴镇
360824,360824105,镇,麦㙦镇
360824,360824106,镇,界埠镇
360824,360824107,镇,溧江镇
360824,360824201,乡,桃溪乡
360824,360824202,乡,城上乡
360824,360824203,乡,潭丘乡
360824,360824204,乡,神政桥乡
360824,360824205,乡,沂江乡
360824,360824207,乡,荷浦乡
360825,360825100,镇,恩江镇
360825,360825101,镇,藤田镇
360825,360825102,镇,石马镇
360825,360825103,镇,沙溪镇
360825,360825104,镇,坑田镇
360825,360825105,镇,沿陂镇
360825,360825106,镇,古县镇
360825,360825107,镇,瑶田镇
360825,360825200,乡,佐龙乡
360825,360825202,乡,八江乡
360825,360825204,乡,潭城乡
360825,360825205,乡,鹿冈乡
360825,360825206,乡,七都乡
360825,360825208,乡,陶唐乡
360825,360825210,乡,中村乡
360825,360825211,乡,上溪乡
360825,360825213,乡,潭头乡
360825,360825214,乡,三坊乡
360825,360825215,乡,上固乡
360825,360825216,乡,君埠乡
360825,360825217,民族乡,龙冈畲族乡
360826,360826101,镇,桥头镇
360826,360826102,镇,禾市镇
360826,360826103,镇,螺溪镇
360826,360826105,镇,苏溪镇
360826,360826106,镇,马市镇
360826,360826107,镇,塘洲镇
360826,360826108,镇,冠朝镇
360826,360826109,镇,沙村镇
360826,360826110,镇,小龙镇
360826,360826111,镇,苑前镇
360826,360826112,镇,万合镇
360826,360826114,镇,澄江镇
360826,360826115,镇,老营盘镇
360826,360826116,镇,灌溪镇
360826,360826117,镇,沿溪镇
360826,360826200,乡,石山乡
360826,360826201,乡,南溪乡
360826,360826203,乡,上模乡
360826,360826204,乡,水槎乡
360826,360826205,乡,上圯乡
360826,360826207,乡,中龙乡
360827,360827100,镇,泉江镇
360827,360827101,镇,雩田镇
360827,360827102,镇,碧洲镇
360827,360827103,镇,草林镇
360827,360827104,镇,堆子前镇
360827,360827105,镇,左安镇
360827,360827106,镇,高坪镇
360827,360827107,镇,大汾镇
360827,360827108,镇,衙前镇
360827,360827109,镇,禾源镇
360827,360827110,镇,汤湖镇
360827,360827111,镇,枚江镇
360827,360827112,镇,珠田镇
360827,360827113,镇,巾石镇
360827,360827204,乡,大坑乡
360827,360827208,乡,双桥乡
360827,360827209,乡,新江乡
360827,360827210,乡,五斗江乡
360827,360827212,乡,西溪乡
360827,360827213,乡,南江乡
360827,360827214,乡,黄坑乡
360827,360827219,乡,戴家埔乡
360827,360827220,乡,营盘圩乡
360828,360828100,镇,芙蓉镇
360828,360828101,镇,五丰镇
360828,360828102,镇,枧头镇
360828,360828103,镇,窑头镇
360828,360828104,镇,百嘉镇
360828,360828105,镇,高陂镇
360828,360828106,镇,潞田镇
360828,360828107,镇,沙坪镇
360828,360828108,镇,夏造镇
360828,360828201,乡,韶口乡
360828,360828202,乡,罗塘乡
360828,360828205,乡,弹前乡
360828,360828206,乡,武术乡
360828,360828207,乡,宝山乡
360828,360828208,乡,涧田乡
360828,360828209,乡,顺峰乡
360829,360829100,镇,平都镇
360829,360829101,镇,浒坑镇
360829,360829102,镇,洲湖镇
360829,360829103,镇,横龙镇
360829,360829104,镇,枫田镇
360829,360829105,镇,洋溪镇
360829,360829106,镇,严田镇
360829,360829107,镇,羊狮慕镇
360829,360829201,乡,竹江乡
360829,360829202,乡,瓜畲乡
360829,360829203,乡,钱山乡
360829,360829204,乡,赤谷乡
360829,360829206,乡,山庄乡
360829,360829207,乡,洋门乡
360829,360829209,乡,金田乡
360829,360829210,乡,彭坊乡
360829,360829214,乡,寮塘乡
360829,360829215,乡,甘洛乡
360829,360829216,乡,章庄乡
360830,360830001,街道,三月坪街道
360830,360830100,镇,禾川镇
360830,360830102,镇,石桥镇
360830,360830104,镇,澧田镇
360830,360830105,镇,龙门镇
360830,360830106,镇,沙市镇
360830,360830107,镇,文竹镇
360830,360830108,镇,埠前镇
360830,360830109,镇,怀忠镇
360830,360830110,镇,高桥楼镇
360830,360830111,镇,龙源口镇
360830,360830201,乡,坳南乡
360830,360830204,乡,才丰乡
360830,360830205,乡,烟阁乡
360830,360830207,乡,在中乡
360830,360830208,乡,三湾乡
360830,360830210,乡,台岭乡
360830,360830211,乡,龙田乡
360830,360830212,乡,高溪乡
360830,360830213,乡,莲洲乡
360830,360830214,乡,高市乡
360830,360830216,乡,象形乡
360830,360830217,乡,芦溪乡
360830,360830218,乡,曲白乡
360881,360881002,街道,红星街道
360881,360881100,镇,厦坪镇
360881,360881102,镇,古城镇
360881,360881103,镇,新城镇
360881,360881105,镇,茨坪镇
360881,360881106,镇,拿山镇
360881,360881107,镇,碧溪镇
360881,360881108,镇,茅坪镇
360881,360881109,镇,龙市镇
360881,360881110,镇,罗浮镇
360881,360881201,乡,黄垇乡
360881,360881208,乡,葛田乡
360881,360881210,乡,睦村乡
360881,360881211,乡,东上乡
360881,360881212,乡,光明乡
360881,360881213,乡,柏露乡
360902,360902001,街道,灵泉街道
360902,360902002,街道,金园街道
360902,360902003,街道,秀江街道
360902,360902004,街道,湛郎街道
360902,360902005,街道,珠泉街道
360902,360902006,街道,化成街道
360902,360902007,街道,凤凰街道
360902,360902008,街道,官园街道
360902,360902009,街道,下浦街道
360902,360902010,街道,新康府街道
360902,360902100,镇,彬江镇
360902,360902101,镇,西村镇
360902,360902102,镇,金瑞镇
360902,360902103,镇,温汤镇
360902,360902104,镇,三阳镇
360902,360902105,镇,慈化镇
360902,360902106,镇,天台镇
360902,360902107,镇,洪塘镇
360902,360902108,镇,渥江镇
360902,360902109,镇,新坊镇
360902,360902114,镇,寨下镇
360902,360902115,镇,芦村镇
360902,360902116,镇,湖田镇
360902,360902117,镇,新田镇
360902,360902118,镇,南庙镇
360902,360902119,镇,竹亭镇
360902,360902120,镇,水江镇
360902,360902121,镇,辽市镇
360902,360902122,镇,洪江镇
360902,360902209,乡,楠木乡
360902,360902216,乡,柏木乡
360902,360902219,乡,飞剑潭乡
360921,360921100,镇,冯川镇
360921,360921101,镇,上富镇
360921,360921102,镇,干洲镇
360921,360921103,镇,罗市镇
360921,360921104,镇,赤田镇
360921,360921105,镇,宋埠镇
360921,360921106,镇,澡下镇
360921,360921107,镇,甘坊镇
360921,360921108,镇,会埠镇
360921,360921109,镇,赤岸镇
360921,360921206,乡,仰山乡
360921,360921207,乡,澡溪乡
360921,360921210,乡,柳溪乡
360922,360922001,街道,康乐街道
360922,360922101,镇,株潭镇
360922,360922102,镇,黄茅镇
360922,360922103,镇,潭埠镇
360922,360922104,镇,双桥镇
360922,360922105,镇,高村镇
360922,360922106,镇,罗城镇
360922,360922107,镇,三兴镇
360922,360922108,镇,高城镇
360922,360922109,镇,白良镇
360922,360922200,乡,鹅峰乡
360922,360922201,乡,马步乡
360922,360922204,乡,赤兴乡
360922,360922205,乡,岭东乡
360922,360922206,乡,白水乡
360922,360922207,乡,仙源乡
360922,360922214,乡,茭湖乡
360923,360923001,街道,敖阳街道
360923,360923002,街道,锦阳街道
360923,360923101,镇,田心镇
360923,360923102,镇,徐家渡镇
360923,360923103,镇,锦江镇
360923,360923104,镇,泗溪镇
360923,360923105,镇,南港镇
360923,360923107,镇,翰堂镇
360923,360923108,镇,敖山镇
360923,360923109,镇,新界埠镇
360923,360923110,镇,蒙山镇
360923,360923201,乡,芦洲乡
360923,360923202,乡,塔下乡
360923,360923206,乡,镇渡乡
360923,360923207,乡,野市乡
360923,360923208,乡,墨山乡
360924,360924100,镇,新昌镇
360924,360924101,镇,潭山镇
360924,360924102,镇,棠浦镇
360924,360924103,镇,新庄镇
360924,360924104,镇,芳溪镇
360924,360924105,镇,石市镇
360924,360924106,镇,澄塘镇
360924,360924107,镇,黄岗镇
360924,360924108,镇,黄垦镇
360924,360924202,乡,花桥乡
360924,360924203,乡,同安乡
360924,360924204,乡,天宝乡
360924,360924208,乡,桥西乡
360925,360925100,镇,双溪镇
360925,360925101,镇,宝峰镇
360925,360925102,镇,高湖镇
360925,360925103,镇,璪都镇
360925,360925104,镇,仁首镇
360925,360925105,镇,官庄镇
360925,360925200,乡,香田乡
360925,360925202,乡,水口乡
360925,360925205,乡,中源乡
360925,360925207,乡,雷公尖乡
360925,360925208,乡,三爪仑乡
360926,360926100,镇,永宁镇
360926,360926101,镇,温泉镇
360926,360926102,镇,棋坪镇
360926,360926103,镇,排埠镇
360926,360926104,镇,三都镇
360926,360926105,镇,大塅镇
360926,360926200,乡,高桥乡
360926,360926201,乡,港口乡
360926,360926202,乡,带溪乡
360981,360981001,街道,剑光街道
360981,360981002,街道,剑南街道
360981,360981003,街道,河洲街道
360981,360981006,街道,尚庄街道
360981,360981007,街道,孙渡街道
360981,360981008,街道,龙津洲街道
360981,360981101,镇,曲江镇
360981,360981103,镇,泉港镇
360981,360981104,镇,上塘镇
360981,360981106,镇,小港镇
360981,360981107,镇,拖船镇
360981,360981108,镇,荣塘镇
360981,360981109,镇,秀市镇
360981,360981110,镇,张巷镇
360981,360981111,镇,石滩镇
360981,360981112,镇,白土镇
360981,360981113,镇,袁渡镇
360981,360981114,镇,丽村镇
360981,360981115,镇,铁路镇
360981,360981116,镇,淘沙镇
360981,360981117,镇,梅林镇
360981,360981118,镇,隍城镇
360981,360981119,镇,董家镇
360981,360981120,镇,杜市镇
360981,360981121,镇,桥东镇
360981,360981123,镇,洛市镇
360981,360981128,镇,荷湖镇
360981,360981205,乡,蕉坑乡
360981,360981210,乡,筱塘乡
360981,360981211,乡,段潭乡
360981,360981212,乡,同田乡
360981,360981214,乡,湖塘乡
360981,360981217,乡,石江乡
360982,360982001,街道,淦阳街道
360982,360982002,街道,鹿江街道
360982,360982003,街道,福城街道
360982,360982005,街道,张家山街道
360982,360982006,街道,大桥街道
360982,360982101,镇,临江镇
360982,360982102,镇,永泰镇
360982,360982103,镇,黄土岗镇
360982,360982104,镇,经楼镇
360982,360982105,镇,昌傅镇
360982,360982106,镇,店下镇
360982,360982108,镇,𬮤山镇
360982,360982109,镇,刘公庙镇
360982,360982110,镇,观上镇
360982,360982111,镇,义成镇
360982,360982200,乡,中洲乡
360982,360982204,乡,洲上乡
360982,360982207,乡,洋湖乡
360982,360982209,乡,吴城乡
360983,360983001,街道,瑞州街道
360983,360983002,街道,筠阳街道
360983,360983100,镇,荷岭镇
360983,360983101,镇,八景镇
360983,360983102,镇,新街镇
360983,360983103,镇,灰埠镇
360983,360983104,镇,建山镇
360983,360983105,镇,独城镇
360983,360983106,镇,石脑镇
360983,360983107,镇,黄沙岗镇
360983,360983108,镇,杨圩镇
360983,360983109,镇,大城镇
360983,360983110,镇,相城镇
360983,360983111,镇,蓝坊镇
360983,360983112,镇,太阳镇
360983,360983113,镇,田南镇
360983,360983114,镇,祥符镇
360983,360983115,镇,伍桥镇
360983,360983116,镇,龙潭镇
360983,360983117,镇,村前镇
360983,360983118,镇,华林山镇
360983,360983213,乡,汪家圩乡
360983,360983216,乡,上湖乡
361002,361002001,街道,青云街道
361002,361002002,街道,六水桥街道
361002,361002003,街道,文昌街道
361002,361002004,街道,荆公路街道
361002,361002005,街道,西大街街道
361002,361002006,街道,城西街道
361002,361002007,街道,钟岭街道
361002,361002101,镇,抚北镇
361002,361002102,镇,上顿渡镇
361002,361002103,镇,唱凯镇
361002,361002104,镇,温泉镇
361002,361002105,镇,高坪镇
361002,361002106,镇,腾桥镇
361002,361002107,镇,龙溪镇
361002,361002108,镇,孝桥镇
361002,361002109,镇,崇岗镇
361002,361002110,镇,罗针镇
361002,361002111,镇,云山镇
361002,361002112,镇,罗湖镇
361002,361002113,镇,大岗镇
361002,361002114,镇,青泥镇
361002,361002115,镇,太阳镇
361002,361002116,镇,秋溪镇
361002,361002117,镇,东馆镇
361002,361002118,镇,荣山镇
361002,361002119,镇,展坪镇
361002,361002200,乡,河埠乡
361002,361002201,乡,茅排乡
361002,361002203,乡,湖南乡
361002,361002205,乡,七里岗乡
361002,361002206,乡,鹏田乡
361002,361002209,乡,连城乡
361002,361002210,乡,嵩湖乡
361002,361002212,乡,桐源乡
361003,361003001,街道,金峰街道
361003,361003100,镇,孝岗镇
361003,361003101,镇,小璜镇
361003,361003102,镇,圩上桥镇
361003,361003103,镇,马圩镇
361003,361003104,镇,詹圩镇
361003,361003105,镇,岗上积镇
361003,361003106,镇,杨桥殿镇
361003,361003107,镇,王桥镇
361003,361003108,镇,黎圩镇
361003,361003109,镇,红星镇
361003,361003200,乡,珀玕乡
361003,361003201,乡,邓家乡
361003,361003202,乡,虎圩乡
361003,361003203,乡,瑶圩乡
361021,361021100,镇,建昌镇
361021,361021101,镇,上唐镇
361021,361021102,镇,洪门镇
361021,361021103,镇,株良镇
361021,361021104,镇,里塔镇
361021,361021105,镇,龙湖镇
361021,361021106,镇,沙洲镇
361021,361021107,镇,新丰街镇
361021,361021108,镇,万坊镇
361021,361021109,镇,徐家镇
361021,361021201,乡,天井源乡
361021,361021203,乡,浔溪乡
361022,361022100,镇,日峰镇
361022,361022101,镇,宏村镇
361022,361022102,镇,洵口镇
361022,361022103,镇,熊村镇
361022,361022104,镇,德胜镇
361022,361022105,镇,龙安镇
361022,361022106,镇,华山镇
361022,361022200,乡,潭溪乡
361022,361022201,乡,荷源乡
361022,361022202,乡,厚村乡
361022,361022204,乡,湖坊乡
361022,361022205,乡,中田乡
361022,361022206,乡,樟溪乡
361022,361022207,乡,西城乡
361022,361022208,乡,社苹乡
361023,361023100,镇,琴城镇
361023,361023101,镇,太和镇
361023,361023102,镇,白舍镇
361023,361023103,镇,洽湾镇
361023,361023104,镇,桑田镇
361023,361023105,镇,市山镇
361023,361023106,镇,紫霄镇
361023,361023203,乡,三溪乡
361023,361023205,乡,东坪乡
361023,361023206,乡,莱溪乡
361023,361023208,乡,太源乡
361023,361023209,乡,傅坊乡
361024,361024100,镇,巴山镇
361024,361024101,镇,相山镇
361024,361024102,镇,航埠镇
361024,361024103,镇,孙坊镇
361024,361024104,镇,河上镇
361024,361024105,镇,礼陂镇
361024,361024106,镇,马鞍镇
361024,361024200,乡,石庄乡
361024,361024201,乡,六家桥乡
361024,361024202,乡,白路乡
361024,361024203,乡,三山乡
361024,361024204,乡,白陂乡
361024,361024205,乡,桃源乡
361024,361024206,乡,许坊乡
361024,361024207,乡,郭圩乡
361025,361025100,镇,鳌溪镇
361025,361025101,镇,公溪镇
361025,361025102,镇,戴坊镇
361025,361025103,镇,牛田镇
361025,361025104,镇,招携镇
361025,361025105,镇,龚坊镇
361025,361025106,镇,山砀镇
361025,361025107,镇,增田镇
361025,361025108,镇,万崇镇
361025,361025109,镇,流坑镇
361025,361025200,乡,湖溪乡
361025,361025201,乡,罗陂乡
361025,361025202,乡,湖坪乡
361025,361025203,民族乡,金竹畲族乡
361025,361025204,乡,南村乡
361025,361025205,乡,谷岗乡
361026,361026100,镇,凤冈镇
361026,361026101,镇,棠阴镇
361026,361026102,镇,黄陂镇
361026,361026103,镇,东陂镇
361026,361026104,镇,梨溪镇
361026,361026105,镇,二都镇
361026,361026106,镇,中港镇
361026,361026107,镇,桃陂镇
361026,361026200,乡,新丰乡
361026,361026201,乡,神岗乡
361026,361026202,乡,圳口乡
361026,361026203,乡,南源乡
361027,361027100,镇,秀谷镇
361027,361027101,镇,浒湾镇
361027,361027102,镇,双塘镇
361027,361027104,镇,何源镇
361027,361027105,镇,合市镇
361027,361027106,镇,琅琚镇
361027,361027107,镇,左坊镇
361027,361027108,镇,对桥镇
361027,361027200,乡,黄通乡
361027,361027202,乡,陆坊乡
361027,361027203,乡,陈坊积乡
361027,361027204,乡,琉璃乡
361027,361027205,乡,石门乡
361028,361028001,街道,泸阳街道
361028,361028100,镇,鹤城镇
361028,361028101,镇,马头山镇
361028,361028102,镇,高阜镇
361028,361028103,镇,嵩市镇
361028,361028104,镇,乌石镇
361028,361028105,镇,高田镇
361030,361030100,镇,旴江镇
361030,361030101,镇,头陂镇
361030,361030103,镇,赤水镇
361030,361030104,镇,驿前镇
361030,361030105,镇,甘竹镇
361030,361030106,镇,塘坊镇
361030,361030200,乡,千善乡
361030,361030201,乡,水南圩乡
361030,361030202,乡,长桥乡
361030,361030204,乡,杨溪乡
361030,361030205,乡,尖峰乡
361102,361102001,街道,东市街道
361102,361102002,街道,西市街道
361102,361102003,街道,水南街道
361102,361102004,街道,灵溪街道
361102,361102005,街道,北门街道
361102,361102006,街道,茅家岭街道
361102,361102101,镇,沙溪镇
361102,361102102,镇,朝阳镇
361102,361102103,镇,秦峰镇
361103,361103001,街道,芦林街道
361103,361103002,街道,永丰街道
361103,361103003,街道,丰溪街道
361103,361103004,街道,大石街道
361103,361103005,街道,下溪街道
361103,361103101,镇,五都镇
361103,361103102,镇,洋口镇
361103,361103103,镇,横山镇
361103,361103104,镇,桐畈镇
361103,361103105,镇,湖丰镇
361103,361103106,镇,大南镇
361103,361103107,镇,排山镇
361103,361103108,镇,毛村镇
361103,361103109,镇,枧底镇
361103,361103110,镇,泉波镇
361103,361103111,镇,壶峤镇
361103,361103113,镇,霞峰镇
361103,361103115,镇,吴村镇
361103,361103116,镇,沙田镇
361103,361103117,镇,铜钹山镇
361103,361103210,乡,东阳乡
361103,361103213,乡,嵩峰乡
361103,361103218,乡,少阳乡
361104,361104001,街道,罗桥街道
361104,361104002,街道,旭日街道
361104,361104003,街道,兴园街道
361104,361104100,镇,田墩镇
361104,361104101,镇,上泸镇
361104,361104102,镇,华坛山镇
361104,361104103,镇,茶亭镇
361104,361104104,镇,皂头镇
361104,361104105,镇,四十八镇
361104,361104106,镇,枫岭头镇
361104,361104107,镇,煌固镇
361104,361104108,镇,花厅镇
361104,361104109,镇,五府山镇
361104,361104110,镇,郑坊镇
361104,361104200,乡,望仙乡
361104,361104201,乡,石人乡
361104,361104202,乡,清水乡
361104,361104203,乡,石狮乡
361104,361104204,乡,湖村乡
361104,361104205,乡,董团乡
361104,361104206,乡,尊桥乡
361104,361104207,乡,应家乡
361104,361104208,乡,黄沙岭乡
361104,361104209,乡,铁山乡
361123,361123001,街道,冰溪街道
361123,361123002,街道,文成街道
361123,361123101,镇,仙岩镇
361123,361123102,镇,下镇镇
361123,361123103,镇,岩瑞镇
361123,361123105,镇,临湖镇
361123,361123106,镇,双明镇
361123,361123107,镇,樟村镇
361123,361123108,镇,横街镇
361123,361123110,镇,紫湖镇
361123,361123111,镇,必姆镇
361123,361123112,镇,枫林镇
361123,361123200,乡,下塘乡
361123,361123201,乡,四股桥乡
361123,361123203,乡,南山乡
361123,361123205,乡,怀玉乡
361123,361123207,乡,六都乡
361123,361123209,乡,三清乡
361124,361124100,镇,河口镇
361124,361124101,镇,永平镇
361124,361124102,镇,石塘镇
361124,361124103,镇,湖坊镇
361124,361124104,镇,鹅湖镇
361124,361124107,镇,武夷山镇
361124,361124108,镇,汪二镇
361124,361124109,镇,葛仙山镇
361124,361124200,乡,陈坊乡
361124,361124205,乡,虹桥乡
361124,361124206,乡,新滩乡
361124,361124214,乡,稼轩乡
361124,361124215,乡,英将乡
361124,361124216,乡,紫溪乡
361124,361124217,民族乡,太源畲族乡
361124,361124218,乡,天柱山乡
361124,361124219,民族乡,篁碧畲族乡
361125,361125001,街道,兴安街道
361125,361125100,镇,岑阳镇
361125,361125101,镇,葛源镇
361125,361125200,乡,姚家乡
361125,361125202,乡,莲荷乡
361125,361125203,乡,司铺乡
361125,361125204,乡,港边乡
361125,361125205,乡,龙门畈乡
361125,361125206,乡,青板乡
361126,361126001,街道,桃源街道
361126,361126002,街道,花亭街道
361126,361126003,街道,南岩街道
361126,361126004,街道,弋江街道
361126,361126101,镇,漆工镇
361126,361126102,镇,港口镇
361126,361126103,镇,曹溪镇
361126,361126104,镇,樟树墩镇
361126,361126105,镇,圭峰镇
361126,361126106,镇,叠山镇
361126,361126108,镇,朱坑镇
361126,361126109,镇,三县岭镇
361126,361126110,镇,旭光镇
361126,361126201,乡,湾里乡
361126,361126202,乡,葛溪乡
361126,361126203,乡,清湖乡
361126,361126207,乡,中畈乡
361127,361127100,镇,玉亭镇
361127,361127101,镇,瑞洪镇
361127,361127102,镇,黄金埠镇
361127,361127103,镇,石口镇
361127,361127104,镇,古埠镇
361127,361127105,镇,九龙镇
361127,361127106,镇,乌泥镇
361127,361127107,镇,杨埠镇
361127,361127108,镇,社赓镇
361127,361127200,乡,康山乡
361127,361127202,乡,东塘乡
361127,361127204,乡,大塘乡
361127,361127207,乡,鹭鸶港乡
361127,361127208,乡,三塘乡
361127,361127211,乡,洪家嘴乡
361127,361127212,乡,白马桥乡
361127,361127213,乡,江埠乡
361127,361127215,乡,枫港乡
361127,361127216,乡,大溪乡
361127,361127220,乡,梅港乡
361128,361128001,街道,饶州街道
361128,361128100,镇,鄱阳镇
361128,361128101,镇,石门街镇
361128,361128102,镇,田畈街镇
361128,361128103,镇,谢家滩镇
361128,361128104,镇,四十里街镇
361128,361128105,镇,双港镇
361128,361128106,镇,古县渡镇
361128,361128107,镇,饶埠镇
361128,361128108,镇,油墩街镇
361128,361128109,镇,乐丰镇
361128,361128110,镇,饶丰镇
361128,361128111,镇,金盘岭镇
361128,361128112,镇,高家岭镇
361128,361128113,镇,凰岗镇
361128,361128202,乡,侯家岗乡
361128,361128203,乡,莲花山乡
361128,361128204,乡,银宝湖乡
361128,361128207,乡,响水滩乡
361128,361128208,乡,鸦鹊湖乡
361128,361128210,乡,柘港乡
361128,361128212,乡,枧田街乡
361128,361128215,乡,游城乡
361128,361128216,乡,珠湖乡
361128,361128218,乡,白沙洲乡
361128,361128219,乡,团林乡
361128,361128222,乡,昌洲乡
361128,361128228,乡,芦田乡
361128,361128230,乡,三庙前乡
361128,361128231,乡,莲湖乡
361129,361129100,镇,陈营镇
361129,361129102,镇,青云镇
361129,361129103,镇,梓埠镇
361129,361129104,镇,大源镇
361129,361129105,镇,裴梅镇
361129,361129106,镇,石镇镇
361129,361129200,乡,湖云乡
361129,361129201,乡,齐埠乡
361129,361129203,乡,汪家乡
361129,361129205,乡,上坊乡
361129,361129206,乡,苏桥乡
361129,361129212,乡,珠田乡
361130,361130001,街道,蚺城街道
361130,361130100,镇,紫阳镇
361130,361130101,镇,清华镇
361130,361130102,镇,秋口镇
361130,361130103,镇,江湾镇
361130,361130105,镇,思口镇
361130,361130106,镇,中云镇
361130,361130107,镇,赋春镇
361130,361130108,镇,镇头镇
361130,361130109,镇,许村镇
361130,361130110,镇,太白镇
361130,361130201,乡,溪头乡
361130,361130202,乡,段莘乡
361130,361130207,乡,浙源乡
361130,361130208,乡,沱川乡
361130,361130209,乡,大鄣山乡
361130,361130211,乡,珍珠山乡
361181,361181001,街道,银城街道
361181,361181002,街道,新营街道
361181,361181003,街道,香屯街道
361181,361181004,街道,铜矿街道
361181,361181101,镇,泗洲镇
361181,361181102,镇,花桥镇
361181,361181103,镇,绕二镇
361181,361181105,镇,海口镇
361181,361181106,镇,新岗山镇
361181,361181107,镇,大茅山镇
361181,361181200,乡,黄柏乡
361181,361181201,乡,万村乡
361181,361181202,乡,张村乡
361181,361181205,乡,昄大乡
361181,361181206,乡,李宅乡
361181,361181207,乡,龙头山乡
370102,370102001,街道,解放路街道
370102,370102002,街道,千佛山街道
370102,370102003,街道,趵突泉街道
370102,370102004,街道,泉城路街道
370102,370102005,街道,大明湖街道
370102,370102006,街道,东关街道
370102,370102007,街道,文化东路街道
370102,370102008,街道,建筑新村街道
370102,370102009,街道,甸柳新村街道
370102,370102011,街道,燕山街道
370102,370102013,街道,姚家街道
370102,370102014,街道,智远街道
370102,370102015,街道,龙洞街道
370102,370102016,街道,舜华路街道
370103,370103002,街道,大观园街道
370103,370103003,街道,杆石桥街道
370103,370103004,街道,四里村街道
370103,370103006,街道,魏家庄街道
370103,370103008,街道,二七新村街道
370103,370103009,街道,七里山街道
370103,370103010,街道,六里山街道
370103,370103012,街道,舜玉路街道
370103,370103014,街道,泺源街道
370103,370103015,街道,王官庄街道
370103,370103016,街道,舜耕街道
370103,370103017,街道,白马山街道
370103,370103018,街道,七贤街道
370103,370103019,街道,十六里河街道
370103,370103020,街道,兴隆街道
370103,370103021,街道,党家街道
370103,370103022,街道,陡沟街道
370104,370104001,街道,振兴街街道
370104,370104002,街道,中大槐树街道
370104,370104003,街道,道德街街道
370104,370104004,街道,西市场街道
370104,370104005,街道,五里沟街道
370104,370104006,街道,营市街街道
370104,370104007,街道,青年公园街道
370104,370104008,街道,南辛庄街道
370104,370104009,街道,段店北路街道
370104,370104010,街道,张庄路街道
370104,370104011,街道,匡山街道
370104,370104012,街道,美里湖街道
370104,370104013,街道,兴福街道
370104,370104014,街道,玉清湖街道
370104,370104015,街道,腊山街道
370104,370104016,街道,吴家堡街道
370105,370105001,街道,无影山街道
370105,370105003,街道,天桥东街街道
370105,370105004,街道,工人新村北村街道
370105,370105005,街道,工人新村南村街道
370105,370105006,街道,堤口路街道
370105,370105007,街道,北坦街道
370105,370105009,街道,制锦市街道
370105,370105010,街道,宝华街街道
370105,370105011,街道,官扎营街道
370105,370105012,街道,纬北路街道
370105,370105013,街道,药山街道
370105,370105014,街道,北园街道
370105,370105015,街道,泺口街道
370105,370105016,街道,桑梓店街道
370105,370105017,街道,大桥街道
370112,370112001,街道,山大路街道
370112,370112002,街道,洪家楼街道
370112,370112003,街道,东风街道
370112,370112004,街道,全福街道
370112,370112005,街道,荷花路街道
370112,370112006,街道,鲍山街道
370112,370112007,街道,唐冶街道
370112,370112008,街道,临港街道
370112,370112009,街道,华山街道
370112,370112010,街道,王舍人街道
370112,370112011,街道,郭店街道
370112,370112012,街道,港沟街道
370112,370112013,街道,遥墙街道
370112,370112014,街道,巨野河街道
370112,370112015,街道,孙村街道
370112,370112016,街道,仲宫街道
370112,370112017,街道,彩石街道
370112,370112018,街道,董家街道
370112,370112019,街道,柳埠街道
370112,370112020,街道,唐王街道
370112,370112021,街道,西营街道
370113,370113001,街道,文昌街道
370113,370113002,街道,崮云湖街道
370113,370113003,街道,平安街道
370113,370113004,街道,五峰山街道
370113,370113005,街道,归德街道
370113,370113006,街道,张夏街道
370113,370113007,街道,万德街道
370113,370113008,街道,孝里街道
370113,370113107,镇,马山镇
370113,370113108,镇,双泉镇
370114,370114001,街道,明水街道
370114,370114002,街道,双山街道
370114,370114003,街道,枣园街道
370114,370114004,街道,龙山街道
370114,370114005,街道,埠村街道
370114,370114006,街道,圣井街道
370114,370114007,街道,普集街道
370114,370114008,街道,绣惠街道
370114,370114009,街道,相公庄街道
370114,370114010,街道,文祖街道
370114,370114011,街道,官庄街道
370114,370114012,街道,曹范街道
370114,370114013,街道,宁家埠街道
370114,370114014,街道,高官寨街道
370114,370114015,街道,白云湖街道
370114,370114016,街道,刁镇街道
370114,370114017,街道,黄河街道
370114,370114105,镇,垛庄镇
370115,370115001,街道,济阳街道
370115,370115002,街道,济北街道
370115,370115003,街道,孙耿街道
370115,370115004,街道,回河街道
370115,370115005,街道,崔寨街道
370115,370115006,街道,太平街道
370115,370115007,街道,垛石街道
370115,370115008,街道,曲堤街道
370115,370115103,镇,仁风镇
370115,370115104,镇,新市镇
370116,370116001,街道,凤城街道
370116,370116002,街道,张家洼街道
370116,370116003,街道,高庄街道
370116,370116004,街道,鹏泉街道
370116,370116005,街道,口镇街道
370116,370116006,街道,羊里街道
370116,370116007,街道,方下街道
370116,370116008,街道,雪野街道
370116,370116103,镇,牛泉镇
370116,370116104,镇,苗山镇
370116,370116106,镇,大王庄镇
370116,370116107,镇,寨里镇
370116,370116108,镇,杨庄镇
370116,370116109,镇,茶业口镇
370116,370116110,镇,和庄镇
370117,370117001,街道,艾山街道
370117,370117002,街道,里辛街道
370117,370117003,街道,汶源街道
370117,370117004,街道,颜庄街道
370117,370117005,街道,辛庄街道
370124,370124001,街道,榆山街道
370124,370124002,街道,锦水街道
370124,370124102,镇,东阿镇
370124,370124103,镇,孝直镇
370124,370124104,镇,孔村镇
370124,370124105,镇,洪范池镇
370124,370124106,镇,玫瑰镇
370124,370124107,镇,安城镇
370126,370126001,街道,许商街道
370126,370126101,镇,殷巷镇
370126,370126102,镇,怀仁镇
370126,370126103,镇,玉皇庙镇
370126,370126104,镇,龙桑寺镇
370126,370126105,镇,郑路镇
370126,370126106,镇,贾庄镇
370126,370126108,镇,白桥镇
370126,370126109,镇,孙集镇
370126,370126110,镇,韩庙镇
370126,370126111,镇,沙河镇
370126,370126112,镇,张坊镇
370202,370202001,街道,中山路街道
370202,370202003,街道,台西街道
370202,370202004,街道,云南路街道
370202,370202006,街道,江苏路街道
370202,370202009,街道,金口路街道
370202,370202011,街道,观海路街道
370202,370202012,街道,湛山街道
370202,370202015,街道,八大峡街道
370202,370202016,街道,八大关街道
370202,370202017,街道,香港中路街道
370202,370202018,街道,八大湖街道
370202,370202019,街道,金湖路街道
370202,370202020,街道,金门路街道
370202,370202021,街道,珠海路街道
370203,370203005,街道,辽宁路街道
370203,370203010,街道,华阳路街道
370203,370203011,街道,登州路街道
370203,370203013,街道,宁夏路街道
370203,370203014,街道,敦化路街道
370203,370203015,街道,辽源路街道
370203,370203016,街道,合肥路街道
370203,370203017,街道,即墨路街道
370203,370203018,街道,镇江路街道
370203,370203019,街道,台东街道
370203,370203020,街道,延安路街道
370203,370203021,街道,大港街道
370203,370203022,街道,小港街道
370203,370203023,街道,浮山新区街道
370203,370203024,街道,同安路街道
370203,370203025,街道,洪山坡街道
370203,370203026,街道,湖岛街道
370203,370203027,街道,兴隆路街道
370203,370203029,街道,杭州路街道
370203,370203030,街道,瑞昌路街道
370203,370203031,街道,四方街道
370203,370203032,街道,阜新路街道
370203,370203034,街道,水清沟街道
370203,370203035,街道,洛阳路街道
370203,370203036,街道,开平路街道
370203,370203037,街道,郑州路街道
370203,370203038,街道,河西街道
370203,370203039,街道,海伦路街道
370203,370203040,街道,双山街道
370211,370211001,街道,黄岛街道
370211,370211002,街道,辛安街道
370211,370211003,街道,薛家岛街道
370211,370211004,街道,长江路街道
370211,370211005,街道,灵珠山街道
370211,370211006,街道,红石崖街道
370211,370211007,街道,胶南街道
370211,370211008,街道,珠海街道
370211,370211009,街道,隐珠街道
370211,370211010,街道,滨海街道
370211,370211011,街道,灵山卫街道
370211,370211012,街道,铁山街道
370211,370211013,街道,王台街道
370211,370211014,街道,张家楼街道
370211,370211100,镇,琅琊镇
370211,370211101,镇,泊里镇
370211,370211102,镇,大场镇
370211,370211103,镇,大村镇
370211,370211104,镇,六汪镇
370211,370211107,镇,海青镇
370211,370211108,镇,宝山镇
370211,370211109,镇,藏马镇
370212,370212001,街道,中韩街道
370212,370212002,街道,沙子口街道
370212,370212003,街道,王哥庄街道
370212,370212004,街道,北宅街道
370212,370212005,街道,金家岭街道
370213,370213001,街道,振华路街道
370213,370213003,街道,沧口街道
370213,370213004,街道,兴华路街道
370213,370213005,街道,兴城路街道
370213,370213006,街道,李村街道
370213,370213007,街道,虎山路街道
370213,370213008,街道,浮山路街道
370213,370213010,街道,湘潭路街道
370213,370213011,街道,楼山街道
370213,370213012,街道,世园街道
370213,370213013,街道,九水街道
370214,370214001,街道,城阳街道
370214,370214002,街道,流亭街道
370214,370214003,街道,夏庄街道
370214,370214004,街道,惜福镇街道
370214,370214005,街道,棘洪滩街道
370214,370214006,街道,上马街道
370214,370214007,街道,河套街道
370214,370214008,街道,红岛街道
370215,370215001,街道,环秀街道
370215,370215002,街道,潮海街道
370215,370215003,街道,通济街道
370215,370215004,街道,北安街道
370215,370215005,街道,龙山街道
370215,370215006,街道,龙泉街道
370215,370215007,街道,鳌山卫街道
370215,370215008,街道,温泉街道
370215,370215009,街道,蓝村街道
370215,370215010,街道,灵山街道
370215,370215011,街道,大信街道
370215,370215115,镇,段泊岚镇
370215,370215117,镇,移风店镇
370215,370215121,镇,田横镇
370215,370215122,镇,金口镇
370281,370281001,街道,阜安街道
370281,370281002,街道,中云街道
370281,370281004,街道,三里河街道
370281,370281007,街道,胶东街道
370281,370281008,街道,胶北街道
370281,370281009,街道,九龙街道
370281,370281010,街道,胶西街道
370281,370281011,街道,胶莱街道
370281,370281102,镇,李哥庄镇
370281,370281105,镇,铺集镇
370281,370281108,镇,里岔镇
370281,370281111,镇,洋河镇
370283,370283002,街道,李园街道
370283,370283004,街道,同和街道
370283,370283005,街道,凤台街道
370283,370283006,街道,白沙河街道
370283,370283007,街道,东阁街道
370283,370283102,镇,古岘镇
370283,370283103,镇,仁兆镇
370283,370283105,镇,南村镇
370283,370283107,镇,蓼兰镇
370283,370283109,镇,崔家集镇
370283,370283110,镇,明村镇
370283,370283112,镇,田庄镇
370283,370283113,镇,新河镇
370283,370283116,镇,大泽山镇
370283,370283117,镇,旧店镇
370283,370283125,镇,云山镇
370283,370283126,镇,店子镇
370285,370285001,街道,水集街道
370285,370285002,街道,望城街道
370285,370285006,街道,沽河街道
370285,370285101,镇,姜山镇
370285,370285102,镇,夏格庄镇
370285,370285104,镇,院上镇
370285,370285105,镇,日庄镇
370285,370285106,镇,南墅镇
370285,370285107,镇,河头店镇
370285,370285108,镇,店埠镇
370285,370285116,镇,马连庄镇
370302,370302001,街道,般阳路街道
370302,370302002,街道,松龄路街道
370302,370302004,街道,钟楼街道
370302,370302007,街道,将军路街道
370302,370302101,镇,昆仑镇
370302,370302102,镇,洪山镇
370302,370302103,镇,罗村镇
370302,370302104,镇,龙泉镇
370302,370302105,镇,寨里镇
370302,370302106,镇,岭子镇
370302,370302108,镇,西河镇
370302,370302116,镇,双杨镇
370302,370302117,镇,太河镇
370303,370303001,街道,车站街道
370303,370303002,街道,公园街道
370303,370303004,街道,和平街道
370303,370303005,街道,科苑街道
370303,370303006,街道,体育场街道
370303,370303007,街道,湖田街道
370303,370303008,街道,四宝山街道
370303,370303009,街道,马尚街道
370303,370303101,镇,南定镇
370303,370303102,镇,沣水镇
370303,370303104,镇,傅家镇
370303,370303105,镇,中埠镇
370303,370303107,镇,房镇镇
370304,370304002,街道,城西街道
370304,370304003,街道,城东街道
370304,370304004,街道,山头街道
370304,370304102,镇,域城镇
370304,370304103,镇,白塔镇
370304,370304106,镇,八陡镇
370304,370304108,镇,石马镇
370304,370304112,镇,池上镇
370304,370304113,镇,博山镇
370304,370304114,镇,源泉镇
370305,370305001,街道,闻韶街道
370305,370305002,街道,雪宫街道
370305,370305003,街道,辛店街道
370305,370305004,街道,稷下街道
370305,370305005,街道,齐陵街道
370305,370305100,镇,齐都镇
370305,370305102,镇,皇城镇
370305,370305103,镇,敬仲镇
370305,370305104,镇,朱台镇
370305,370305105,镇,凤凰镇
370305,370305107,镇,金岭回族镇
370305,370305108,镇,金山镇
370306,370306001,街道,丝绸路街道
370306,370306002,街道,大街街道
370306,370306003,街道,青年路街道
370306,370306004,街道,永安街街道
370306,370306005,街道,城北路街道
370306,370306100,镇,北郊镇
370306,370306101,镇,南郊镇
370306,370306102,镇,王村镇
370306,370306103,镇,萌水镇
370306,370306104,镇,商家镇
370321,370321001,街道,索镇街道
370321,370321002,街道,少海街道
370321,370321101,镇,起凤镇
370321,370321103,镇,田庄镇
370321,370321104,镇,荆家镇
370321,370321105,镇,马桥镇
370321,370321107,镇,新城镇
370321,370321109,镇,唐山镇
370321,370321110,镇,果里镇
370322,370322001,街道,田镇街道
370322,370322002,街道,芦湖街道
370322,370322101,镇,青城镇
370322,370322102,镇,高城镇
370322,370322103,镇,黑里寨镇
370322,370322104,镇,唐坊镇
370322,370322105,镇,常家镇
370322,370322106,镇,花沟镇
370322,370322108,镇,木李镇
370323,370323001,街道,历山街道
370323,370323002,街道,南麻街道
370323,370323103,镇,东里镇
370323,370323104,镇,悦庄镇
370323,370323105,镇,西里镇
370323,370323106,镇,大张庄镇
370323,370323107,镇,中庄镇
370323,370323108,镇,张家坡镇
370323,370323109,镇,鲁村镇
370323,370323110,镇,南鲁山镇
370323,370323111,镇,燕崖镇
370323,370323112,镇,石桥镇
370402,370402001,街道,中心街街道
370402,370402002,街道,各塔埠街道
370402,370402003,街道,矿区街道
370402,370402004,街道,文化路街道
370402,370402005,街道,龙山路街道
370402,370402006,街道,光明路街道
370402,370402101,镇,税郭镇
370402,370402102,镇,孟庄镇
370402,370402103,镇,齐村镇
370402,370402104,镇,永安镇
370402,370402105,镇,西王庄镇
370403,370403001,街道,临城街道
370403,370403002,街道,兴仁街道
370403,370403003,街道,兴城街道
370403,370403004,街道,张范街道
370403,370403005,街道,常庄街道
370403,370403006,街道,新城街道
370403,370403101,镇,沙沟镇
370403,370403102,镇,周营镇
370403,370403103,镇,邹坞镇
370403,370403104,镇,陶庄镇
370404,370404001,街道,坛山街道
370404,370404002,街道,吴林街道
370404,370404100,镇,古邵镇
370404,370404101,镇,阴平镇
370404,370404102,镇,底阁镇
370404,370404103,镇,榴园镇
370404,370404104,镇,峨山镇
370405,370405001,街道,运河街道
370405,370405101,镇,涧头集镇
370405,370405102,镇,邳庄镇
370405,370405103,镇,泥沟镇
370405,370405104,镇,张山子镇
370405,370405105,镇,马兰屯镇
370406,370406001,街道,山城街道
370406,370406101,镇,店子镇
370406,370406102,镇,西集镇
370406,370406103,镇,桑村镇
370406,370406104,镇,北庄镇
370406,370406105,镇,城头镇
370406,370406106,镇,徐庄镇
370406,370406107,镇,水泉镇
370406,370406108,镇,冯卯镇
370406,370406109,镇,凫城镇
370481,370481001,街道,荆河街道
370481,370481002,街道,龙泉街道
370481,370481003,街道,北辛街道
370481,370481004,街道,善南街道
370481,370481005,街道,东沙河街道
370481,370481101,镇,洪绪镇
370481,370481102,镇,南沙河镇
370481,370481103,镇,大坞镇
370481,370481104,镇,滨湖镇
370481,370481105,镇,级索镇
370481,370481106,镇,西岗镇
370481,370481107,镇,姜屯镇
370481,370481108,镇,鲍沟镇
370481,370481109,镇,张汪镇
370481,370481110,镇,官桥镇
370481,370481111,镇,柴胡店镇
370481,370481112,镇,羊庄镇
370481,370481113,镇,木石镇
370481,370481114,镇,界河镇
370481,370481115,镇,龙阳镇
370481,370481116,镇,东郭镇
370502,370502001,街道,文汇街道
370502,370502002,街道,黄河路街道
370502,370502003,街道,东城街道
370502,370502004,街道,辛店街道
370502,370502005,街道,胜利街道
370502,370502006,街道,胜园街道
370502,370502102,镇,牛庄镇
370502,370502103,镇,六户镇
370502,370502104,镇,史口镇
370502,370502105,镇,龙居镇
370503,370503001,街道,河口街道
370503,370503002,街道,六合街道
370503,370503100,镇,义和镇
370503,370503101,镇,仙河镇
370503,370503102,镇,孤岛镇
370503,370503103,镇,新户镇
370505,370505001,街道,垦利街道
370505,370505002,街道,兴隆街道
370505,370505100,镇,胜坨镇
370505,370505101,镇,郝家镇
370505,370505102,镇,永安镇
370505,370505103,镇,黄河口镇
370505,370505104,镇,董集镇
370522,370522001,街道,利津街道
370522,370522002,街道,凤凰城街道
370522,370522101,镇,北宋镇
370522,370522103,镇,陈庄镇
370522,370522104,镇,汀罗镇
370522,370522105,镇,盐窝镇
370522,370522201,乡,明集乡
370522,370522206,乡,刁口乡
370523,370523001,街道,广饶街道
370523,370523002,街道,乐安街道
370523,370523003,街道,丁庄街道
370523,370523101,镇,大王镇
370523,370523106,镇,李鹊镇
370523,370523107,镇,稻庄镇
370523,370523108,镇,大码头镇
370523,370523109,镇,花官镇
370523,370523110,镇,陈官镇
370602,370602001,街道,向阳街道
370602,370602002,街道,东山街道
370602,370602003,街道,毓璜顶街道
370602,370602004,街道,通伸街道
370602,370602005,街道,凤凰台街道
370602,370602006,街道,奇山街道
370602,370602007,街道,白石街道
370602,370602008,街道,芝罘岛街道
370602,370602009,街道,黄务街道
370602,370602010,街道,只楚街道
370602,370602011,街道,世回尧街道
370602,370602012,街道,幸福街道
370611,370611001,街道,清洋街道
370611,370611002,街道,福新街道
370611,370611003,街道,门楼街道
370611,370611004,街道,东厅街道
370611,370611005,街道,福莱山街道
370611,370611006,街道,古现街道
370611,370611008,街道,大季家街道
370611,370611102,镇,高疃镇
370611,370611103,镇,张格庄镇
370611,370611104,镇,回里镇
370611,370611111,镇,臧家庄镇
370612,370612001,街道,宁海街道
370612,370612002,街道,文化街道
370612,370612004,街道,姜格庄街道
370612,370612005,街道,大窑街道
370612,370612006,街道,武宁街道
370612,370612101,镇,观水镇
370612,370612105,镇,龙泉镇
370612,370612106,镇,玉林店镇
370612,370612107,镇,水道镇
370612,370612109,镇,高陵镇
370612,370612110,镇,王格庄镇
370612,370612111,镇,昆嵛镇
370612,370612112,镇,莒格庄镇
370613,370613001,街道,黄海路街道
370613,370613002,街道,初家街道
370613,370613003,街道,滨海路街道
370613,370613004,街道,院格庄街道
370613,370613005,街道,解甲庄街道
370613,370613006,街道,莱山街道
370613,370613007,街道,马山街道
370614,370614001,街道,登州街道
370614,370614002,街道,紫荆山街道
370614,370614003,街道,新港街道
370614,370614004,街道,蓬莱阁街道
370614,370614005,街道,南王街道
370614,370614006,街道,南长山街道
370614,370614101,镇,刘家沟镇
370614,370614102,镇,潮水镇
370614,370614103,镇,大柳行镇
370614,370614104,镇,小门家镇
370614,370614105,镇,大辛店镇
370614,370614106,镇,村里集镇
370614,370614107,镇,北沟镇
370614,370614108,镇,砣矶镇
370614,370614201,乡,北长山乡
370614,370614202,乡,黑山乡
370614,370614203,乡,大钦岛乡
370614,370614204,乡,小钦岛乡
370614,370614205,乡,南隍城乡
370614,370614206,乡,北隍城乡
370681,370681001,街道,东莱街道
370681,370681002,街道,龙港街道
370681,370681003,街道,新嘉街道
370681,370681004,街道,徐福街道
370681,370681005,街道,东江街道
370681,370681102,镇,黄山馆镇
370681,370681103,镇,北马镇
370681,370681104,镇,芦头镇
370681,370681106,镇,下丁家镇
370681,370681107,镇,七甲镇
370681,370681108,镇,石良镇
370681,370681109,镇,兰高镇
370681,370681110,镇,诸由观镇
370682,370682001,街道,城厢街道
370682,370682002,街道,古柳街道
370682,370682003,街道,龙旺庄街道
370682,370682004,街道,冯格庄街道
370682,370682005,街道,柏林庄街道
370682,370682101,镇,沐浴店镇
370682,370682102,镇,团旺镇
370682,370682103,镇,穴坊镇
370682,370682104,镇,羊郡镇
370682,370682105,镇,姜疃镇
370682,370682106,镇,万第镇
370682,370682107,镇,照旺庄镇
370682,370682108,镇,谭格庄镇
370682,370682110,镇,河洛镇
370682,370682111,镇,吕格庄镇
370682,370682112,镇,高格庄镇
370682,370682113,镇,大夼镇
370682,370682114,镇,山前店镇
370683,370683001,街道,文昌路街道
370683,370683002,街道,永安路街道
370683,370683003,街道,三山岛街道
370683,370683004,街道,城港路街道
370683,370683005,街道,文峰路街道
370683,370683006,街道,金仓街道
370683,370683101,镇,沙河镇
370683,370683102,镇,朱桥镇
370683,370683103,镇,郭家店镇
370683,370683104,镇,金城镇
370683,370683105,镇,平里店镇
370683,370683106,镇,驿道镇
370683,370683107,镇,程郭镇
370683,370683108,镇,虎头崖镇
370683,370683109,镇,柞村镇
370683,370683110,镇,夏邱镇
370683,370683111,镇,土山镇
370685,370685001,街道,罗峰街道
370685,370685002,街道,泉山街道
370685,370685003,街道,梦芝街道
370685,370685004,街道,温泉街道
370685,370685005,街道,大秦家街道
370685,370685101,镇,辛庄镇
370685,370685102,镇,蚕庄镇
370685,370685103,镇,金岭镇
370685,370685104,镇,毕郭镇
370685,370685105,镇,玲珑镇
370685,370685106,镇,张星镇
370685,370685108,镇,夏甸镇
370685,370685109,镇,阜山镇
370685,370685110,镇,齐山镇
370686,370686001,街道,翠屏街道
370686,370686002,街道,庄园街道
370686,370686003,街道,松山街道
370686,370686101,镇,观里镇
370686,370686102,镇,蛇窝泊镇
370686,370686103,镇,唐家泊镇
370686,370686104,镇,桃村镇
370686,370686105,镇,亭口镇
370686,370686107,镇,寺口镇
370686,370686108,镇,苏家店镇
370686,370686109,镇,杨础镇
370686,370686110,镇,西城镇
370686,370686111,镇,官道镇
370686,370686113,镇,庙后镇
370687,370687001,街道,方圆街道
370687,370687002,街道,东村街道
370687,370687003,街道,凤城街道
370687,370687004,街道,龙山街道
370687,370687102,镇,留格庄镇
370687,370687103,镇,盘石店镇
370687,370687104,镇,郭城镇
370687,370687105,镇,徐家店镇
370687,370687106,镇,发城镇
370687,370687107,镇,小纪镇
370687,370687108,镇,行村镇
370687,370687109,镇,辛安镇
370687,370687110,镇,二十里店镇
370687,370687112,镇,朱吴镇
370702,370702001,街道,城关街道
370702,370702002,街道,南关街道
370702,370702003,街道,西关街道
370702,370702004,街道,北关街道
370702,370702005,街道,于河街道
370702,370702006,街道,望留街道
370703,370703001,街道,寒亭街道
370703,370703002,街道,开元街道
370703,370703003,街道,固堤街道
370703,370703004,街道,高里街道
370703,370703005,街道,朱里街道
370703,370703006,街道,大家洼街道
370703,370703007,街道,央子街道
370703,370703008,街道,北城街道
370704,370704001,街道,坊城街道
370704,370704003,街道,凤凰街道
370704,370704004,街道,坊安街道
370704,370704005,街道,九龙街道
370704,370704006,街道,黄旗堡街道
370704,370704007,街道,王家庄街道
370704,370704008,街道,太保庄街道
370704,370704009,街道,郑公街道
370705,370705001,街道,东关街道
370705,370705002,街道,大虞街道
370705,370705003,街道,梨园街道
370705,370705004,街道,廿里堡街道
370705,370705005,街道,潍州路街道
370705,370705006,街道,北苑街道
370705,370705007,街道,广文街道
370705,370705008,街道,北海路街道
370705,370705009,街道,新城街道
370705,370705010,街道,清池街道
370724,370724001,街道,城关街道
370724,370724002,街道,东城街道
370724,370724003,街道,冶源街道
370724,370724004,街道,辛寨街道
370724,370724101,镇,五井镇
370724,370724104,镇,寺头镇
370724,370724105,镇,九山镇
370724,370724109,镇,蒋峪镇
370724,370724112,镇,山旺镇
370724,370724113,镇,柳山镇
370725,370725016,街道,宝城街道
370725,370725017,街道,宝都街道
370725,370725018,街道,朱刘街道
370725,370725020,街道,五图街道
370725,370725107,镇,乔官镇
370725,370725108,镇,鄌郚镇
370725,370725110,镇,红河镇
370725,370725112,镇,营丘镇
370781,370781001,街道,王府街道
370781,370781002,街道,益都街道
370781,370781006,街道,云门山街道
370781,370781008,街道,黄楼街道
370781,370781100,镇,弥河镇
370781,370781101,镇,王坟镇
370781,370781103,镇,庙子镇
370781,370781105,镇,邵庄镇
370781,370781109,镇,高柳镇
370781,370781111,镇,何官镇
370781,370781113,镇,东夏镇
370781,370781115,镇,谭坊镇
370782,370782001,街道,密州街道
370782,370782002,街道,龙都街道
370782,370782003,街道,舜王街道
370782,370782101,镇,枳沟镇
370782,370782102,镇,贾悦镇
370782,370782105,镇,石桥子镇
370782,370782108,镇,相州镇
370782,370782110,镇,昌城镇
370782,370782111,镇,百尺河镇
370782,370782112,镇,辛兴镇
370782,370782114,镇,林家村镇
370782,370782117,镇,皇华镇
370782,370782118,镇,桃林镇
370783,370783001,街道,圣城街道
370783,370783003,街道,文家街道
370783,370783004,街道,孙家集街道
370783,370783005,街道,洛城街道
370783,370783006,街道,古城街道
370783,370783100,镇,化龙镇
370783,370783103,镇,营里镇
370783,370783104,镇,台头镇
370783,370783106,镇,田柳镇
370783,370783108,镇,上口镇
370783,370783109,镇,侯镇
370783,370783111,镇,纪台镇
370783,370783112,镇,稻田镇
370783,370783115,镇,羊口镇
370784,370784001,街道,兴安街道
370784,370784002,街道,新安街道
370784,370784003,街道,凌河街道
370784,370784104,镇,官庄镇
370784,370784107,镇,大盛镇
370784,370784111,镇,石埠子镇
370784,370784112,镇,石堆镇
370784,370784118,镇,柘山镇
370784,370784119,镇,辉渠镇
370784,370784120,镇,郚山镇
370784,370784121,镇,金冢子镇
370784,370784122,镇,景芝镇
370785,370785001,街道,朝阳街道
370785,370785002,街道,醴泉街道
370785,370785003,街道,密水街道
370785,370785100,镇,柏城镇
370785,370785103,镇,夏庄镇
370785,370785104,镇,姜庄镇
370785,370785106,镇,大牟家镇
370785,370785109,镇,阚家镇
370785,370785111,镇,井沟镇
370785,370785114,镇,柴沟镇
370786,370786001,街道,奎聚街道
370786,370786002,街道,都昌街道
370786,370786003,街道,围子街道
370786,370786101,镇,柳疃镇
370786,370786102,镇,龙池镇
370786,370786104,镇,卜庄镇
370786,370786108,镇,饮马镇
370786,370786109,镇,北孟镇
370786,370786110,镇,下营镇
370811,370811002,街道,金城街道
370811,370811003,街道,仙营街道
370811,370811004,街道,南张街道
370811,370811005,街道,李营街道
370811,370811006,街道,廿里铺街道
370811,370811008,街道,古槐街道
370811,370811009,街道,济阳街道
370811,370811010,街道,阜桥街道
370811,370811011,街道,越河街道
370811,370811012,街道,观音阁街道
370811,370811013,街道,南苑街道
370811,370811014,街道,安居街道
370811,370811015,街道,唐口街道
370811,370811016,街道,接庄街道
370811,370811017,街道,柳行街道
370811,370811018,街道,洸河街道
370811,370811019,街道,许庄街道
370811,370811102,镇,长沟镇
370811,370811110,镇,喻屯镇
370811,370811111,镇,石桥镇
370812,370812001,街道,鼓楼街道
370812,370812002,街道,酒仙桥街道
370812,370812003,街道,龙桥街道
370812,370812004,街道,兴隆庄街道
370812,370812005,街道,黄屯街道
370812,370812006,街道,王因街道
370812,370812100,镇,大安镇
370812,370812101,镇,新驿镇
370812,370812102,镇,颜店镇
370812,370812103,镇,新兖镇
370812,370812104,镇,漕河镇
370812,370812106,镇,小孟镇
370826,370826001,街道,夏镇街道
370826,370826002,街道,昭阳街道
370826,370826003,街道,傅村街道
370826,370826101,镇,韩庄镇
370826,370826102,镇,欢城镇
370826,370826103,镇,南阳镇
370826,370826104,镇,鲁桥镇
370826,370826106,镇,留庄镇
370826,370826107,镇,两城镇
370826,370826108,镇,马坡镇
370826,370826109,镇,赵庙镇
370826,370826110,镇,张楼镇
370826,370826111,镇,微山岛镇
370826,370826112,镇,西平镇
370826,370826206,乡,高楼乡
370827,370827001,街道,谷亭街道
370827,370827002,街道,滨湖街道
370827,370827101,镇,清河镇
370827,370827102,镇,鱼城镇
370827,370827103,镇,王鲁镇
370827,370827104,镇,张黄镇
370827,370827105,镇,王庙镇
370827,370827106,镇,李阁镇
370827,370827107,镇,唐马镇
370827,370827108,镇,老砦镇
370827,370827109,镇,罗屯镇
370828,370828001,街道,金乡街道
370828,370828002,街道,高河街道
370828,370828003,街道,王丕街道
370828,370828004,街道,鱼山街道
370828,370828101,镇,羊山镇
370828,370828102,镇,胡集镇
370828,370828103,镇,霄云镇
370828,370828104,镇,鸡黍镇
370828,370828107,镇,司马镇
370828,370828109,镇,马庙镇
370828,370828110,镇,化雨镇
370828,370828112,镇,卜集镇
370828,370828113,镇,兴隆镇
370829,370829001,街道,嘉祥街道
370829,370829002,街道,卧龙山街道
370829,370829003,街道,万张街道
370829,370829101,镇,纸坊镇
370829,370829102,镇,梁宝寺镇
370829,370829104,镇,疃里镇
370829,370829105,镇,马村镇
370829,370829106,镇,金屯镇
370829,370829107,镇,大张楼镇
370829,370829108,镇,马集镇
370829,370829110,镇,孟姑集镇
370829,370829111,镇,老僧堂镇
370829,370829112,镇,仲山镇
370829,370829113,镇,满硐镇
370829,370829114,镇,黄垓镇
370830,370830001,街道,中都街道
370830,370830002,街道,汶上街道
370830,370830003,街道,南站街道
370830,370830102,镇,南旺镇
370830,370830103,镇,次邱镇
370830,370830104,镇,寅寺镇
370830,370830105,镇,郭楼镇
370830,370830106,镇,康驿镇
370830,370830107,镇,苑庄镇
370830,370830108,镇,义桥镇
370830,370830109,镇,白石镇
370830,370830110,镇,郭仓镇
370830,370830111,镇,杨店镇
370830,370830112,镇,刘楼镇
370830,370830205,乡,军屯乡
370831,370831001,街道,泗河街道
370831,370831002,街道,济河街道
370831,370831101,镇,泉林镇
370831,370831102,镇,星村镇
370831,370831103,镇,柘沟镇
370831,370831104,镇,金庄镇
370831,370831105,镇,苗馆镇
370831,370831106,镇,中册镇
370831,370831107,镇,杨柳镇
370831,370831108,镇,泗张镇
370831,370831109,镇,圣水峪镇
370831,370831110,镇,高峪镇
370831,370831111,镇,华村镇
370832,370832001,街道,梁山街道
370832,370832002,街道,水泊街道
370832,370832101,镇,小路口镇
370832,370832102,镇,韩岗镇
370832,370832103,镇,黑虎庙镇
370832,370832104,镇,拳铺镇
370832,370832105,镇,杨营镇
370832,370832106,镇,韩垓镇
370832,370832107,镇,馆驿镇
370832,370832108,镇,小安山镇
370832,370832109,镇,寿张集镇
370832,370832110,镇,马营镇
370832,370832111,镇,大路口镇
370832,370832215,乡,赵堌堆乡
370881,370881001,街道,鲁城街道
370881,370881002,街道,书院街道
370881,370881003,街道,小雪街道
370881,370881004,街道,时庄街道
370881,370881101,镇,吴村镇
370881,370881102,镇,姚村镇
370881,370881103,镇,陵城镇
370881,370881105,镇,尼山镇
370881,370881106,镇,王庄镇
370881,370881107,镇,息陬镇
370881,370881108,镇,石门山镇
370881,370881109,镇,防山镇
370883,370883001,街道,钢山街道
370883,370883002,街道,千泉街道
370883,370883003,街道,凫山街道
370883,370883004,街道,大束街道
370883,370883005,街道,中心店街道
370883,370883101,镇,香城镇
370883,370883102,镇,城前镇
370883,370883104,镇,北宿镇
370883,370883106,镇,唐村镇
370883,370883107,镇,太平镇
370883,370883109,镇,石墙镇
370883,370883110,镇,峄山镇
370883,370883111,镇,看庄镇
370883,370883112,镇,张庄镇
370883,370883113,镇,田黄镇
370883,370883114,镇,郭里镇
370902,370902001,街道,岱庙街道
370902,370902002,街道,财源街道
370902,370902003,街道,泰前街道
370902,370902004,街道,上高街道
370902,370902005,街道,徐家楼街道
370902,370902100,镇,省庄镇
370902,370902101,镇,邱家店镇
370902,370902202,乡,大津口乡
370911,370911001,街道,粥店街道
370911,370911002,街道,天平街道
370911,370911003,街道,北集坡街道
370911,370911100,镇,山口镇
370911,370911101,镇,祝阳镇
370911,370911102,镇,范镇
370911,370911103,镇,角峪镇
370911,370911104,镇,徂徕镇
370911,370911105,镇,满庄镇
370911,370911106,镇,夏张镇
370911,370911107,镇,道朗镇
370911,370911108,镇,黄前镇
370911,370911109,镇,大汶口镇
370911,370911110,镇,马庄镇
370911,370911111,镇,房村镇
370911,370911112,镇,良庄镇
370911,370911113,镇,下港镇
370911,370911201,乡,化马湾乡
370921,370921001,街道,文庙街道
370921,370921002,街道,八仙桥街道
370921,370921101,镇,泗店镇
370921,370921102,镇,东疏镇
370921,370921103,镇,伏山镇
370921,370921105,镇,堽城镇
370921,370921107,镇,蒋集镇
370921,370921109,镇,磁窑镇
370921,370921110,镇,华丰镇
370921,370921111,镇,葛石镇
370921,370921112,镇,东庄镇
370921,370921113,镇,鹤山镇
370921,370921206,乡,乡饮乡
370923,370923001,街道,州城街道
370923,370923002,街道,东平街道
370923,370923003,街道,彭集街道
370923,370923101,镇,沙河站镇
370923,370923106,镇,老湖镇
370923,370923107,镇,银山镇
370923,370923108,镇,斑鸠店镇
370923,370923109,镇,接山镇
370923,370923110,镇,大羊镇
370923,370923111,镇,梯门镇
370923,370923112,镇,戴庙镇
370923,370923113,镇,新湖镇
370923,370923206,乡,商老庄乡
370923,370923208,乡,旧县乡
370982,370982001,街道,青云街道
370982,370982002,街道,新汶街道
370982,370982003,街道,新甫街道
370982,370982101,镇,东都镇
370982,370982102,镇,小协镇
370982,370982103,镇,翟镇
370982,370982104,镇,泉沟镇
370982,370982105,镇,羊流镇
370982,370982106,镇,果都镇
370982,370982107,镇,西张庄镇
370982,370982108,镇,天宝镇
370982,370982110,镇,楼德镇
370982,370982111,镇,禹村镇
370982,370982112,镇,宫里镇
370982,370982113,镇,谷里镇
370982,370982114,镇,石莱镇
370982,370982115,镇,放城镇
370982,370982116,镇,刘杜镇
370982,370982117,镇,汶南镇
370982,370982119,镇,龙廷镇
370982,370982203,乡,岳家庄乡
370983,370983001,街道,新城街道
370983,370983002,街道,老城街道
370983,370983003,街道,王瓜店街道
370983,370983004,街道,仪阳街道
370983,370983101,镇,潮泉镇
370983,370983103,镇,桃园镇
370983,370983104,镇,王庄镇
370983,370983105,镇,湖屯镇
370983,370983106,镇,石横镇
370983,370983107,镇,安临站镇
370983,370983108,镇,孙伯镇
370983,370983109,镇,安驾庄镇
370983,370983112,镇,边院镇
370983,370983113,镇,汶阳镇
371002,371002001,街道,环翠楼街道
371002,371002002,街道,鲸园街道
371002,371002003,街道,竹岛街道
371002,371002004,街道,孙家疃街道
371002,371002005,街道,皇冠街道
371002,371002006,街道,凤林街道
371002,371002007,街道,西苑街道
371002,371002008,街道,怡园街道
371002,371002009,街道,田和街道
371002,371002010,街道,嵩山街道
371002,371002100,镇,张村镇
371002,371002101,镇,羊亭镇
371002,371002102,镇,温泉镇
371002,371002106,镇,桥头镇
371002,371002107,镇,崮山镇
371002,371002108,镇,泊于镇
371002,371002109,镇,初村镇
371002,371002110,镇,草庙子镇
371002,371002111,镇,汪疃镇
371002,371002112,镇,苘山镇
371003,371003001,街道,龙山街道
371003,371003002,街道,天福街道
371003,371003003,街道,环山街道
371003,371003100,镇,文登营镇
371003,371003101,镇,大水泊镇
371003,371003102,镇,张家产镇
371003,371003103,镇,高村镇
371003,371003104,镇,泽库镇
371003,371003105,镇,侯家镇
371003,371003106,镇,宋村镇
371003,371003107,镇,泽头镇
371003,371003108,镇,小观镇
371003,371003109,镇,葛家镇
371003,371003110,镇,米山镇
371003,371003111,镇,界石镇
371082,371082001,街道,港湾街道
371082,371082002,街道,斥山街道
371082,371082003,街道,东山街道
371082,371082004,街道,王连街道
371082,371082005,街道,桃园街道
371082,371082006,街道,宁津街道
371082,371082007,街道,崖头街道
371082,371082008,街道,崂山街道
371082,371082009,街道,寻山街道
371082,371082010,街道,城西街道
371082,371082101,镇,俚岛镇
371082,371082102,镇,成山镇
371082,371082103,镇,埠柳镇
371082,371082104,镇,港西镇
371082,371082105,镇,夏庄镇
371082,371082106,镇,崖西镇
371082,371082107,镇,荫子镇
371082,371082108,镇,滕家镇
371082,371082109,镇,大疃镇
371082,371082110,镇,上庄镇
371082,371082111,镇,虎山镇
371082,371082112,镇,人和镇
371083,371083001,街道,城区街道
371083,371083100,镇,夏村镇
371083,371083101,镇,乳山口镇
371083,371083102,镇,海阳所镇
371083,371083103,镇,白沙滩镇
371083,371083104,镇,大孤山镇
371083,371083105,镇,南黄镇
371083,371083106,镇,冯家镇
371083,371083107,镇,下初镇
371083,371083108,镇,午极镇
371083,371083109,镇,育黎镇
371083,371083110,镇,崖子镇
371083,371083111,镇,诸往镇
371083,371083112,镇,乳山寨镇
371083,371083113,镇,徐家镇
371102,371102001,街道,日照街道
371102,371102002,街道,石臼街道
371102,371102004,街道,秦楼街道
371102,371102005,街道,卧龙山街道
371102,371102006,街道,两城街道
371102,371102007,街道,奎山街道
371102,371102008,街道,北京路街道
371102,371102101,镇,河山镇
371102,371102103,镇,涛雒镇
371102,371102107,镇,西湖镇
371102,371102108,镇,陈疃镇
371102,371102109,镇,南湖镇
371102,371102110,镇,三庄镇
371102,371102111,镇,后村镇
371103,371103005,街道,岚山头街道
371103,371103006,街道,安东卫街道
371103,371103104,镇,高兴镇
371103,371103105,镇,巨峰镇
371103,371103111,镇,黄墩镇
371103,371103112,镇,虎山镇
371103,371103113,镇,碑廓镇
371103,371103114,镇,中楼镇
371103,371103201,乡,前三岛乡
371121,371121001,街道,洪凝街道
371121,371121002,街道,高泽街道
371121,371121102,镇,街头镇
371121,371121103,镇,潮河镇
371121,371121104,镇,许孟镇
371121,371121105,镇,于里镇
371121,371121106,镇,汪湖镇
371121,371121107,镇,叩官镇
371121,371121108,镇,中至镇
371121,371121110,镇,松柏镇
371121,371121201,乡,石场乡
371121,371121202,乡,户部乡
371122,371122001,街道,城阳街道
371122,371122002,街道,店子集街道
371122,371122003,街道,陵阳街道
371122,371122004,街道,浮来山街道
371122,371122005,街道,阎庄街道
371122,371122102,镇,招贤镇
371122,371122104,镇,夏庄镇
371122,371122105,镇,刘官庄镇
371122,371122106,镇,峤山镇
371122,371122107,镇,小店镇
371122,371122109,镇,龙山镇
371122,371122110,镇,东莞镇
371122,371122114,镇,长岭镇
371122,371122115,镇,安庄镇
371122,371122116,镇,洛河镇
371122,371122117,镇,碁山镇
371122,371122118,镇,寨里河镇
371122,371122119,镇,桑园镇
371122,371122120,镇,果庄镇
371122,371122121,镇,库山镇
371302,371302001,街道,兰山街道
371302,371302002,街道,银雀山街道
371302,371302003,街道,金雀山街道
371302,371302004,街道,柳青街道
371302,371302101,镇,白沙埠镇
371302,371302102,镇,枣园镇
371302,371302103,镇,半程镇
371302,371302105,镇,义堂镇
371302,371302107,镇,李官镇
371302,371302109,镇,汪沟镇
371302,371302110,镇,方城镇
371302,371302111,镇,马厂湖镇
371311,371311001,街道,罗庄街道
371311,371311002,街道,傅庄街道
371311,371311003,街道,盛庄街道
371311,371311006,街道,册山街道
371311,371311007,街道,高都街道
371311,371311008,街道,罗西街道
371311,371311101,镇,沂堂镇
371311,371311102,镇,褚墩镇
371311,371311103,镇,黄山镇
371312,371312001,街道,九曲街道
371312,371312002,街道,相公街道
371312,371312003,街道,太平街道
371312,371312004,街道,汤头街道
371312,371312005,街道,凤凰岭街道
371312,371312006,街道,芝麻墩街道
371312,371312007,街道,梅埠街道
371312,371312008,街道,朝阳街道
371312,371312104,镇,汤河镇
371312,371312107,镇,八湖镇
371312,371312108,镇,郑旺镇
371321,371321001,街道,界湖街道
371321,371321101,镇,岸堤镇
371321,371321102,镇,孙祖镇
371321,371321103,镇,双堠镇
371321,371321104,镇,青驼镇
371321,371321105,镇,张庄镇
371321,371321106,镇,砖埠镇
371321,371321109,镇,大庄镇
371321,371321110,镇,辛集镇
371321,371321111,镇,蒲汪镇
371321,371321112,镇,湖头镇
371321,371321113,镇,苏村镇
371321,371321114,镇,铜井镇
371321,371321115,镇,依汶镇
371321,371321201,乡,马牧池乡
371322,371322001,街道,郯城街道
371322,371322101,镇,马头镇
371322,371322102,镇,重坊镇
371322,371322103,镇,李庄镇
371322,371322105,镇,杨集镇
371322,371322107,镇,港上镇
371322,371322108,镇,高峰头镇
371322,371322109,镇,庙山镇
371322,371322111,镇,胜利镇
371322,371322112,镇,红花镇
371322,371322113,镇,花园镇
371322,371322114,镇,泉源镇
371322,371322203,乡,归昌乡
371323,371323001,街道,沂城街道
371323,371323002,街道,龙家圈街道
371323,371323101,镇,马站镇
371323,371323102,镇,高桥镇
371323,371323103,镇,许家湖镇
371323,371323104,镇,黄山铺镇
371323,371323106,镇,诸葛镇
371323,371323107,镇,崔家峪镇
371323,371323108,镇,四十里堡镇
371323,371323109,镇,杨庄镇
371323,371323110,镇,夏蔚镇
371323,371323111,镇,沙沟镇
371323,371323112,镇,高庄镇
371323,371323113,镇,道托镇
371323,371323115,镇,泉庄镇
371323,371323116,镇,富官庄镇
371323,371323117,镇,院东头镇
371323,371323201,乡,圈里乡
371324,371324001,街道,卞庄街道
371324,371324002,街道,苍山街道
371324,371324101,镇,大仲村镇
371324,371324102,镇,兰陵镇
371324,371324103,镇,长城镇
371324,371324104,镇,磨山镇
371324,371324105,镇,神山镇
371324,371324106,镇,车辋镇
371324,371324107,镇,尚岩镇
371324,371324108,镇,向城镇
371324,371324109,镇,新兴镇
371324,371324110,镇,南桥镇
371324,371324112,镇,庄坞镇
371324,371324113,镇,矿坑镇
371324,371324114,镇,鲁城镇
371324,371324115,镇,芦柞镇
371324,371324202,乡,下村乡
371325,371325001,街道,费城街道
371325,371325101,镇,上冶镇
371325,371325102,镇,薛庄镇
371325,371325105,镇,探沂镇
371325,371325106,镇,朱田镇
371325,371325107,镇,梁邱镇
371325,371325108,镇,新庄镇
371325,371325109,镇,马庄镇
371325,371325112,镇,胡阳镇
371325,371325113,镇,石井镇
371325,371325115,镇,东蒙镇
371325,371325200,乡,大田庄乡
371326,371326001,街道,平邑街道
371326,371326101,镇,仲村镇
371326,371326102,镇,武台镇
371326,371326103,镇,保太镇
371326,371326104,镇,柏林镇
371326,371326105,镇,卞桥镇
371326,371326106,镇,地方镇
371326,371326107,镇,铜石镇
371326,371326108,镇,温水镇
371326,371326109,镇,流峪镇
371326,371326110,镇,郑城镇
371326,371326111,镇,白彦镇
371326,371326112,镇,临涧镇
371326,371326113,镇,丰阳镇
371327,371327001,街道,十字路街道
371327,371327102,镇,大店镇
371327,371327103,镇,坊前镇
371327,371327106,镇,板泉镇
371327,371327107,镇,洙边镇
371327,371327108,镇,文疃镇
371327,371327111,镇,石莲子镇
371327,371327112,镇,岭泉镇
371327,371327113,镇,筵宾镇
371327,371327114,镇,涝坡镇
371327,371327115,镇,道口镇
371327,371327116,镇,相沟镇
371327,371327117,镇,团林镇
371327,371327118,镇,坪上镇
371327,371327119,镇,壮岗镇
371327,371327120,镇,朱芦镇
371328,371328001,街道,蒙阴街道
371328,371328101,镇,常路镇
371328,371328102,镇,岱崮镇
371328,371328103,镇,坦埠镇
371328,371328104,镇,垛庄镇
371328,371328105,镇,高都镇
371328,371328106,镇,野店镇
371328,371328107,镇,桃墟镇
371328,371328109,镇,联城镇
371328,371328201,乡,旧寨乡
371329,371329001,街道,临沭街道
371329,371329002,街道,郑山街道
371329,371329101,镇,蛟龙镇
371329,371329102,镇,大兴镇
371329,371329103,镇,石门镇
371329,371329104,镇,曹庄镇
371329,371329108,镇,青云镇
371329,371329109,镇,玉山镇
371329,371329110,镇,店头镇
371402,371402001,街道,新湖街道
371402,371402003,街道,新华街道
371402,371402004,街道,天衢街道
371402,371402005,街道,广川街道
371402,371402006,街道,运河街道
371402,371402007,街道,长河街道
371402,371402008,街道,宋官屯街道
371402,371402101,镇,黄河涯镇
371402,371402102,镇,二屯镇
371402,371402103,镇,赵虎镇
371402,371402104,镇,抬头寺镇
371402,371402105,镇,袁桥镇
371403,371403001,街道,安德街道
371403,371403002,街道,临齐街道
371403,371403100,镇,郑家寨镇
371403,371403101,镇,糜镇
371403,371403102,镇,宋家镇
371403,371403103,镇,徽王庄镇
371403,371403104,镇,神头镇
371403,371403105,镇,滋镇
371403,371403106,镇,前孙镇
371403,371403107,镇,边临镇
371403,371403108,镇,义渡口镇
371403,371403109,镇,丁庄镇
371403,371403200,乡,于集乡
371422,371422001,街道,宁城街道
371422,371422002,街道,津城街道
371422,371422101,镇,柴胡店镇
371422,371422102,镇,长官镇
371422,371422103,镇,杜集镇
371422,371422104,镇,保店镇
371422,371422105,镇,大柳镇
371422,371422106,镇,大曹镇
371422,371422107,镇,相衙镇
371422,371422108,镇,时集镇
371422,371422109,镇,张大庄镇
371422,371422201,乡,刘营伍乡
371423,371423001,街道,渤海路街道
371423,371423100,镇,庆云镇
371423,371423101,镇,常家镇
371423,371423102,镇,尚堂镇
371423,371423103,镇,崔口镇
371423,371423104,镇,东辛店镇
371423,371423200,乡,严务乡
371423,371423202,乡,中丁乡
371423,371423203,乡,徐园子乡
371424,371424001,街道,临盘街道
371424,371424002,街道,邢侗街道
371424,371424003,街道,恒源街道
371424,371424100,镇,临邑镇
371424,371424102,镇,临南镇
371424,371424103,镇,德平镇
371424,371424104,镇,林子镇
371424,371424105,镇,兴隆镇
371424,371424106,镇,孟寺镇
371424,371424107,镇,翟家镇
371424,371424108,镇,理合务镇
371424,371424200,乡,宿安乡
371425,371425001,街道,晏城街道
371425,371425002,街道,晏北街道
371425,371425101,镇,表白寺镇
371425,371425102,镇,焦庙镇
371425,371425103,镇,赵官镇
371425,371425104,镇,祝阿镇
371425,371425105,镇,仁里集镇
371425,371425106,镇,潘店镇
371425,371425107,镇,胡官屯镇
371425,371425108,镇,宣章屯镇
371425,371425109,镇,马集镇
371425,371425110,镇,华店镇
371425,371425111,镇,刘桥镇
371425,371425201,乡,安头乡
371425,371425204,乡,大黄乡
371426,371426001,街道,龙门街道
371426,371426002,街道,桃园街道
371426,371426003,街道,德原街道
371426,371426101,镇,王凤楼镇
371426,371426102,镇,前曹镇
371426,371426103,镇,恩城镇
371426,371426104,镇,王庙镇
371426,371426105,镇,王杲铺镇
371426,371426106,镇,张华镇
371426,371426107,镇,腰站镇
371426,371426108,镇,王打卦镇
371426,371426202,乡,三唐乡
371427,371427001,街道,银城街道
371427,371427002,街道,北城街道
371427,371427100,镇,南城镇
371427,371427101,镇,苏留庄镇
371427,371427102,镇,新盛店镇
371427,371427103,镇,雷集镇
371427,371427104,镇,郑保屯镇
371427,371427105,镇,白马湖镇
371427,371427106,镇,东李官屯镇
371427,371427107,镇,宋楼镇
371427,371427108,镇,香赵庄镇
371427,371427109,镇,双庙镇
371427,371427200,乡,渡口驿乡
371427,371427204,乡,田庄乡
371428,371428001,街道,广运街道
371428,371428100,镇,武城镇
371428,371428101,镇,老城镇
371428,371428104,镇,郝王庄镇
371428,371428105,镇,鲁权屯镇
371428,371428106,镇,四女寺镇
371428,371428107,镇,甲马营镇
371428,371428108,镇,李家户镇
371481,371481001,街道,市中街道
371481,371481002,街道,胡家街道
371481,371481003,街道,云红街道
371481,371481004,街道,郭家街道
371481,371481100,镇,杨安镇
371481,371481101,镇,朱集镇
371481,371481102,镇,黄夹镇
371481,371481103,镇,丁坞镇
371481,371481104,镇,花园镇
371481,371481105,镇,郑店镇
371481,371481106,镇,化楼镇
371481,371481107,镇,孔镇镇
371481,371481108,镇,铁营镇
371481,371481200,乡,西段乡
371481,371481201,乡,大孙乡
371481,371481203,乡,寨头堡乡
371482,371482001,街道,市中街道
371482,371482003,街道,禹兴街道
371482,371482100,镇,伦镇
371482,371482101,镇,房寺镇
371482,371482102,镇,张庄镇
371482,371482103,镇,辛店镇
371482,371482104,镇,安仁镇
371482,371482105,镇,辛寨镇
371482,371482106,镇,梁家镇
371482,371482107,镇,十里望回族镇
371482,371482108,镇,莒镇
371502,371502001,街道,古楼街道
371502,371502002,街道,新区街道
371502,371502003,街道,柳园街道
371502,371502004,街道,湖西街道
371502,371502005,街道,李海务街道
371502,371502006,街道,闫寺街道
371502,371502008,街道,道口铺街道
371502,371502009,街道,东城街道
371502,371502010,街道,蒋官屯街道
371502,371502011,街道,北城街道
371502,371502012,街道,九州街道
371502,371502102,镇,沙镇镇
371502,371502103,镇,侯营镇
371502,371502104,镇,堂邑镇
371502,371502105,镇,梁水镇镇
371502,371502106,镇,斗虎屯镇
371502,371502108,镇,张炉集镇
371502,371502109,镇,于集镇
371502,371502110,镇,郑家镇
371502,371502112,镇,朱老庄镇
371502,371502113,镇,许营镇
371502,371502114,镇,顾官屯镇
371502,371502115,镇,韩集镇
371502,371502116,镇,广平镇
371503,371503001,街道,振兴街道
371503,371503002,街道,信发街道
371503,371503003,街道,温陈街道
371503,371503101,镇,乐平铺镇
371503,371503102,镇,冯官屯镇
371503,371503103,镇,菜屯镇
371503,371503104,镇,博平镇
371503,371503105,镇,杜郎口镇
371503,371503106,镇,韩屯镇
371503,371503107,镇,胡屯镇
371503,371503108,镇,肖家庄镇
371503,371503109,镇,贾寨镇
371503,371503110,镇,洪官屯镇
371503,371503201,乡,杨官屯乡
371521,371521001,街道,博济桥街道
371521,371521002,街道,狮子楼街道
371521,371521003,街道,侨润街道
371521,371521101,镇,阿城镇
371521,371521102,镇,七级镇
371521,371521103,镇,安乐镇
371521,371521104,镇,寿张镇
371521,371521105,镇,张秋镇
371521,371521106,镇,阎楼镇
371521,371521108,镇,石佛镇
371521,371521109,镇,李台镇
371521,371521111,镇,十五里园镇
371521,371521112,镇,定水镇
371521,371521113,镇,西湖镇
371521,371521114,镇,郭屯镇
371521,371521115,镇,高庙王镇
371521,371521116,镇,金斗营镇
371521,371521117,镇,大布镇
371522,371522001,街道,莘州街道
371522,371522002,街道,莘亭街道
371522,371522003,街道,东鲁街道
371522,371522004,街道,燕塔街道
371522,371522101,镇,张鲁回族镇
371522,371522102,镇,朝城镇
371522,371522103,镇,观城镇
371522,371522104,镇,古城镇
371522,371522105,镇,大张家镇
371522,371522106,镇,古云镇
371522,371522107,镇,十八里铺镇
371522,371522109,镇,燕店镇
371522,371522110,镇,董杜庄镇
371522,371522111,镇,王奉镇
371522,371522112,镇,樱桃园镇
371522,371522113,镇,河店镇
371522,371522114,镇,妹冢镇
371522,371522115,镇,魏庄镇
371522,371522116,镇,张寨镇
371522,371522117,镇,大王寨镇
371522,371522118,镇,徐庄镇
371522,371522119,镇,王庄集镇
371522,371522120,镇,柿子园镇
371522,371522121,镇,俎店镇
371524,371524001,街道,铜城街道
371524,371524002,街道,新城街道
371524,371524101,镇,刘集镇
371524,371524102,镇,牛角店镇
371524,371524103,镇,大桥镇
371524,371524104,镇,高集镇
371524,371524105,镇,姜楼镇
371524,371524107,镇,姚寨镇
371524,371524108,镇,鱼山镇
371524,371524109,镇,陈集镇
371525,371525001,街道,清泉街道
371525,371525002,街道,崇文街道
371525,371525003,街道,烟庄街道
371525,371525101,镇,贾镇
371525,371525102,镇,桑阿镇
371525,371525103,镇,柳林镇
371525,371525104,镇,清水镇
371525,371525105,镇,东古城镇
371525,371525106,镇,北馆陶镇
371525,371525107,镇,店子镇
371525,371525108,镇,定远寨镇
371525,371525109,镇,辛集镇
371525,371525110,镇,梁堂镇
371525,371525111,镇,范寨镇
371525,371525112,镇,甘官屯镇
371525,371525113,镇,万善镇
371525,371525200,乡,斜店乡
371525,371525206,乡,兰沃乡
371526,371526001,街道,鱼邱湖街道
371526,371526002,街道,人和街道
371526,371526003,街道,汇鑫街道
371526,371526101,镇,梁村镇
371526,371526102,镇,尹集镇
371526,371526103,镇,清平镇
371526,371526104,镇,固河镇
371526,371526105,镇,三十里铺镇
371526,371526106,镇,琉璃寺镇
371526,371526107,镇,赵寨子镇
371526,371526108,镇,姜店镇
371526,371526109,镇,杨屯镇
371581,371581001,街道,青年路街道
371581,371581002,街道,新华路街道
371581,371581003,街道,先锋路街道
371581,371581004,街道,大辛庄街道
371581,371581101,镇,松林镇
371581,371581102,镇,老赵庄镇
371581,371581103,镇,康庄镇
371581,371581104,镇,魏湾镇
371581,371581105,镇,刘垓子镇
371581,371581107,镇,八岔路镇
371581,371581108,镇,潘庄镇
371581,371581109,镇,烟店镇
371581,371581110,镇,唐园镇
371581,371581111,镇,金郝庄镇
371581,371581112,镇,戴湾镇
371581,371581113,镇,尚店镇
371602,371602001,街道,市中街道
371602,371602002,街道,市西街道
371602,371602003,街道,北镇街道
371602,371602004,街道,市东街道
371602,371602005,街道,彭李街道
371602,371602007,街道,滨北街道
371602,371602009,街道,梁才街道
371602,371602010,街道,青田街道
371602,371602011,街道,小营街道
371602,371602012,街道,杜店街道
371602,371602013,街道,沙河街道
371602,371602014,街道,里则街道
371602,371602101,镇,杨柳雪镇
371602,371602105,镇,三河湖镇
371602,371602203,乡,秦皇台乡
371603,371603001,街道,富国街道
371603,371603002,街道,富源街道
371603,371603100,镇,下洼镇
371603,371603101,镇,古城镇
371603,371603102,镇,冯家镇
371603,371603103,镇,泊头镇
371603,371603104,镇,大高镇
371603,371603105,镇,黄升镇
371603,371603106,镇,滨海镇
371603,371603200,乡,下河乡
371603,371603201,乡,利国乡
371621,371621001,街道,孙武街道
371621,371621002,街道,武定府街道
371621,371621003,街道,何坊街道
371621,371621101,镇,石庙镇
371621,371621102,镇,桑落墅镇
371621,371621103,镇,淄角镇
371621,371621104,镇,胡集镇
371621,371621105,镇,李庄镇
371621,371621107,镇,麻店镇
371621,371621108,镇,魏集镇
371621,371621109,镇,清河镇
371621,371621111,镇,姜楼镇
371621,371621113,镇,辛店镇
371621,371621114,镇,大年陈镇
371621,371621115,镇,皂户李镇
371622,371622001,街道,信城街道
371622,371622002,街道,金阳街道
371622,371622101,镇,商店镇
371622,371622102,镇,温店镇
371622,371622103,镇,河流镇
371622,371622104,镇,翟王镇
371622,371622105,镇,流坡坞镇
371622,371622106,镇,水落坡镇
371622,371622107,镇,劳店镇
371622,371622204,乡,洋湖乡
371623,371623001,街道,海丰街道
371623,371623002,街道,棣丰街道
371623,371623101,镇,水湾镇
371623,371623102,镇,碣石山镇
371623,371623103,镇,小泊头镇
371623,371623104,镇,埕口镇
371623,371623106,镇,车王镇
371623,371623107,镇,柳堡镇
371623,371623108,镇,佘家镇
371623,371623109,镇,信阳镇
371623,371623110,镇,西小王镇
371623,371623111,镇,马山子镇
371625,371625001,街道,博昌街道
371625,371625002,街道,城东街道
371625,371625003,街道,锦秋街道
371625,371625101,镇,曹王镇
371625,371625102,镇,兴福镇
371625,371625103,镇,陈户镇
371625,371625104,镇,湖滨镇
371625,371625106,镇,店子镇
371625,371625107,镇,吕艺镇
371625,371625108,镇,纯化镇
371625,371625109,镇,庞家镇
371625,371625110,镇,乔庄镇
371681,371681001,街道,黛溪街道
371681,371681002,街道,黄山街道
371681,371681003,街道,高新街道
371681,371681004,街道,好生街道
371681,371681005,街道,西董街道
371681,371681100,镇,长山镇
371681,371681101,镇,魏桥镇
371681,371681102,镇,临池镇
371681,371681103,镇,焦桥镇
371681,371681104,镇,韩店镇
371681,371681105,镇,孙镇
371681,371681106,镇,九户镇
371681,371681107,镇,青阳镇
371681,371681108,镇,明集镇
371681,371681109,镇,台子镇
371681,371681110,镇,码头镇
371702,371702001,街道,东城街道
371702,371702002,街道,西城街道
371702,371702003,街道,南城街道
371702,371702004,街道,北城街道
371702,371702005,街道,牡丹街道
371702,371702009,街道,万福街道
371702,371702010,街道,何楼街道
371702,371702011,街道,丹阳街道
371702,371702012,街道,岳程街道
371702,371702013,街道,佃户屯街道
371702,371702014,街道,皇镇街道
371702,371702100,镇,沙土镇
371702,371702101,镇,吴店镇
371702,371702102,镇,王浩屯镇
371702,371702103,镇,黄堽镇
371702,371702104,镇,都司镇
371702,371702105,镇,高庄镇
371702,371702106,镇,小留镇
371702,371702107,镇,李村镇
371702,371702108,镇,马岭岗镇
371702,371702109,镇,安兴镇
371702,371702110,镇,大黄集镇
371702,371702112,镇,胡集镇
371702,371702113,镇,吕陵镇
371703,371703001,街道,天中街道
371703,371703002,街道,滨河街道
371703,371703101,镇,陈集镇
371703,371703102,镇,冉堌镇
371703,371703103,镇,张湾镇
371703,371703104,镇,黄店镇
371703,371703105,镇,孟海镇
371703,371703106,镇,马集镇
371703,371703107,镇,半堤镇
371703,371703108,镇,仿山镇
371703,371703109,镇,杜堂镇
371703,371703110,镇,南王店镇
371721,371721001,街道,青菏街道
371721,371721002,街道,曹城街道
371721,371721003,街道,磐石街道
371721,371721004,街道,郑庄街道
371721,371721005,街道,倪集街道
371721,371721101,镇,庄寨镇
371721,371721102,镇,普连集镇
371721,371721103,镇,青堌集镇
371721,371721105,镇,韩集镇
371721,371721106,镇,砖庙镇
371721,371721107,镇,古营集镇
371721,371721108,镇,魏湾镇
371721,371721109,镇,侯集回族镇
371721,371721110,镇,苏集镇
371721,371721111,镇,孙老家镇
371721,371721112,镇,阎店楼镇
371721,371721113,镇,梁堤头镇
371721,371721114,镇,安蔡楼镇
371721,371721115,镇,邵庄镇
371721,371721116,镇,王集镇
371721,371721118,镇,青岗集镇
371721,371721120,镇,常乐集镇
371721,371721121,镇,大集镇
371721,371721122,镇,仵楼镇
371721,371721123,镇,楼庄镇
371721,371721124,镇,朱洪庙镇
371722,371722001,街道,南城街道
371722,371722002,街道,北城街道
371722,371722003,街道,园艺街道
371722,371722004,街道,东城街道
371722,371722101,镇,郭村镇
371722,371722102,镇,黄岗镇
371722,371722103,镇,终兴镇
371722,371722105,镇,高韦庄镇
371722,371722106,镇,徐寨镇
371722,371722107,镇,蔡堂镇
371722,371722108,镇,朱集镇
371722,371722109,镇,李新庄镇
371722,371722110,镇,浮岗镇
371722,371722111,镇,莱河镇
371722,371722112,镇,时楼镇
371722,371722113,镇,杨楼镇
371722,371722114,镇,张集镇
371722,371722115,镇,龙王庙镇
371722,371722116,镇,谢集镇
371722,371722117,镇,李田楼镇
371722,371722118,镇,曹庄镇
371722,371722119,镇,高老家镇
371723,371723001,街道,文亭街道
371723,371723002,街道,永昌街道
371723,371723101,镇,大田集镇
371723,371723102,镇,天宫庙镇
371723,371723103,镇,汶上集镇
371723,371723104,镇,南鲁集镇
371723,371723105,镇,伯乐集镇
371723,371723106,镇,苟村集镇
371723,371723107,镇,白浮图镇
371723,371723108,镇,孙寺镇
371723,371723109,镇,九女集镇
371723,371723110,镇,党集镇
371723,371723111,镇,张楼镇
371724,371724001,街道,永丰街道
371724,371724002,街道,凤凰街道
371724,371724101,镇,龙堌镇
371724,371724102,镇,大义镇
371724,371724103,镇,柳林镇
371724,371724104,镇,章缝镇
371724,371724105,镇,大谢集镇
371724,371724106,镇,独山镇
371724,371724107,镇,麒麟镇
371724,371724108,镇,核桃园镇
371724,371724109,镇,田庄镇
371724,371724110,镇,太平镇
371724,371724111,镇,万丰镇
371724,371724112,镇,陶庙镇
371724,371724113,镇,董官屯镇
371724,371724114,镇,田桥镇
371724,371724115,镇,营里镇
371725,371725001,街道,郓州街道
371725,371725002,街道,唐塔街道
371725,371725003,街道,丁里长街道
371725,371725004,街道,张营街道
371725,371725101,镇,黄安镇
371725,371725102,镇,杨庄集镇
371725,371725103,镇,侯咽集镇
371725,371725104,镇,武安镇
371725,371725105,镇,郭屯镇
371725,371725107,镇,玉皇庙镇
371725,371725108,镇,程屯镇
371725,371725109,镇,随官屯镇
371725,371725111,镇,潘渡镇
371725,371725112,镇,双桥镇
371725,371725113,镇,南赵楼镇
371725,371725114,镇,黄泥冈镇
371725,371725115,镇,唐庙镇
371725,371725116,镇,李集镇
371725,371725117,镇,黄集镇
371725,371725118,镇,张鲁集镇
371725,371725208,乡,水堡乡
371725,371725209,乡,陈坡乡
371726,371726001,街道,陈王街道
371726,371726002,街道,古泉街道
371726,371726101,镇,什集镇
371726,371726102,镇,红船镇
371726,371726103,镇,旧城镇
371726,371726104,镇,阎什镇
371726,371726105,镇,箕山镇
371726,371726106,镇,李进士堂镇
371726,371726107,镇,董口镇
371726,371726108,镇,临濮镇
371726,371726109,镇,彭楼镇
371726,371726110,镇,凤凰镇
371726,371726111,镇,郑营镇
371726,371726112,镇,大埝镇
371726,371726113,镇,引马镇
371726,371726114,镇,左营镇
371726,371726115,镇,富春镇
371728,371728001,街道,城关街道
371728,371728002,街道,渔沃街道
371728,371728101,镇,东明集镇
371728,371728102,镇,刘楼镇
371728,371728103,镇,陆圈镇
371728,371728104,镇,马头镇
371728,371728105,镇,三春集镇
371728,371728106,镇,大屯镇
371728,371728107,镇,武胜桥镇
371728,371728108,镇,菜园集镇
371728,371728109,镇,沙窝镇
371728,371728110,镇,小井镇
371728,371728204,乡,长兴集乡
371728,371728205,乡,焦园乡
410102,410102001,街道,林山寨街道
410102,410102002,街道,建设路街道
410102,410102003,街道,棉纺路街道
410102,410102004,街道,秦岭路街道
410102,410102005,街道,桐柏路街道
410102,410102006,街道,三官庙街道
410102,410102007,街道,绿东村街道
410102,410102008,街道,汝河路街道
410102,410102009,街道,航海西路街道
410102,410102010,街道,中原西路街道
410102,410102011,街道,须水街道
410102,410102012,街道,西流湖街道
410102,410102013,街道,柳湖街道
410102,410102014,街道,莲湖街道
410102,410102015,街道,石佛街道
410102,410102200,乡,沟赵乡
410103,410103001,街道,淮河路街道
410103,410103003,街道,铭功路街道
410103,410103004,街道,一马路街道
410103,410103005,街道,蜜蜂张街道
410103,410103006,街道,五里堡街道
410103,410103007,街道,大学路街道
410103,410103008,街道,建中街街道
410103,410103009,街道,福华街街道
410103,410103010,街道,德化街街道
410103,410103011,街道,嵩山路街道
410103,410103012,街道,长江路街道
410103,410103013,街道,京广路街道
410103,410103014,街道,人和路街道
410103,410103015,街道,侯寨街道
410103,410103016,街道,金水源街道
410103,410103017,街道,樱桃沟街道
410103,410103100,镇,马寨镇
410104,410104001,街道,北下街街道
410104,410104002,街道,西大街街道
410104,410104003,街道,南关街道
410104,410104004,街道,城东路街道
410104,410104005,街道,东大街街道
410104,410104006,街道,二里岗街道
410104,410104007,街道,陇海马路街道
410104,410104008,街道,紫荆山南路街道
410104,410104009,街道,航海东路街道
410104,410104010,街道,十八里河街道
410104,410104011,街道,南曹街道
410104,410104012,街道,金岱街道
410104,410104013,街道,圃田街道
410105,410105001,街道,经八路街道
410105,410105002,街道,花园路街道
410105,410105003,街道,人民路街道
410105,410105004,街道,杜岭街道
410105,410105005,街道,大石桥街道
410105,410105006,街道,南阳路街道
410105,410105007,街道,南阳新村街道
410105,410105008,街道,文化路街道
410105,410105009,街道,丰产路街道
410105,410105010,街道,东风路街道
410105,410105011,街道,北林路街道
410105,410105012,街道,未来路街道
410105,410105015,街道,凤凰台街道
410105,410105016,街道,兴达路街道
410105,410105017,街道,国基路街道
410105,410105018,街道,杨金路街道
410105,410105019,街道,丰庆路街道
410105,410105020,街道,祭城路街道
410105,410105021,街道,龙子湖街道
410106,410106001,街道,济源路街道
410106,410106002,街道,中心路街道
410106,410106003,街道,新安路街道
410106,410106004,街道,工业路街道
410106,410106005,街道,矿山街道
410106,410106100,镇,峡窝镇
410108,410108011,街道,新城街道
410108,410108012,街道,刘寨街道
410108,410108013,街道,江山路街道
410108,410108014,街道,长兴路街道
410108,410108015,街道,迎宾路街道
410108,410108016,街道,大河路街道
410108,410108105,镇,古荥镇
410108,410108106,镇,花园口镇
410122,410122001,街道,青年路街道
410122,410122002,街道,东风路街道
410122,410122003,街道,广惠街街道
410122,410122004,街道,大孟街道
410122,410122005,街道,九龙街道
410122,410122006,街道,白沙街道
410122,410122007,街道,刘集街道
410122,410122101,镇,韩寺镇
410122,410122102,镇,官渡镇
410122,410122103,镇,狼城岗镇
410122,410122104,镇,万滩镇
410122,410122106,镇,郑庵镇
410122,410122108,镇,张庄镇
410122,410122109,镇,黄店镇
410122,410122112,镇,八岗镇
410122,410122113,镇,雁鸣湖镇
410122,410122114,镇,三官庙镇
410122,410122115,镇,姚家镇
410122,410122208,乡,刁家乡
410181,410181001,街道,新华路街道
410181,410181002,街道,杜甫路街道
410181,410181003,街道,永安路街道
410181,410181004,街道,紫荆路街道
410181,410181005,街道,孝义街道
410181,410181006,街道,青龙山街道
410181,410181100,镇,米河镇
410181,410181101,镇,新中镇
410181,410181102,镇,小关镇
410181,410181103,镇,竹林镇
410181,410181104,镇,大峪沟镇
410181,410181105,镇,河洛镇
410181,410181106,镇,站街镇
410181,410181108,镇,康店镇
410181,410181111,镇,西村镇
410181,410181112,镇,芝田镇
410181,410181113,镇,回郭镇
410181,410181114,镇,鲁庄镇
410181,410181115,镇,夹津口镇
410181,410181116,镇,涉村镇
410182,410182001,街道,索河街道
410182,410182002,街道,京城路街道
410182,410182003,街道,豫龙街道
410182,410182101,镇,乔楼镇
410182,410182103,镇,广武镇
410182,410182104,镇,王村镇
410182,410182105,镇,汜水镇
410182,410182106,镇,高山镇
410182,410182108,镇,刘河镇
410182,410182109,镇,崔庙镇
410182,410182110,镇,贾峪镇
410182,410182200,乡,城关乡
410182,410182201,乡,高村乡
410182,410182204,民族乡,金寨回族乡
410183,410183001,街道,青屏街街道
410183,410183002,街道,新华路街道
410183,410183003,街道,西大街街道
410183,410183100,镇,城关镇
410183,410183101,镇,米村镇
410183,410183102,镇,牛店镇
410183,410183103,镇,平陌镇
410183,410183104,镇,超化镇
410183,410183105,镇,苟堂镇
410183,410183106,镇,大隗镇
410183,410183107,镇,刘寨镇
410183,410183108,镇,白寨镇
410183,410183109,镇,岳村镇
410183,410183110,镇,来集镇
410183,410183111,镇,曲梁镇
410183,410183112,镇,袁庄镇
410184,410184001,街道,新建路街道
410184,410184002,街道,新华路街道
410184,410184003,街道,新烟街道
410184,410184004,街道,龙湖街道
410184,410184101,镇,新村镇
410184,410184102,镇,辛店镇
410184,410184103,镇,观音寺镇
410184,410184104,镇,梨河镇
410184,410184105,镇,和庄镇
410184,410184106,镇,薛店镇
410184,410184107,镇,孟庄镇
410184,410184108,镇,郭店镇
410184,410184200,乡,城关乡
410184,410184202,乡,八千乡
410184,410184203,乡,龙王乡
410184,410184204,乡,大马乡
410184,410184205,乡,岗李乡
410185,410185001,街道,嵩阳街道
410185,410185002,街道,少林街道
410185,410185003,街道,中岳街道
410185,410185004,街道,卢店街道
410185,410185100,镇,大金店镇
410185,410185101,镇,颍阳镇
410185,410185103,镇,告成镇
410185,410185105,镇,大冶镇
410185,410185106,镇,宣化镇
410185,410185107,镇,徐庄镇
410185,410185108,镇,东华镇
410185,410185109,镇,唐庄镇
410185,410185110,镇,白坪镇
410185,410185203,乡,君召乡
410185,410185204,乡,石道乡
410202,410202001,街道,北书店街道
410202,410202002,街道,午朝门街道
410202,410202003,街道,大兴街道
410202,410202005,街道,北道门街道
410202,410202006,街道,城西街道
410202,410202007,街道,梁苑街道
410202,410202008,街道,杏花营街道
410202,410202009,街道,金耀街道
410202,410202010,街道,金明池街道
410202,410202011,街道,西湖街道
410202,410202200,乡,北郊乡
410202,410202201,乡,柳园口乡
410202,410202202,乡,水稻乡
410203,410203001,街道,清平街道
410203,410203002,街道,铁塔街道
410203,410203003,街道,曹门街道
410203,410203004,街道,宋门街道
410203,410203005,街道,工业街道
410203,410203006,街道,苹果园街道
410203,410203007,街道,东苑街道
410203,410203008,街道,土柏岗街道
410204,410204001,街道,相国寺街道
410204,410204002,街道,新华街道
410204,410204003,街道,卧龙街道
410204,410204004,街道,州桥街道
410204,410204005,街道,西司门街道
410204,410204006,街道,五一街道
410204,410204007,街道,南苑街道
410204,410204008,街道,仙人庄街道
410205,410205001,街道,三里堡街道
410205,410205002,街道,新门关街道
410205,410205003,街道,繁塔街道
410205,410205004,街道,官坊街道
410205,410205005,街道,菜市街道
410205,410205201,乡,南郊乡
410205,410205202,乡,汪屯乡
410212,410212001,街道,城东街道
410212,410212002,街道,兴隆街道
410212,410212101,镇,陈留镇
410212,410212102,镇,仇楼镇
410212,410212103,镇,八里湾镇
410212,410212104,镇,曲兴镇
410212,410212105,镇,朱仙镇
410212,410212106,镇,罗王镇
410212,410212107,镇,西姜寨镇
410212,410212108,镇,杜良镇
410212,410212200,乡,半坡店乡
410212,410212202,乡,刘店乡
410212,410212203,乡,袁坊乡
410212,410212207,乡,万隆乡
410212,410212208,乡,范村乡
410221,410221001,街道,金城街道
410221,410221101,镇,五里河镇
410221,410221102,镇,傅集镇
410221,410221103,镇,圉镇镇
410221,410221104,镇,高阳镇
410221,410221105,镇,葛岗镇
410221,410221106,镇,阳堌镇
410221,410221107,镇,邢口镇
410221,410221200,乡,裴村店乡
410221,410221202,乡,宗店乡
410221,410221203,乡,板木乡
410221,410221204,乡,竹林乡
410221,410221205,乡,官庄乡
410221,410221206,乡,湖岗乡
410221,410221207,乡,苏木乡
410221,410221208,乡,沙沃乡
410221,410221209,乡,平城乡
410221,410221210,乡,泥沟乡
410221,410221211,乡,柿园乡
410221,410221212,乡,西寨乡
410221,410221213,乡,城郊乡
410222,410222001,街道,咸平街道
410222,410222002,街道,许城街道
410222,410222101,镇,竖岗镇
410222,410222102,镇,玉皇庙镇
410222,410222103,镇,四所楼镇
410222,410222104,镇,朱砂镇
410222,410222105,镇,长智镇
410222,410222200,乡,冯庄乡
410222,410222201,乡,孙营乡
410222,410222202,乡,大岗李乡
410222,410222203,乡,邸阁乡
410222,410222204,乡,练城乡
410222,410222205,乡,厉庄乡
410223,410223001,街道,两湖街道
410223,410223101,镇,洧川镇
410223,410223102,镇,朱曲镇
410223,410223103,镇,蔡庄镇
410223,410223104,镇,永兴镇
410223,410223105,镇,张市镇
410223,410223106,镇,十八里镇
410223,410223107,镇,水坡镇
410223,410223108,镇,大营镇
410223,410223109,镇,庄头镇
410223,410223200,乡,邢庄乡
410223,410223205,乡,门楼任乡
410223,410223206,乡,大桥乡
410223,410223207,乡,南曹乡
410223,410223208,乡,小陈乡
410225,410225001,街道,兰阳街道
410225,410225002,街道,桐乡街道
410225,410225003,街道,惠安街道
410225,410225101,镇,堌阳镇
410225,410225102,镇,南彰镇
410225,410225103,镇,考城镇
410225,410225104,镇,红庙镇
410225,410225105,镇,谷营镇
410225,410225106,镇,东坝头镇
410225,410225107,镇,小宋镇
410225,410225108,镇,仪封镇
410225,410225109,镇,许河镇
410225,410225201,乡,三义寨乡
410225,410225206,乡,孟寨乡
410225,410225208,乡,葡萄架乡
410225,410225209,乡,阎楼乡
410302,410302001,街道,西关街道
410302,410302002,街道,西南隅街道
410302,410302003,街道,西北隅街道
410302,410302004,街道,东南隅街道
410302,410302005,街道,东北隅街道
410302,410302006,街道,南关街道
410302,410302007,街道,洛浦街道
410302,410302008,街道,邙山街道
410303,410303001,街道,王城路街道
410303,410303002,街道,金谷园街道
410303,410303003,街道,西工街道
410303,410303004,街道,邙岭路街道
410303,410303005,街道,道北路街道
410303,410303006,街道,唐宫路街道
410303,410303007,街道,汉屯路街道
410303,410303008,街道,凯旋东路街道
410303,410303009,街道,红山街道
410303,410303010,街道,洛北街道
410304,410304001,街道,东关街道
410304,410304002,街道,瀍西街道
410304,410304003,街道,五股路街道
410304,410304004,街道,北窑街道
410304,410304005,街道,塔湾街道
410304,410304006,街道,杨文街道
410304,410304007,街道,华林街道
410304,410304008,街道,问礼街道
410305,410305001,街道,湖北路街道
410305,410305002,街道,天津路街道
410305,410305003,街道,长春路街道
410305,410305004,街道,南昌路街道
410305,410305005,街道,长安路街道
410305,410305006,街道,重庆路街道
410305,410305007,街道,郑州路街道
410305,410305008,街道,武汉路街道
410305,410305009,街道,徐家营街道
410305,410305010,街道,珠江路街道
410305,410305011,街道,周山路街道
410305,410305012,街道,工农街道
410305,410305013,街道,瀛洲街道
410307,410307004,街道,首阳山街道
410307,410307005,街道,商城街道
410307,410307006,街道,槐新街道
410307,410307007,街道,伊洛街道
410307,410307103,镇,翟镇镇
410307,410307104,镇,岳滩镇
410307,410307105,镇,顾县镇
410307,410307106,镇,缑氏镇
410307,410307107,镇,府店镇
410307,410307108,镇,高龙镇
410307,410307109,镇,山化镇
410307,410307110,镇,大口镇
410307,410307111,镇,邙岭镇
410308,410308004,街道,西霞院街道
410308,410308005,街道,康乐街道
410308,410308006,街道,吉利街道
410308,410308007,街道,河阳街道
410308,410308008,街道,河图街道
410308,410308009,街道,河源街道
410308,410308101,镇,会盟镇
410308,410308102,镇,平乐镇
410308,410308103,镇,送庄镇
410308,410308104,镇,白鹤镇
410308,410308105,镇,朝阳镇
410308,410308106,镇,麻屯镇
410308,410308107,镇,马屯镇
410308,410308108,镇,横水镇
410308,410308109,镇,常袋镇
410311,410311001,街道,定鼎门街道
410311,410311002,街道,开元路街道
410311,410311003,街道,关林街道
410311,410311004,街道,太康东路街道
410311,410311005,街道,古城街道
410311,410311006,街道,科技园街道
410311,410311007,街道,龙门街道
410311,410311008,街道,龙门石窟街道
410311,410311009,街道,翠云路街道
410311,410311010,街道,辛店街道
410311,410311011,街道,李村街道
410311,410311012,街道,李楼街道
410311,410311013,街道,安乐街道
410311,410311014,街道,丰李街道
410311,410311103,镇,白马寺镇
410311,410311107,镇,寇店镇
410311,410311109,镇,诸葛镇
410311,410311110,镇,庞村镇
410311,410311111,镇,佃庄镇
410323,410323001,街道,汉关街道
410323,410323101,镇,石寺镇
410323,410323102,镇,五头镇
410323,410323103,镇,磁涧镇
410323,410323104,镇,铁门镇
410323,410323105,镇,北冶镇
410323,410323106,镇,南李村镇
410323,410323107,镇,仓头镇
410323,410323108,镇,石井镇
410323,410323109,镇,正村镇
410323,410323110,镇,青要山镇
410324,410324001,街道,耕莘街道
410324,410324101,镇,赤土店镇
410324,410324102,镇,合峪镇
410324,410324103,镇,潭头镇
410324,410324104,镇,三川镇
410324,410324105,镇,冷水镇
410324,410324106,镇,陶湾镇
410324,410324107,镇,石庙镇
410324,410324108,镇,庙子镇
410324,410324109,镇,狮子庙镇
410324,410324110,镇,白土镇
410324,410324111,镇,叫河镇
410324,410324200,乡,栾川乡
410324,410324203,乡,秋扒乡
410325,410325100,镇,城关镇
410325,410325101,镇,田湖镇
410325,410325102,镇,旧县镇
410325,410325103,镇,车村镇
410325,410325104,镇,闫庄镇
410325,410325107,镇,德亭镇
410325,410325108,镇,大章镇
410325,410325109,镇,白河镇
410325,410325110,镇,纸房镇
410325,410325111,镇,饭坡镇
410325,410325112,镇,九皋镇
410325,410325113,镇,陆浑镇
410325,410325114,镇,何村镇
410325,410325201,乡,大坪乡
410325,410325209,乡,黄庄乡
410325,410325210,乡,木植街乡
410326,410326100,镇,城关镇
410326,410326101,镇,上店镇
410326,410326102,镇,付店镇
410326,410326103,镇,小店镇
410326,410326104,镇,刘店镇
410326,410326105,镇,内埠镇
410326,410326106,镇,三屯镇
410326,410326107,镇,陶营镇
410326,410326108,镇,柏树镇
410326,410326202,乡,十八盘乡
410326,410326203,乡,靳村乡
410326,410326204,乡,王坪乡
410326,410326209,乡,蔡店乡
410327,410327001,街道,兴宜街道
410327,410327102,镇,柳泉镇
410327,410327103,镇,韩城镇
410327,410327104,镇,白杨镇
410327,410327105,镇,香鹿山镇
410327,410327106,镇,锦屏镇
410327,410327107,镇,三乡镇
410327,410327108,镇,张坞镇
410327,410327109,镇,莲庄镇
410327,410327111,镇,赵保镇
410327,410327112,镇,樊村镇
410327,410327113,镇,高村镇
410327,410327114,镇,董王庄镇
410327,410327115,镇,盐镇镇
410327,410327208,乡,花果山乡
410327,410327209,乡,上观乡
410328,410328001,街道,永宁街道
410328,410328101,镇,王范回族镇
410328,410328102,镇,上戈镇
410328,410328103,镇,下峪镇
410328,410328104,镇,河底镇
410328,410328105,镇,兴华镇
410328,410328106,镇,东宋镇
410328,410328107,镇,马店镇
410328,410328108,镇,故县镇
410328,410328109,镇,赵村镇
410328,410328110,镇,长水镇
410328,410328111,镇,景阳镇
410328,410328112,镇,凤翼镇
410328,410328113,镇,小界镇
410328,410328209,乡,罗岭乡
410328,410328213,乡,底张乡
410328,410328216,乡,陈吴乡
410328,410328217,乡,涧口乡
410329,410329001,街道,城关街道
410329,410329002,街道,河滨街道
410329,410329101,镇,鸣皋镇
410329,410329102,镇,水寨镇
410329,410329103,镇,彭婆镇
410329,410329104,镇,白沙镇
410329,410329105,镇,江左镇
410329,410329106,镇,高山镇
410329,410329107,镇,吕店镇
410329,410329108,镇,半坡镇
410329,410329109,镇,酒后镇
410329,410329110,镇,白元镇
410329,410329111,镇,葛寨镇
410329,410329112,镇,鸦岭镇
410329,410329203,乡,平等乡
410402,410402001,街道,曙光街街道
410402,410402002,街道,光明路街道
410402,410402003,街道,中兴路街道
410402,410402004,街道,矿工路街道
410402,410402005,街道,西市场街道
410402,410402006,街道,新新街街道
410402,410402007,街道,青石山街道
410402,410402008,街道,湛河北路街道
410402,410402009,街道,湖滨路街道
410402,410402010,街道,西高皇街道
410402,410402100,镇,焦店镇
410402,410402101,镇,滍阳镇
410403,410403001,街道,东安路街道
410403,410403002,街道,优越路街道
410403,410403003,街道,五一路街道
410403,410403004,街道,建设路街道
410403,410403005,街道,东环路街道
410403,410403006,街道,东工人镇街道
410403,410403007,街道,光华路街道
410403,410403008,街道,鸿鹰街道
410403,410403009,街道,皇台街道
410403,410403010,街道,北环路街道
410403,410403011,街道,东高皇街道
410403,410403012,街道,蒲城街道
410403,410403013,街道,申楼街道
410404,410404001,街道,高庄街道
410404,410404002,街道,龙兴街道
410404,410404003,街道,人民路街道
410404,410404004,街道,龙河街道
410411,410411001,街道,马庄街道
410411,410411002,街道,南环路街道
410411,410411003,街道,姚孟街道
410411,410411004,街道,九里山街道
410411,410411005,街道,轻工路街道
410411,410411006,街道,高阳路街道
410411,410411007,街道,北渡街道
410411,410411008,街道,荆山街道
410411,410411009,街道,河滨街道
410411,410411200,乡,曹镇乡
410421,410421001,街道,文峰街道
410421,410421002,街道,父城街道
410421,410421101,镇,周庄镇
410421,410421102,镇,闹店镇
410421,410421103,镇,石桥镇
410421,410421104,镇,商酒务镇
410421,410421105,镇,大营镇
410421,410421106,镇,张八桥镇
410421,410421108,镇,赵庄镇
410421,410421200,乡,肖旗乡
410421,410421202,乡,前营乡
410421,410421204,乡,李庄乡
410422,410422001,街道,昆阳街道
410422,410422002,街道,九龙街道
410422,410422003,街道,盐都街道
410422,410422101,镇,任店镇
410422,410422102,镇,保安镇
410422,410422103,镇,仙台镇
410422,410422104,镇,遵化店镇
410422,410422105,镇,叶邑镇
410422,410422106,镇,廉村镇
410422,410422107,镇,常村镇
410422,410422108,镇,辛店镇
410422,410422109,镇,洪庄杨镇
410422,410422110,镇,龚店镇
410422,410422111,镇,龙泉镇
410422,410422201,乡,夏李乡
410422,410422203,民族乡,马庄回族乡
410422,410422204,乡,田庄乡
410422,410422208,乡,水寨乡
410422,410422210,乡,邓李乡
410423,410423001,街道,露峰街道
410423,410423002,街道,琴台街道
410423,410423003,街道,鲁阳街道
410423,410423004,街道,汇源街道
410423,410423101,镇,下汤镇
410423,410423102,镇,梁洼镇
410423,410423103,镇,张官营镇
410423,410423104,镇,张良镇
410423,410423105,镇,尧山镇
410423,410423106,镇,赵村镇
410423,410423107,镇,瓦屋镇
410423,410423108,镇,辛集镇
410423,410423201,乡,四棵树乡
410423,410423202,乡,团城乡
410423,410423203,乡,熊背乡
410423,410423204,乡,瀼河乡
410423,410423206,乡,观音寺乡
410423,410423208,乡,背孜乡
410423,410423209,乡,仓头乡
410423,410423210,乡,董周乡
410423,410423211,乡,张店乡
410423,410423213,乡,磙子营乡
410423,410423214,乡,马楼乡
410423,410423215,乡,昭平台库区乡
410425,410425001,街道,龙山街道
410425,410425002,街道,东城街道
410425,410425101,镇,冢头镇
410425,410425102,镇,安良镇
410425,410425103,镇,堂街镇
410425,410425104,镇,薛店镇
410425,410425105,镇,长桥镇
410425,410425106,镇,茨芭镇
410425,410425107,镇,黄道镇
410425,410425108,镇,李口镇
410425,410425200,乡,王集乡
410425,410425202,民族乡,姚庄回族乡
410425,410425203,乡,白庙乡
410425,410425204,乡,广阔天地乡
410425,410425205,乡,渣园乡
410481,410481001,街道,垭口街道
410481,410481002,街道,寺坡街道
410481,410481003,街道,朱兰街道
410481,410481004,街道,院岭街道
410481,410481005,街道,矿建街道
410481,410481006,街道,铁山街道
410481,410481100,镇,尚店镇
410481,410481101,镇,八台镇
410481,410481102,镇,尹集镇
410481,410481103,镇,枣林镇
410481,410481202,乡,庙街乡
410481,410481204,乡,武功乡
410481,410481205,乡,杨庄乡
410482,410482001,街道,钟楼街道
410482,410482002,街道,风穴路街道
410482,410482003,街道,煤山街道
410482,410482004,街道,洗耳河街道
410482,410482005,街道,汝南街道
410482,410482006,街道,紫云路街道
410482,410482007,街道,骑岭街道
410482,410482101,镇,寄料镇
410482,410482102,镇,温泉镇
410482,410482103,镇,临汝镇
410482,410482104,镇,小屯镇
410482,410482105,镇,杨楼镇
410482,410482106,镇,蟒川镇
410482,410482107,镇,庙下镇
410482,410482108,镇,陵头镇
410482,410482109,镇,米庙镇
410482,410482110,镇,纸坊镇
410482,410482111,镇,大峪镇
410482,410482112,镇,夏店镇
410482,410482113,镇,焦村镇
410482,410482202,乡,王寨乡
410502,410502001,街道,东大街街道
410502,410502002,街道,头二三道街街道
410502,410502003,街道,甜水井街街道
410502,410502004,街道,东关街道
410502,410502005,街道,南关街道
410502,410502006,街道,西大街街道
410502,410502007,街道,西关街道
410502,410502008,街道,北大街街道
410502,410502009,街道,紫薇大道街道
410502,410502010,街道,光华路街道
410502,410502011,街道,中华路街道
410502,410502012,街道,永明路街道
410502,410502013,街道,峨嵋大街街道
410502,410502014,街道,银杏大街街道
410502,410502015,街道,商颂大街街道
410502,410502100,镇,宝莲寺镇
410503,410503001,街道,红旗路街道
410503,410503003,街道,解放路街道
410503,410503004,街道,灯塔路街道
410503,410503005,街道,豆腐营街道
410503,410503006,街道,洹北街道
410503,410503011,街道,曙光路街道
410503,410503012,街道,民航路街道
410503,410503013,街道,彰东街道
410503,410503014,街道,彰北街道
410503,410503100,镇,柏庄镇
410505,410505001,街道,梅园庄街道
410505,410505002,街道,李珍街道
410505,410505003,街道,水冶街道
410505,410505005,街道,铁西路街道
410505,410505006,街道,电厂路街道
410505,410505008,街道,清风街街道
410505,410505009,街道,纱厂路街道
410505,410505010,街道,北蒙街道
410505,410505011,街道,相台街道
410505,410505100,镇,曲沟镇
410505,410505101,镇,水冶镇
410505,410505200,乡,西郊乡
410506,410506001,街道,文昌大道街道
410506,410506002,街道,田村街道
410506,410506003,街道,彰武街道
410506,410506004,街道,文明大道街道
410506,410506005,街道,太行小区街道
410506,410506006,街道,中州路街道
410506,410506100,镇,龙泉镇
410506,410506101,镇,马投涧镇
410506,410506102,镇,善应镇
410506,410506203,乡,东风乡
410506,410506204,乡,马家乡
410522,410522102,镇,铜冶镇
410522,410522106,镇,白璧镇
410522,410522108,镇,吕村镇
410522,410522109,镇,伦掌镇
410522,410522110,镇,崔家桥镇
410522,410522111,镇,辛村镇
410522,410522113,镇,韩陵镇
410522,410522114,镇,永和镇
410522,410522115,镇,都里镇
410522,410522116,镇,高庄镇
410522,410522117,镇,瓦店镇
410522,410522203,乡,磊口乡
410522,410522204,乡,许家沟乡
410522,410522210,乡,安丰乡
410522,410522211,乡,洪河屯乡
410522,410522216,乡,北郭乡
410523,410523100,镇,城关镇
410523,410523101,镇,菜园镇
410523,410523102,镇,任固镇
410523,410523103,镇,五陵镇
410523,410523104,镇,宜沟镇
410523,410523105,镇,白营镇
410523,410523106,镇,伏道镇
410523,410523107,镇,古贤镇
410523,410523108,镇,韩庄镇
410523,410523109,镇,瓦岗镇
410526,410526001,街道,道口镇街道
410526,410526002,街道,城关街道
410526,410526003,街道,锦和街道
410526,410526102,镇,白道口镇
410526,410526103,镇,留固镇
410526,410526104,镇,上官镇
410526,410526105,镇,牛屯镇
410526,410526106,镇,万古镇
410526,410526107,镇,高平镇
410526,410526108,镇,王庄镇
410526,410526109,镇,老店镇
410526,410526110,镇,慈周寨镇
410526,410526111,镇,焦虎镇
410526,410526112,镇,四间房镇
410526,410526113,镇,八里营镇
410526,410526114,镇,赵营镇
410526,410526115,镇,半坡店镇
410526,410526116,镇,大寨镇
410526,410526117,镇,小铺镇
410526,410526200,乡,枣村乡
410526,410526205,乡,桑村乡
410526,410526206,乡,老爷庙乡
410526,410526209,乡,瓦岗寨乡
410527,410527001,街道,繁阳街道
410527,410527002,街道,龙庆街道
410527,410527101,镇,东庄镇
410527,410527102,镇,井店镇
410527,410527103,镇,梁庄镇
410527,410527104,镇,后河镇
410527,410527105,镇,楚旺镇
410527,410527106,镇,田氏镇
410527,410527107,镇,二安镇
410527,410527108,镇,亳城镇
410527,410527109,镇,豆公镇
410527,410527110,镇,中召镇
410527,410527111,镇,六村镇
410527,410527201,乡,马上乡
410527,410527202,乡,高堤乡
410527,410527207,乡,宋村乡
410527,410527209,乡,石盘屯乡
410581,410581001,街道,振林街道
410581,410581002,街道,桂园街道
410581,410581003,街道,开元街道
410581,410581004,街道,龙山街道
410581,410581101,镇,合涧镇
410581,410581102,镇,临淇镇
410581,410581103,镇,东姚镇
410581,410581104,镇,横水镇
410581,410581105,镇,河顺镇
410581,410581106,镇,任村镇
410581,410581107,镇,姚村镇
410581,410581108,镇,陵阳镇
410581,410581109,镇,原康镇
410581,410581110,镇,五龙镇
410581,410581111,镇,采桑镇
410581,410581112,镇,东岗镇
410581,410581113,镇,桂林镇
410581,410581114,镇,茶店镇
410581,410581115,镇,石板岩镇
410581,410581116,镇,黄华镇
410602,410602001,街道,中山北路街道
410602,410602002,街道,中山路街道
410602,410602003,街道,新华街街道
410602,410602004,街道,鹤山街街道
410602,410602005,街道,九矿广场街道
410602,410602100,镇,鹤壁集镇
410602,410602201,乡,姬家山乡
410603,410603001,街道,红旗街街道
410603,410603002,街道,长风中路街道
410603,410603003,街道,山城路街道
410603,410603004,街道,汤河桥街道
410603,410603005,街道,鹿楼街道
410603,410603006,街道,宝山街道
410603,410603007,街道,大胡街道
410603,410603100,镇,石林镇
410611,410611003,街道,金山街道
410611,410611004,街道,九州路街道
410611,410611006,街道,黎阳路街道
410611,410611007,街道,长江路街道
410611,410611008,街道,泰山路街道
410611,410611100,镇,大赉店镇
410611,410611101,镇,钜桥镇
410611,410611200,乡,上峪乡
410611,410611201,乡,大河涧乡
410621,410621001,街道,黎阳街道
410621,410621003,街道,卫溪街道
410621,410621004,街道,浚州街道
410621,410621005,街道,伾山街道
410621,410621101,镇,善堂镇
410621,410621102,镇,屯子镇
410621,410621103,镇,王庄镇
410621,410621104,镇,新镇镇
410621,410621105,镇,小河镇
410621,410621107,镇,卫贤镇
410621,410621108,镇,白寺镇
410622,410622001,街道,朝歌街道
410622,410622002,街道,桥盟街道
410622,410622003,街道,卫都街道
410622,410622004,街道,灵山街道
410622,410622101,镇,高村镇
410622,410622102,镇,北阳镇
410622,410622103,镇,西岗镇
410622,410622104,镇,庙口镇
410622,410622202,乡,黄洞乡
410702,410702001,街道,西街街道
410702,410702002,街道,东街街道
410702,410702003,街道,渠东街道
410702,410702007,街道,文化街街道
410702,410702009,街道,向阳街道
410702,410702010,街道,振中街街道
410702,410702011,街道,纬七路街道
410702,410702100,镇,洪门镇
410702,410702101,镇,小店镇
410702,410702102,镇,关堤镇
410703,410703001,街道,胜利路街道
410703,410703002,街道,解放路街道
410703,410703003,街道,中同街街道
410703,410703004,街道,健康路街道
410703,410703007,街道,自由路街道
410703,410703008,街道,南桥街道
410703,410703009,街道,铁西街道
410703,410703100,镇,平原镇
410704,410704001,街道,宝山西路街道
410704,410704002,街道,宝山东路街道
410704,410704100,镇,大块镇
410704,410704101,镇,耿黄镇
410704,410704200,乡,潞王坟乡
410711,410711001,街道,卫北街道
410711,410711002,街道,新辉路街道
410711,410711003,街道,荣校路街道
410711,410711004,街道,北干道街道
410711,410711005,街道,花园街道
410711,410711006,街道,东干道街道
410711,410711007,街道,和平路街道
410711,410711100,镇,王村镇
410711,410711101,镇,牧野镇
410721,410721101,镇,翟坡镇
410721,410721102,镇,小冀镇
410721,410721103,镇,七里营镇
410721,410721104,镇,朗公庙镇
410721,410721105,镇,古固寨镇
410721,410721107,镇,大召营镇
410721,410721200,乡,合河乡
410724,410724100,镇,城关镇
410724,410724101,镇,照镜镇
410724,410724102,镇,黄堤镇
410724,410724103,镇,中和镇
410724,410724104,镇,徐营镇
410724,410724105,镇,冯庄镇
410724,410724106,镇,亢村镇
410724,410724107,镇,史庄镇
410724,410724108,镇,太山镇
410724,410724200,乡,位庄乡
410724,410724203,乡,大新庄乡
410725,410725001,街道,龙源街道
410725,410725002,街道,原兴街道
410725,410725003,街道,阳和街道
410725,410725102,镇,师寨镇
410725,410725103,镇,齐街镇
410725,410725104,镇,太平镇
410725,410725105,镇,福宁集镇
410725,410725106,镇,韩董庄镇
410725,410725107,镇,原武镇
410725,410725108,镇,官厂镇
410725,410725109,镇,大宾镇
410725,410725110,镇,路寨镇
410725,410725111,镇,阳阿镇
410725,410725200,乡,葛埠口乡
410725,410725206,乡,蒋庄乡
410725,410725211,乡,陡门乡
410725,410725218,乡,靳堂乡
410725,410725219,乡,祝楼乡
410725,410725220,乡,桥北乡
410726,410726002,街道,文岩街道
410726,410726003,街道,潭龙街道
410726,410726004,街道,塔铺街道
410726,410726102,镇,丰庄镇
410726,410726103,镇,东屯镇
410726,410726104,镇,石婆固镇
410726,410726105,镇,王楼镇
410726,410726200,乡,僧固乡
410726,410726203,乡,魏邱乡
410726,410726204,乡,司寨乡
410726,410726207,乡,马庄乡
410726,410726209,乡,胙城乡
410726,410726210,乡,榆林乡
410727,410727100,镇,城关镇
410727,410727101,镇,黄陵镇
410727,410727102,镇,黄德镇
410727,410727103,镇,应举镇
410727,410727104,镇,陈桥镇
410727,410727105,镇,赵岗镇
410727,410727106,镇,留光镇
410727,410727107,镇,潘店镇
410727,410727108,镇,鲁岗镇
410727,410727109,镇,陈固镇
410727,410727110,镇,李庄镇
410727,410727111,镇,居厢镇
410727,410727112,镇,尹岗镇
410727,410727113,镇,荆隆宫镇
410727,410727200,乡,城关乡
410727,410727201,民族乡,荆乡回族乡
410727,410727202,乡,王村乡
410727,410727215,乡,曹岗乡
410727,410727219,乡,冯村乡
410781,410781100,镇,汲水镇
410781,410781101,镇,太公镇
410781,410781102,镇,孙杏村镇
410781,410781103,镇,后河镇
410781,410781104,镇,李源屯镇
410781,410781105,镇,唐庄镇
410781,410781106,镇,上乐村镇
410781,410781201,乡,狮豹头乡
410781,410781203,乡,安都乡
410781,410781204,乡,顿坊店乡
410781,410781205,乡,柳庄乡
410781,410781206,乡,庞寨乡
410781,410781208,乡,城郊乡
410782,410782001,街道,胡桥街道
410782,410782002,街道,城关街道
410782,410782101,镇,薄壁镇
410782,410782102,镇,峪河镇
410782,410782103,镇,百泉镇
410782,410782104,镇,孟庄镇
410782,410782105,镇,常村镇
410782,410782106,镇,吴村镇
410782,410782107,镇,南村镇
410782,410782108,镇,南寨镇
410782,410782109,镇,上八里镇
410782,410782110,镇,北云门镇
410782,410782111,镇,占城镇
410782,410782112,镇,冀屯镇
410782,410782113,镇,赵固镇
410782,410782200,乡,黄水乡
410782,410782201,乡,拍石头乡
410782,410782202,乡,高庄乡
410782,410782203,乡,张村乡
410782,410782207,乡,洪洲乡
410782,410782210,乡,西平罗乡
410782,410782212,乡,沙窑乡
410783,410783001,街道,蒲东街道
410783,410783002,街道,蒲北街道
410783,410783003,街道,南蒲街道
410783,410783004,街道,蒲西街道
410783,410783005,街道,魏庄街道
410783,410783006,街道,孟岗街道
410783,410783100,镇,丁栾镇
410783,410783101,镇,樊相镇
410783,410783102,镇,恼里镇
410783,410783103,镇,赵堤镇
410783,410783104,镇,常村镇
410783,410783106,镇,满村镇
410783,410783107,镇,苗寨镇
410783,410783108,镇,张三寨镇
410783,410783109,镇,方里镇
410783,410783110,镇,佘家镇
410783,410783200,乡,芦岗乡
410783,410783201,乡,武邱乡
410802,410802001,街道,民生街道
410802,410802002,街道,民主街道
410802,410802003,街道,新华街道
410802,410802004,街道,焦西街道
410802,410802005,街道,焦南街道
410802,410802006,街道,焦北街道
410802,410802007,街道,七百间街道
410802,410802008,街道,上白作街道
410802,410802009,街道,王褚街道
410803,410803001,街道,李封街道
410803,410803002,街道,王封街道
410803,410803003,街道,朱村街道
410803,410803004,街道,冯封街道
410803,410803005,街道,龙洞街道
410803,410803006,街道,月山街道
410803,410803007,街道,丹河街道
410803,410803008,街道,府城街道
410803,410803009,街道,许衡街道
410803,410803010,街道,龙翔街道
410804,410804001,街道,马村街道
410804,410804002,街道,武王街道
410804,410804003,街道,冯营街道
410804,410804004,街道,九里山街道
410804,410804005,街道,待王街道
410804,410804006,街道,安阳城街道
410804,410804007,街道,演马街道
410811,410811001,街道,东方红街道
410811,410811002,街道,焦东街道
410811,410811003,街道,百间房街道
410811,410811004,街道,太行街道
410811,410811005,街道,艺新街道
410811,410811006,街道,光亚街道
410811,410811007,街道,定和街道
410811,410811008,街道,新城街道
410811,410811009,街道,中星街道
410811,410811010,街道,李万街道
410811,410811011,街道,文苑街道
410811,410811012,街道,文昌街道
410811,410811100,镇,阳庙镇
410811,410811101,镇,宁郭镇
410811,410811200,乡,苏家作乡
410821,410821100,镇,城关镇
410821,410821101,镇,七贤镇
410821,410821102,镇,郇封镇
410821,410821103,镇,周庄镇
410821,410821104,镇,云台山镇
410821,410821202,乡,王屯乡
410821,410821204,乡,五里源乡
410821,410821206,乡,西村乡
410822,410822001,街道,清化镇街道
410822,410822002,街道,鸿昌街道
410822,410822101,镇,柏山镇
410822,410822102,镇,月山镇
410822,410822103,镇,许良镇
410822,410822105,镇,磨头镇
410822,410822106,镇,孝敬镇
410822,410822200,乡,寨豁乡
410822,410822203,乡,金城乡
410823,410823001,街道,木城街道
410823,410823002,街道,龙源街道
410823,410823003,街道,龙泉街道
410823,410823004,街道,木栾街道
410823,410823101,镇,詹店镇
410823,410823102,镇,西陶镇
410823,410823103,镇,谢旗营镇
410823,410823104,镇,大封镇
410823,410823105,镇,乔庙镇
410823,410823107,镇,圪垱店镇
410823,410823108,镇,嘉应观镇
410823,410823203,乡,三阳乡
410823,410823204,乡,小董乡
410823,410823205,乡,大虹桥乡
410823,410823206,乡,北郭乡
410825,410825001,街道,温泉街道
410825,410825002,街道,岳村街道
410825,410825003,街道,张羌街道
410825,410825004,街道,黄河街道
410825,410825101,镇,祥云镇
410825,410825102,镇,番田镇
410825,410825104,镇,黄庄镇
410825,410825106,镇,赵堡镇
410825,410825108,镇,武德镇
410825,410825201,乡,招贤乡
410825,410825203,乡,北冷乡
410882,410882001,街道,覃怀街道
410882,410882002,街道,怀庆街道
410882,410882003,街道,太行街道
410882,410882004,街道,沁园街道
410882,410882100,镇,崇义镇
410882,410882101,镇,西向镇
410882,410882102,镇,西万镇
410882,410882103,镇,柏香镇
410882,410882104,镇,山王庄镇
410882,410882105,镇,紫陵镇
410882,410882200,乡,常平乡
410882,410882201,乡,王召乡
410882,410882205,乡,王曲乡
410883,410883001,街道,大定街道
410883,410883002,街道,会昌街道
410883,410883003,街道,河雍街道
410883,410883004,街道,河阳街道
410883,410883101,镇,化工镇
410883,410883102,镇,南庄镇
410883,410883104,镇,城伯镇
410883,410883105,镇,谷旦镇
410883,410883107,镇,西虢镇
410883,410883108,镇,赵和镇
410883,410883201,乡,槐树乡
410902,410902001,街道,中原路街道
410902,410902002,街道,胜利路街道
410902,410902003,街道,建设路街道
410902,410902004,街道,人民路街道
410902,410902005,街道,大庆路街道
410902,410902006,街道,黄河路街道
410902,410902007,街道,任丘路街道
410902,410902008,街道,濮东街道
410902,410902009,街道,昆吾街道
410902,410902010,街道,长庆路街道
410902,410902011,街道,皇甫街道
410902,410902012,街道,开州街道
410902,410902013,街道,濮上街道
410902,410902014,街道,昌湖街道
410902,410902100,镇,王助镇
410902,410902101,镇,岳村镇
410902,410902203,乡,孟轲乡
410902,410902204,乡,胡村乡
410922,410922100,镇,城关镇
410922,410922101,镇,马庄桥镇
410922,410922102,镇,瓦屋头镇
410922,410922103,镇,柳格镇
410922,410922104,镇,仙庄镇
410922,410922105,镇,韩村镇
410922,410922106,镇,阳邵镇
410922,410922107,镇,固城镇
410922,410922108,镇,六塔镇
410922,410922202,乡,巩营乡
410922,410922203,乡,马村乡
410922,410922204,乡,高堡乡
410922,410922205,乡,古城乡
410922,410922206,乡,大流乡
410922,410922208,乡,大屯乡
410922,410922212,乡,双庙乡
410922,410922213,乡,纸房乡
410923,410923100,镇,城关镇
410923,410923101,镇,韩张镇
410923,410923102,镇,元村镇
410923,410923103,镇,福堪镇
410923,410923104,镇,张果屯镇
410923,410923105,镇,千口镇
410923,410923106,镇,谷金楼镇
410923,410923107,镇,近德固镇
410923,410923200,乡,杨村乡
410923,410923205,乡,西邵乡
410923,410923206,乡,寺庄乡
410923,410923207,乡,梁村乡
410926,410926100,镇,城关镇
410926,410926101,镇,濮城镇
410926,410926102,镇,龙王庄镇
410926,410926103,镇,高码头镇
410926,410926104,镇,王楼镇
410926,410926105,镇,辛庄镇
410926,410926106,镇,陈庄镇
410926,410926107,镇,张庄镇
410926,410926108,镇,白衣阁镇
410926,410926201,乡,杨集乡
410926,410926205,乡,颜村铺乡
410926,410926208,乡,陆集乡
410927,410927100,镇,城关镇
410927,410927101,镇,侯庙镇
410927,410927102,镇,孙口镇
410927,410927103,镇,打渔陈镇
410927,410927104,镇,吴坝镇
410927,410927105,镇,马楼镇
410927,410927106,镇,后方镇
410927,410927201,乡,清水河乡
410927,410927205,乡,夹河乡
410928,410928100,镇,城关镇
410928,410928101,镇,柳屯镇
410928,410928102,镇,文留镇
410928,410928103,镇,庆祖镇
410928,410928104,镇,八公桥镇
410928,410928105,镇,户部寨镇
410928,410928106,镇,徐镇镇
410928,410928107,镇,鲁河镇
410928,410928108,镇,子岸镇
410928,410928109,镇,胡状镇
410928,410928110,镇,王称堌镇
410928,410928111,镇,新习镇
410928,410928112,镇,梁庄镇
410928,410928202,乡,清河头乡
410928,410928206,乡,白堽乡
410928,410928207,乡,梨园乡
410928,410928208,乡,五星乡
410928,410928211,乡,郎中乡
410928,410928212,乡,海通乡
410928,410928213,乡,渠村乡
410928,410928214,乡,习城乡
411002,411002001,街道,西大街街道
411002,411002002,街道,东大街街道
411002,411002003,街道,西关街道
411002,411002004,街道,南关街道
411002,411002005,街道,北大街街道
411002,411002006,街道,五一路街道
411002,411002007,街道,丁庄街道
411002,411002008,街道,灞陵街道
411002,411002009,街道,颍昌街道
411002,411002010,街道,高桥营街道
411002,411002011,街道,文峰街道
411002,411002012,街道,新兴街道
411002,411002013,街道,魏北街道
411002,411002014,街道,半截河街道
411002,411002015,街道,天宝路街道
411003,411003001,街道,新元街道
411003,411003002,街道,许由街道
411003,411003003,街道,邓庄街道
411003,411003004,街道,长村张街道
411003,411003005,街道,小召街道
411003,411003100,镇,将官池镇
411003,411003101,镇,五女店镇
411003,411003102,镇,尚集镇
411003,411003103,镇,苏桥镇
411003,411003104,镇,蒋李集镇
411003,411003105,镇,张潘镇
411003,411003106,镇,灵井镇
411003,411003200,乡,陈曹乡
411003,411003203,乡,河街乡
411003,411003204,乡,桂村乡
411003,411003205,乡,椹涧乡
411003,411003206,乡,榆林乡
411003,411003208,民族乡,艾庄回族乡
411024,411024100,镇,安陵镇
411024,411024101,镇,马栏镇
411024,411024102,镇,柏梁镇
411024,411024103,镇,陈化店镇
411024,411024104,镇,望田镇
411024,411024105,镇,张桥镇
411024,411024106,镇,陶城镇
411024,411024107,镇,大马镇
411024,411024108,镇,只乐镇
411024,411024109,镇,彭店镇
411024,411024110,镇,南坞镇
411024,411024111,镇,马坊镇
411025,411025001,街道,城关街道
411025,411025002,街道,茨沟街道
411025,411025101,镇,颍桥回族镇
411025,411025102,镇,麦岭镇
411025,411025103,镇,颍阳镇
411025,411025104,镇,王洛镇
411025,411025105,镇,紫云镇
411025,411025106,镇,库庄镇
411025,411025107,镇,十里铺镇
411025,411025108,镇,山头店镇
411025,411025109,镇,汾陈镇
411025,411025110,镇,湛北镇
411025,411025203,乡,丁营乡
411025,411025204,乡,姜庄乡
411025,411025205,乡,范湖乡
411025,411025206,乡,双庙乡
411081,411081001,街道,颍川街道
411081,411081002,街道,夏都街道
411081,411081003,街道,韩城街道
411081,411081004,街道,钧台街道
411081,411081005,街道,褚河街道
411081,411081100,镇,火龙镇
411081,411081101,镇,顺店镇
411081,411081102,镇,方山镇
411081,411081103,镇,神垕镇
411081,411081104,镇,鸿畅镇
411081,411081105,镇,梁北镇
411081,411081106,镇,古城镇
411081,411081107,镇,无梁镇
411081,411081108,镇,文殊镇
411081,411081109,镇,鸠山镇
411081,411081111,镇,郭连镇
411081,411081112,镇,范坡镇
411081,411081113,镇,朱阁镇
411081,411081114,镇,浅井镇
411081,411081115,镇,方岗镇
411081,411081116,镇,花石镇
411081,411081117,镇,张得镇
411081,411081118,镇,苌庄镇
411081,411081119,镇,小吕镇
411081,411081204,乡,磨街乡
411081,411081210,民族乡,山货回族乡
411082,411082001,街道,建设路街道
411082,411082002,街道,长兴路街道
411082,411082003,街道,长社路街道
411082,411082004,街道,金桥路街道
411082,411082100,镇,和尚桥镇
411082,411082101,镇,坡胡镇
411082,411082102,镇,后河镇
411082,411082103,镇,石固镇
411082,411082104,镇,老城镇
411082,411082105,镇,南席镇
411082,411082106,镇,大周镇
411082,411082107,镇,董村镇
411082,411082108,镇,石象镇
411082,411082109,镇,古桥镇
411082,411082110,镇,增福镇
411082,411082111,镇,佛耳湖镇
411102,411102001,街道,干河陈街道
411102,411102002,街道,马路街街道
411102,411102003,街道,老街街道
411102,411102004,街道,顺河街街道
411102,411102101,镇,大刘镇
411102,411102102,镇,阴阳赵镇
411102,411102103,镇,空冢郭镇
411102,411102201,乡,问十乡
411103,411103001,街道,沙北街道
411103,411103002,街道,龙塔街道
411103,411103101,镇,孟庙镇
411103,411103102,镇,商桥镇
411103,411103103,镇,龙城镇
411103,411103104,镇,新店镇
411103,411103105,镇,裴城镇
411103,411103106,镇,李集镇
411103,411103107,镇,黑龙潭镇
411104,411104001,街道,天桥街街道
411104,411104002,街道,翟庄街道
411104,411104101,镇,老窝镇
411104,411104102,镇,召陵镇
411104,411104103,镇,万金镇
411104,411104104,镇,邓襄镇
411104,411104105,镇,姬石镇
411104,411104106,镇,青年镇
411104,411104107,镇,后谢镇
411121,411121100,镇,舞泉镇
411121,411121101,镇,吴城镇
411121,411121102,镇,北舞渡镇
411121,411121103,镇,莲花镇
411121,411121104,镇,辛安镇
411121,411121105,镇,孟寨镇
411121,411121106,镇,太尉镇
411121,411121107,镇,侯集镇
411121,411121108,镇,九街镇
411121,411121109,镇,章化镇
411121,411121200,乡,文峰乡
411121,411121201,乡,保和乡
411121,411121202,乡,马村乡
411121,411121204,乡,姜店乡
411122,411122001,街道,城关街道
411122,411122002,街道,新城街道
411122,411122101,镇,繁城回族镇
411122,411122102,镇,杜曲镇
411122,411122103,镇,王岗镇
411122,411122104,镇,台陈镇
411122,411122105,镇,巨陵镇
411122,411122106,镇,瓦店镇
411122,411122107,镇,三家店镇
411122,411122108,镇,窝城镇
411122,411122109,镇,王孟镇
411122,411122110,镇,大郭镇
411122,411122201,乡,皇帝庙乡
411122,411122202,乡,固厢乡
411122,411122203,乡,石桥乡
411122,411122204,乡,陈庄乡
411202,411202001,街道,湖滨街道
411202,411202002,街道,前进街道
411202,411202003,街道,车站街道
411202,411202004,街道,涧河街道
411202,411202005,街道,大安街道
411202,411202201,乡,交口乡
411202,411202202,乡,磁钟乡
411202,411202203,乡,高庙乡
411203,411203001,街道,甘棠街道
411203,411203100,镇,大营镇
411203,411203101,镇,原店镇
411203,411203102,镇,西张村镇
411203,411203103,镇,观音堂镇
411203,411203200,乡,张汴乡
411203,411203203,乡,菜园乡
411203,411203205,乡,张茅乡
411203,411203206,乡,王家后乡
411203,411203207,乡,硖石乡
411203,411203210,乡,西李村乡
411203,411203211,乡,宫前乡
411203,411203212,乡,店子乡
411221,411221001,街道,韶阳街道
411221,411221101,镇,英豪镇
411221,411221102,镇,张村镇
411221,411221103,镇,洪阳镇
411221,411221104,镇,天池镇
411221,411221105,镇,仰韶镇
411221,411221203,乡,仁村乡
411221,411221206,乡,果园乡
411221,411221207,乡,陈村乡
411221,411221208,乡,坡头乡
411221,411221209,乡,段村乡
411221,411221210,乡,南村乡
411224,411224100,镇,城关镇
411224,411224101,镇,杜关镇
411224,411224102,镇,五里川镇
411224,411224103,镇,官道口镇
411224,411224104,镇,朱阳关镇
411224,411224105,镇,官坡镇
411224,411224106,镇,范里镇
411224,411224107,镇,东明镇
411224,411224108,镇,双龙湾镇
411224,411224200,乡,文峪乡
411224,411224201,乡,横涧乡
411224,411224203,乡,双槐树乡
411224,411224204,乡,汤河乡
411224,411224205,乡,瓦窑沟乡
411224,411224206,乡,狮子坪乡
411224,411224207,乡,沙河乡
411224,411224208,乡,徐家湾乡
411224,411224209,乡,潘河乡
411224,411224210,乡,木桐乡
411281,411281001,街道,千秋路街道
411281,411281002,街道,朝阳路街道
411281,411281003,街道,新义街街道
411281,411281004,街道,常村路街道
411281,411281005,街道,泰山路街道
411281,411281006,街道,新区街道
411281,411281007,街道,东区街道
411282,411282100,镇,城关镇
411282,411282101,镇,尹庄镇
411282,411282102,镇,朱阳镇
411282,411282103,镇,阳平镇
411282,411282104,镇,故县镇
411282,411282105,镇,豫灵镇
411282,411282106,镇,大王镇
411282,411282107,镇,阳店镇
411282,411282108,镇,函谷关镇
411282,411282109,镇,焦村镇
411282,411282110,镇,川口镇
411282,411282201,乡,寺河乡
411282,411282202,乡,苏村乡
411282,411282203,乡,五亩乡
411282,411282204,乡,西阎乡
411302,411302001,街道,东关街道
411302,411302002,街道,新华街道
411302,411302003,街道,汉冶街道
411302,411302004,街道,仲景街道
411302,411302005,街道,白河街道
411302,411302006,街道,枣林街道
411302,411302007,街道,赤虎街道
411302,411302008,街道,五里堡街道
411302,411302009,街道,姜营街道
411302,411302010,街道,溧河街道
411302,411302011,街道,茶庵街道
411302,411302102,镇,官庄镇
411302,411302103,镇,瓦店镇
411302,411302104,镇,红泥湾镇
411302,411302105,镇,黄台岗镇
411302,411302106,镇,金华镇
411302,411302107,镇,高庙镇
411302,411302202,乡,汉冢乡
411302,411302206,乡,新店乡
411303,411303002,街道,七一街道
411303,411303003,街道,卧龙岗街道
411303,411303004,街道,武侯街道
411303,411303005,街道,梅溪街道
411303,411303006,街道,车站街道
411303,411303007,街道,光武街道
411303,411303008,街道,靳岗街道
411303,411303009,街道,张衡街道
411303,411303010,街道,百里奚街道
411303,411303011,街道,七里园街道
411303,411303012,街道,王村街道
411303,411303101,镇,石桥镇
411303,411303102,镇,潦河镇
411303,411303103,镇,安皋镇
411303,411303104,镇,蒲山镇
411303,411303105,镇,陆营镇
411303,411303106,镇,青华镇
411303,411303107,镇,英庄镇
411303,411303108,镇,潦河坡镇
411303,411303109,镇,谢庄镇
411321,411321100,镇,城关镇
411321,411321101,镇,留山镇
411321,411321102,镇,云阳镇
411321,411321103,镇,皇路店镇
411321,411321104,镇,南河店镇
411321,411321105,镇,板山坪镇
411321,411321106,镇,乔端镇
411321,411321107,镇,白土岗镇
411321,411321108,镇,五朵镇
411321,411321109,镇,崔庄镇
411321,411321200,乡,城郊乡
411321,411321201,乡,小店乡
411321,411321202,乡,皇后乡
411321,411321203,乡,太山庙乡
411321,411321204,乡,石门乡
411321,411321208,乡,马市坪乡
411322,411322001,街道,凤瑞街道
411322,411322002,街道,释之街道
411322,411322101,镇,独树镇
411322,411322102,镇,博望镇
411322,411322103,镇,拐河镇
411322,411322104,镇,小史店镇
411322,411322105,镇,赵河镇
411322,411322106,镇,广阳镇
411322,411322107,镇,二郎庙镇
411322,411322108,镇,杨楼镇
411322,411322109,镇,券桥镇
411322,411322110,镇,清河镇
411322,411322111,镇,四里店镇
411322,411322112,镇,杨集镇
411322,411322113,镇,古庄店镇
411322,411322114,镇,柳河镇
411322,411322211,民族乡,袁店回族乡
411323,411323001,街道,白羽街道
411323,411323002,街道,紫金街道
411323,411323003,街道,莲花街道
411323,411323101,镇,丹水镇
411323,411323102,镇,西坪镇
411323,411323103,镇,双龙镇
411323,411323104,镇,回车镇
411323,411323105,镇,丁河镇
411323,411323106,镇,桑坪镇
411323,411323107,镇,米坪镇
411323,411323108,镇,五里桥镇
411323,411323109,镇,重阳镇
411323,411323110,镇,太平镇
411323,411323111,镇,二郎坪镇
411323,411323112,镇,阳城镇
411323,411323113,镇,军马河镇
411323,411323114,镇,石界河镇
411323,411323115,镇,田关镇
411323,411323207,乡,寨根乡
411324,411324001,街道,涅阳街道
411324,411324002,街道,雪枫街道
411324,411324003,街道,玉都街道
411324,411324101,镇,石佛寺镇
411324,411324102,镇,晁陂镇
411324,411324103,镇,贾宋镇
411324,411324104,镇,侯集镇
411324,411324105,镇,老庄镇
411324,411324106,镇,卢医镇
411324,411324107,镇,遮山镇
411324,411324108,镇,高丘镇
411324,411324109,镇,曲屯镇
411324,411324110,镇,枣园镇
411324,411324111,镇,杨营镇
411324,411324112,镇,柳泉铺镇
411324,411324113,镇,安字营镇
411324,411324114,镇,张林镇
411324,411324115,镇,彭营镇
411324,411324203,乡,二龙乡
411324,411324206,乡,王岗乡
411324,411324209,乡,马庄乡
411324,411324215,民族乡,郭庄回族乡
411325,411325100,镇,城关镇
411325,411325101,镇,夏馆镇
411325,411325102,镇,师岗镇
411325,411325103,镇,马山口镇
411325,411325104,镇,湍东镇
411325,411325105,镇,赤眉镇
411325,411325106,镇,瓦亭镇
411325,411325107,镇,王店镇
411325,411325108,镇,灌涨镇
411325,411325109,镇,桃溪镇
411325,411325110,镇,岞𪨰镇
411325,411325111,镇,余关镇
411325,411325200,乡,板场乡
411325,411325201,乡,大桥乡
411325,411325202,乡,赵店乡
411325,411325206,乡,七里坪乡
411326,411326001,街道,龙城街道
411326,411326002,街道,商圣街道
411326,411326101,镇,荆紫关镇
411326,411326102,镇,老城镇
411326,411326103,镇,香花镇
411326,411326104,镇,厚坡镇
411326,411326105,镇,丹阳镇
411326,411326106,镇,盛湾镇
411326,411326107,镇,金河镇
411326,411326108,镇,寺湾镇
411326,411326109,镇,仓房镇
411326,411326110,镇,上集镇
411326,411326111,镇,马蹬镇
411326,411326201,乡,西簧乡
411326,411326202,乡,毛堂乡
411326,411326203,乡,大石桥乡
411326,411326204,乡,滔河乡
411327,411327001,街道,赵河街道
411327,411327002,街道,潘河街道
411327,411327100,镇,赊店镇
411327,411327101,镇,桥头镇
411327,411327103,镇,饶良镇
411327,411327104,镇,兴隆镇
411327,411327105,镇,晋庄镇
411327,411327106,镇,李店镇
411327,411327107,镇,苗店镇
411327,411327108,镇,郝寨镇
411327,411327109,镇,朱集镇
411327,411327111,镇,下洼镇
411327,411327112,镇,大冯营镇
411327,411327113,镇,太和镇
411327,411327114,镇,陌陂镇
411327,411327213,乡,唐庄乡
411328,411328001,街道,滨河街道
411328,411328002,街道,文峰街道
411328,411328003,街道,东兴街道
411328,411328004,街道,兴唐街道
411328,411328005,街道,临港街道
411328,411328006,街道,东城街道
411328,411328101,镇,源潭镇
411328,411328102,镇,张店镇
411328,411328103,镇,郭滩镇
411328,411328104,镇,湖阳镇
411328,411328105,镇,黑龙镇
411328,411328106,镇,大河屯镇
411328,411328107,镇,龙潭镇
411328,411328108,镇,桐寨铺镇
411328,411328109,镇,苍台镇
411328,411328110,镇,上屯镇
411328,411328111,镇,毕店镇
411328,411328112,镇,少拜寺镇
411328,411328113,镇,祁仪镇
411328,411328114,镇,马振抚镇
411328,411328115,镇,昝岗镇
411328,411328116,镇,桐河镇
411328,411328200,乡,城郊乡
411328,411328209,乡,古城乡
411328,411328211,乡,东王集乡
411329,411329001,街道,汉城街道
411329,411329002,街道,汉华街道
411329,411329101,镇,王庄镇
411329,411329102,镇,沙堰镇
411329,411329103,镇,新甸铺镇
411329,411329104,镇,施庵镇
411329,411329105,镇,歪子镇
411329,411329106,镇,五星镇
411329,411329107,镇,溧河铺镇
411329,411329108,镇,王集镇
411329,411329200,乡,城郊乡
411329,411329203,乡,前高庙乡
411329,411329205,乡,樊集乡
411329,411329207,乡,上庄乡
411329,411329209,乡,上港乡
411330,411330001,街道,清淮街道
411330,411330002,街道,淮北街道
411330,411330101,镇,月河镇
411330,411330102,镇,吴城镇
411330,411330103,镇,固县镇
411330,411330104,镇,毛集镇
411330,411330105,镇,大河镇
411330,411330106,镇,埠江镇
411330,411330107,镇,平氏镇
411330,411330108,镇,淮源镇
411330,411330109,镇,黄岗镇
411330,411330110,镇,安棚镇
411330,411330111,镇,程湾镇
411330,411330112,镇,朱庄镇
411330,411330200,乡,城郊乡
411330,411330201,乡,回龙乡
411330,411330206,乡,新集乡
411381,411381001,街道,古城街道
411381,411381002,街道,花洲街道
411381,411381003,街道,湍河街道
411381,411381102,镇,罗庄镇
411381,411381103,镇,㴔滩镇
411381,411381104,镇,穰东镇
411381,411381105,镇,孟楼镇
411381,411381106,镇,林扒镇
411381,411381107,镇,构林镇
411381,411381108,镇,十林镇
411381,411381109,镇,张村镇
411381,411381110,镇,都司镇
411381,411381111,镇,赵集镇
411381,411381112,镇,刘集镇
411381,411381113,镇,桑庄镇
411381,411381114,镇,彭桥镇
411381,411381115,镇,九龙镇
411381,411381116,镇,白牛镇
411381,411381117,镇,腰店镇
411381,411381118,镇,文渠镇
411381,411381119,镇,高集镇
411381,411381120,镇,陶营镇
411381,411381121,镇,夏集镇
411381,411381122,镇,小杨营镇
411381,411381200,乡,张楼乡
411381,411381203,乡,裴营乡
411381,411381209,乡,龙堰乡
411402,411402001,街道,前进街道
411402,411402002,街道,长征街道
411402,411402003,街道,八八街道
411402,411402004,街道,东风街道
411402,411402005,街道,中州街道
411402,411402006,街道,白云街道
411402,411402007,街道,平原街道
411402,411402008,街道,建设街道
411402,411402009,街道,解放街道
411402,411402010,街道,平安街道
411402,411402011,街道,平台街道
411402,411402012,街道,陇海街道
411402,411402101,镇,双八镇
411402,411402102,镇,张阁镇
411402,411402103,镇,谢集镇
411402,411402104,镇,观堂镇
411402,411402105,镇,刘口镇
411402,411402106,镇,水池铺镇
411402,411402107,镇,李庄镇
411402,411402108,镇,王楼镇
411402,411402200,乡,周集乡
411402,411402205,乡,孙福集乡
411403,411403001,街道,古城街道
411403,411403002,街道,文化街道
411403,411403003,街道,东方街道
411403,411403004,街道,新城街道
411403,411403005,街道,古宋街道
411403,411403008,街道,宋城街道
411403,411403009,街道,民欣街道
411403,411403010,街道,金桥街道
411403,411403100,镇,宋集镇
411403,411403101,镇,郭村镇
411403,411403102,镇,李口镇
411403,411403103,镇,高辛镇
411403,411403104,镇,坞墙镇
411403,411403106,镇,冯桥镇
411403,411403107,镇,路河镇
411403,411403108,镇,闫集镇
411403,411403109,镇,毛堌堆镇
411403,411403110,镇,包公庙镇
411403,411403111,镇,临河店镇
411403,411403112,镇,勒马镇
411403,411403113,镇,娄店镇
411421,411421001,街道,绿洲街道
411421,411421002,街道,南华街道
411421,411421101,镇,人和镇
411421,411421102,镇,龙塘镇
411421,411421103,镇,北关镇
411421,411421104,镇,程庄镇
411421,411421105,镇,孙六镇
411421,411421106,镇,王庄寨镇
411421,411421107,镇,白云寺镇
411421,411421108,镇,庄子镇
411421,411421109,镇,王桥镇
411421,411421110,镇,双塔镇
411421,411421111,镇,野岗镇
411421,411421112,镇,老颜集镇
411421,411421113,镇,林七镇
411421,411421114,镇,褚庙镇
411421,411421200,民族乡,伯党回族乡
411421,411421201,乡,花园乡
411421,411421207,民族乡,胡集回族乡
411422,411422001,街道,凤城街道
411422,411422002,街道,董店街道
411422,411422100,镇,长岗镇
411422,411422101,镇,平岗镇
411422,411422102,镇,周堂镇
411422,411422103,镇,蓼堤镇
411422,411422104,镇,西陵寺镇
411422,411422105,镇,城关回族镇
411422,411422106,镇,潮庄镇
411422,411422107,镇,尚屯镇
411422,411422108,镇,河堤镇
411422,411422109,镇,匡城镇
411422,411422200,乡,后台乡
411422,411422202,乡,河集乡
411422,411422203,乡,孙聚寨乡
411422,411422204,乡,白楼乡
411422,411422206,乡,白庙乡
411422,411422207,乡,胡堂乡
411422,411422208,乡,尤吉屯乡
411422,411422211,乡,涧岗乡
411423,411423100,镇,城关回族镇
411423,411423101,镇,张弓镇
411423,411423102,镇,柳河镇
411423,411423103,镇,逻岗镇
411423,411423104,镇,石桥镇
411423,411423105,镇,黄岗镇
411423,411423106,镇,华堡镇
411423,411423107,镇,阳驿镇
411423,411423203,乡,刘楼乡
411423,411423204,乡,程楼乡
411423,411423205,乡,乔楼乡
411423,411423206,乡,城郊乡
411423,411423209,乡,孔集乡
411423,411423210,乡,赵村乡
411424,411424001,街道,浦东街道
411424,411424002,街道,凤凰街道
411424,411424003,街道,春水街道
411424,411424004,街道,双河街道
411424,411424101,镇,陈青集镇
411424,411424102,镇,起台镇
411424,411424103,镇,胡襄镇
411424,411424104,镇,慈圣镇
411424,411424105,镇,安平镇
411424,411424106,镇,远襄镇
411424,411424107,镇,岗王镇
411424,411424108,镇,伯岗镇
411424,411424109,镇,张桥镇
411424,411424110,镇,朱襄镇
411424,411424111,镇,老王集镇
411424,411424203,乡,洪恩乡
411424,411424206,乡,马集乡
411424,411424207,乡,牛城乡
411424,411424208,乡,惠济乡
411424,411424212,乡,申桥乡
411424,411424213,乡,李原乡
411424,411424214,乡,皇集乡
411425,411425100,镇,城关镇
411425,411425101,镇,界沟镇
411425,411425102,镇,木兰镇
411425,411425103,镇,杜集镇
411425,411425104,镇,谷熟镇
411425,411425105,镇,大杨集镇
411425,411425106,镇,贾寨镇
411425,411425107,镇,利民镇
411425,411425108,镇,张集镇
411425,411425109,镇,站集镇
411425,411425110,镇,稍岗镇
411425,411425111,镇,乔集镇
411425,411425112,镇,大侯镇
411425,411425113,镇,黄冢镇
411425,411425114,镇,田庙镇
411425,411425201,乡,沙集乡
411425,411425202,乡,店集乡
411425,411425204,乡,闻集乡
411425,411425205,乡,芒种桥乡
411425,411425207,乡,刘店乡
411425,411425210,乡,城郊乡
411425,411425211,乡,郑集乡
411425,411425212,乡,李老家乡
411425,411425214,乡,镇里堌乡
411425,411425215,乡,古王集乡
411425,411425219,乡,刘集乡
411426,411426001,街道,栗城街道
411426,411426002,街道,曹集街道
411426,411426101,镇,会亭镇
411426,411426102,镇,马头镇
411426,411426103,镇,济阳镇
411426,411426104,镇,李集镇
411426,411426105,镇,车站镇
411426,411426106,镇,杨集镇
411426,411426107,镇,韩道口镇
411426,411426108,镇,罗庄镇
411426,411426109,镇,太平镇
411426,411426110,镇,火店镇
411426,411426111,镇,北岭镇
411426,411426112,镇,郭店镇
411426,411426113,镇,何营镇
411426,411426114,镇,业庙镇
411426,411426201,乡,胡桥乡
411426,411426202,乡,歧河乡
411426,411426205,乡,中峰乡
411426,411426207,乡,桑堌乡
411426,411426210,乡,王集乡
411426,411426211,乡,刘店集乡
411426,411426212,乡,骆集乡
411426,411426214,乡,孔庄乡
411481,411481001,街道,演集街道
411481,411481002,街道,崇法寺街道
411481,411481003,街道,侯岭街道
411481,411481004,街道,沱滨街道
411481,411481005,街道,日月湖街道
411481,411481006,街道,雪枫街道
411481,411481102,镇,芒山镇
411481,411481103,镇,高庄镇
411481,411481104,镇,酂城镇
411481,411481105,镇,裴桥镇
411481,411481106,镇,马桥镇
411481,411481107,镇,薛湖镇
411481,411481111,镇,太丘镇
411481,411481112,镇,十八里镇
411481,411481113,镇,陈集镇
411481,411481114,镇,蒋口镇
411481,411481115,镇,苗桥镇
411481,411481116,镇,茴村镇
411481,411481117,镇,顺和镇
411481,411481118,镇,李寨镇
411481,411481119,镇,龙岗镇
411481,411481120,镇,酂阳镇
411481,411481121,镇,马牧镇
411481,411481122,镇,大王集镇
411481,411481123,镇,刘河镇
411481,411481124,镇,双桥镇
411481,411481125,镇,卧龙镇
411481,411481126,镇,黄口镇
411481,411481127,镇,新桥镇
411481,411481128,镇,条河镇
411481,411481129,镇,陈官庄镇
411502,411502001,街道,老城街道
411502,411502002,街道,民权街道
411502,411502003,街道,车站街道
411502,411502004,街道,五里墩街道
411502,411502005,街道,五星街道
411502,411502006,街道,金牛山街道
411502,411502007,街道,南湾街道
411502,411502008,街道,湖东街道
411502,411502009,街道,双井街道
411502,411502101,镇,吴家店镇
411502,411502102,镇,东双河镇
411502,411502103,镇,李家寨镇
411502,411502104,镇,董家河镇
411502,411502105,镇,浉河港镇
411502,411502106,镇,游河镇
411502,411502206,乡,谭家河乡
411502,411502207,乡,柳林乡
411502,411502208,乡,十三里桥乡
411503,411503001,街道,甘岸街道
411503,411503002,街道,平桥街道
411503,411503003,街道,前进街道
411503,411503004,街道,羊山街道
411503,411503005,街道,南京路街道
411503,411503006,街道,五里店街道
411503,411503007,街道,平西街道
411503,411503008,街道,平东街道
411503,411503009,街道,震雷山街道
411503,411503010,街道,龙飞山街道
411503,411503011,街道,城东街道
411503,411503101,镇,明港镇
411503,411503103,镇,邢集镇
411503,411503105,镇,平昌关镇
411503,411503106,镇,五里镇
411503,411503107,镇,洋河镇
411503,411503108,镇,肖王镇
411503,411503202,乡,龙井乡
411503,411503203,乡,胡店乡
411503,411503205,乡,彭家湾乡
411503,411503206,乡,长台关乡
411503,411503207,乡,肖店乡
411503,411503209,乡,王岗乡
411503,411503210,乡,高梁店乡
411503,411503211,乡,查山乡
411521,411521001,街道,宝城街道
411521,411521002,街道,龙山街道
411521,411521003,街道,丽水街道
411521,411521101,镇,周党镇
411521,411521102,镇,竹竿镇
411521,411521103,镇,灵山镇
411521,411521104,镇,子路镇
411521,411521105,镇,楠杆镇
411521,411521106,镇,青山镇
411521,411521107,镇,潘新镇
411521,411521108,镇,彭新镇
411521,411521109,镇,莽张镇
411521,411521110,镇,东铺镇
411521,411521111,镇,铁铺镇
411521,411521112,镇,高店镇
411521,411521202,乡,庙仙乡
411521,411521204,乡,定远乡
411521,411521205,乡,山店乡
411521,411521207,乡,朱堂乡
411521,411521208,乡,尤店乡
411522,411522001,街道,弦山街道
411522,411522002,街道,紫水街道
411522,411522101,镇,十里镇
411522,411522102,镇,寨河镇
411522,411522103,镇,孙铁铺镇
411522,411522104,镇,马畈镇
411522,411522105,镇,泼陂河镇
411522,411522106,镇,白雀园镇
411522,411522107,镇,砖桥镇
411522,411522201,乡,仙居乡
411522,411522203,乡,北向店乡
411522,411522204,乡,罗陈乡
411522,411522206,乡,殷棚乡
411522,411522207,乡,南向店乡
411522,411522208,乡,晏河乡
411522,411522210,乡,凉亭乡
411522,411522212,乡,斛山乡
411522,411522213,乡,槐店乡
411522,411522215,乡,文殊乡
411523,411523001,街道,金兰山街道
411523,411523002,街道,新集街道
411523,411523003,街道,香山街道
411523,411523101,镇,沙窝镇
411523,411523103,镇,吴陈河镇
411523,411523104,镇,苏河镇
411523,411523105,镇,八里畈镇
411523,411523201,乡,周河乡
411523,411523202,乡,陡山河乡
411523,411523203,乡,浒湾乡
411523,411523204,乡,千斤乡
411523,411523205,乡,卡房乡
411523,411523206,乡,郭家河乡
411523,411523207,乡,陈店乡
411523,411523208,乡,箭厂河乡
411523,411523209,乡,泗店乡
411523,411523210,乡,田铺乡
411524,411524001,街道,赤城街道
411524,411524002,街道,鲇鱼山街道
411524,411524101,镇,上石桥镇
411524,411524102,镇,鄢岗镇
411524,411524103,镇,双椿铺镇
411524,411524104,镇,汪桥镇
411524,411524105,镇,余集镇
411524,411524106,镇,达权店镇
411524,411524107,镇,丰集镇
411524,411524108,镇,观庙镇
411524,411524109,镇,汪岗镇
411524,411524110,镇,金刚台镇
411524,411524111,镇,河凤桥镇
411524,411524204,乡,李集乡
411524,411524207,乡,苏仙石乡
411524,411524209,乡,伏山乡
411524,411524212,乡,吴河乡
411524,411524213,乡,冯店乡
411524,411524215,乡,长竹园乡
411525,411525001,街道,蓼城街道
411525,411525002,街道,番城街道
411525,411525003,街道,秀水街道
411525,411525004,街道,阳关街道
411525,411525101,镇,陈淋子镇
411525,411525102,镇,黎集镇
411525,411525103,镇,蒋集镇
411525,411525104,镇,往流镇
411525,411525105,镇,郭陆滩镇
411525,411525106,镇,胡族铺镇
411525,411525107,镇,方集镇
411525,411525108,镇,三河尖镇
411525,411525109,镇,段集镇
411525,411525110,镇,张广庙镇
411525,411525111,镇,汪棚镇
411525,411525112,镇,分水亭镇
411525,411525113,镇,石佛店镇
411525,411525114,镇,陈集镇
411525,411525115,镇,武庙集镇
411525,411525116,镇,泉河铺镇
411525,411525117,镇,祖师庙镇
411525,411525118,镇,李店镇
411525,411525119,镇,沙河铺镇
411525,411525120,镇,徐集镇
411525,411525121,镇,马堽集镇
411525,411525122,镇,草庙集镇
411525,411525201,乡,洪埠乡
411525,411525202,乡,杨集乡
411525,411525206,乡,南大桥乡
411525,411525208,乡,赵岗乡
411525,411525211,乡,张老埠乡
411525,411525222,乡,丰港乡
411525,411525223,乡,柳树店乡
411525,411525224,乡,观堂乡
411526,411526001,街道,弋阳街道
411526,411526002,街道,春申街道
411526,411526003,街道,定城街道
411526,411526004,街道,老城街道
411526,411526005,街道,广济街道
411526,411526101,镇,双柳树镇
411526,411526102,镇,伞陂镇
411526,411526103,镇,卜塔集镇
411526,411526105,镇,仁和镇
411526,411526106,镇,付店镇
411526,411526107,镇,踅孜镇
411526,411526108,镇,桃林铺镇
411526,411526109,镇,黄寺岗镇
411526,411526110,镇,江家集镇
411526,411526111,镇,魏岗镇
411526,411526201,乡,传流店乡
411526,411526203,乡,张集乡
411526,411526204,乡,来龙乡
411526,411526205,乡,隆古乡
411526,411526206,乡,谈店乡
411526,411526207,乡,上油岗乡
411526,411526209,乡,白店乡
411527,411527001,街道,顺河街道
411527,411527002,街道,滨湖街道
411527,411527003,街道,栏杆街道
411527,411527004,街道,桂花街道
411527,411527101,镇,马集镇
411527,411527103,镇,防胡镇
411527,411527104,镇,新里镇
411527,411527105,镇,期思镇
411527,411527106,镇,赵集镇
411527,411527200,乡,台头乡
411527,411527201,乡,王家岗乡
411527,411527202,乡,固城乡
411527,411527203,乡,三空桥乡
411527,411527204,乡,张里乡
411527,411527206,乡,邓湾乡
411527,411527207,乡,张庄乡
411527,411527208,乡,王店乡
411527,411527209,乡,谷堆乡
411527,411527212,乡,芦集乡
411528,411528001,街道,谯楼街道
411528,411528002,街道,龙湖街道
411528,411528003,街道,淮河街道
411528,411528004,街道,澺河街道
411528,411528101,镇,包信镇
411528,411528102,镇,夏庄镇
411528,411528103,镇,东岳镇
411528,411528104,镇,项店镇
411528,411528105,镇,小茴店镇
411528,411528106,镇,曹黄林镇
411528,411528201,乡,孙庙乡
411528,411528202,乡,路口乡
411528,411528203,乡,彭店乡
411528,411528204,乡,杨店乡
411528,411528205,乡,张陶乡
411528,411528206,乡,白土店乡
411528,411528207,乡,岗李店乡
411528,411528208,乡,长陵乡
411528,411528209,乡,陈棚乡
411528,411528210,乡,临河乡
411528,411528211,乡,关店乡
411528,411528214,乡,八里岔乡
411602,411602001,街道,陈州街回族街道
411602,411602002,街道,七一路街道
411602,411602003,街道,荷花路街道
411602,411602004,街道,人和街街道
411602,411602005,街道,小桥街街道
411602,411602010,街道,城南街道
411602,411602011,街道,城北街道
411602,411602012,街道,文昌街道
411602,411602013,街道,搬口街道
411602,411602014,街道,华耀城街道
411602,411602015,街道,太昊路街道
411602,411602016,街道,淮河路街道
411602,411602017,街道,金海路街道
411602,411602018,街道,许湾街道
411602,411602019,街道,李埠口街道
411602,411602020,街道,永福街道
411603,411603001,街道,柳湖街道
411603,411603002,街道,王店街道
411603,411603003,街道,淮宁街道
411603,411603004,街道,白楼街道
411603,411603101,镇,新站镇
411603,411603102,镇,鲁台镇
411603,411603103,镇,四通镇
411603,411603104,镇,临蔡镇
411603,411603105,镇,安岭镇
411603,411603107,镇,刘振屯镇
411603,411603200,乡,朱集乡
411603,411603201,乡,豆门乡
411603,411603202,乡,冯塘乡
411603,411603205,乡,大连乡
411603,411603206,乡,葛店乡
411603,411603207,乡,黄集乡
411603,411603208,乡,齐老乡
411603,411603209,乡,郑集乡
411603,411603210,乡,曹河乡
411621,411621001,街道,桐丘街道
411621,411621002,街道,扶亭街道
411621,411621003,街道,帛亭街道
411621,411621004,街道,大李庄街道
411621,411621101,镇,崔桥镇
411621,411621102,镇,江村镇
411621,411621103,镇,白潭镇
411621,411621104,镇,韭园镇
411621,411621105,镇,练寺镇
411621,411621106,镇,大新镇
411621,411621107,镇,包屯镇
411621,411621108,镇,汴岗镇
411621,411621200,乡,曹里乡
411621,411621201,乡,柴岗乡
411621,411621202,乡,固城乡
411621,411621203,乡,吕潭乡
411622,411622001,街道,娲城街道
411622,411622002,街道,箕子台街道
411622,411622003,街道,昆山街道
411622,411622004,街道,皮营街道
411622,411622005,街道,华泰街道
411622,411622101,镇,西夏亭镇
411622,411622102,镇,逍遥镇
411622,411622103,镇,奉母镇
411622,411622104,镇,红花集镇
411622,411622105,镇,聂堆镇
411622,411622106,镇,东夏亭镇
411622,411622107,镇,西华营镇
411622,411622108,镇,址坊镇
411622,411622109,镇,迟营镇
411622,411622110,镇,大王庄镇
411622,411622200,乡,田口乡
411622,411622201,乡,清河驿乡
411622,411622203,乡,东王营乡
411622,411622205,乡,李大庄乡
411622,411622206,乡,叶埠口乡
411622,411622208,乡,黄桥乡
411622,411622209,乡,艾岗乡
411623,411623001,街道,东城街道
411623,411623002,街道,新城街道
411623,411623003,街道,老城街道
411623,411623004,街道,阳城街道
411623,411623101,镇,黄寨镇
411623,411623102,镇,练集镇
411623,411623103,镇,魏集镇
411623,411623104,镇,固墙镇
411623,411623105,镇,白寺镇
411623,411623106,镇,巴村镇
411623,411623107,镇,谭庄镇
411623,411623108,镇,邓城镇
411623,411623109,镇,胡吉镇
411623,411623110,镇,姚集镇
411623,411623111,镇,郝岗镇
411623,411623112,镇,张庄镇
411623,411623202,乡,平店乡
411623,411623203,乡,袁老乡
411623,411623204,乡,化河乡
411623,411623206,乡,舒庄乡
411623,411623207,乡,大武乡
411623,411623208,乡,张明乡
411623,411623211,乡,汤庄乡
411624,411624001,街道,东城街道
411624,411624002,街道,北城街道
411624,411624100,镇,槐店回族镇
411624,411624101,镇,刘庄店镇
411624,411624102,镇,留福镇
411624,411624103,镇,老城镇
411624,411624104,镇,赵德营镇
411624,411624105,镇,付井镇
411624,411624106,镇,纸店镇
411624,411624107,镇,新安集镇
411624,411624108,镇,白集镇
411624,411624109,镇,刘湾镇
411624,411624110,镇,莲池镇
411624,411624111,镇,洪山镇
411624,411624112,镇,周营镇
411624,411624113,镇,邢庄镇
411624,411624114,镇,北杨集镇
411624,411624115,镇,冯营镇
411624,411624201,乡,石槽集乡
411624,411624202,乡,范营乡
411624,411624203,乡,李老庄乡
411624,411624209,乡,卞路口乡
411625,411625001,街道,洺南街道
411625,411625002,街道,洺北街道
411625,411625003,街道,新城街道
411625,411625004,街道,丹阳街道
411625,411625101,镇,吴台镇
411625,411625102,镇,南丰镇
411625,411625103,镇,白马镇
411625,411625104,镇,宁平镇
411625,411625105,镇,宜路镇
411625,411625106,镇,钱店镇
411625,411625107,镇,汲冢镇
411625,411625108,镇,石槽镇
411625,411625109,镇,汲水镇
411625,411625110,镇,巴集镇
411625,411625201,乡,虎岗乡
411625,411625203,乡,张完集乡
411625,411625204,乡,丁村乡
411625,411625205,乡,双楼乡
411625,411625206,乡,秋渠乡
411625,411625207,乡,东风乡
411625,411625209,乡,李楼乡
411625,411625210,乡,胡集乡
411627,411627001,街道,阳夏街道
411627,411627002,街道,毛庄街道
411627,411627101,镇,常营镇
411627,411627102,镇,逊母口镇
411627,411627103,镇,老冢镇
411627,411627104,镇,朱口镇
411627,411627105,镇,马头镇
411627,411627106,镇,龙曲镇
411627,411627107,镇,板桥镇
411627,411627108,镇,符草楼镇
411627,411627109,镇,马厂镇
411627,411627111,镇,张集镇
411627,411627112,镇,清集镇
411627,411627113,镇,大许寨镇
411627,411627114,镇,转楼镇
411627,411627115,镇,高贤镇
411627,411627200,乡,城郊乡
411627,411627201,乡,杨庙乡
411627,411627202,乡,王集乡
411627,411627204,乡,芝麻洼乡
411627,411627206,乡,独塘乡
411627,411627208,乡,五里口乡
411627,411627210,乡,高朗乡
411628,411628001,街道,卫真街道
411628,411628002,街道,鸣鹿街道
411628,411628003,街道,谷阳街道
411628,411628004,街道,真源街道
411628,411628101,镇,玄武镇
411628,411628102,镇,宋河镇
411628,411628103,镇,太清宫镇
411628,411628104,镇,王皮溜镇
411628,411628105,镇,试量镇
411628,411628106,镇,辛集镇
411628,411628107,镇,马铺镇
411628,411628108,镇,涡北镇
411628,411628109,镇,杨湖口镇
411628,411628110,镇,贾滩镇
411628,411628111,镇,张店镇
411628,411628112,镇,观堂镇
411628,411628114,镇,生铁冢镇
411628,411628201,乡,郑家集乡
411628,411628205,乡,赵村乡
411628,411628206,乡,任集乡
411628,411628207,乡,唐集乡
411628,411628208,乡,高集乡
411628,411628209,乡,邱集乡
411628,411628210,乡,穆店乡
411681,411681001,街道,花园街道
411681,411681002,街道,水寨街道
411681,411681003,街道,东方街道
411681,411681004,街道,莲花街道
411681,411681005,街道,千佛阁街道
411681,411681006,街道,光武街道
411681,411681101,镇,南顿镇
411681,411681102,镇,孙店镇
411681,411681103,镇,李寨镇
411681,411681104,镇,贾岭镇
411681,411681105,镇,高寺镇
411681,411681106,镇,新桥镇
411681,411681107,镇,付集镇
411681,411681108,镇,官会镇
411681,411681109,镇,丁集镇
411681,411681110,镇,郑郭镇
411681,411681111,镇,秣陵镇
411681,411681112,镇,王明口镇
411681,411681113,镇,范集镇
411681,411681114,镇,永丰镇
411681,411681115,镇,三店镇
411702,411702001,街道,人民街街道
411702,411702002,街道,东风路街道
411702,411702003,街道,西园街街道
411702,411702004,街道,新华街街道
411702,411702005,街道,南海街道
411702,411702006,街道,雪松街道
411702,411702007,街道,顺河街道
411702,411702008,街道,老街街道
411702,411702009,街道,橡林街道
411702,411702010,街道,刘阁街道
411702,411702012,街道,香山街道
411702,411702013,街道,古城街道
411702,411702100,镇,水屯镇
411702,411702101,镇,蚁蜂镇
411702,411702102,镇,沙河店镇
411702,411702103,镇,板桥镇
411702,411702104,镇,诸市镇
411702,411702207,乡,朱古洞乡
411702,411702208,乡,胡庙乡
411702,411702211,乡,老河乡
411702,411702212,乡,关王庙乡
411721,411721001,街道,柏城街道
411721,411721002,街道,柏亭街道
411721,411721003,街道,柏苑街道
411721,411721101,镇,五沟营镇
411721,411721102,镇,权寨镇
411721,411721103,镇,师灵镇
411721,411721104,镇,出山镇
411721,411721105,镇,盆尧镇
411721,411721106,镇,嫘祖镇
411721,411721107,镇,宋集镇
411721,411721108,镇,二郎镇
411721,411721109,镇,重渠镇
411721,411721203,乡,人和乡
411721,411721205,乡,谭店乡
411721,411721208,乡,芦庙乡
411721,411721209,乡,杨庄乡
411721,411721210,乡,专探乡
411721,411721212,民族乡,蔡寨回族乡
411721,411721213,乡,焦庄乡
411722,411722001,街道,蔡都街道
411722,411722002,街道,芦岗街道
411722,411722003,街道,卧龙街道
411722,411722004,街道,重阳街道
411722,411722101,镇,黄埠镇
411722,411722102,镇,杨集镇
411722,411722103,镇,洙湖镇
411722,411722104,镇,党店镇
411722,411722105,镇,朱里镇
411722,411722106,镇,华陂镇
411722,411722107,镇,塔桥镇
411722,411722108,镇,东洪镇
411722,411722109,镇,邵店镇
411722,411722110,镇,和店镇
411722,411722111,镇,五龙镇
411722,411722112,镇,韩寨镇
411722,411722113,镇,蔡沟镇
411722,411722201,乡,大路李乡
411722,411722202,乡,无量寺乡
411722,411722205,乡,杨屯乡
411722,411722209,乡,齐海乡
411722,411722210,乡,崇礼乡
411722,411722212,乡,东岸乡
411722,411722215,乡,小岳寺乡
411722,411722216,乡,西洪乡
411722,411722217,乡,百尺乡
411723,411723001,街道,古槐街道
411723,411723002,街道,清河街道
411723,411723003,街道,东皇街道
411723,411723004,街道,郭楼街道
411723,411723101,镇,杨埠镇
411723,411723102,镇,东和店镇
411723,411723103,镇,庙湾镇
411723,411723104,镇,射桥镇
411723,411723105,镇,西洋店镇
411723,411723106,镇,阳城镇
411723,411723108,镇,李屯镇
411723,411723109,镇,万金店镇
411723,411723110,镇,高杨店镇
411723,411723111,镇,万冢镇
411723,411723112,镇,双庙镇
411723,411723202,乡,十字路乡
411723,411723205,乡,玉皇庙乡
411723,411723208,乡,老王岗乡
411723,411723209,乡,辛店乡
411724,411724001,街道,真阳街道
411724,411724002,街道,清源街道
411724,411724101,镇,寒冻镇
411724,411724102,镇,汝南埠镇
411724,411724103,镇,铜钟镇
411724,411724104,镇,陡沟镇
411724,411724105,镇,熊寨镇
411724,411724106,镇,大林镇
411724,411724107,镇,永兴镇
411724,411724108,镇,袁寨镇
411724,411724109,镇,雷寨镇
411724,411724110,镇,兰青镇
411724,411724200,乡,慎水乡
411724,411724201,乡,傅寨乡
411724,411724203,乡,新阮店乡
411724,411724204,乡,油坊店乡
411724,411724208,乡,王勿桥乡
411724,411724210,乡,闾河乡
411724,411724212,乡,皮店乡
411724,411724213,乡,彭桥乡
411725,411725001,街道,盘龙街道
411725,411725002,街道,三里河街道
411725,411725003,街道,朗陵街道
411725,411725101,镇,竹沟镇
411725,411725102,镇,任店镇
411725,411725103,镇,新安店镇
411725,411725104,镇,留庄镇
411725,411725105,镇,刘店镇
411725,411725107,镇,瓦岗镇
411725,411725108,镇,双河镇
411725,411725109,镇,石滚河镇
411725,411725110,镇,李新店镇
411725,411725111,镇,普会寺镇
411726,411726001,街道,泌水街道
411726,411726002,街道,花园街道
411726,411726003,街道,古城街道
411726,411726102,镇,羊册镇
411726,411726103,镇,马谷田镇
411726,411726105,镇,春水镇
411726,411726106,镇,赊湾镇
411726,411726107,镇,官庄镇
411726,411726108,镇,郭集镇
411726,411726109,镇,泰山庙镇
411726,411726110,镇,王店镇
411726,411726111,镇,杨家集镇
411726,411726112,镇,高店镇
411726,411726113,镇,高邑镇
411726,411726114,镇,象河镇
411726,411726201,乡,盘古乡
411726,411726204,乡,铜山乡
411726,411726206,乡,下碑寺乡
411726,411726208,乡,付庄乡
411726,411726209,乡,贾楼乡
411726,411726210,乡,黄山口乡
411726,411726215,乡,双庙街乡
411727,411727001,街道,汝宁街道
411727,411727002,街道,古塔街道
411727,411727003,街道,三门闸街道
411727,411727004,街道,宿鸭湖街道
411727,411727101,镇,王岗镇
411727,411727102,镇,梁祝镇
411727,411727103,镇,和孝镇
411727,411727104,镇,老君庙镇
411727,411727105,镇,留盆镇
411727,411727106,镇,金铺镇
411727,411727107,镇,东官庄镇
411727,411727108,镇,罗店镇
411727,411727109,镇,常兴镇
411727,411727110,镇,韩庄镇
411727,411727111,镇,三桥镇
411727,411727112,镇,张楼镇
411727,411727204,乡,南余店乡
411727,411727212,乡,板店乡
411728,411728001,街道,莲花湖街道
411728,411728002,街道,灈阳街道
411728,411728003,街道,车站街道
411728,411728004,街道,褚堂街道
411728,411728005,街道,吴房街道
411728,411728102,镇,玉山镇
411728,411728103,镇,嵖岈山镇
411728,411728104,镇,石寨铺镇
411728,411728105,镇,和兴镇
411728,411728106,镇,沈寨镇
411728,411728107,镇,阳丰镇
411728,411728108,镇,常庄镇
411728,411728109,镇,花庄镇
411728,411728204,乡,槐树乡
411728,411728209,乡,文城乡
411729,411729001,街道,古吕街道
411729,411729002,街道,今是街道
411729,411729003,街道,月亮湾街道
411729,411729101,镇,砖店镇
411729,411729102,镇,陈店镇
411729,411729103,镇,佛阁寺镇
411729,411729104,镇,练村镇
411729,411729105,镇,棠村镇
411729,411729106,镇,韩集镇
411729,411729107,镇,龙口镇
411729,411729108,镇,李桥回族镇
411729,411729109,镇,黄楼镇
411729,411729110,镇,孙召镇
411729,411729111,镇,余店镇
411729,411729112,镇,栎城镇
411729,411729204,乡,河坞乡
411729,411729205,乡,关津乡
411729,411729206,乡,宋岗乡
411729,411729207,乡,顿岗乡
411729,411729208,乡,涧头乡
411729,411729209,乡,杨庄户乡
411729,411729210,乡,化庄乡
411729,411729213,乡,弥陀寺乡
419001,419001001,街道,沁园街道
419001,419001002,街道,济水街道
419001,419001003,街道,北海街道
419001,419001004,街道,天坛街道
419001,419001005,街道,玉泉街道
419001,419001100,镇,克井镇
419001,419001101,镇,五龙口镇
419001,419001102,镇,轵城镇
419001,419001103,镇,承留镇
419001,419001104,镇,邵原镇
419001,419001105,镇,坡头镇
419001,419001106,镇,梨林镇
419001,419001107,镇,大峪镇
419001,419001108,镇,思礼镇
419001,419001109,镇,王屋镇
419001,419001110,镇,下冶镇
420102,420102002,街道,大智街道
420102,420102003,街道,一元街道
420102,420102004,街道,车站街道
420102,420102005,街道,四唯街道
420102,420102006,街道,永清街道
420102,420102007,街道,西马街道
420102,420102008,街道,球场街道
420102,420102009,街道,劳动街道
420102,420102010,街道,二七街道
420102,420102011,街道,新村街道
420102,420102012,街道,丹水池街道
420102,420102014,街道,台北街道
420102,420102015,街道,花桥街道
420102,420102016,街道,谌家矶街道
420102,420102017,街道,后湖街道
420102,420102018,街道,塔子湖街道
420103,420103001,街道,民族街道
420103,420103002,街道,花楼街道
420103,420103003,街道,水塔街道
420103,420103004,街道,民权街道
420103,420103005,街道,满春街道
420103,420103006,街道,民意街道
420103,420103007,街道,新华街道
420103,420103008,街道,万松街道
420103,420103009,街道,唐家墩街道
420103,420103010,街道,北湖街道
420103,420103011,街道,前进街道
420103,420103012,街道,常青街道
420103,420103013,街道,汉兴街道
420104,420104001,街道,古田街道
420104,420104002,街道,韩家墩街道
420104,420104003,街道,宗关街道
420104,420104004,街道,汉水桥街道
420104,420104005,街道,宝丰街道
420104,420104006,街道,荣华街道
420104,420104008,街道,汉中街道
420104,420104009,街道,汉正街道
420104,420104010,街道,六角亭街道
420104,420104011,街道,长丰街道
420104,420104012,街道,易家街道
420105,420105002,街道,建桥街道
420105,420105004,街道,晴川街道
420105,420105005,街道,鹦鹉街道
420105,420105006,街道,洲头街道
420105,420105007,街道,五里墩街道
420105,420105008,街道,琴断口街道
420105,420105009,街道,江汉二桥街道
420105,420105010,街道,永丰街道
420105,420105011,街道,江堤街道
420105,420105012,街道,四新街道
420105,420105013,街道,龙阳街道
420106,420106001,街道,积玉桥街道
420106,420106002,街道,杨园街道
420106,420106003,街道,徐家棚街道
420106,420106005,街道,粮道街道
420106,420106006,街道,中华路街道
420106,420106007,街道,黄鹤楼街道
420106,420106008,街道,紫阳街道
420106,420106009,街道,白沙洲街道
420106,420106010,街道,首义路街道
420106,420106011,街道,中南路街道
420106,420106012,街道,水果湖街道
420106,420106013,街道,珞珈山街道
420106,420106014,街道,石洞街道
420106,420106015,街道,南湖街道
420107,420107001,街道,红卫路街道
420107,420107002,街道,冶金街道
420107,420107003,街道,新沟桥街道
420107,420107004,街道,红钢城街道
420107,420107005,街道,工人村街道
420107,420107006,街道,青山镇街道
420107,420107008,街道,武东街道
420107,420107009,街道,白玉山街道
420107,420107010,街道,钢花村街道
420107,420107011,街道,钢都花园街道
420111,420111001,街道,珞南街道
420111,420111002,街道,关山街道
420111,420111003,街道,狮子山街道
420111,420111004,街道,张家湾街道
420111,420111005,街道,梨园街道
420111,420111006,街道,卓刀泉街道
420111,420111007,街道,洪山街道
420111,420111008,街道,和平街道
420111,420111011,街道,青菱街道
420111,420111012,街道,九峰街道
420111,420111013,街道,左岭街道
420111,420111014,街道,花山街道
420111,420111015,街道,八吉府街道
420111,420111205,乡,天兴乡
420112,420112001,街道,吴家山街道
420112,420112002,街道,柏泉街道
420112,420112004,街道,将军路街道
420112,420112005,街道,慈惠街道
420112,420112006,街道,走马岭街道
420112,420112007,街道,径河街道
420112,420112008,街道,长青街道
420112,420112009,街道,新沟镇街道
420112,420112011,街道,辛安渡街道
420112,420112012,街道,东山街道
420112,420112014,街道,金银湖街道
420113,420113001,街道,纱帽街道
420113,420113002,街道,东荆街道
420113,420113003,街道,湘口街道
420113,420113004,街道,邓南街道
420114,420114001,街道,蔡甸街道
420114,420114002,街道,奓山街道
420114,420114003,街道,永安街道
420114,420114004,街道,侏儒山街道
420114,420114005,街道,大集街道
420114,420114006,街道,张湾街道
420114,420114007,街道,索河街道
420114,420114008,街道,沌口街道
420114,420114009,街道,军山街道
420114,420114010,街道,沌阳街道
420114,420114011,街道,玉贤街道
420114,420114200,乡,消泗乡
420115,420115001,街道,纸坊街道
420115,420115002,街道,金口街道
420115,420115003,街道,乌龙泉街道
420115,420115005,街道,郑店街道
420115,420115010,街道,五里界街道
420115,420115011,街道,安山街道
420115,420115013,街道,山坡街道
420115,420115017,街道,法泗街道
420115,420115018,街道,湖泗街道
420115,420115019,街道,舒安街道
420115,420115020,街道,关东街道
420115,420115021,街道,佛祖岭街道
420115,420115022,街道,豹澥街道
420115,420115023,街道,龙泉街道
420115,420115024,街道,滨湖街道
420116,420116001,街道,前川街道
420116,420116002,街道,祁家湾街道
420116,420116003,街道,横店街道
420116,420116004,街道,罗汉寺街道
420116,420116005,街道,滠口街道
420116,420116006,街道,六指街道
420116,420116007,街道,天河街道
420116,420116008,街道,武湖街道
420116,420116009,街道,王家河街道
420116,420116010,街道,长轩岭街道
420116,420116011,街道,李家集街道
420116,420116012,街道,姚家集街道
420116,420116013,街道,蔡家榨街道
420116,420116014,街道,三里桥街道
420116,420116015,街道,蔡店街道
420116,420116201,乡,木兰乡
420117,420117001,街道,邾城街道
420117,420117002,街道,阳逻街道
420117,420117003,街道,仓埠街道
420117,420117004,街道,汪集街道
420117,420117005,街道,李集街道
420117,420117006,街道,三店街道
420117,420117007,街道,潘塘街道
420117,420117008,街道,旧街街道
420117,420117009,街道,双柳街道
420117,420117010,街道,涨渡湖街道
420117,420117012,街道,辛冲街道
420117,420117013,街道,徐古街道
420117,420117102,镇,凤凰镇
420202,420202001,街道,沈家营街道
420202,420202002,街道,黄石港街道
420202,420202003,街道,胜阳港街道
420202,420202005,街道,花湖街道
420203,420203001,街道,八泉街道
420203,420203002,街道,黄思湾街道
420203,420203003,街道,澄月街道
420203,420203004,街道,牧羊湖街道
420203,420203007,街道,章山街道
420203,420203100,镇,河口镇
420204,420204001,街道,新下陆街道
420204,420204002,街道,老下陆街道
420204,420204003,街道,东方山街道
420204,420204004,街道,团城山街道
420205,420205001,街道,铁山街道
420222,420222100,镇,兴国镇
420222,420222101,镇,富池镇
420222,420222102,镇,黄颡口镇
420222,420222103,镇,𣲗源口镇
420222,420222104,镇,太子镇
420222,420222105,镇,大王镇
420222,420222106,镇,陶港镇
420222,420222107,镇,白沙镇
420222,420222108,镇,浮屠镇
420222,420222109,镇,三溪镇
420222,420222110,镇,龙港镇
420222,420222111,镇,洋港镇
420222,420222112,镇,排市镇
420222,420222113,镇,木港镇
420222,420222114,镇,枫林镇
420222,420222115,镇,王英镇
420281,420281001,街道,东岳路街道
420281,420281002,街道,东风路街道
420281,420281003,街道,金湖街道
420281,420281004,街道,罗家桥街道
420281,420281005,街道,金山街道
420281,420281100,镇,金牛镇
420281,420281101,镇,保安镇
420281,420281102,镇,灵乡镇
420281,420281103,镇,金山店镇
420281,420281106,镇,还地桥镇
420281,420281107,镇,殷祖镇
420281,420281109,镇,刘仁八镇
420281,420281110,镇,陈贵镇
420281,420281111,镇,大箕铺镇
420281,420281112,镇,汪仁镇
420281,420281202,乡,茗山乡
420302,420302001,街道,武当路街道
420302,420302002,街道,二堰街道
420302,420302003,街道,五堰街道
420302,420302005,街道,白浪街道
420302,420302100,镇,大川镇
420302,420302200,乡,茅塔乡
420302,420302201,乡,鸳鸯乡
420303,420303001,街道,花果街道
420303,420303002,街道,红卫街道
420303,420303003,街道,车城路街道
420303,420303004,街道,汉江路街道
420303,420303100,镇,黄龙镇
420303,420303101,镇,柏林镇
420303,420303200,乡,方滩乡
420303,420303201,乡,西沟乡
420304,420304100,镇,城关镇
420304,420304101,镇,安阳镇
420304,420304102,镇,杨溪铺镇
420304,420304103,镇,青曲镇
420304,420304104,镇,白桑关镇
420304,420304105,镇,南化塘镇
420304,420304106,镇,白浪镇
420304,420304107,镇,刘洞镇
420304,420304108,镇,谭山镇
420304,420304109,镇,梅铺镇
420304,420304110,镇,青山镇
420304,420304111,镇,茶店镇
420304,420304112,镇,柳陂镇
420304,420304113,镇,鲍峡镇
420304,420304114,镇,胡家营镇
420304,420304115,镇,谭家湾镇
420304,420304200,乡,大柳乡
420304,420304201,乡,五峰乡
420304,420304202,乡,叶大乡
420322,420322100,镇,城关镇
420322,420322101,镇,土门镇
420322,420322102,镇,上津镇
420322,420322103,镇,店子镇
420322,420322104,镇,夹河镇
420322,420322105,镇,羊尾镇
420322,420322106,镇,观音镇
420322,420322107,镇,马安镇
420322,420322108,镇,河夹镇
420322,420322200,乡,香口乡
420322,420322201,乡,关防乡
420322,420322202,民族乡,湖北口回族乡
420322,420322203,乡,景阳乡
420322,420322204,乡,六郎乡
420322,420322205,乡,涧池乡
420322,420322206,乡,安家乡
420323,420323100,镇,城关镇
420323,420323101,镇,溢水镇
420323,420323102,镇,麻家渡镇
420323,420323103,镇,宝丰镇
420323,420323104,镇,擂鼓镇
420323,420323105,镇,秦古镇
420323,420323106,镇,得胜镇
420323,420323107,镇,上庸镇
420323,420323108,镇,官渡镇
420323,420323200,乡,潘口乡
420323,420323201,乡,竹坪乡
420323,420323202,乡,大庙乡
420323,420323203,乡,双台乡
420323,420323204,乡,楼台乡
420323,420323205,乡,文峰乡
420323,420323206,乡,深河乡
420323,420323207,乡,柳林乡
420324,420324100,镇,城关镇
420324,420324101,镇,蒋家堰镇
420324,420324102,镇,中峰镇
420324,420324103,镇,水坪镇
420324,420324104,镇,县河镇
420324,420324105,镇,泉溪镇
420324,420324106,镇,丰溪镇
420324,420324107,镇,龙坝镇
420324,420324108,镇,兵营镇
420324,420324109,镇,汇湾镇
420324,420324110,镇,新洲镇
420324,420324201,乡,鄂坪乡
420324,420324203,乡,天宝乡
420324,420324206,乡,桃源乡
420324,420324207,乡,向坝乡
420325,420325100,镇,城关镇
420325,420325101,镇,军店镇
420325,420325102,镇,化龙堰镇
420325,420325103,镇,土城镇
420325,420325104,镇,大木厂镇
420325,420325105,镇,青峰镇
420325,420325106,镇,门古寺镇
420325,420325107,镇,白鹤镇
420325,420325108,镇,野人谷镇
420325,420325109,镇,红塔镇
420325,420325110,镇,窑淮镇
420325,420325111,镇,尹吉甫镇
420325,420325203,乡,姚坪乡
420325,420325205,乡,沙河乡
420325,420325206,乡,万峪河乡
420325,420325208,乡,上龛乡
420325,420325209,乡,中坝乡
420325,420325210,乡,九道乡
420325,420325211,乡,回龙乡
420325,420325212,乡,五台乡
420381,420381001,街道,均州路街道
420381,420381002,街道,大坝街道
420381,420381003,街道,丹赵路街道
420381,420381004,街道,武当山街道
420381,420381005,街道,三官殿街道
420381,420381100,镇,土关垭镇
420381,420381101,镇,浪河镇
420381,420381102,镇,丁家营镇
420381,420381103,镇,六里坪镇
420381,420381104,镇,盐池河镇
420381,420381105,镇,均县镇
420381,420381106,镇,习家店镇
420381,420381107,镇,蒿坪镇
420381,420381108,镇,石鼓镇
420381,420381109,镇,凉水河镇
420381,420381110,镇,官山镇
420381,420381111,镇,龙山镇
420502,420502001,街道,西陵街道
420502,420502002,街道,学院街道
420502,420502003,街道,云集街道
420502,420502005,街道,西坝街道
420502,420502006,街道,葛洲坝街道
420502,420502007,街道,夜明珠街道
420502,420502008,街道,东苑街道
420502,420502009,街道,南苑街道
420502,420502010,街道,北苑街道
420502,420502011,街道,窑湾街道
420503,420503001,街道,大公桥街道
420503,420503002,街道,万寿桥街道
420503,420503003,街道,宝塔河街道
420503,420503004,街道,伍家岗街道
420503,420503201,乡,伍家乡
420504,420504001,街道,点军街道
420504,420504101,镇,艾家镇
420504,420504102,镇,桥边镇
420504,420504202,乡,联棚乡
420504,420504203,乡,土城乡
420505,420505001,街道,古老背街道
420505,420505002,街道,虎牙街道
420505,420505003,街道,云池街道
420506,420506001,街道,小溪塔街道
420506,420506101,镇,樟村坪镇
420506,420506102,镇,雾渡河镇
420506,420506103,镇,太平溪镇
420506,420506104,镇,三斗坪镇
420506,420506105,镇,乐天溪镇
420506,420506106,镇,分乡镇
420506,420506107,镇,龙泉镇
420506,420506108,镇,鸦鹊岭镇
420506,420506109,镇,黄花镇
420506,420506201,乡,下堡坪乡
420506,420506203,乡,邓村乡
420525,420525101,镇,鸣凤镇
420525,420525102,镇,花林寺镇
420525,420525103,镇,旧县镇
420525,420525104,镇,洋坪镇
420525,420525105,镇,茅坪场镇
420525,420525106,镇,嫘祖镇
420525,420525201,乡,河口乡
420526,420526101,镇,昭君镇
420526,420526102,镇,峡口镇
420526,420526103,镇,南阳镇
420526,420526104,镇,古夫镇
420526,420526105,镇,黄粮镇
420526,420526106,镇,水月寺镇
420526,420526201,乡,高桥乡
420526,420526202,乡,榛子乡
420527,420527101,镇,茅坪镇
420527,420527102,镇,归州镇
420527,420527103,镇,屈原镇
420527,420527104,镇,沙镇溪镇
420527,420527105,镇,两河口镇
420527,420527106,镇,郭家坝镇
420527,420527107,镇,杨林桥镇
420527,420527108,镇,九畹溪镇
420527,420527201,乡,水田坝乡
420527,420527202,乡,泄滩乡
420527,420527203,乡,梅家河乡
420527,420527204,乡,磨坪乡
420528,420528101,镇,龙舟坪镇
420528,420528102,镇,高家堰镇
420528,420528103,镇,磨市镇
420528,420528104,镇,都镇湾镇
420528,420528105,镇,资丘镇
420528,420528106,镇,渔峡口镇
420528,420528107,镇,榔坪镇
420528,420528108,镇,贺家坪镇
420528,420528201,乡,大堰乡
420528,420528202,乡,鸭子口乡
420528,420528203,乡,火烧坪乡
420529,420529101,镇,五峰镇
420529,420529102,镇,长乐坪镇
420529,420529103,镇,渔洋关镇
420529,420529104,镇,仁和坪镇
420529,420529105,镇,湾潭镇
420529,420529201,乡,傅家堰乡
420529,420529202,乡,牛庄乡
420529,420529203,乡,采花乡
420581,420581001,街道,陆城街道
420581,420581101,镇,红花套镇
420581,420581102,镇,高坝洲镇
420581,420581103,镇,聂家河镇
420581,420581104,镇,松木坪镇
420581,420581105,镇,枝城镇
420581,420581106,镇,姚家店镇
420581,420581107,镇,五眼泉镇
420581,420581108,镇,王家畈镇
420581,420581203,民族乡,潘家湾土家族乡
420582,420582001,街道,玉阳街道
420582,420582002,街道,坝陵街道
420582,420582003,街道,玉泉街道
420582,420582101,镇,两河镇
420582,420582102,镇,河溶镇
420582,420582103,镇,淯溪镇
420582,420582104,镇,庙前镇
420582,420582105,镇,王店镇
420582,420582106,镇,半月镇
420582,420582107,镇,草埠湖镇
420583,420583001,街道,马家店街道
420583,420583101,镇,安福寺镇
420583,420583102,镇,白洋镇
420583,420583103,镇,顾家店镇
420583,420583104,镇,董市镇
420583,420583105,镇,仙女镇
420583,420583106,镇,问安镇
420583,420583107,镇,七星台镇
420583,420583108,镇,百里洲镇
420602,420602001,街道,古城街道
420602,420602002,街道,真武山街道
420602,420602003,街道,庞公街道
420602,420602004,街道,檀溪街道
420602,420602005,街道,隆中街道
420602,420602006,街道,余家湖街道
420602,420602100,镇,欧庙镇
420602,420602101,镇,卧龙镇
420602,420602200,乡,尹集乡
420606,420606001,街道,汉江街道
420606,420606002,街道,王寨街道
420606,420606003,街道,中原街道
420606,420606004,街道,定中门街道
420606,420606005,街道,清河口街道
420606,420606006,街道,屏襄门街道
420606,420606007,街道,米公街道
420606,420606008,街道,柿铺街道
420606,420606009,街道,七里河街道
420606,420606010,街道,紫贞街道
420606,420606100,镇,牛首镇
420606,420606101,镇,太平店镇
420606,420606102,镇,团山镇
420607,420607001,街道,张湾街道
420607,420607002,街道,刘集街道
420607,420607003,街道,肖湾街道
420607,420607004,街道,六两河街道
420607,420607005,街道,浩然街道
420607,420607006,街道,金华街道
420607,420607101,镇,龙王镇
420607,420607102,镇,石桥镇
420607,420607103,镇,黄集镇
420607,420607104,镇,伙牌镇
420607,420607105,镇,古驿镇
420607,420607106,镇,朱集镇
420607,420607107,镇,程河镇
420607,420607108,镇,双沟镇
420607,420607109,镇,张家集镇
420607,420607110,镇,黄龙镇
420607,420607111,镇,峪山镇
420607,420607112,镇,东津镇
420607,420607113,镇,米庄镇
420624,420624100,镇,城关镇
420624,420624101,镇,武安镇
420624,420624102,镇,九集镇
420624,420624103,镇,李庙镇
420624,420624104,镇,长坪镇
420624,420624105,镇,薛坪镇
420624,420624106,镇,板桥镇
420624,420624107,镇,巡检镇
420624,420624108,镇,东巩镇
420624,420624109,镇,肖堰镇
420625,420625100,镇,城关镇
420625,420625101,镇,石花镇
420625,420625102,镇,盛𡐓镇
420625,420625103,镇,庙滩镇
420625,420625104,镇,茨河镇
420625,420625105,镇,南河镇
420625,420625106,镇,紫金镇
420625,420625107,镇,冷集镇
420625,420625108,镇,五山镇
420625,420625200,乡,赵湾乡
420626,420626100,镇,城关镇
420626,420626101,镇,黄堡镇
420626,420626102,镇,后坪镇
420626,420626103,镇,龙坪镇
420626,420626104,镇,店垭镇
420626,420626105,镇,马良镇
420626,420626106,镇,歇马镇
420626,420626107,镇,马桥镇
420626,420626108,镇,寺坪镇
420626,420626109,镇,过渡湾镇
420626,420626200,乡,两峪乡
420682,420682001,街道,光化街道
420682,420682002,街道,酂阳街道
420682,420682100,镇,孟楼镇
420682,420682101,镇,竹林桥镇
420682,420682102,镇,薛集镇
420682,420682103,镇,张集镇
420682,420682104,镇,仙人渡镇
420682,420682105,镇,洪山嘴镇
420682,420682106,镇,李楼镇
420682,420682200,乡,袁冲乡
420683,420683001,街道,北城街道
420683,420683002,街道,南城街道
420683,420683003,街道,环城街道
420683,420683100,镇,琚湾镇
420683,420683101,镇,七方镇
420683,420683102,镇,杨垱镇
420683,420683103,镇,太平镇
420683,420683104,镇,新市镇
420683,420683105,镇,鹿头镇
420683,420683106,镇,刘升镇
420683,420683107,镇,兴隆镇
420683,420683108,镇,王城镇
420683,420683109,镇,吴店镇
420683,420683110,镇,熊集镇
420683,420683111,镇,平林镇
420684,420684001,街道,鄢城街道
420684,420684002,街道,南营街道
420684,420684003,街道,龙头街道
420684,420684100,镇,郑集镇
420684,420684101,镇,小河镇
420684,420684102,镇,刘猴镇
420684,420684103,镇,孔湾镇
420684,420684104,镇,流水镇
420684,420684105,镇,板桥店镇
420684,420684106,镇,王集镇
420684,420684107,镇,雷河镇
420702,420702100,镇,太和镇
420702,420702101,镇,东沟镇
420702,420702102,镇,梁子镇
420702,420702103,镇,涂家垴镇
420702,420702104,镇,沼山镇
420703,420703100,镇,华容镇
420703,420703101,镇,葛店镇
420703,420703102,镇,庙岭镇
420703,420703103,镇,段店镇
420703,420703200,乡,临江乡
420703,420703201,乡,蒲团乡
420704,420704001,街道,凤凰街道
420704,420704002,街道,古楼街道
420704,420704003,街道,西山街道
420704,420704004,街道,樊口街道
420704,420704100,镇,泽林镇
420704,420704101,镇,杜山镇
420704,420704102,镇,新庙镇
420704,420704103,镇,碧石渡镇
420704,420704104,镇,汀祖镇
420704,420704105,镇,燕矶镇
420704,420704106,镇,杨叶镇
420704,420704107,镇,花湖镇
420704,420704108,镇,长港镇
420704,420704200,乡,沙窝乡
420802,420802001,街道,龙泉街道
420802,420802002,街道,泉口街道
420802,420802100,镇,栗溪镇
420802,420802101,镇,子陵铺镇
420802,420802102,镇,漳河镇
420802,420802103,镇,马河镇
420802,420802104,镇,石桥驿镇
420802,420802105,镇,牌楼镇
420802,420802200,乡,仙居乡
420804,420804001,街道,掇刀石街道
420804,420804002,街道,白庙街道
420804,420804003,街道,兴隆街道
420804,420804004,街道,双喜街道
420804,420804100,镇,团林铺镇
420804,420804101,镇,麻城镇
420822,420822100,镇,沙洋镇
420822,420822101,镇,五里铺镇
420822,420822102,镇,十里铺镇
420822,420822103,镇,纪山镇
420822,420822104,镇,拾回桥镇
420822,420822105,镇,后港镇
420822,420822107,镇,毛李镇
420822,420822108,镇,官垱镇
420822,420822109,镇,李市镇
420822,420822110,镇,马良镇
420822,420822111,镇,高阳镇
420822,420822112,镇,沈集镇
420822,420822113,镇,曾集镇
420881,420881001,街道,郢中街道
420881,420881002,街道,皇庄街道
420881,420881100,镇,洋梓镇
420881,420881101,镇,长寿镇
420881,420881102,镇,丰乐镇
420881,420881103,镇,胡集镇
420881,420881104,镇,双河镇
420881,420881105,镇,磷矿镇
420881,420881106,镇,文集镇
420881,420881107,镇,冷水镇
420881,420881108,镇,石牌镇
420881,420881109,镇,旧口镇
420881,420881110,镇,柴湖镇
420881,420881111,镇,长滩镇
420881,420881112,镇,东桥镇
420881,420881113,镇,客店镇
420881,420881114,镇,张集镇
420881,420881200,民族乡,九里回族乡
420882,420882001,街道,新市街道
420882,420882002,街道,永兴街道
420882,420882003,街道,温泉街道
420882,420882102,镇,曹武镇
420882,420882103,镇,罗店镇
420882,420882105,镇,宋河镇
420882,420882106,镇,坪坝镇
420882,420882107,镇,三阳镇
420882,420882108,镇,绿林镇
420882,420882109,镇,杨集镇
420882,420882110,镇,孙桥镇
420882,420882111,镇,石龙镇
420882,420882112,镇,永漋镇
420882,420882114,镇,雁门口镇
420882,420882115,镇,钱场镇
420902,420902001,街道,书院街道
420902,420902002,街道,新华街道
420902,420902003,街道,广场街道
420902,420902004,街道,车站街道
420902,420902100,镇,新铺镇
420902,420902101,镇,西河镇
420902,420902102,镇,杨店镇
420902,420902103,镇,陡岗镇
420902,420902104,镇,肖港镇
420902,420902105,镇,毛陈镇
420902,420902106,镇,三汊镇
420902,420902107,镇,祝站镇
420902,420902200,乡,朋兴乡
420902,420902201,乡,卧龙乡
420902,420902202,乡,闵集乡
420921,420921100,镇,花园镇
420921,420921101,镇,丰山镇
420921,420921102,镇,周巷镇
420921,420921103,镇,小河镇
420921,420921104,镇,王店镇
420921,420921105,镇,卫店镇
420921,420921106,镇,白沙镇
420921,420921107,镇,邹岗镇
420921,420921200,乡,小悟乡
420921,420921201,乡,季店乡
420921,420921202,乡,花西乡
420921,420921203,乡,陡山乡
420922,420922100,镇,城关镇
420922,420922101,镇,阳平镇
420922,420922102,镇,芳畈镇
420922,420922103,镇,新城镇
420922,420922104,镇,夏店镇
420922,420922105,镇,刘集镇
420922,420922106,镇,河口镇
420922,420922107,镇,四姑镇
420922,420922108,镇,吕王镇
420922,420922109,镇,黄站镇
420922,420922110,镇,宣化店镇
420922,420922111,镇,丰店镇
420922,420922112,镇,大新镇
420922,420922113,镇,三里城镇
420922,420922201,乡,高店乡
420922,420922202,乡,彭店乡
420922,420922203,乡,东新乡
420923,420923100,镇,城关镇
420923,420923101,镇,义堂镇
420923,420923102,镇,曾店镇
420923,420923103,镇,吴铺镇
420923,420923104,镇,伍洛镇
420923,420923105,镇,下辛店镇
420923,420923106,镇,道桥镇
420923,420923107,镇,隔蒲潭镇
420923,420923108,镇,胡金店镇
420923,420923200,乡,倒店乡
420923,420923201,乡,沙河乡
420923,420923202,乡,清明河乡
420981,420981001,街道,城中街道
420981,420981002,街道,城北街道
420981,420981003,街道,四里棚街道
420981,420981004,街道,东马坊街道
420981,420981005,街道,长江埠街道
420981,420981100,镇,田店镇
420981,420981101,镇,杨河镇
420981,420981102,镇,三合镇
420981,420981103,镇,郎君镇
420981,420981105,镇,天鹅镇
420981,420981106,镇,义和镇
420981,420981107,镇,陈河镇
420981,420981108,镇,杨岭镇
420981,420981109,镇,汤池镇
420981,420981110,镇,黄滩镇
420982,420982001,街道,府城街道
420982,420982002,街道,南城街道
420982,420982100,镇,赵棚镇
420982,420982101,镇,李店镇
420982,420982102,镇,巡店镇
420982,420982103,镇,棠棣镇
420982,420982104,镇,雷公镇
420982,420982105,镇,王义贞镇
420982,420982106,镇,孛畈镇
420982,420982107,镇,烟店镇
420982,420982108,镇,洑水镇
420982,420982200,乡,陈店乡
420982,420982201,乡,辛榨乡
420982,420982202,乡,木梓乡
420982,420982203,乡,接官乡
420984,420984001,街道,仙女山街道
420984,420984002,街道,汈东街道
420984,420984101,镇,马口镇
420984,420984102,镇,脉旺镇
420984,420984103,镇,城隍镇
420984,420984104,镇,分水镇
420984,420984105,镇,沉湖镇
420984,420984106,镇,田二河镇
420984,420984107,镇,回龙镇
420984,420984108,镇,新堰镇
420984,420984109,镇,垌塚镇
420984,420984110,镇,麻河镇
420984,420984111,镇,刘家隔镇
420984,420984112,镇,新河镇
420984,420984113,镇,庙头镇
420984,420984114,镇,杨林沟镇
420984,420984200,乡,西江乡
420984,420984201,乡,湾潭乡
420984,420984202,乡,南河乡
420984,420984203,乡,马鞍乡
420984,420984204,乡,里潭乡
420984,420984205,乡,韩集乡
421002,421002001,街道,中山路街道
421002,421002002,街道,崇文街街道
421002,421002003,街道,解放路街道
421002,421002004,街道,胜利街街道
421002,421002005,街道,朝阳路街道
421002,421002006,街道,西湖街道
421002,421002007,街道,立新街道
421002,421002008,街道,鱼农桥街道
421002,421002100,镇,锣场镇
421002,421002101,镇,岑河镇
421002,421002102,镇,观音垱镇
421002,421002103,镇,关沮镇
421002,421002202,乡,联合乡
421003,421003001,街道,西城街道
421003,421003002,街道,东城街道
421003,421003003,街道,城南街道
421003,421003004,街道,凤凰街道
421003,421003005,街道,太湖港街道
421003,421003100,镇,纪南镇
421003,421003101,镇,川店镇
421003,421003102,镇,马山镇
421003,421003103,镇,八岭山镇
421003,421003104,镇,李埠镇
421003,421003105,镇,弥市镇
421003,421003106,镇,郢城镇
421022,421022100,镇,埠河镇
421022,421022101,镇,斗湖堤镇
421022,421022102,镇,夹竹园镇
421022,421022103,镇,闸口镇
421022,421022104,镇,杨家厂镇
421022,421022105,镇,麻豪口镇
421022,421022106,镇,藕池镇
421022,421022107,镇,黄山头镇
421022,421022108,镇,孟家溪镇
421022,421022109,镇,南平镇
421022,421022110,镇,章庄铺镇
421022,421022111,镇,狮子口镇
421022,421022112,镇,斑竹垱镇
421022,421022113,镇,毛家港镇
421022,421022200,乡,甘家厂乡
421022,421022201,乡,章田寺乡
421024,421024100,镇,资市镇
421024,421024101,镇,滩桥镇
421024,421024102,镇,熊河镇
421024,421024103,镇,白马寺镇
421024,421024104,镇,沙岗镇
421024,421024105,镇,普济镇
421024,421024106,镇,郝穴镇
421024,421024200,乡,马家寨乡
421024,421024201,乡,秦市乡
421081,421081001,街道,绣林街道
421081,421081002,街道,笔架山街道
421081,421081100,镇,新厂镇
421081,421081101,镇,横沟市镇
421081,421081102,镇,小河口镇
421081,421081103,镇,桃花山镇
421081,421081104,镇,调关镇
421081,421081105,镇,东升镇
421081,421081106,镇,高基庙镇
421081,421081107,镇,南口镇
421081,421081108,镇,高陵镇
421081,421081109,镇,团山寺镇
421081,421081120,镇,大垸镇
421081,421081202,乡,久合垸乡
421083,421083001,街道,新堤街道
421083,421083004,街道,滨湖街道
421083,421083100,镇,螺山镇
421083,421083101,镇,乌林镇
421083,421083102,镇,龙口镇
421083,421083103,镇,燕窝镇
421083,421083104,镇,新滩镇
421083,421083105,镇,峰口镇
421083,421083106,镇,曹市镇
421083,421083107,镇,府场镇
421083,421083108,镇,戴家场镇
421083,421083109,镇,瞿家湾镇
421083,421083110,镇,沙口镇
421083,421083111,镇,万全镇
421083,421083112,镇,汊河镇
421083,421083113,镇,黄家口镇
421083,421083200,民族乡,老湾回族乡
421087,421087001,街道,新江口街道
421087,421087002,街道,乐乡街道
421087,421087101,镇,南海镇
421087,421087102,镇,八宝镇
421087,421087103,镇,涴市镇
421087,421087104,镇,老城镇
421087,421087105,镇,陈店镇
421087,421087106,镇,王家桥镇
421087,421087107,镇,斯家场镇
421087,421087108,镇,杨林市镇
421087,421087109,镇,纸厂河镇
421087,421087110,镇,街河市镇
421087,421087111,镇,洈水镇
421087,421087112,镇,刘家场镇
421087,421087113,镇,沙道观镇
421087,421087200,乡,万家乡
421087,421087201,民族乡,卸甲坪土家族乡
421088,421088100,镇,容城镇
421088,421088101,镇,朱河镇
421088,421088102,镇,新沟镇
421088,421088103,镇,龚场镇
421088,421088104,镇,周老嘴镇
421088,421088105,镇,黄歇口镇
421088,421088106,镇,汪桥镇
421088,421088107,镇,程集镇
421088,421088108,镇,分盐镇
421088,421088109,镇,毛市镇
421088,421088110,镇,福田寺镇
421088,421088111,镇,上车湾镇
421088,421088112,镇,汴河镇
421088,421088113,镇,尺八镇
421088,421088114,镇,白螺镇
421088,421088115,镇,网市镇
421088,421088116,镇,三洲镇
421088,421088117,镇,桥市镇
421088,421088200,乡,红城乡
421088,421088201,乡,棋盘乡
421088,421088202,乡,柘木乡
421102,421102001,街道,赤壁街道
421102,421102002,街道,东湖街道
421102,421102003,街道,禹王街道
421102,421102004,街道,南湖街道
421102,421102005,街道,西湖街道
421102,421102101,镇,路口镇
421102,421102102,镇,堵城镇
421102,421102103,镇,陈策楼镇
421102,421102200,乡,陶店乡
421121,421121100,镇,团风镇
421121,421121101,镇,淋山河镇
421121,421121102,镇,方高坪镇
421121,421121103,镇,回龙山镇
421121,421121104,镇,马曹庙镇
421121,421121105,镇,上巴河镇
421121,421121106,镇,总路咀镇
421121,421121107,镇,但店镇
421121,421121200,乡,贾庙乡
421121,421121201,乡,杜皮乡
421122,421122100,镇,城关镇
421122,421122101,镇,七里坪镇
421122,421122102,镇,华家河镇
421122,421122103,镇,二程镇
421122,421122104,镇,上新集镇
421122,421122105,镇,高桥镇
421122,421122106,镇,觅儿寺镇
421122,421122107,镇,八里湾镇
421122,421122108,镇,太平桥镇
421122,421122109,镇,永佳河镇
421122,421122200,乡,杏花乡
421123,421123100,镇,凤山镇
421123,421123101,镇,骆驼坳镇
421123,421123103,镇,大河岸镇
421123,421123104,镇,九资河镇
421123,421123105,镇,胜利镇
421123,421123106,镇,河铺镇
421123,421123107,镇,三里畈镇
421123,421123108,镇,匡河镇
421123,421123109,镇,白庙河镇
421123,421123110,镇,大崎镇
421123,421123201,乡,白莲河乡
421123,421123209,乡,平湖乡
421124,421124100,镇,温泉镇
421124,421124101,镇,南河镇
421124,421124102,镇,红山镇
421124,421124103,镇,金家铺镇
421124,421124104,镇,石头咀镇
421124,421124105,镇,草盘地镇
421124,421124106,镇,雷家店镇
421124,421124107,镇,杨柳湾镇
421124,421124200,乡,方家咀乡
421124,421124201,乡,孔家坊乡
421124,421124202,乡,陶家河乡
421125,421125100,镇,清泉镇
421125,421125101,镇,巴河镇
421125,421125102,镇,竹瓦镇
421125,421125103,镇,汪岗镇
421125,421125104,镇,团陂镇
421125,421125105,镇,关口镇
421125,421125106,镇,白莲镇
421125,421125107,镇,蔡河镇
421125,421125108,镇,洗马镇
421125,421125109,镇,丁司垱镇
421125,421125110,镇,散花镇
421125,421125111,镇,兰溪镇
421125,421125200,乡,绿杨乡
421126,421126100,镇,漕河镇
421126,421126101,镇,赤东镇
421126,421126102,镇,蕲州镇
421126,421126103,镇,管窑镇
421126,421126104,镇,彭思镇
421126,421126105,镇,横车镇
421126,421126106,镇,株林镇
421126,421126107,镇,刘河镇
421126,421126108,镇,狮子镇
421126,421126109,镇,青石镇
421126,421126110,镇,张塝镇
421126,421126111,镇,大同镇
421126,421126112,镇,檀林镇
421126,421126200,乡,向桥乡
421127,421127100,镇,黄梅镇
421127,421127101,镇,孔垄镇
421127,421127102,镇,小池镇
421127,421127103,镇,下新镇
421127,421127104,镇,大河镇
421127,421127105,镇,停前镇
421127,421127106,镇,五祖镇
421127,421127107,镇,濯港镇
421127,421127108,镇,蔡山镇
421127,421127109,镇,新开镇
421127,421127110,镇,独山镇
421127,421127111,镇,分路镇
421127,421127200,乡,柳林乡
421127,421127201,乡,杉木乡
421127,421127202,乡,苦竹乡
421127,421127203,乡,刘佐乡
421181,421181002,街道,鼓楼街道
421181,421181003,街道,南湖街道
421181,421181004,街道,龙池桥街道
421181,421181005,街道,黄金桥街道
421181,421181100,镇,中馆驿镇
421181,421181101,镇,宋埠镇
421181,421181102,镇,歧亭镇
421181,421181103,镇,白果镇
421181,421181104,镇,夫子河镇
421181,421181105,镇,阎家河镇
421181,421181106,镇,张家畈镇
421181,421181107,镇,木子店镇
421181,421181108,镇,盐田河镇
421181,421181109,镇,三河口镇
421181,421181110,镇,黄土岗镇
421181,421181111,镇,福田河镇
421181,421181112,镇,乘马岗镇
421181,421181113,镇,顺河镇
421181,421181114,镇,龟山镇
421181,421181200,乡,铁门岗乡
421182,421182001,街道,武穴街道
421182,421182002,街道,刊江街道
421182,421182003,街道,田家镇街道
421182,421182004,街道,万丈湖街道
421182,421182100,镇,梅川镇
421182,421182101,镇,余川镇
421182,421182102,镇,花桥镇
421182,421182103,镇,大金镇
421182,421182104,镇,石佛寺镇
421182,421182105,镇,四望镇
421182,421182106,镇,大法寺镇
421182,421182107,镇,龙坪镇
421202,421202001,街道,温泉街道
421202,421202002,街道,浮山街道
421202,421202003,街道,永安街道
421202,421202100,镇,汀泗桥镇
421202,421202101,镇,向阳湖镇
421202,421202102,镇,官埠桥镇
421202,421202103,镇,横沟桥镇
421202,421202104,镇,贺胜桥镇
421202,421202105,镇,双溪桥镇
421202,421202106,镇,马桥镇
421202,421202107,镇,桂花镇
421202,421202108,镇,高桥镇
421202,421202200,乡,大幕乡
421221,421221100,镇,陆溪镇
421221,421221101,镇,高铁岭镇
421221,421221102,镇,官桥镇
421221,421221103,镇,鱼岳镇
421221,421221104,镇,新街镇
421221,421221105,镇,渡普镇
421221,421221106,镇,潘家湾镇
421221,421221107,镇,簰洲湾镇
421222,421222100,镇,隽水镇
421222,421222101,镇,麦市镇
421222,421222102,镇,塘湖镇
421222,421222103,镇,关刀镇
421222,421222104,镇,沙堆镇
421222,421222105,镇,五里镇
421222,421222106,镇,石南镇
421222,421222107,镇,北港镇
421222,421222108,镇,马港镇
421222,421222200,乡,四庄乡
421222,421222201,乡,大坪乡
421223,421223100,镇,天城镇
421223,421223101,镇,沙坪镇
421223,421223102,镇,石城镇
421223,421223103,镇,桂花泉镇
421223,421223104,镇,白霓镇
421223,421223105,镇,路口镇
421223,421223106,镇,金塘镇
421223,421223107,镇,青山镇
421223,421223200,乡,肖岭乡
421223,421223201,乡,铜钟乡
421223,421223202,乡,港口乡
421223,421223203,乡,高枧乡
421224,421224100,镇,通羊镇
421224,421224101,镇,南林桥镇
421224,421224102,镇,厦铺镇
421224,421224103,镇,闯王镇
421224,421224104,镇,九宫山镇
421224,421224105,镇,洪港镇
421224,421224106,镇,大畈镇
421224,421224108,镇,黄沙铺镇
421224,421224200,乡,大路乡
421224,421224201,乡,杨芳林乡
421224,421224202,乡,燕厦乡
421224,421224203,乡,慈口乡
421281,421281001,街道,蒲圻街道
421281,421281002,街道,陆水湖街道
421281,421281003,街道,赤马港街道
421281,421281100,镇,新店镇
421281,421281101,镇,赵李桥镇
421281,421281102,镇,茶庵岭镇
421281,421281103,镇,中伙铺镇
421281,421281104,镇,官塘驿镇
421281,421281105,镇,神山镇
421281,421281106,镇,车埠镇
421281,421281107,镇,周郎嘴回族镇
421281,421281108,镇,柳山湖镇
421281,421281109,镇,黄盖湖镇
421281,421281200,乡,余家桥乡
421303,421303001,街道,西城街道
421303,421303002,街道,东城街道
421303,421303003,街道,南郊街道
421303,421303004,街道,北郊街道
421303,421303005,街道,涢水街道
421303,421303100,镇,淅河镇
421303,421303101,镇,万店镇
421303,421303122,镇,何店镇
421303,421303123,镇,洛阳镇
421303,421303124,镇,府河镇
421321,421321100,镇,高城镇
421321,421321101,镇,殷店镇
421321,421321102,镇,草店镇
421321,421321103,镇,小林镇
421321,421321104,镇,淮河镇
421321,421321105,镇,万和镇
421321,421321106,镇,尚市镇
421321,421321107,镇,厉山镇
421321,421321108,镇,唐县镇
421321,421321109,镇,吴山镇
421321,421321110,镇,安居镇
421321,421321111,镇,新街镇
421321,421321112,镇,澴潭镇
421321,421321113,镇,洪山镇
421321,421321114,镇,长岗镇
421321,421321115,镇,三里岗镇
421321,421321116,镇,柳林镇
421321,421321117,镇,均川镇
421321,421321118,镇,万福镇
421381,421381001,街道,应山街道
421381,421381002,街道,十里街道
421381,421381003,街道,广水街道
421381,421381004,街道,城郊街道
421381,421381100,镇,武胜关镇
421381,421381101,镇,杨寨镇
421381,421381102,镇,陈巷镇
421381,421381104,镇,长岭镇
421381,421381105,镇,马坪镇
421381,421381106,镇,关庙镇
421381,421381107,镇,余店镇
421381,421381108,镇,吴店镇
421381,421381109,镇,郝店镇
421381,421381110,镇,蔡河镇
421381,421381111,镇,太平镇
421381,421381112,镇,李店镇
421381,421381113,镇,骆店镇
422801,422801001,街道,舞阳坝街道
422801,422801002,街道,六角亭街道
422801,422801003,街道,小渡船街道
422801,422801004,街道,金子坝街道
422801,422801005,街道,七里坪街道
422801,422801100,镇,龙凤镇
422801,422801101,镇,崔家坝镇
422801,422801102,镇,板桥镇
422801,422801103,镇,白杨坪镇
422801,422801104,镇,三岔镇
422801,422801105,镇,盛家坝镇
422801,422801201,乡,新塘乡
422801,422801202,乡,红土乡
422801,422801203,乡,沙地乡
422801,422801205,乡,太阳河乡
422801,422801206,乡,屯堡乡
422801,422801207,乡,白果乡
422801,422801208,民族乡,芭蕉侗族乡
422802,422802001,街道,都亭街道
422802,422802002,街道,东城街道
422802,422802101,镇,柏杨坝镇
422802,422802102,镇,汪营镇
422802,422802103,镇,建南镇
422802,422802104,镇,忠路镇
422802,422802105,镇,团堡镇
422802,422802106,镇,谋道镇
422802,422802107,镇,毛坝镇
422802,422802108,镇,文斗镇
422802,422802200,乡,凉雾乡
422802,422802201,乡,元堡乡
422802,422802202,乡,南坪乡
422802,422802205,乡,沙溪乡
422822,422822100,镇,业州镇
422822,422822101,镇,高坪镇
422822,422822102,镇,红岩寺镇
422822,422822103,镇,景阳镇
422822,422822104,镇,官店镇
422822,422822105,镇,花坪镇
422822,422822106,镇,长梁镇
422822,422822201,乡,茅田乡
422822,422822202,乡,龙坪乡
422822,422822203,乡,三里乡
422823,422823100,镇,信陵镇
422823,422823101,镇,东瀼口镇
422823,422823102,镇,沿渡河镇
422823,422823103,镇,官渡口镇
422823,422823104,镇,茶店子镇
422823,422823105,镇,绿葱坡镇
422823,422823106,镇,大支坪镇
422823,422823107,镇,野三关镇
422823,422823108,镇,水布垭镇
422823,422823109,镇,清太坪镇
422823,422823200,乡,溪丘湾乡
422823,422823201,乡,金果坪乡
422825,422825100,镇,珠山镇
422825,422825101,镇,椒园镇
422825,422825102,镇,沙道沟镇
422825,422825103,镇,李家河镇
422825,422825104,镇,高罗镇
422825,422825200,乡,万寨乡
422825,422825201,民族乡,长潭河侗族乡
422825,422825203,民族乡,晓关侗族乡
422825,422825205,乡,椿木营乡
422826,422826100,镇,高乐山镇
422826,422826101,镇,朝阳寺镇
422826,422826102,镇,坪坝营镇
422826,422826103,镇,忠堡镇
422826,422826104,镇,清坪镇
422826,422826105,镇,唐崖镇
422826,422826106,镇,曲江镇
422826,422826202,乡,活龙坪乡
422826,422826203,乡,小村乡
422826,422826204,乡,黄金洞乡
422827,422827100,镇,翔凤镇
422827,422827101,镇,百福司镇
422827,422827102,镇,大河镇
422827,422827103,镇,绿水镇
422827,422827104,镇,旧司镇
422827,422827105,镇,革勒车镇
422827,422827201,乡,漫水乡
422827,422827203,乡,三胡乡
422828,422828100,镇,容美镇
422828,422828101,镇,走马镇
422828,422828102,镇,太平镇
422828,422828103,镇,燕子镇
422828,422828104,镇,中营镇
422828,422828201,民族乡,铁炉白族乡
422828,422828202,乡,五里乡
422828,422828204,乡,下坪乡
422828,422828205,乡,邬阳乡
429004,429004001,街道,沙嘴街道
429004,429004002,街道,干河街道
429004,429004003,街道,龙华山街道
429004,429004004,街道,杜湖街道
429004,429004101,镇,郑场镇
429004,429004102,镇,毛嘴镇
429004,429004103,镇,剅河镇
429004,429004104,镇,三伏潭镇
429004,429004105,镇,胡场镇
429004,429004106,镇,长埫口镇
429004,429004107,镇,西流河镇
429004,429004108,镇,沙湖镇
429004,429004109,镇,杨林尾镇
429004,429004110,镇,彭场镇
429004,429004111,镇,张沟镇
429004,429004112,镇,郭河镇
429004,429004113,镇,沔城回族镇
429004,429004114,镇,通海口镇
429004,429004115,镇,陈场镇
429005,429005001,街道,园林街道
429005,429005002,街道,泽口街道
429005,429005003,街道,广华寺街道
429005,429005004,街道,周矶街道
429005,429005005,街道,杨市街道
429005,429005006,街道,泰丰街道
429005,429005007,街道,高场街道
429005,429005100,镇,竹根滩镇
429005,429005101,镇,渔洋镇
429005,429005102,镇,老新镇
429005,429005103,镇,熊口镇
429005,429005104,镇,王场镇
429005,429005105,镇,高石碑镇
429005,429005106,镇,积玉口镇
429005,429005107,镇,浩口镇
429005,429005108,镇,张金镇
429005,429005109,镇,龙湾镇
429006,429006001,街道,竟陵街道
429006,429006002,街道,侯口街道
429006,429006003,街道,杨林街道
429006,429006100,镇,多宝镇
429006,429006101,镇,拖市镇
429006,429006102,镇,张港镇
429006,429006103,镇,蒋场镇
429006,429006104,镇,汪场镇
429006,429006105,镇,渔薪镇
429006,429006106,镇,黄潭镇
429006,429006107,镇,岳口镇
429006,429006108,镇,横林镇
429006,429006109,镇,彭市镇
429006,429006110,镇,麻洋镇
429006,429006111,镇,多祥镇
429006,429006112,镇,干驿镇
429006,429006113,镇,马湾镇
429006,429006114,镇,卢市镇
429006,429006115,镇,小板镇
429006,429006116,镇,九真镇
429006,429006118,镇,皂市镇
429006,429006119,镇,胡市镇
429006,429006120,镇,石家河镇
429006,429006121,镇,佛子山镇
429006,429006201,乡,净潭乡
429021,429021100,镇,松柏镇
429021,429021101,镇,阳日镇
429021,429021102,镇,木鱼镇
429021,429021103,镇,红坪镇
429021,429021104,镇,新华镇
429021,429021105,镇,大九湖镇
429021,429021201,乡,宋洛乡
429021,429021203,民族乡,下谷坪土家族乡
430102,430102001,街道,文艺路街道
430102,430102002,街道,朝阳街街道
430102,430102003,街道,韭菜园街道
430102,430102008,街道,五里牌街道
430102,430102009,街道,火星街道
430102,430102010,街道,马王堆街道
430102,430102011,街道,东屯渡街道
430102,430102012,街道,湘湖街道
430102,430102013,街道,东岸街道
430102,430102014,街道,荷花园街道
430102,430102015,街道,马坡岭街道
430102,430102016,街道,东湖街道
430102,430102017,街道,定王台街道
430103,430103002,街道,坡子街街道
430103,430103004,街道,城南路街道
430103,430103005,街道,裕南街街道
430103,430103006,街道,金盆岭街道
430103,430103007,街道,新开铺街道
430103,430103008,街道,青园街道
430103,430103009,街道,桂花坪街道
430103,430103010,街道,先锋街道
430103,430103011,街道,赤岭路街道
430103,430103012,街道,文源街道
430103,430103013,街道,黑石铺街道
430103,430103014,街道,大托铺街道
430103,430103015,街道,暮云街道
430103,430103016,街道,南托街道
430104,430104001,街道,望月湖街道
430104,430104002,街道,岳麓街道
430104,430104003,街道,桔子洲街道
430104,430104004,街道,银盆岭街道
430104,430104005,街道,观沙岭街道
430104,430104006,街道,望城坡街道
430104,430104007,街道,西湖街道
430104,430104008,街道,咸嘉湖街道
430104,430104009,街道,望岳街道
430104,430104010,街道,梅溪湖街道
430104,430104011,街道,麓谷街道
430104,430104012,街道,坪塘街道
430104,430104013,街道,含浦街道
430104,430104014,街道,天顶街道
430104,430104015,街道,洋湖街道
430104,430104016,街道,学士街道
430104,430104017,街道,东方红街道
430104,430104101,镇,莲花镇
430104,430104104,镇,雨敞坪镇
430105,430105001,街道,芙蓉北路街道
430105,430105002,街道,东风路街道
430105,430105003,街道,清水塘街道
430105,430105004,街道,望麓园街道
430105,430105005,街道,湘雅路街道
430105,430105006,街道,伍家岭街道
430105,430105009,街道,新河街道
430105,430105010,街道,通泰街街道
430105,430105012,街道,四方坪街道
430105,430105013,街道,洪山街道
430105,430105015,街道,捞刀河街道
430105,430105016,街道,浏阳河街道
430105,430105017,街道,月湖街道
430105,430105018,街道,沙坪街道
430105,430105019,街道,秀峰街道
430105,430105020,街道,青竹湖街道
430111,430111001,街道,侯家塘街道
430111,430111002,街道,左家塘街道
430111,430111003,街道,圭塘街道
430111,430111004,街道,砂子塘街道
430111,430111005,街道,东塘街道
430111,430111006,街道,雨花亭街道
430111,430111007,街道,高桥街道
430111,430111008,街道,井湾子街道
430111,430111009,街道,洞井街道
430111,430111010,街道,黎托街道
430111,430111011,街道,同升街道
430111,430111012,街道,东山街道
430111,430111100,镇,跳马镇
430112,430112001,街道,高塘岭街道
430112,430112006,街道,白沙洲街道
430112,430112007,街道,大泽湖街道
430112,430112008,街道,月亮岛街道
430112,430112009,街道,丁字湾街道
430112,430112011,街道,金山桥街道
430112,430112012,街道,黄金园街道
430112,430112014,街道,铜官街道
430112,430112015,街道,乌山街道
430112,430112016,街道,雷锋街道
430112,430112017,街道,白马街道
430112,430112101,镇,桥驿镇
430112,430112103,镇,茶亭镇
430112,430112106,镇,靖港镇
430112,430112107,镇,乔口镇
430112,430112115,镇,白箬铺镇
430121,430121001,街道,星沙街道
430121,430121002,街道,湘龙街道
430121,430121003,街道,泉塘街道
430121,430121004,街道,㮾梨街道
430121,430121005,街道,长龙街道
430121,430121102,镇,黄兴镇
430121,430121104,镇,江背镇
430121,430121105,镇,黄花镇
430121,430121106,镇,春华镇
430121,430121107,镇,果园镇
430121,430121108,镇,路口镇
430121,430121109,镇,高桥镇
430121,430121110,镇,金井镇
430121,430121111,镇,福临镇
430121,430121112,镇,青山铺镇
430121,430121113,镇,安沙镇
430121,430121114,镇,北山镇
430121,430121117,镇,开慧镇
430181,430181001,街道,淮川街道
430181,430181002,街道,集里街道
430181,430181003,街道,荷花街道
430181,430181004,街道,关口街道
430181,430181100,镇,沙市镇
430181,430181101,镇,淳口镇
430181,430181102,镇,社港镇
430181,430181103,镇,大围山镇
430181,430181104,镇,官渡镇
430181,430181105,镇,张坊镇
430181,430181106,镇,达浒镇
430181,430181107,镇,沿溪镇
430181,430181108,镇,古港镇
430181,430181109,镇,永和镇
430181,430181110,镇,大瑶镇
430181,430181111,镇,金刚镇
430181,430181112,镇,文家市镇
430181,430181114,镇,枨冲镇
430181,430181115,镇,镇头镇
430181,430181116,镇,普迹镇
430181,430181117,镇,永安镇
430181,430181118,镇,北盛镇
430181,430181120,镇,龙伏镇
430181,430181121,镇,澄潭江镇
430181,430181122,镇,中和镇
430181,430181123,镇,柏加镇
430181,430181124,镇,洞阳镇
430181,430181125,镇,高坪镇
430181,430181127,镇,官桥镇
430181,430181128,镇,葛家镇
430181,430181132,镇,蕉溪镇
430181,430181201,乡,小河乡
430182,430182001,街道,玉潭街道
430182,430182002,街道,城郊街道
430182,430182003,街道,白马桥街道
430182,430182004,街道,历经铺街道
430182,430182101,镇,道林镇
430182,430182102,镇,花明楼镇
430182,430182103,镇,东湖塘镇
430182,430182104,镇,夏铎铺镇
430182,430182105,镇,双江口镇
430182,430182106,镇,煤炭坝镇
430182,430182107,镇,坝塘镇
430182,430182109,镇,灰汤镇
430182,430182110,镇,双凫铺镇
430182,430182111,镇,老粮仓镇
430182,430182112,镇,流沙河镇
430182,430182113,镇,巷子口镇
430182,430182114,镇,龙田镇
430182,430182115,镇,黄材镇
430182,430182116,镇,横市镇
430182,430182117,镇,回龙铺镇
430182,430182118,镇,大成桥镇
430182,430182119,镇,青山桥镇
430182,430182120,镇,金洲镇
430182,430182121,镇,大屯营镇
430182,430182122,镇,资福镇
430182,430182203,乡,菁华铺乡
430182,430182209,乡,喻家坳乡
430182,430182211,乡,沩山乡
430182,430182213,乡,沙田乡
430202,430202001,街道,月塘街道
430202,430202002,街道,茨菇塘街道
430202,430202003,街道,宋家桥街道
430202,430202004,街道,金山街道
430202,430202005,街道,桂花街道
430202,430202006,街道,明照街道
430202,430202100,镇,仙庾镇
430203,430203001,街道,贺家土街道
430203,430203002,街道,建设街道
430203,430203003,街道,建宁街道
430203,430203004,街道,董家塅街道
430203,430203005,街道,庆云街道
430203,430203006,街道,龙泉街道
430203,430203007,街道,枫溪街道
430203,430203100,镇,白关镇
430204,430204001,街道,田心街道
430204,430204002,街道,响石岭街道
430204,430204003,街道,清水塘街道
430204,430204004,街道,铜塘湾街道
430204,430204005,街道,井龙街道
430204,430204006,街道,学林街道
430204,430204007,街道,龙头铺街道
430204,430204101,镇,云田镇
430211,430211001,街道,嵩山路街道
430211,430211002,街道,泰山路街道
430211,430211003,街道,栗雨街道
430211,430211004,街道,马家河街道
430211,430211101,镇,群丰镇
430211,430211102,镇,雷打石镇
430211,430211103,镇,三门镇
430212,430212100,镇,渌口镇
430212,430212101,镇,朱亭镇
430212,430212102,镇,淦田镇
430212,430212103,镇,古岳峰镇
430212,430212104,镇,南洲镇
430212,430212105,镇,龙潭镇
430212,430212106,镇,龙船镇
430212,430212107,镇,龙门镇
430223,430223003,街道,春联街道
430223,430223004,街道,谭桥街道
430223,430223005,街道,联星街道
430223,430223006,街道,江桥街道
430223,430223102,镇,酒埠江镇
430223,430223103,镇,桃水镇
430223,430223104,镇,鸾山镇
430223,430223108,镇,丫江桥镇
430223,430223109,镇,渌田镇
430223,430223115,镇,石羊塘镇
430223,430223119,镇,皇图岭镇
430223,430223120,镇,菜花坪镇
430223,430223121,镇,莲塘坳镇
430223,430223122,镇,黄丰桥镇
430223,430223123,镇,新市镇
430223,430223124,镇,宁家坪镇
430223,430223125,镇,网岭镇
430224,430224001,街道,云阳街道
430224,430224002,街道,思聪街道
430224,430224003,街道,洣江街道
430224,430224004,街道,下东街道
430224,430224101,镇,界首镇
430224,430224102,镇,严塘镇
430224,430224103,镇,湖口镇
430224,430224105,镇,马江镇
430224,430224106,镇,高陇镇
430224,430224109,镇,虎踞镇
430224,430224111,镇,枣市镇
430224,430224112,镇,火田镇
430224,430224113,镇,秩堂镇
430224,430224114,镇,腰潞镇
430224,430224201,乡,桃坑乡
430224,430224203,乡,舲舫乡
430225,430225100,镇,霞阳镇
430225,430225101,镇,沔渡镇
430225,430225102,镇,十都镇
430225,430225103,镇,水口镇
430225,430225105,镇,鹿原镇
430225,430225200,乡,垄溪乡
430225,430225202,乡,策源乡
430225,430225203,乡,下村乡
430225,430225207,乡,船形乡
430225,430225208,民族乡,中村瑶族乡
430281,430281002,街道,阳三石街道
430281,430281006,街道,来龙门街道
430281,430281008,街道,仙岳山街道
430281,430281009,街道,国瓷街道
430281,430281010,街道,长庆街道
430281,430281102,镇,白兔潭镇
430281,430281103,镇,浦口镇
430281,430281105,镇,王仙镇
430281,430281106,镇,东富镇
430281,430281107,镇,泗汾镇
430281,430281108,镇,沈潭镇
430281,430281109,镇,船湾镇
430281,430281116,镇,均楚镇
430281,430281117,镇,石亭镇
430281,430281120,镇,李畋镇
430281,430281121,镇,明月镇
430281,430281122,镇,茶山镇
430281,430281123,镇,左权镇
430281,430281124,镇,枫林镇
430281,430281125,镇,沩山镇
430281,430281126,镇,孙家湾镇
430281,430281127,镇,嘉树镇
430281,430281128,镇,板杉镇
430281,430281129,镇,官庄镇
430281,430281604,镇,王坊镇
430302,430302001,街道,雨湖路街道
430302,430302002,街道,城正街街道
430302,430302004,街道,云塘街道
430302,430302005,街道,广场街道
430302,430302007,街道,窑湾街道
430302,430302009,街道,昭潭街道
430302,430302010,街道,先锋街道
430302,430302011,街道,万楼街道
430302,430302012,街道,和平街道
430302,430302013,街道,九华街道
430302,430302100,镇,鹤岭镇
430302,430302101,镇,楠竹山镇
430302,430302102,镇,姜畲镇
430302,430302202,乡,长城乡
430302,430302205,乡,响水乡
430304,430304001,街道,岳塘街道
430304,430304002,街道,东坪街道
430304,430304004,街道,书院路街道
430304,430304005,街道,下摄司街道
430304,430304006,街道,建设路街道
430304,430304008,街道,五里堆街道
430304,430304010,街道,宝塔街道
430304,430304012,街道,霞城街道
430304,430304013,街道,荷塘街道
430304,430304014,街道,板塘街道
430304,430304015,街道,双马街道
430304,430304101,镇,昭山镇
430321,430321100,镇,易俗河镇
430321,430321102,镇,谭家山镇
430321,430321103,镇,中路铺镇
430321,430321104,镇,茶恩寺镇
430321,430321105,镇,河口镇
430321,430321106,镇,射埠镇
430321,430321107,镇,花石镇
430321,430321108,镇,青山桥镇
430321,430321109,镇,石鼓镇
430321,430321111,镇,云湖桥镇
430321,430321112,镇,石潭镇
430321,430321113,镇,杨嘉桥镇
430321,430321114,镇,乌石镇
430321,430321115,镇,白石镇
430321,430321202,乡,分水乡
430321,430321203,乡,排头乡
430321,430321205,乡,锦石乡
430381,430381001,街道,望春门街道
430381,430381002,街道,新湘路街道
430381,430381003,街道,昆仑桥街道
430381,430381004,街道,东山街道
430381,430381100,镇,山枣镇
430381,430381101,镇,栗山镇
430381,430381102,镇,中沙镇
430381,430381103,镇,虞唐镇
430381,430381104,镇,潭市镇
430381,430381105,镇,棋梓镇
430381,430381106,镇,壶天镇
430381,430381107,镇,翻江镇
430381,430381108,镇,金石镇
430381,430381109,镇,白田镇
430381,430381110,镇,月山镇
430381,430381111,镇,泉塘镇
430381,430381112,镇,梅桥镇
430381,430381113,镇,毛田镇
430381,430381114,镇,龙洞镇
430381,430381200,乡,东郊乡
430381,430381202,乡,金薮乡
430381,430381203,乡,育塅乡
430382,430382100,镇,清溪镇
430382,430382101,镇,银田镇
430382,430382200,乡,韶山乡
430382,430382203,乡,杨林乡
430405,430405001,街道,广东路街道
430405,430405002,街道,东风街道
430405,430405003,街道,冶金街道
430405,430405004,街道,苗圃街道
430405,430405005,街道,粤汉街道
430405,430405007,街道,衡州路街道
430405,430405008,街道,东阳渡街道
430405,430405100,镇,茶山坳镇
430405,430405200,乡,和平乡
430405,430405201,乡,酃湖乡
430406,430406001,街道,先锋街道
430406,430406002,街道,雁峰街道
430406,430406003,街道,天马山街道
430406,430406004,街道,黄茶岭街道
430406,430406005,街道,白沙洲街道
430406,430406006,街道,金龙坪街道
430406,430406100,镇,岳屏镇
430407,430407001,街道,人民路街道
430407,430407002,街道,青山街道
430407,430407003,街道,潇湘街道
430407,430407004,街道,五一街道
430407,430407005,街道,合江街道
430407,430407006,街道,黄沙湾街道
430407,430407007,街道,金源街道
430407,430407101,镇,角山镇
430408,430408002,街道,红湘街道
430408,430408003,街道,华兴街道
430408,430408004,街道,联合街道
430408,430408005,街道,蒸湘街道
430408,430408100,镇,呆鹰岭镇
430408,430408101,镇,雨母山镇
430412,430412001,街道,祝融街道
430412,430412100,镇,南岳镇
430412,430412203,乡,寿岳乡
430421,430421100,镇,西渡镇
430421,430421101,镇,集兵镇
430421,430421103,镇,杉桥镇
430421,430421104,镇,井头镇
430421,430421105,镇,演陂镇
430421,430421106,镇,金兰镇
430421,430421107,镇,洪市镇
430421,430421108,镇,曲兰镇
430421,430421109,镇,金溪镇
430421,430421110,镇,界牌镇
430421,430421111,镇,渣江镇
430421,430421112,镇,三湖镇
430421,430421113,镇,台源镇
430421,430421114,镇,关市镇
430421,430421115,镇,库宗桥镇
430421,430421116,镇,岘山镇
430421,430421117,镇,石市镇
430421,430421200,乡,樟木乡
430421,430421201,乡,岣嵝乡
430421,430421205,乡,栏垅乡
430421,430421207,乡,大安乡
430421,430421208,乡,溪江乡
430421,430421210,乡,长安乡
430421,430421211,乡,板市乡
430421,430421212,乡,樟树乡
430422,430422001,街道,云集街道
430422,430422002,街道,车江街道
430422,430422003,街道,向阳桥街道
430422,430422103,镇,茶市镇
430422,430422104,镇,冠市镇
430422,430422105,镇,江口镇
430422,430422106,镇,宝盖镇
430422,430422108,镇,铁丝塘镇
430422,430422109,镇,泉溪镇
430422,430422110,镇,洪山镇
430422,430422112,镇,谭子山镇
430422,430422114,镇,泉湖镇
430422,430422115,镇,柞市镇
430422,430422116,镇,茅市镇
430422,430422117,镇,硫市镇
430422,430422118,镇,栗江镇
430422,430422119,镇,近尾洲镇
430422,430422121,镇,咸塘镇
430422,430422122,镇,松江镇
430422,430422124,镇,三塘镇
430422,430422125,镇,花桥镇
430422,430422127,镇,岐山镇
430422,430422200,乡,相市乡
430423,430423104,镇,长江镇
430423,430423105,镇,新桥镇
430423,430423107,镇,店门镇
430423,430423108,镇,东湖镇
430423,430423109,镇,白果镇
430423,430423110,镇,萱洲镇
430423,430423111,镇,开云镇
430423,430423201,乡,永和乡
430423,430423203,乡,福田铺乡
430423,430423207,乡,贯塘乡
430423,430423208,乡,江东乡
430423,430423209,乡,岭坡乡
430424,430424101,镇,石湾镇
430424,430424102,镇,新塘镇
430424,430424103,镇,大浦镇
430424,430424104,镇,吴集镇
430424,430424105,镇,甘溪镇
430424,430424106,镇,杨林镇
430424,430424107,镇,草市镇
430424,430424108,镇,杨桥镇
430424,430424109,镇,霞流镇
430424,430424110,镇,荣桓镇
430424,430424111,镇,高湖镇
430424,430424112,镇,白莲镇
430424,430424114,镇,蓬源镇
430424,430424115,镇,洣水镇
430424,430424117,镇,三樟镇
430424,430424204,乡,南湾乡
430424,430424211,乡,石滩乡
430426,430426001,街道,洪桥街道
430426,430426002,街道,玉合街道
430426,430426003,街道,永昌街道
430426,430426004,街道,白鹤街道
430426,430426102,镇,金桥镇
430426,430426103,镇,鸟江镇
430426,430426104,镇,粮市镇
430426,430426105,镇,河洲镇
430426,430426106,镇,归阳镇
430426,430426107,镇,过水坪镇
430426,430426108,镇,双桥镇
430426,430426109,镇,灵官镇
430426,430426110,镇,风石堰镇
430426,430426111,镇,白地市镇
430426,430426112,镇,黄土铺镇
430426,430426113,镇,石亭子镇
430426,430426114,镇,官家嘴镇
430426,430426115,镇,步云桥镇
430426,430426116,镇,砖塘镇
430426,430426117,镇,蒋家桥镇
430426,430426118,镇,太和堂镇
430426,430426200,乡,马杜桥乡
430426,430426201,乡,凤歧坪乡
430426,430426202,乡,城连墟乡
430481,430481001,街道,蔡子池街道
430481,430481002,街道,灶市街街道
430481,430481003,街道,水东江街道
430481,430481004,街道,五里牌街道
430481,430481006,街道,三架街道
430481,430481007,街道,余庆街道
430481,430481100,镇,黄市镇
430481,430481101,镇,小水镇
430481,430481102,镇,公平圩镇
430481,430481104,镇,三都镇
430481,430481105,镇,南阳镇
430481,430481107,镇,夏塘镇
430481,430481108,镇,龙塘镇
430481,430481109,镇,哲桥镇
430481,430481110,镇,永济镇
430481,430481111,镇,遥田镇
430481,430481112,镇,新市镇
430481,430481113,镇,淝田镇
430481,430481114,镇,仁义镇
430481,430481115,镇,南京镇
430481,430481116,镇,大市镇
430481,430481117,镇,导子镇
430481,430481118,镇,马水镇
430481,430481119,镇,大义镇
430481,430481120,镇,东湖圩镇
430481,430481201,乡,亮源乡
430481,430481203,乡,太平圩乡
430481,430481213,乡,长坪乡
430481,430481214,乡,大和圩乡
430481,430481215,乡,坛下乡
430482,430482001,街道,泉峰街道
430482,430482002,街道,培元街道
430482,430482003,街道,宜阳街道
430482,430482005,街道,曲潭街道
430482,430482101,镇,柏坊镇
430482,430482103,镇,烟洲镇
430482,430482104,镇,荫田镇
430482,430482105,镇,白沙镇
430482,430482106,镇,西岭镇
430482,430482108,镇,三角塘镇
430482,430482109,镇,洋泉镇
430482,430482110,镇,庙前镇
430482,430482111,镇,罗桥镇
430482,430482112,镇,板桥镇
430482,430482113,镇,胜桥镇
430482,430482114,镇,官岭镇
430482,430482115,镇,新河镇
430482,430482116,镇,水口山镇
430482,430482201,乡,蓬塘乡
430482,430482202,乡,兰江乡
430482,430482203,乡,大堡乡
430482,430482206,民族乡,塔山瑶族乡
430502,430502001,街道,兴隆街道
430502,430502002,街道,龙须塘街道
430502,430502003,街道,汽车站街道
430502,430502004,街道,小江湖街道
430502,430502005,街道,东风路街道
430502,430502006,街道,桥头街道
430502,430502007,街道,滨江街道
430502,430502008,街道,石桥街道
430502,430502009,街道,爱莲街道
430502,430502100,镇,高崇山镇
430502,430502101,镇,渡头桥镇
430502,430502202,乡,火车站乡
430502,430502600,乡,城东乡
430503,430503001,街道,中心路街道
430503,430503002,街道,红旗路街道
430503,430503003,街道,城北路街道
430503,430503004,街道,城西街道
430503,430503005,街道,翠园街道
430503,430503006,街道,百春园街道
430503,430503007,街道,城南街道
430503,430503008,街道,火车南站街道
430503,430503009,街道,学院路街道
430503,430503010,街道,雨溪街道
430503,430503011,街道,檀江街道
430503,430503101,镇,罗市镇
430503,430503203,乡,蔡锷乡
430503,430503204,乡,板桥乡
430511,430511001,街道,新滩镇街道
430511,430511002,街道,状元洲街道
430511,430511003,街道,茶元头街道
430511,430511004,街道,田江街道
430511,430511101,镇,陈家桥镇
430522,430522100,镇,酿溪镇
430522,430522101,镇,严塘镇
430522,430522102,镇,雀塘镇
430522,430522103,镇,陈家坊镇
430522,430522104,镇,潭溪镇
430522,430522105,镇,寸石镇
430522,430522106,镇,坪上镇
430522,430522107,镇,龙溪铺镇
430522,430522108,镇,巨口铺镇
430522,430522109,镇,新田铺镇
430522,430522110,镇,小塘镇
430522,430522111,镇,太芝庙镇
430522,430522112,镇,大新镇
430522,430522200,乡,潭府乡
430522,430522203,乡,迎光乡
430523,430523100,镇,塘渡口镇
430523,430523101,镇,白仓镇
430523,430523102,镇,金称市镇
430523,430523103,镇,塘田市镇
430523,430523104,镇,黄亭市镇
430523,430523105,镇,长阳铺镇
430523,430523106,镇,岩口铺镇
430523,430523107,镇,九公桥镇
430523,430523108,镇,下花桥镇
430523,430523109,镇,谷洲镇
430523,430523110,镇,郦家坪镇
430523,430523111,镇,五峰铺镇
430523,430523112,镇,小溪市镇
430523,430523203,乡,长乐乡
430523,430523204,乡,蔡桥乡
430523,430523205,乡,河伯乡
430523,430523206,乡,黄荆乡
430523,430523207,乡,诸甲亭乡
430523,430523208,乡,罗城乡
430523,430523209,乡,金江乡
430524,430524001,街道,桃花坪街道
430524,430524002,街道,花门街道
430524,430524101,镇,小沙江镇
430524,430524102,镇,金石桥镇
430524,430524103,镇,司门前镇
430524,430524104,镇,高平镇
430524,430524105,镇,六都寨镇
430524,430524106,镇,荷香桥镇
430524,430524107,镇,横板桥镇
430524,430524108,镇,周旺镇
430524,430524109,镇,滩头镇
430524,430524110,镇,鸭田镇
430524,430524111,镇,西洋江镇
430524,430524113,镇,岩口镇
430524,430524114,镇,北山镇
430524,430524115,镇,三阁司镇
430524,430524116,镇,七江镇
430524,430524117,镇,南岳庙镇
430524,430524118,镇,罗洪镇
430524,430524119,镇,羊古坳镇
430524,430524200,乡,麻塘山乡
430524,430524201,民族乡,虎形山瑶族乡
430524,430524203,乡,大水田乡
430524,430524207,乡,荷田乡
430524,430524212,民族乡,山界回族乡
430524,430524600,镇,桃洪镇
430524,430524608,乡,石门乡
430524,430524612,镇,雨山铺镇
430525,430525001,街道,文昌街道
430525,430525002,街道,雪峰街道
430525,430525003,街道,花古街道
430525,430525101,镇,江口镇
430525,430525102,镇,毓兰镇
430525,430525103,镇,高沙镇
430525,430525104,镇,竹市镇
430525,430525105,镇,石江镇
430525,430525106,镇,黄桥镇
430525,430525107,镇,山门镇
430525,430525108,镇,醪田镇
430525,430525109,镇,花园镇
430525,430525110,镇,岩山镇
430525,430525111,镇,水东镇
430525,430525112,镇,杨林镇
430525,430525113,镇,石柱镇
430525,430525114,镇,月溪镇
430525,430525201,乡,古楼乡
430525,430525202,民族乡,长塘瑶族乡
430525,430525203,民族乡,𦰡溪瑶族乡
430525,430525205,乡,渣坪乡
430525,430525211,乡,桐山乡
430525,430525212,民族乡,大屋瑶族乡
430527,430527100,镇,长铺镇
430527,430527101,镇,武阳镇
430527,430527102,镇,李熙桥镇
430527,430527103,镇,红岩镇
430527,430527104,镇,唐家坊镇
430527,430527105,镇,金屋塘镇
430527,430527106,镇,瓦屋塘镇
430527,430527107,镇,黄土矿镇
430527,430527200,民族乡,东山侗族乡
430527,430527201,民族乡,鹅公岭侗族苗族乡
430527,430527203,民族乡,寨市苗族侗族乡
430527,430527204,民族乡,乐安铺苗族侗族乡
430527,430527206,民族乡,关峡苗族乡
430527,430527207,民族乡,长铺子苗族侗族乡
430527,430527210,民族乡,麻塘苗族瑶族乡
430527,430527212,民族乡,河口苗族乡
430527,430527217,乡,水口乡
430528,430528101,镇,水庙镇
430528,430528102,镇,崀山镇
430528,430528104,镇,黄龙镇
430528,430528105,镇,高桥镇
430528,430528106,镇,回龙寺镇
430528,430528107,镇,一渡水镇
430528,430528108,镇,马头桥镇
430528,430528109,镇,金石镇
430528,430528200,民族乡,黄金瑶族乡
430528,430528201,民族乡,麻林瑶族乡
430528,430528203,乡,万塘乡
430528,430528204,乡,清江桥乡
430528,430528205,乡,安山乡
430528,430528206,乡,丰田乡
430528,430528208,乡,巡田乡
430528,430528209,乡,靖位乡
430529,430529100,镇,儒林镇
430529,430529101,镇,茅坪镇
430529,430529102,镇,西岩镇
430529,430529103,镇,丹口镇
430529,430529104,镇,五团镇
430529,430529106,镇,长安营镇
430529,430529107,镇,白毛坪镇
430529,430529200,乡,威溪乡
430529,430529203,乡,兰蓉乡
430529,430529204,乡,汀坪乡
430529,430529205,乡,蒋坊乡
430529,430529206,乡,金紫乡
430581,430581001,街道,辕门口街道
430581,430581002,街道,迎春亭街道
430581,430581003,街道,法相岩街道
430581,430581004,街道,水西门街道
430581,430581100,镇,邓元泰镇
430581,430581101,镇,湾头桥镇
430581,430581102,镇,文坪镇
430581,430581103,镇,荆竹铺镇
430581,430581104,镇,稠树塘镇
430581,430581105,镇,邓家铺镇
430581,430581106,镇,龙溪镇
430581,430581107,镇,司马冲镇
430581,430581108,镇,秦桥镇
430581,430581109,镇,大甸镇
430581,430581110,镇,双牌镇
430581,430581204,乡,马坪乡
430581,430581205,乡,晏田乡
430581,430581207,乡,水浸坪乡
430582,430582001,街道,两市塘街道
430582,430582002,街道,宋家塘街道
430582,430582003,街道,大禾塘街道
430582,430582101,镇,牛马司镇
430582,430582102,镇,廉桥镇
430582,430582103,镇,火厂坪镇
430582,430582104,镇,仙槎桥镇
430582,430582105,镇,佘田桥镇
430582,430582106,镇,砂石镇
430582,430582107,镇,团山镇
430582,430582108,镇,灵官殿镇
430582,430582109,镇,九龙岭镇
430582,430582110,镇,流光岭镇
430582,430582111,镇,流泽镇
430582,430582112,镇,魏家桥镇
430582,430582113,镇,杨桥镇
430582,430582114,镇,水东江镇
430582,430582115,镇,野鸡坪镇
430582,430582116,镇,黑田铺镇
430582,430582117,镇,简家陇镇
430582,430582118,镇,界岭镇
430582,430582201,乡,双凤乡
430582,430582202,乡,周官桥乡
430582,430582203,乡,堡面前乡
430582,430582204,乡,斫𥕢乡
430602,430602001,街道,岳阳楼街道
430602,430602002,街道,三眼桥街道
430602,430602003,街道,吕仙亭街道
430602,430602004,街道,金鹗山街道
430602,430602005,街道,东茅岭街道
430602,430602006,街道,五里牌街道
430602,430602007,街道,望岳路街道
430602,430602008,街道,城陵矶街道
430602,430602009,街道,枫桥湖街道
430602,430602010,街道,奇家岭街道
430602,430602012,街道,洛王街道
430602,430602014,街道,站前路街道
430602,430602015,街道,王家河街道
430602,430602016,街道,湖滨街道
430602,430602017,街道,南湖街道
430602,430602018,街道,求索街道
430602,430602020,街道,梅溪街道
430602,430602100,镇,西塘镇
430602,430602201,乡,郭镇乡
430602,430602202,乡,康王乡
430603,430603001,街道,长岭街道
430603,430603002,街道,云溪街道
430603,430603003,街道,松杨湖街道
430603,430603101,镇,陆城镇
430603,430603102,镇,路口镇
430611,430611002,街道,柳林洲街道
430611,430611101,镇,广兴洲镇
430611,430611102,镇,许市镇
430611,430611103,镇,钱粮湖镇
430611,430611104,镇,良心堡镇
430621,430621001,街道,荣家湾街道
430621,430621002,街道,麻塘街道
430621,430621104,镇,黄沙街镇
430621,430621105,镇,新墙镇
430621,430621106,镇,柏祥镇
430621,430621107,镇,筻口镇
430621,430621108,镇,公田镇
430621,430621109,镇,毛田镇
430621,430621110,镇,月田镇
430621,430621111,镇,张谷英镇
430621,430621112,镇,新开镇
430621,430621113,镇,步仙镇
430621,430621114,镇,杨林街镇
430621,430621202,乡,中洲乡
430621,430621203,乡,长湖乡
430623,430623101,镇,三封寺镇
430623,430623102,镇,治河渡镇
430623,430623103,镇,北景港镇
430623,430623104,镇,鲇鱼须镇
430623,430623106,镇,万庾镇
430623,430623109,镇,梅田湖镇
430623,430623110,镇,插旗镇
430623,430623111,镇,注滋口镇
430623,430623112,镇,操军镇
430623,430623113,镇,东山镇
430623,430623114,镇,章华镇
430623,430623115,镇,禹山镇
430623,430623201,乡,新河乡
430623,430623207,乡,团洲乡
430624,430624001,街道,文星街道
430624,430624101,镇,东塘镇
430624,430624104,镇,樟树镇
430624,430624105,镇,鹤龙湖镇
430624,430624107,镇,新泉镇
430624,430624111,镇,南湖洲镇
430624,430624114,镇,岭北镇
430624,430624115,镇,湘滨镇
430624,430624117,镇,三塘镇
430624,430624120,镇,静河镇
430624,430624124,镇,石塘镇
430624,430624125,镇,洋沙湖镇
430624,430624126,镇,金龙镇
430624,430624201,乡,六塘乡
430624,430624217,乡,杨林寨乡
430626,430626001,街道,汉昌街道
430626,430626002,街道,天岳街道
430626,430626101,镇,安定镇
430626,430626102,镇,三市镇
430626,430626103,镇,加义镇
430626,430626104,镇,长寿镇
430626,430626105,镇,龙门镇
430626,430626106,镇,虹桥镇
430626,430626107,镇,南江镇
430626,430626108,镇,梅仙镇
430626,430626109,镇,浯口镇
430626,430626110,镇,瓮江镇
430626,430626111,镇,伍市镇
430626,430626112,镇,向家镇
430626,430626113,镇,童市镇
430626,430626114,镇,岑川镇
430626,430626115,镇,福寿山镇
430626,430626116,镇,上塔市镇
430626,430626117,镇,石牛寨镇
430626,430626118,镇,余坪镇
430626,430626200,乡,三阳乡
430626,430626205,乡,木金乡
430626,430626208,乡,板江乡
430626,430626209,乡,大洲乡
430626,430626211,乡,三墩乡
430681,430681001,街道,天问街道
430681,430681002,街道,归义街道
430681,430681003,街道,新市街道
430681,430681101,镇,汨罗镇
430681,430681103,镇,古培镇
430681,430681104,镇,白水镇
430681,430681105,镇,川山坪镇
430681,430681107,镇,弼时镇
430681,430681111,镇,大荆镇
430681,430681112,镇,桃林寺镇
430681,430681113,镇,三江镇
430681,430681118,镇,屈子祠镇
430681,430681119,镇,白塘镇
430681,430681120,镇,河市镇
430681,430681121,镇,营田镇
430681,430681124,镇,罗江镇
430681,430681126,镇,神鼎山镇
430681,430681127,镇,长乐镇
430681,430681215,乡,凤凰乡
430682,430682001,街道,长安街道
430682,430682003,街道,桃矿街道
430682,430682004,街道,五里牌街道
430682,430682006,街道,云湖街道
430682,430682101,镇,忠防镇
430682,430682103,镇,聂市镇
430682,430682105,镇,江南镇
430682,430682106,镇,羊楼司镇
430682,430682107,镇,桃林镇
430682,430682108,镇,长塘镇
430682,430682109,镇,白羊田镇
430682,430682110,镇,詹桥镇
430682,430682113,镇,黄盖镇
430682,430682114,镇,坦渡镇
430702,430702001,街道,启明街道
430702,430702002,街道,府坪街道
430702,430702003,街道,穿紫河街道
430702,430702004,街道,丹阳街道
430702,430702005,街道,白马湖街道
430702,430702006,街道,长庚街道
430702,430702007,街道,南坪街道
430702,430702008,街道,东江街道
430702,430702009,街道,永安街道
430702,430702010,街道,芙蓉街道
430702,430702011,街道,芷兰街道
430702,430702012,街道,德山街道
430702,430702013,街道,柳叶湖街道
430702,430702014,街道,七里桥街道
430702,430702015,街道,樟木桥街道
430702,430702100,镇,河洑镇
430702,430702104,镇,白鹤镇
430702,430702200,乡,芦荻山乡
430702,430702204,乡,丹洲乡
430703,430703001,街道,玉霞街道
430703,430703002,街道,红云街道
430703,430703003,街道,郭家铺街道
430703,430703004,街道,斗姆湖街道
430703,430703005,街道,金凤街道
430703,430703006,街道,龙泉街道
430703,430703007,街道,灌溪街道
430703,430703101,镇,蒿子港镇
430703,430703102,镇,中河口镇
430703,430703103,镇,十美堂镇
430703,430703104,镇,牛鼻滩镇
430703,430703105,镇,韩公渡镇
430703,430703106,镇,石公桥镇
430703,430703107,镇,镇德桥镇
430703,430703108,镇,周家店镇
430703,430703110,镇,双桥坪镇
430703,430703112,镇,蔡家岗镇
430703,430703114,镇,草坪镇
430703,430703116,镇,谢家铺镇
430703,430703117,镇,黄土店镇
430703,430703118,镇,尧天坪镇
430703,430703119,镇,花岩溪镇
430703,430703121,镇,石板滩镇
430703,430703122,镇,石门桥镇
430703,430703123,镇,祝丰镇
430703,430703204,民族乡,许家桥回族维吾尔族乡
430721,430721100,镇,深柳镇
430721,430721102,镇,黄山头镇
430721,430721105,镇,下渔口镇
430721,430721108,镇,大鲸港镇
430721,430721109,镇,官垱镇
430721,430721110,镇,陈家嘴镇
430721,430721111,镇,三岔河镇
430721,430721112,镇,大湖口镇
430721,430721201,乡,安障乡
430721,430721205,乡,安全乡
430721,430721208,乡,安丰乡
430721,430721210,乡,安康乡
430722,430722001,街道,辰阳街道
430722,430722002,街道,龙阳街道
430722,430722003,街道,沧浪街道
430722,430722004,街道,株木山街道
430722,430722101,镇,蒋家嘴镇
430722,430722102,镇,岩汪湖镇
430722,430722103,镇,坡头镇
430722,430722104,镇,酉港镇
430722,430722105,镇,洲口镇
430722,430722106,镇,罐头嘴镇
430722,430722107,镇,沧港镇
430722,430722108,镇,朱家铺镇
430722,430722109,镇,太子庙镇
430722,430722111,镇,崔家桥镇
430722,430722112,镇,军山铺镇
430722,430722113,镇,百禄桥镇
430722,430722114,镇,西湖镇
430722,430722115,镇,洋淘湖镇
430722,430722116,镇,丰家铺镇
430722,430722117,镇,龙潭桥镇
430722,430722205,乡,聂家桥乡
430722,430722206,民族乡,毛家滩回族维吾尔族乡
430722,430722217,乡,西洲乡
430723,430723001,街道,澧西街道
430723,430723002,街道,澧阳街道
430723,430723003,街道,澧浦街道
430723,430723004,街道,澧澹街道
430723,430723101,镇,城头山镇
430723,430723102,镇,小渡口镇
430723,430723103,镇,梦溪镇
430723,430723104,镇,复兴镇
430723,430723105,镇,盐井镇
430723,430723107,镇,大堰垱镇
430723,430723108,镇,王家厂镇
430723,430723109,镇,金罗镇
430723,430723110,镇,码头铺镇
430723,430723112,镇,甘溪滩镇
430723,430723113,镇,火连坡镇
430723,430723114,镇,澧南镇
430723,430723115,镇,如东镇
430723,430723116,镇,涔南镇
430723,430723117,镇,官垸镇
430723,430723311,镇,方石坪镇
430723,430723601,镇,张公庙镇
430723,430723612,乡,车溪乡
430723,430723613,乡,中武乡
430724,430724001,街道,安福街道
430724,430724002,街道,望城街道
430724,430724101,镇,合口镇
430724,430724102,镇,新安镇
430724,430724103,镇,佘市桥镇
430724,430724104,镇,太浮镇
430724,430724105,镇,四新岗镇
430724,430724106,镇,停弦渡镇
430724,430724107,镇,修梅镇
430724,430724204,乡,烽火乡
430724,430724209,乡,刻木山乡
430725,430725001,街道,漳江街道
430725,430725002,街道,浔阳街道
430725,430725101,镇,陬市镇
430725,430725102,镇,盘塘镇
430725,430725103,镇,热市镇
430725,430725104,镇,黄石镇
430725,430725105,镇,漆河镇
430725,430725106,镇,理公港镇
430725,430725107,镇,观音寺镇
430725,430725108,镇,龙潭镇
430725,430725109,镇,三阳港镇
430725,430725110,镇,剪市镇
430725,430725111,镇,茶庵铺镇
430725,430725112,镇,西安镇
430725,430725113,镇,沙坪镇
430725,430725114,镇,桃花源镇
430725,430725115,镇,架桥镇
430725,430725116,镇,马鬃岭镇
430725,430725117,镇,夷望溪镇
430725,430725118,镇,杨溪桥镇
430725,430725119,镇,郑家驿镇
430725,430725120,镇,双溪口镇
430725,430725121,镇,牛车河镇
430725,430725122,镇,九溪镇
430725,430725123,镇,木塘垸镇
430725,430725124,镇,佘家坪镇
430725,430725200,民族乡,青林回族维吾尔族乡
430725,430725202,民族乡,枫树维吾尔族回族乡
430725,430725216,乡,泥窝潭乡
430726,430726001,街道,楚江街道
430726,430726002,街道,永兴街道
430726,430726003,街道,宝峰街道
430726,430726004,街道,二都街道
430726,430726101,镇,蒙泉镇
430726,430726102,镇,夹山镇
430726,430726103,镇,易家渡镇
430726,430726104,镇,新关镇
430726,430726105,镇,皂市镇
430726,430726106,镇,维新镇
430726,430726107,镇,太平镇
430726,430726108,镇,磨市镇
430726,430726109,镇,壶瓶山镇
430726,430726110,镇,南北镇
430726,430726111,镇,白云镇
430726,430726112,镇,子良镇
430726,430726113,镇,新铺镇
430726,430726203,乡,三圣乡
430726,430726205,乡,所街乡
430726,430726206,乡,雁池乡
430726,430726207,乡,罗坪乡
430781,430781001,街道,三洲驿街道
430781,430781002,街道,汪家桥街道
430781,430781003,街道,襄阳街街道
430781,430781004,街道,金鱼岭街道
430781,430781005,街道,嘉山街道
430781,430781100,镇,新洲镇
430781,430781101,镇,药山镇
430781,430781102,镇,毛里湖镇
430781,430781103,镇,白衣镇
430802,430802001,街道,永定街道
430802,430802002,街道,大庸桥街道
430802,430802003,街道,西溪坪街道
430802,430802004,街道,官黎坪街道
430802,430802005,街道,崇文街道
430802,430802006,街道,南庄坪街道
430802,430802100,镇,新桥镇
430802,430802101,镇,茅岩河镇
430802,430802102,镇,教字垭镇
430802,430802103,镇,天门山镇
430802,430802104,镇,沅古坪镇
430802,430802105,镇,尹家溪镇
430802,430802108,镇,王家坪镇
430802,430802201,乡,三家馆乡
430802,430802204,乡,合作桥乡
430802,430802206,乡,谢家垭乡
430802,430802208,乡,罗塔坪乡
430802,430802209,乡,罗水乡
430802,430802210,乡,桥头乡
430802,430802212,乡,四都坪乡
430811,430811004,街道,军地坪街道
430811,430811005,街道,锣鼓塔街道
430811,430811201,乡,协合乡
430811,430811202,乡,中湖乡
430821,430821001,街道,零阳街道
430821,430821002,街道,金慈街道
430821,430821100,镇,零阳镇
430821,430821101,镇,岩泊渡镇
430821,430821102,镇,溪口镇
430821,430821103,镇,东岳观镇
430821,430821104,镇,通津铺镇
430821,430821105,镇,杉木桥镇
430821,430821106,镇,象市镇
430821,430821107,镇,江垭镇
430821,430821108,镇,苗市镇
430821,430821110,镇,高桥镇
430821,430821112,镇,广福桥镇
430821,430821113,镇,零溪镇
430821,430821114,镇,二坊坪镇
430821,430821115,镇,三合镇
430821,430821116,镇,龙潭河镇
430821,430821200,乡,南山坪乡
430821,430821202,乡,洞溪乡
430821,430821209,乡,杨柳铺乡
430821,430821211,民族乡,三官寺土家族乡
430821,430821212,民族乡,高峰土家族乡
430821,430821213,民族乡,许家坊土家族乡
430821,430821214,民族乡,金岩土家族乡
430821,430821215,民族乡,赵家岗土家族乡
430821,430821217,民族乡,阳和土家族乡
430821,430821218,民族乡,甘堰土家族乡
430821,430821601,乡,宜冲桥乡
430822,430822100,镇,澧源镇
430822,430822101,镇,瑞塔铺镇
430822,430822102,镇,官地坪镇
430822,430822103,镇,凉水口镇
430822,430822104,镇,龙潭坪镇
430822,430822105,镇,五道水镇
430822,430822106,镇,陈家河镇
430822,430822107,镇,廖家村镇
430822,430822108,镇,利福塔镇
430822,430822109,镇,人潮溪镇
430822,430822110,镇,八大公山镇
430822,430822111,镇,桥自弯镇
430822,430822200,乡,空壳树乡
430822,430822202,乡,竹叶坪乡
430822,430822203,民族乡,走马坪白族乡
430822,430822207,民族乡,刘家坪白族乡
430822,430822208,民族乡,芙蓉桥白族乡
430822,430822210,民族乡,马合口白族乡
430822,430822213,民族乡,洪家关白族乡
430822,430822216,乡,沙塔坪乡
430822,430822224,乡,河口乡
430822,430822225,乡,上河溪乡
430822,430822228,乡,上洞街乡
430822,430822606,乡,白石乡
430822,430822609,民族乡,麦地坪白族乡
430822,430822615,乡,谷罗山乡
430822,430822622,乡,蹇家坡乡
430902,430902001,街道,大码头街道
430902,430902003,街道,汽车路街道
430902,430902100,镇,长春镇
430902,430902101,镇,新桥河镇
430902,430902102,镇,迎风桥镇
430902,430902104,镇,沙头镇
430902,430902105,镇,茈湖口镇
430902,430902203,乡,张家塞乡
430903,430903001,街道,赫山街道
430903,430903002,街道,桃花仑街道
430903,430903003,街道,金银山街道
430903,430903004,街道,会龙山街道
430903,430903005,街道,鱼形山街道
430903,430903006,街道,龙光桥街道
430903,430903007,街道,朝阳街道
430903,430903100,镇,兰溪镇
430903,430903101,镇,八字哨镇
430903,430903103,镇,泉交河镇
430903,430903104,镇,欧江岔镇
430903,430903105,镇,沧水铺镇
430903,430903106,镇,衡龙桥镇
430903,430903107,镇,岳家桥镇
430903,430903108,镇,泥江口镇
430903,430903110,镇,新市渡镇
430903,430903111,镇,谢林港镇
430903,430903203,乡,笔架山乡
430921,430921100,镇,南洲镇
430921,430921101,镇,华阁镇
430921,430921102,镇,明山头镇
430921,430921103,镇,青树嘴镇
430921,430921104,镇,三仙湖镇
430921,430921105,镇,茅草街镇
430921,430921106,镇,厂窖镇
430921,430921107,镇,武圣宫镇
430921,430921108,镇,麻河口镇
430921,430921125,镇,浪拔湖镇
430921,430921126,镇,中鱼口镇
430921,430921127,镇,金盆镇
430921,430921128,镇,北洲子镇
430921,430921129,镇,河坝镇
430921,430921201,乡,乌嘴乡
430922,430922100,镇,桃花江镇
430922,430922101,镇,修山镇
430922,430922102,镇,三堂街镇
430922,430922103,镇,鸬鹚渡镇
430922,430922104,镇,大栗港镇
430922,430922105,镇,武潭镇
430922,430922106,镇,马迹塘镇
430922,430922107,镇,石牛江镇
430922,430922108,镇,牛田镇
430922,430922109,镇,松木塘镇
430922,430922111,镇,灰山港镇
430922,430922112,镇,沾溪镇
430922,430922119,镇,高桥镇
430922,430922202,乡,浮邱山乡
430922,430922208,民族乡,鲊埠回族乡
430923,430923100,镇,东坪镇
430923,430923101,镇,清塘铺镇
430923,430923102,镇,梅城镇
430923,430923103,镇,仙溪镇
430923,430923104,镇,大福镇
430923,430923105,镇,长塘镇
430923,430923106,镇,小淹镇
430923,430923107,镇,江南镇
430923,430923108,镇,羊角塘镇
430923,430923109,镇,冷市镇
430923,430923110,镇,马路镇
430923,430923111,镇,奎溪镇
430923,430923112,镇,烟溪镇
430923,430923113,镇,渠江镇
430923,430923114,镇,平口镇
430923,430923115,镇,柘溪镇
430923,430923116,镇,乐安镇
430923,430923117,镇,滔溪镇
430923,430923123,镇,龙塘镇
430923,430923200,乡,高明乡
430923,430923209,乡,田庄乡
430923,430923211,乡,南金乡
430923,430923212,乡,古楼乡
430981,430981006,街道,琼湖街道
430981,430981007,街道,胭脂湖街道
430981,430981100,镇,南大膳镇
430981,430981101,镇,黄茅洲镇
430981,430981102,镇,四季红镇
430981,430981103,镇,阳罗洲镇
430981,430981104,镇,草尾镇
430981,430981105,镇,泗湖山镇
430981,430981106,镇,共华镇
430981,430981107,镇,南嘴镇
430981,430981108,镇,新湾镇
430981,430981110,镇,茶盘洲镇
430981,430981111,镇,千山红镇
430981,430981309,镇,三眼塘镇
430981,430981609,乡,万子湖乡
431002,431002001,街道,人民路街道
431002,431002002,街道,北湖街道
431002,431002003,街道,燕泉街道
431002,431002004,街道,下湄桥街道
431002,431002005,街道,郴江街道
431002,431002006,街道,骆仙街道
431002,431002007,街道,增福街道
431002,431002008,街道,涌泉街道
431002,431002009,街道,石盖塘街道
431002,431002010,街道,安和街道
431002,431002101,镇,华塘镇
431002,431002102,镇,鲁塘镇
431002,431002209,民族乡,仰天湖瑶族乡
431002,431002210,民族乡,保和瑶族乡
431003,431003001,街道,苏仙岭街道
431003,431003002,街道,南塔街道
431003,431003003,街道,白鹿洞街道
431003,431003004,街道,王仙岭街道
431003,431003005,街道,卜里坪街道
431003,431003006,街道,观山洞街道
431003,431003101,镇,白露塘镇
431003,431003102,镇,良田镇
431003,431003103,镇,栖凤渡镇
431003,431003104,镇,坳上镇
431003,431003108,镇,五盖山镇
431003,431003110,镇,五里牌镇
431003,431003111,镇,许家洞镇
431003,431003112,镇,飞天山镇
431021,431021001,街道,龙潭街道
431021,431021002,街道,鹿峰街道
431021,431021003,街道,黄沙坪街道
431021,431021102,镇,仁义镇
431021,431021103,镇,太和镇
431021,431021104,镇,洋市镇
431021,431021105,镇,和平镇
431021,431021106,镇,流峰镇
431021,431021107,镇,塘市镇
431021,431021108,镇,莲塘镇
431021,431021110,镇,荷叶镇
431021,431021111,镇,方元镇
431021,431021112,镇,樟市镇
431021,431021113,镇,敖泉镇
431021,431021114,镇,正和镇
431021,431021116,镇,舂陵江镇
431021,431021122,镇,雷坪镇
431021,431021123,镇,四里镇
431021,431021124,镇,欧阳海镇
431021,431021125,镇,浩塘镇
431021,431021209,乡,桥市乡
431021,431021226,民族乡,白水瑶族乡
431022,431022101,镇,白石渡镇
431022,431022104,镇,梅田镇
431022,431022106,镇,黄沙镇
431022,431022107,镇,迎春镇
431022,431022108,镇,一六镇
431022,431022109,镇,栗源镇
431022,431022110,镇,岩泉镇
431022,431022111,镇,玉溪镇
431022,431022112,镇,瑶岗仙镇
431022,431022113,镇,杨梅山镇
431022,431022114,镇,笆篱镇
431022,431022115,镇,五岭镇
431022,431022116,镇,里田镇
431022,431022117,镇,天塘镇
431022,431022201,乡,浆水乡
431022,431022202,乡,长村乡
431022,431022205,民族乡,莽山瑶族乡
431022,431022208,乡,关溪乡
431022,431022212,乡,赤石乡
431023,431023001,街道,便江街道
431023,431023002,街道,湘阴渡街道
431023,431023101,镇,马田镇
431023,431023104,镇,金龟镇
431023,431023105,镇,柏林镇
431023,431023106,镇,鲤鱼塘镇
431023,431023108,镇,悦来镇
431023,431023111,镇,黄泥镇
431023,431023112,镇,樟树镇
431023,431023113,镇,太和镇
431023,431023115,镇,油麻镇
431023,431023116,镇,高亭司镇
431023,431023203,乡,洋塘乡
431023,431023214,乡,大布江乡
431023,431023215,乡,龙形市乡
431023,431023216,乡,七甲乡
431023,431023607,镇,油市镇
431024,431024102,镇,塘村镇
431024,431024103,镇,袁家镇
431024,431024104,镇,行廊镇
431024,431024106,镇,龙潭镇
431024,431024107,镇,石桥镇
431024,431024108,镇,珠泉镇
431024,431024110,镇,坦坪镇
431024,431024111,镇,广发镇
431024,431024120,镇,晋屏镇
431024,431024201,乡,普满乡
431025,431025101,镇,金江镇
431025,431025105,镇,南强镇
431025,431025109,镇,麦市镇
431025,431025110,镇,楚江镇
431025,431025111,镇,香花镇
431025,431025112,镇,舜峰镇
431025,431025113,镇,汾市镇
431025,431025114,镇,水东镇
431025,431025115,镇,武水镇
431025,431025208,乡,花塘乡
431025,431025211,乡,万水乡
431025,431025214,乡,镇南乡
431025,431025217,民族乡,西山瑶族乡
431026,431026102,镇,热水镇
431026,431026104,镇,泉水镇
431026,431026106,镇,大坪镇
431026,431026107,镇,三江口镇
431026,431026108,镇,卢阳镇
431026,431026110,镇,马桥镇
431026,431026111,镇,暖水镇
431026,431026112,镇,土桥镇
431026,431026113,镇,井坡镇
431026,431026207,乡,南洞乡
431026,431026209,乡,濠头乡
431026,431026215,乡,集益乡
431026,431026216,民族乡,延寿瑶族乡
431026,431026217,民族乡,文明瑶族乡
431027,431027101,镇,沙田镇
431027,431027102,镇,清泉镇
431027,431027103,镇,大塘镇
431027,431027104,镇,四都镇
431027,431027105,镇,沤江镇
431027,431027106,镇,寨前镇
431027,431027107,镇,普乐镇
431027,431027200,乡,桥头乡
431027,431027208,乡,新坊乡
431027,431027210,乡,东洛乡
431027,431027213,乡,青山乡
431028,431028101,镇,安平镇
431028,431028102,镇,龙海镇
431028,431028105,镇,灵官镇
431028,431028106,镇,永乐江镇
431028,431028107,镇,金紫仙镇
431028,431028201,乡,龙市乡
431028,431028204,乡,渡口乡
431028,431028205,乡,华王乡
431028,431028206,乡,牌楼乡
431028,431028207,乡,平背乡
431028,431028209,乡,承坪乡
431028,431028210,乡,竹山乡
431028,431028214,乡,洋际乡
431081,431081001,街道,唐洞街道
431081,431081002,街道,东江街道
431081,431081100,镇,滁口镇
431081,431081102,镇,三都镇
431081,431081103,镇,蓼江镇
431081,431081105,镇,兴宁镇
431081,431081106,镇,州门司镇
431081,431081108,镇,黄草镇
431081,431081110,镇,汤溪镇
431081,431081112,镇,白廊镇
431081,431081113,镇,清江镇
431081,431081219,民族乡,回龙山瑶族乡
431081,431081220,民族乡,八面山瑶族乡
431081,431081617,乡,龙溪乡
431102,431102001,街道,朝阳街道
431102,431102002,街道,南津渡街道
431102,431102003,街道,七里店街道
431102,431102004,街道,徐家井街道
431102,431102005,街道,接履桥街道
431102,431102006,街道,石山脚街道
431102,431102101,镇,水口山镇
431102,431102102,镇,珠山镇
431102,431102103,镇,黄田铺镇
431102,431102104,镇,富家桥镇
431102,431102105,镇,菱角塘镇
431102,431102106,镇,邮亭圩镇
431102,431102108,镇,石岩头镇
431102,431102200,乡,大庆坪乡
431102,431102201,乡,梳子铺乡
431102,431102203,乡,凼底乡
431103,431103001,街道,梅湾街道
431103,431103002,街道,菱角山街道
431103,431103003,街道,肖家园街道
431103,431103004,街道,杨家桥街道
431103,431103005,街道,凤凰街道
431103,431103006,街道,梧桐街道
431103,431103007,街道,珊瑚街道
431103,431103008,街道,曲河街道
431103,431103009,街道,岚角山街道
431103,431103010,街道,仁湾街道
431103,431103101,镇,花桥街镇
431103,431103102,镇,普利桥镇
431103,431103103,镇,牛角坝镇
431103,431103104,镇,高溪市镇
431103,431103105,镇,黄阳司镇
431103,431103106,镇,上岭桥镇
431103,431103108,镇,伊塘镇
431103,431103110,镇,蔡市镇
431103,431103201,乡,杨村甸乡
431122,431122100,镇,白牙市镇
431122,431122101,镇,大庙口镇
431122,431122102,镇,紫溪市镇
431122,431122103,镇,横塘镇
431122,431122104,镇,石期市镇
431122,431122105,镇,井头圩镇
431122,431122106,镇,端桥铺镇
431122,431122107,镇,鹿马桥镇
431122,431122108,镇,芦洪市镇
431122,431122109,镇,新圩江镇
431122,431122110,镇,花桥镇
431122,431122111,镇,大盛镇
431122,431122112,镇,南桥镇
431122,431122201,乡,川岩乡
431122,431122202,乡,水岭乡
431123,431123100,镇,泷泊镇
431123,431123101,镇,江村镇
431123,431123102,镇,五里牌镇
431123,431123103,镇,茶林镇
431123,431123104,镇,何家洞镇
431123,431123105,镇,麻江镇
431123,431123206,乡,塘底乡
431123,431123207,民族乡,上梧江瑶族乡
431123,431123208,乡,理家坪乡
431123,431123209,乡,五星岭乡
431123,431123210,乡,打鼓坪乡
431124,431124001,街道,濂溪街道
431124,431124002,街道,西洲街道
431124,431124003,街道,上关街道
431124,431124004,街道,营江街道
431124,431124005,街道,东门街道
431124,431124006,街道,富塘街道
431124,431124007,街道,万家庄街道
431124,431124101,镇,梅花镇
431124,431124102,镇,寿雁镇
431124,431124103,镇,仙子脚镇
431124,431124104,镇,清塘镇
431124,431124105,镇,祥霖铺镇
431124,431124106,镇,蚣坝镇
431124,431124107,镇,四马桥镇
431124,431124108,镇,白马渡镇
431124,431124109,镇,柑子园镇
431124,431124111,镇,白芒铺镇
431124,431124112,镇,桥头镇
431124,431124113,镇,乐福堂镇
431124,431124210,民族乡,审章塘瑶族乡
431124,431124212,民族乡,横岭瑶族乡
431124,431124213,民族乡,洪塘营瑶族乡
431124,431124610,镇,新车镇
431125,431125100,镇,潇浦镇
431125,431125101,镇,上江圩镇
431125,431125103,镇,夏层铺镇
431125,431125104,镇,桃川镇
431125,431125105,镇,粗石江镇
431125,431125106,镇,回龙圩镇
431125,431125200,民族乡,松柏瑶族乡
431125,431125202,民族乡,千家峒瑶族乡
431125,431125203,民族乡,兰溪瑶族乡
431125,431125204,民族乡,源口瑶族乡
431125,431125602,镇,允山镇
431126,431126001,街道,文庙街道
431126,431126002,街道,舜陵街道
431126,431126003,街道,桐山街道
431126,431126004,街道,东溪街道
431126,431126101,镇,天堂镇
431126,431126102,镇,水市镇
431126,431126103,镇,湾井镇
431126,431126104,镇,冷水镇
431126,431126105,镇,太平镇
431126,431126106,镇,禾亭镇
431126,431126107,镇,仁和镇
431126,431126108,镇,中和镇
431126,431126109,镇,柏家坪镇
431126,431126110,镇,清水桥镇
431126,431126111,镇,鲤溪镇
431126,431126112,镇,保安镇
431126,431126200,民族乡,九疑瑶族乡
431126,431126202,民族乡,五龙山瑶族乡
431126,431126203,民族乡,棉花坪瑶族乡
431126,431126204,民族乡,桐木漯瑶族乡
431127,431127100,镇,塔峰镇
431127,431127102,镇,毛俊镇
431127,431127103,镇,楠市镇
431127,431127104,镇,所城镇
431127,431127105,镇,新圩镇
431127,431127106,镇,土市镇
431127,431127107,镇,太平圩镇
431127,431127108,镇,祠堂圩镇
431127,431127200,民族乡,汇源瑶族乡
431127,431127201,民族乡,犁头瑶族乡
431127,431127202,民族乡,浆洞瑶族乡
431127,431127204,民族乡,大桥瑶族乡
431127,431127205,民族乡,荆竹瑶族乡
431127,431127209,民族乡,湘江源瑶族乡
431128,431128001,街道,龙泉街道
431128,431128002,街道,中山街道
431128,431128101,镇,金陵镇
431128,431128102,镇,骥村镇
431128,431128103,镇,枧头镇
431128,431128104,镇,新圩镇
431128,431128105,镇,石羊镇
431128,431128106,镇,新隆镇
431128,431128108,镇,大坪塘镇
431128,431128109,镇,陶岭镇
431128,431128110,镇,金盆镇
431128,431128111,镇,三井镇
431128,431128202,民族乡,门楼下瑶族乡
431129,431129100,镇,沱江镇
431129,431129103,镇,大路铺镇
431129,431129104,镇,白芒营镇
431129,431129105,镇,涛圩镇
431129,431129106,镇,河路口镇
431129,431129108,镇,大圩镇
431129,431129109,镇,水口镇
431129,431129110,镇,码市镇
431129,431129111,镇,涔天河镇
431129,431129200,乡,界牌乡
431129,431129201,乡,桥市乡
431129,431129202,乡,大石桥乡
431129,431129207,乡,湘江乡
431129,431129209,乡,蔚竹口乡
431129,431129210,乡,大锡乡
431129,431129211,民族乡,小圩壮族乡
431129,431129603,民族乡,清塘壮族乡
431129,431129609,乡,未竹口乡
431181,431181001,街道,龙山街道
431181,431181002,街道,长虹街道
431181,431181003,街道,浯溪街道
431181,431181101,镇,观音滩镇
431181,431181102,镇,茅竹镇
431181,431181103,镇,三口塘镇
431181,431181104,镇,大忠桥镇
431181,431181105,镇,肖家镇
431181,431181106,镇,八宝镇
431181,431181107,镇,白水镇
431181,431181108,镇,进宝塘镇
431181,431181109,镇,黄泥塘镇
431181,431181110,镇,羊角塘镇
431181,431181111,镇,梅溪镇
431181,431181112,镇,潘市镇
431181,431181113,镇,七里桥镇
431181,431181114,镇,下马渡镇
431181,431181115,镇,黎家坪镇
431181,431181116,镇,文富市镇
431181,431181117,镇,大村甸镇
431181,431181118,镇,文明铺镇
431181,431181119,镇,龚家坪镇
431181,431181120,镇,金洞镇
431181,431181201,乡,凤凰乡
431181,431181202,乡,石鼓源乡
431181,431181203,民族乡,晒北滩瑶族乡
431202,431202001,街道,城中街道
431202,431202002,街道,城北街道
431202,431202003,街道,红星街道
431202,431202004,街道,迎丰街道
431202,431202006,街道,河西街道
431202,431202008,街道,城南街道
431202,431202009,街道,坨院街道
431202,431202010,街道,盈口街道
431202,431202102,镇,黄金坳镇
431202,431202206,乡,凉亭坳乡
431221,431221105,镇,桐木镇
431221,431221107,镇,新建镇
431221,431221108,镇,接龙镇
431221,431221109,镇,铜鼎镇
431221,431221111,镇,中方镇
431221,431221112,镇,泸阳镇
431221,431221113,镇,花桥镇
431221,431221114,镇,铜湾镇
431221,431221115,镇,铁坡镇
431221,431221116,镇,新路河镇
431221,431221117,镇,袁家镇
431221,431221214,民族乡,蒿吉坪瑶族乡
431222,431222101,镇,明溪口镇
431222,431222102,镇,麻溪铺镇
431222,431222103,镇,凉水井镇
431222,431222104,镇,官庄镇
431222,431222105,镇,五强溪镇
431222,431222107,镇,筲箕湾镇
431222,431222108,镇,七甲坪镇
431222,431222109,镇,沅陵镇
431222,431222204,乡,盘古乡
431222,431222207,民族乡,二酉苗族乡
431222,431222215,乡,荔溪乡
431222,431222223,乡,杜家坪乡
431222,431222224,乡,楠木铺乡
431222,431222225,乡,马底驿乡
431222,431222228,乡,北溶乡
431222,431222230,乡,肖家桥乡
431222,431222232,乡,大合坪乡
431222,431222234,民族乡,火场土家族乡
431222,431222235,乡,借母溪乡
431222,431222238,乡,陈家滩乡
431222,431222239,乡,清浪乡
431223,431223100,镇,辰阳镇
431223,431223101,镇,孝坪镇
431223,431223102,镇,田湾镇
431223,431223103,镇,火马冲镇
431223,431223104,镇,黄溪口镇
431223,431223105,镇,潭湾镇
431223,431223106,镇,安坪镇
431223,431223107,镇,修溪镇
431223,431223108,镇,锦滨镇
431223,431223200,乡,船溪乡
431223,431223204,乡,长田湾乡
431223,431223205,乡,小龙门乡
431223,431223206,民族乡,后塘瑶族乡
431223,431223207,民族乡,苏木溪瑶族乡
431223,431223208,民族乡,罗子山瑶族乡
431223,431223209,民族乡,上蒲溪瑶族乡
431223,431223210,民族乡,仙人湾瑶族乡
431223,431223211,乡,龙头庵乡
431223,431223215,乡,大水田乡
431223,431223216,乡,桥头溪乡
431223,431223218,乡,龙泉岩乡
431223,431223221,乡,柿溪乡
431223,431223222,乡,谭家场乡
431224,431224100,镇,卢峰镇
431224,431224101,镇,大江口镇
431224,431224102,镇,低庄镇
431224,431224103,镇,桥江镇
431224,431224104,镇,龙潭镇
431224,431224105,镇,均坪镇
431224,431224106,镇,观音阁镇
431224,431224107,镇,双井镇
431224,431224108,镇,水东镇
431224,431224109,镇,两丫坪镇
431224,431224110,镇,黄茅园镇
431224,431224111,镇,祖师殿镇
431224,431224112,镇,葛竹坪镇
431224,431224114,镇,深子湖镇
431224,431224115,镇,三江镇
431224,431224116,镇,北斗溪镇
431224,431224117,镇,思蒙镇
431224,431224118,镇,统溪河镇
431224,431224204,乡,舒溶溪乡
431224,431224213,乡,油洋乡
431224,431224219,乡,小横垅乡
431224,431224222,乡,淘金坪乡
431224,431224223,乡,中都乡
431224,431224224,乡,沿溪乡
431224,431224230,乡,龙庄湾乡
431225,431225100,镇,林城镇
431225,431225101,镇,坪村镇
431225,431225102,镇,堡子镇
431225,431225103,镇,团河镇
431225,431225104,镇,若水镇
431225,431225106,镇,广坪镇
431225,431225107,镇,马鞍镇
431225,431225110,镇,金竹镇
431225,431225200,乡,沙溪乡
431225,431225201,民族乡,金子岩侗族苗族乡
431225,431225204,乡,高椅乡
431225,431225209,民族乡,宝田侗族苗族乡
431225,431225210,民族乡,漠滨侗族苗族乡
431225,431225211,民族乡,蒲稳侗族苗族乡
431225,431225212,民族乡,青朗侗族苗族乡
431225,431225213,民族乡,炮团侗族苗族乡
431225,431225214,乡,地灵乡
431225,431225215,乡,连山乡
431226,431226100,镇,高村镇
431226,431226101,镇,锦和镇
431226,431226102,镇,江口墟镇
431226,431226103,镇,岩门镇
431226,431226104,镇,兰里镇
431226,431226105,镇,吕家坪镇
431226,431226106,镇,尧市镇
431226,431226107,镇,郭公坪镇
431226,431226204,乡,文昌阁乡
431226,431226205,乡,大桥江乡
431226,431226206,乡,舒家村乡
431226,431226207,乡,隆家堡乡
431226,431226208,乡,谭家寨乡
431226,431226209,乡,石羊哨乡
431226,431226210,乡,板栗树乡
431226,431226213,乡,兰村乡
431226,431226216,乡,和平溪乡
431226,431226217,乡,黄桑乡
431227,431227101,镇,波洲镇
431227,431227103,镇,鱼市镇
431227,431227106,镇,中寨镇
431227,431227107,镇,晃州镇
431227,431227108,镇,凉伞镇
431227,431227109,镇,林冲镇
431227,431227110,镇,禾滩镇
431227,431227111,镇,贡溪镇
431227,431227112,镇,扶罗镇
431227,431227200,民族乡,步头降苗族乡
431227,431227215,民族乡,米贝苗族乡
431227,431227601,乡,洞坪乡
431227,431227604,乡,晏家乡
431227,431227607,乡,黄雷乡
431227,431227614,乡,碧朗乡
431228,431228101,镇,罗旧镇
431228,431228104,镇,公坪镇
431228,431228105,镇,新店坪镇
431228,431228106,镇,碧涌镇
431228,431228107,镇,土桥镇
431228,431228108,镇,三道坑镇
431228,431228109,镇,岩桥镇
431228,431228110,镇,楠木坪镇
431228,431228111,镇,芷江镇
431228,431228201,乡,牛牯坪乡
431228,431228204,乡,水宽乡
431228,431228212,乡,大树坳乡
431228,431228215,乡,梨溪口乡
431228,431228216,乡,洞下场乡
431228,431228220,乡,禾梨坳乡
431228,431228221,乡,冷水溪乡
431228,431228223,乡,晓坪乡
431228,431228224,乡,罗卜田乡
431229,431229100,镇,渠阳镇
431229,431229101,镇,甘棠镇
431229,431229102,镇,大堡子镇
431229,431229103,镇,坳上镇
431229,431229104,镇,新厂镇
431229,431229105,镇,平茶镇
431229,431229200,乡,太阳坪乡
431229,431229201,乡,三锹乡
431229,431229202,乡,文溪乡
431229,431229203,乡,寨牙乡
431229,431229206,乡,藕团乡
431230,431230102,镇,播阳镇
431230,431230104,镇,牙屯堡镇
431230,431230105,镇,菁芜洲镇
431230,431230108,镇,双江镇
431230,431230109,镇,陇城镇
431230,431230110,镇,万佛山镇
431230,431230111,镇,溪口镇
431230,431230112,镇,县溪镇
431230,431230113,镇,独坡镇
431230,431230203,民族乡,大高坪苗族乡
431230,431230220,乡,坪坦乡
431281,431281001,街道,河滨路街道
431281,431281002,街道,沅江路街道
431281,431281003,街道,新街街道
431281,431281004,街道,高坡街街道
431281,431281101,镇,黔城镇
431281,431281102,镇,安江镇
431281,431281103,镇,托口镇
431281,431281104,镇,雪峰镇
431281,431281106,镇,江市镇
431281,431281107,镇,沅河镇
431281,431281108,镇,塘湾镇
431281,431281202,乡,岔头乡
431281,431281203,乡,茅渡乡
431281,431281204,乡,大崇乡
431281,431281205,乡,熟坪乡
431281,431281206,乡,铁山乡
431281,431281207,乡,群峰乡
431281,431281208,乡,湾溪乡
431281,431281209,乡,洗马乡
431281,431281211,乡,沙湾乡
431281,431281212,民族乡,深渡苗族乡
431281,431281213,民族乡,龙船塘瑶族乡
431281,431281214,乡,太平乡
431281,431281217,乡,岩垅乡
431281,431281218,乡,横岩乡
431281,431281220,乡,桂花园乡
431281,431281600,乡,硖州乡
431281,431281601,乡,龙田乡
431302,431302001,街道,乐坪街道
431302,431302002,街道,花山街道
431302,431302003,街道,黄泥塘街道
431302,431302004,街道,长青街道
431302,431302005,街道,大科街道
431302,431302006,街道,大埠桥街道
431302,431302007,街道,涟滨街道
431302,431302100,镇,杉山镇
431302,431302101,镇,万宝镇
431302,431302104,镇,石井镇
431302,431302105,镇,蛇形山镇
431302,431302106,镇,水洞底镇
431302,431302204,乡,双江乡
431321,431321001,街道,永丰街道
431321,431321002,街道,金开街道
431321,431321101,镇,荷叶镇
431321,431321102,镇,井字镇
431321,431321103,镇,梓门桥镇
431321,431321104,镇,杏子铺镇
431321,431321105,镇,走马街镇
431321,431321107,镇,洪山殿镇
431321,431321108,镇,甘棠镇
431321,431321109,镇,三塘铺镇
431321,431321110,镇,青树坪镇
431321,431321111,镇,花门镇
431321,431321112,镇,锁石镇
431321,431321200,乡,石牛乡
431321,431321201,乡,沙塘乡
431321,431321202,乡,印塘乡
431322,431322001,街道,上梅街道
431322,431322002,街道,上渡街道
431322,431322003,街道,枫林街道
431322,431322101,镇,石冲口镇
431322,431322102,镇,洋溪镇
431322,431322103,镇,槎溪镇
431322,431322104,镇,水车镇
431322,431322105,镇,文田镇
431322,431322106,镇,奉家镇
431322,431322107,镇,炉观镇
431322,431322108,镇,游家镇
431322,431322109,镇,西河镇
431322,431322110,镇,孟公镇
431322,431322111,镇,琅塘镇
431322,431322112,镇,白溪镇
431322,431322113,镇,圳上镇
431322,431322114,镇,吉庆镇
431322,431322115,镇,温塘镇
431322,431322116,镇,田坪镇
431322,431322117,镇,桑梓镇
431322,431322118,镇,曹家镇
431322,431322200,乡,科头乡
431322,431322201,乡,维山乡
431322,431322202,乡,天门乡
431322,431322203,乡,荣华乡
431322,431322204,乡,金凤乡
431322,431322205,乡,油溪乡
431322,431322206,乡,坐石乡
431381,431381004,街道,布溪街道
431381,431381005,街道,锡矿山街道
431381,431381006,街道,沙塘湾街道
431381,431381007,街道,冷水江街道
431381,431381105,镇,三尖镇
431381,431381106,镇,金竹山镇
431381,431381107,镇,铎山镇
431381,431381108,镇,渣渡镇
431381,431381109,镇,禾青镇
431381,431381205,乡,中连乡
431382,431382001,街道,蓝田街道
431382,431382002,街道,六亩塘街道
431382,431382003,街道,石马山街道
431382,431382102,镇,安平镇
431382,431382103,镇,湄江镇
431382,431382104,镇,伏口镇
431382,431382105,镇,桥头河镇
431382,431382106,镇,七星街镇
431382,431382107,镇,杨市镇
431382,431382108,镇,枫坪镇
431382,431382109,镇,斗笠山镇
431382,431382111,镇,白马镇
431382,431382112,镇,茅塘镇
431382,431382113,镇,荷塘镇
431382,431382114,镇,金石镇
431382,431382115,镇,龙塘镇
431382,431382116,镇,渡头塘镇
431382,431382117,镇,湖泉镇
431382,431382200,乡,三甲乡
431382,431382202,乡,古塘乡
433101,433101005,街道,镇溪街道
433101,433101006,街道,峒河街道
433101,433101007,街道,乾州街道
433101,433101008,街道,吉凤街道
433101,433101009,街道,石家冲街道
433101,433101010,街道,双塘街道
433101,433101100,镇,矮寨镇
433101,433101101,镇,马颈坳镇
433101,433101102,镇,河溪镇
433101,433101104,镇,丹青镇
433101,433101105,镇,太平镇
433101,433101203,乡,己略乡
433122,433122101,镇,浦市镇
433122,433122102,镇,达岚镇
433122,433122103,镇,合水镇
433122,433122104,镇,兴隆场镇
433122,433122105,镇,潭溪镇
433122,433122106,镇,洗溪镇
433122,433122107,镇,武溪镇
433122,433122203,乡,石榴坪乡
433122,433122206,乡,解放岩乡
433122,433122207,乡,小章乡
433122,433122208,乡,白羊溪乡
433123,433123100,镇,沱江镇
433123,433123101,镇,廖家桥镇
433123,433123102,镇,木江坪镇
433123,433123103,镇,阿拉营镇
433123,433123104,镇,茶田镇
433123,433123105,镇,吉信镇
433123,433123106,镇,山江镇
433123,433123107,镇,腊尔山镇
433123,433123108,镇,禾库镇
433123,433123109,镇,新场镇
433123,433123110,镇,竿子坪镇
433123,433123111,镇,千工坪镇
433123,433123112,镇,落潮井镇
433123,433123204,乡,水打田乡
433123,433123205,乡,林峰乡
433123,433123216,乡,麻冲乡
433123,433123220,乡,两林乡
433124,433124100,镇,花垣镇
433124,433124101,镇,边城镇
433124,433124102,镇,龙潭镇
433124,433124103,镇,民乐镇
433124,433124105,镇,吉卫镇
433124,433124106,镇,麻栗场镇
433124,433124107,镇,雅酉镇
433124,433124108,镇,双龙镇
433124,433124109,镇,石栏镇
433124,433124200,乡,长乐乡
433124,433124206,乡,猫儿乡
433124,433124208,乡,补抽乡
433125,433125100,镇,迁陵镇
433125,433125101,镇,水田河镇
433125,433125102,镇,葫芦镇
433125,433125103,镇,毛沟镇
433125,433125104,镇,普戎镇
433125,433125105,镇,比耳镇
433125,433125106,镇,清水坪镇
433125,433125108,镇,复兴镇
433125,433125109,镇,碗米坡镇
433125,433125110,镇,吕洞山镇
433125,433125201,乡,阳朝乡
433125,433125216,乡,长潭河乡
433126,433126101,镇,默戎镇
433126,433126103,镇,红石林镇
433126,433126105,镇,断龙山镇
433126,433126106,镇,古阳镇
433126,433126107,镇,岩头寨镇
433126,433126108,镇,高峰镇
433126,433126109,镇,坪坝镇
433127,433127101,镇,首车镇
433127,433127102,镇,泽家镇
433127,433127104,镇,永茂镇
433127,433127105,镇,石堤镇
433127,433127106,镇,塔卧镇
433127,433127107,镇,万坪镇
433127,433127109,镇,青坪镇
433127,433127110,镇,砂坝镇
433127,433127111,镇,松柏镇
433127,433127112,镇,灵溪镇
433127,433127113,镇,小溪镇
433127,433127114,镇,芙蓉镇
433127,433127200,乡,两岔乡
433127,433127202,乡,西歧乡
433127,433127203,乡,对山乡
433127,433127210,乡,高坪乡
433127,433127216,乡,朗溪乡
433127,433127220,乡,润雅乡
433127,433127222,乡,车坪乡
433127,433127228,乡,毛坝乡
433127,433127229,乡,万民乡
433127,433127230,乡,盐井乡
433127,433127236,乡,颗砂乡
433130,433130001,街道,民安街道
433130,433130002,街道,华塘街道
433130,433130004,街道,石羔街道
433130,433130005,街道,兴隆街道
433130,433130102,镇,茨岩塘镇
433130,433130103,镇,红岩溪镇
433130,433130104,镇,洗车河镇
433130,433130105,镇,苗儿滩镇
433130,433130107,镇,里耶镇
433130,433130108,镇,召市镇
433130,433130109,镇,桂塘镇
433130,433130110,镇,石牌镇
433130,433130111,镇,靛房镇
433130,433130112,镇,洗洛镇
433130,433130113,镇,水田坝镇
433130,433130114,镇,农车镇
433130,433130200,乡,洛塔乡
433130,433130210,乡,大安乡
433130,433130215,乡,茅坪乡
433130,433130222,乡,内溪乡
433130,433130236,乡,咱果乡
440103,440103001,街道,沙面街道
440103,440103002,街道,岭南街道
440103,440103003,街道,华林街道
440103,440103004,街道,多宝街道
440103,440103005,街道,昌华街道
440103,440103006,街道,逢源街道
440103,440103007,街道,龙津街道
440103,440103008,街道,金花街道
440103,440103009,街道,彩虹街道
440103,440103010,街道,南源街道
440103,440103011,街道,西村街道
440103,440103012,街道,站前街道
440103,440103013,街道,桥中街道
440103,440103014,街道,白鹤洞街道
440103,440103015,街道,冲口街道
440103,440103016,街道,花地街道
440103,440103017,街道,石围塘街道
440103,440103018,街道,茶滘街道
440103,440103019,街道,东漖街道
440103,440103020,街道,海龙街道
440103,440103021,街道,东沙街道
440103,440103022,街道,中南街道
440104,440104001,街道,洪桥街道
440104,440104003,街道,北京街道
440104,440104004,街道,六榕街道
440104,440104005,街道,流花街道
440104,440104007,街道,光塔街道
440104,440104010,街道,人民街道
440104,440104011,街道,东山街道
440104,440104012,街道,农林街道
440104,440104013,街道,梅花村街道
440104,440104014,街道,黄花岗街道
440104,440104015,街道,华乐街道
440104,440104017,街道,大塘街道
440104,440104018,街道,珠光街道
440104,440104019,街道,大东街道
440104,440104020,街道,白云街道
440104,440104021,街道,登峰街道
440104,440104022,街道,矿泉街道
440104,440104024,街道,建设街道
440105,440105001,街道,赤岗街道
440105,440105002,街道,新港街道
440105,440105003,街道,昌岗街道
440105,440105004,街道,江南中街道
440105,440105005,街道,滨江街道
440105,440105006,街道,素社街道
440105,440105007,街道,海幢街道
440105,440105008,街道,南华西街道
440105,440105009,街道,龙凤街道
440105,440105010,街道,沙园街道
440105,440105011,街道,南石头街道
440105,440105012,街道,凤阳街道
440105,440105013,街道,瑞宝街道
440105,440105014,街道,江海街道
440105,440105015,街道,琶洲街道
440105,440105016,街道,南洲街道
440105,440105017,街道,华洲街道
440105,440105018,街道,官洲街道
440106,440106001,街道,五山街道
440106,440106002,街道,员村街道
440106,440106003,街道,车陂街道
440106,440106004,街道,沙河街道
440106,440106006,街道,石牌街道
440106,440106007,街道,沙东街道
440106,440106008,街道,天河南街道
440106,440106009,街道,林和街道
440106,440106010,街道,兴华街道
440106,440106011,街道,棠下街道
440106,440106012,街道,天园街道
440106,440106013,街道,猎德街道
440106,440106014,街道,冼村街道
440106,440106015,街道,元岗街道
440106,440106016,街道,黄村街道
440106,440106017,街道,凤凰街道
440106,440106018,街道,龙洞街道
440106,440106019,街道,长兴街道
440106,440106020,街道,前进街道
440106,440106021,街道,珠吉街道
440106,440106022,街道,新塘街道
440111,440111002,街道,三元里街道
440111,440111003,街道,松洲街道
440111,440111004,街道,景泰街道
440111,440111005,街道,同德街道
440111,440111006,街道,黄石街道
440111,440111007,街道,棠景街道
440111,440111008,街道,新市街道
440111,440111009,街道,同和街道
440111,440111010,街道,京溪街道
440111,440111011,街道,永平街道
440111,440111012,街道,嘉禾街道
440111,440111013,街道,均禾街道
440111,440111014,街道,石井街道
440111,440111015,街道,金沙街道
440111,440111016,街道,云城街道
440111,440111017,街道,鹤龙街道
440111,440111018,街道,白云湖街道
440111,440111019,街道,石门街道
440111,440111020,街道,龙归街道
440111,440111021,街道,大源街道
440111,440111103,镇,人和镇
440111,440111107,镇,太和镇
440111,440111108,镇,钟落潭镇
440111,440111113,镇,江高镇
440112,440112001,街道,黄埔街道
440112,440112002,街道,红山街道
440112,440112003,街道,鱼珠街道
440112,440112005,街道,大沙街道
440112,440112006,街道,文冲街道
440112,440112007,街道,穗东街道
440112,440112008,街道,南岗街道
440112,440112010,街道,长洲街道
440112,440112011,街道,夏港街道
440112,440112012,街道,萝岗街道
440112,440112014,街道,联和街道
440112,440112015,街道,永和街道
440112,440112016,街道,长岭街道
440112,440112017,街道,云埔街道
440112,440112018,街道,龙湖街道
440112,440112019,街道,九佛街道
440112,440112101,镇,新龙镇
440112,440112190,镇,九龙镇
440113,440113002,街道,沙湾街道
440113,440113003,街道,钟村街道
440113,440113004,街道,大石街道
440113,440113005,街道,市桥街道
440113,440113006,街道,沙头街道
440113,440113007,街道,东环街道
440113,440113008,街道,桥南街道
440113,440113009,街道,小谷围街道
440113,440113010,街道,洛浦街道
440113,440113011,街道,石壁街道
440113,440113012,街道,大龙街道
440113,440113102,镇,石碁镇
440113,440113103,镇,南村镇
440113,440113104,镇,新造镇
440113,440113105,镇,化龙镇
440113,440113106,镇,石楼镇
440114,440114001,街道,新华街道
440114,440114002,街道,新雅街道
440114,440114003,街道,花城街道
440114,440114004,街道,秀全街道
440114,440114103,镇,梯面镇
440114,440114104,镇,花山镇
440114,440114105,镇,花东镇
440114,440114107,镇,炭步镇
440114,440114108,镇,赤坭镇
440114,440114109,镇,狮岭镇
440115,440115001,街道,南沙街道
440115,440115002,街道,珠江街道
440115,440115003,街道,龙穴街道
440115,440115004,街道,港湾街道
440115,440115101,镇,横沥镇
440115,440115102,镇,万顷沙镇
440115,440115103,镇,黄阁镇
440115,440115104,镇,东涌镇
440115,440115105,镇,大岗镇
440115,440115106,镇,榄核镇
440117,440117001,街道,街口街道
440117,440117002,街道,城郊街道
440117,440117003,街道,江埔街道
440117,440117100,镇,温泉镇
440117,440117101,镇,良口镇
440117,440117102,镇,吕田镇
440117,440117103,镇,太平镇
440117,440117104,镇,鳌头镇
440118,440118001,街道,荔城街道
440118,440118002,街道,增江街道
440118,440118003,街道,朱村街道
440118,440118004,街道,永宁街道
440118,440118005,街道,荔湖街道
440118,440118006,街道,宁西街道
440118,440118100,镇,正果镇
440118,440118101,镇,石滩镇
440118,440118102,镇,新塘镇
440118,440118103,镇,中新镇
440118,440118104,镇,派潭镇
440118,440118105,镇,小楼镇
440118,440118106,镇,仙村镇
440203,440203001,街道,新华街道
440203,440203002,街道,惠民街道
440203,440203100,镇,西联镇
440203,440203101,镇,西河镇
440203,440203102,镇,重阳镇
440203,440203103,镇,龙归镇
440203,440203104,镇,江湾镇
440204,440204001,街道,东河街道
440204,440204002,街道,车站街道
440204,440204006,街道,风采街道
440204,440204100,镇,新韶镇
440204,440204101,镇,乐园镇
440204,440204102,镇,花坪镇
440204,440204103,镇,犁市镇
440204,440204104,镇,十里亭镇
440205,440205001,街道,松山街道
440205,440205100,镇,马坝镇
440205,440205103,镇,大塘镇
440205,440205104,镇,枫湾镇
440205,440205105,镇,小坑镇
440205,440205106,镇,沙溪镇
440205,440205108,镇,乌石镇
440205,440205109,镇,樟市镇
440205,440205110,镇,白土镇
440205,440205119,镇,罗坑镇
440222,440222100,镇,太平镇
440222,440222101,镇,马市镇
440222,440222102,镇,澄江镇
440222,440222103,镇,顿岗镇
440222,440222104,镇,罗坝镇
440222,440222105,镇,司前镇
440222,440222106,镇,隘子镇
440222,440222107,镇,城南镇
440222,440222108,镇,沈所镇
440222,440222203,民族乡,深渡水瑶族乡
440224,440224001,街道,丹霞街道
440224,440224102,镇,闻韶镇
440224,440224103,镇,扶溪镇
440224,440224104,镇,长江镇
440224,440224105,镇,城口镇
440224,440224106,镇,红山镇
440224,440224107,镇,石塘镇
440224,440224108,镇,董塘镇
440224,440224109,镇,黄坑镇
440224,440224110,镇,周田镇
440224,440224111,镇,大桥镇
440229,440229100,镇,龙仙镇
440229,440229104,镇,坝仔镇
440229,440229106,镇,江尾镇
440229,440229109,镇,官渡镇
440229,440229111,镇,周陂镇
440229,440229113,镇,翁城镇
440229,440229114,镇,新江镇
440229,440229115,镇,铁龙镇
440232,440232100,镇,乳城镇
440232,440232103,镇,一六镇
440232,440232104,镇,桂头镇
440232,440232106,镇,洛阳镇
440232,440232108,镇,大布镇
440232,440232109,镇,大桥镇
440232,440232111,镇,东坪镇
440232,440232112,镇,游溪镇
440232,440232113,镇,必背镇
440233,440233001,街道,丰城街道
440233,440233101,镇,黄磜镇
440233,440233102,镇,马头镇
440233,440233103,镇,梅坑镇
440233,440233104,镇,沙田镇
440233,440233105,镇,遥田镇
440233,440233106,镇,回龙镇
440281,440281001,街道,乐城街道
440281,440281102,镇,北乡镇
440281,440281103,镇,九峰镇
440281,440281104,镇,廊田镇
440281,440281105,镇,长来镇
440281,440281106,镇,梅花镇
440281,440281107,镇,三溪镇
440281,440281108,镇,坪石镇
440281,440281110,镇,黄圃镇
440281,440281111,镇,五山镇
440281,440281112,镇,两江镇
440281,440281113,镇,沙坪镇
440281,440281114,镇,云岩镇
440281,440281115,镇,秀水镇
440281,440281117,镇,大源镇
440281,440281118,镇,庆云镇
440281,440281119,镇,白石镇
440282,440282001,街道,雄州街道
440282,440282100,镇,乌迳镇
440282,440282103,镇,界址镇
440282,440282104,镇,坪田镇
440282,440282105,镇,黄坑镇
440282,440282106,镇,邓坊镇
440282,440282107,镇,油山镇
440282,440282109,镇,南亩镇
440282,440282110,镇,水口镇
440282,440282111,镇,江头镇
440282,440282112,镇,湖口镇
440282,440282113,镇,珠玑镇
440282,440282115,镇,主田镇
440282,440282116,镇,古市镇
440282,440282118,镇,全安镇
440282,440282120,镇,百顺镇
440282,440282121,镇,澜河镇
440282,440282122,镇,帽子峰镇
440303,440303001,街道,桂园街道
440303,440303002,街道,黄贝街道
440303,440303003,街道,东门街道
440303,440303004,街道,翠竹街道
440303,440303005,街道,南湖街道
440303,440303006,街道,笋岗街道
440303,440303007,街道,东湖街道
440303,440303008,街道,莲塘街道
440303,440303009,街道,东晓街道
440303,440303010,街道,清水河街道
440304,440304001,街道,南园街道
440304,440304002,街道,园岭街道
440304,440304004,街道,福田街道
440304,440304005,街道,沙头街道
440304,440304006,街道,香蜜湖街道
440304,440304007,街道,梅林街道
440304,440304008,街道,莲花街道
440304,440304009,街道,华富街道
440304,440304010,街道,华强北街道
440304,440304011,街道,福保街道
440305,440305001,街道,南头街道
440305,440305002,街道,南山街道
440305,440305003,街道,沙河街道
440305,440305005,街道,蛇口街道
440305,440305006,街道,招商街道
440305,440305007,街道,粤海街道
440305,440305008,街道,桃源街道
440305,440305009,街道,西丽街道
440306,440306001,街道,新安街道
440306,440306003,街道,西乡街道
440306,440306004,街道,福永街道
440306,440306005,街道,沙井街道
440306,440306006,街道,松岗街道
440306,440306008,街道,石岩街道
440306,440306009,街道,航城街道
440306,440306010,街道,福海街道
440306,440306011,街道,新桥街道
440306,440306012,街道,燕罗街道
440307,440307003,街道,横岗街道
440307,440307004,街道,布吉街道
440307,440307005,街道,葵涌街道
440307,440307006,街道,大鹏街道
440307,440307007,街道,南澳街道
440307,440307008,街道,平湖街道
440307,440307009,街道,坪地街道
440307,440307011,街道,龙岗街道
440307,440307012,街道,龙城街道
440307,440307013,街道,坂田街道
440307,440307014,街道,南湾街道
440307,440307015,街道,吉华街道
440307,440307016,街道,园山街道
440307,440307017,街道,宝龙街道
440308,440308001,街道,梅沙街道
440308,440308002,街道,盐田街道
440308,440308003,街道,沙头角街道
440308,440308004,街道,海山街道
440309,440309001,街道,龙华街道
440309,440309002,街道,大浪街道
440309,440309003,街道,民治街道
440309,440309004,街道,观澜街道
440309,440309005,街道,观湖街道
440309,440309006,街道,福城街道
440310,440310001,街道,坪山街道
440310,440310002,街道,坑梓街道
440310,440310003,街道,马峦街道
440310,440310004,街道,碧岭街道
440310,440310005,街道,石井街道
440310,440310006,街道,龙田街道
440311,440311001,街道,公明街道
440311,440311002,街道,光明街道
440311,440311003,街道,新湖街道
440311,440311004,街道,凤凰街道
440311,440311005,街道,玉塘街道
440311,440311006,街道,马田街道
440402,440402001,街道,翠香街道
440402,440402002,街道,梅华街道
440402,440402003,街道,前山街道
440402,440402004,街道,吉大街道
440402,440402005,街道,拱北街道
440402,440402006,街道,香湾街道
440402,440402007,街道,狮山街道
440402,440402008,街道,湾仔街道
440402,440402009,街道,凤山街道
440402,440402100,镇,唐家湾镇
440402,440402102,镇,南屏镇
440402,440402104,镇,横琴镇
440402,440402105,镇,桂山镇
440402,440402106,镇,担杆镇
440402,440402107,镇,万山镇
440403,440403001,街道,白藤街道
440403,440403102,镇,莲洲镇
440403,440403103,镇,斗门镇
440403,440403105,镇,乾务镇
440403,440403106,镇,白蕉镇
440403,440403107,镇,井岸镇
440404,440404100,镇,三灶镇
440404,440404101,镇,南水镇
440404,440404103,镇,红旗镇
440404,440404104,镇,平沙镇
440507,440507001,街道,金霞街道
440507,440507002,街道,龙祥街道
440507,440507003,街道,鸥汀街道
440507,440507004,街道,新津街道
440507,440507006,街道,龙华街道
440507,440507007,街道,外砂街道
440507,440507008,街道,珠池街道
440507,440507009,街道,新溪街道
440507,440507010,街道,新海街道
440507,440507011,街道,龙腾街道
440511,440511006,街道,𬶍莲街道
440511,440511007,街道,𬶍江街道
440511,440511009,街道,大华街道
440511,440511010,街道,石炮台街道
440511,440511011,街道,东方街道
440511,440511013,街道,金砂街道
440511,440511015,街道,广厦街道
440511,440511016,街道,岐山街道
440511,440511017,街道,月浦街道
440511,440511018,街道,小公园街道
440511,440511019,街道,金东街道
440511,440511020,街道,光华街道
440512,440512001,街道,𬒈石街道
440512,440512002,街道,达濠街道
440512,440512003,街道,马滘街道
440512,440512004,街道,广澳街道
440512,440512005,街道,河浦街道
440512,440512006,街道,玉新街道
440512,440512007,街道,滨海街道
440513,440513001,街道,文光街道
440513,440513002,街道,城南街道
440513,440513003,街道,棉北街道
440513,440513004,街道,金浦街道
440513,440513101,镇,海门镇
440513,440513102,镇,和平镇
440513,440513103,镇,贵屿镇
440513,440513104,镇,铜盂镇
440513,440513105,镇,谷饶镇
440513,440513106,镇,河溪镇
440513,440513107,镇,西胪镇
440513,440513108,镇,关埠镇
440513,440513110,镇,金灶镇
440514,440514001,街道,峡山街道
440514,440514101,镇,井都镇
440514,440514102,镇,陇田镇
440514,440514104,镇,成田镇
440514,440514105,镇,胪岗镇
440514,440514107,镇,两英镇
440514,440514108,镇,司马浦镇
440514,440514109,镇,陈店镇
440514,440514111,镇,仙城镇
440514,440514112,镇,红场镇
440514,440514113,镇,雷岭镇
440515,440515001,街道,凤翔街道
440515,440515002,街道,澄华街道
440515,440515003,街道,广益街道
440515,440515101,镇,东里镇
440515,440515102,镇,盐鸿镇
440515,440515103,镇,莲华镇
440515,440515104,镇,溪南镇
440515,440515105,镇,隆都镇
440515,440515106,镇,莲上镇
440515,440515107,镇,莲下镇
440515,440515108,镇,上华镇
440523,440523101,镇,后宅镇
440523,440523102,镇,云澳镇
440523,440523103,镇,深澳镇
440604,440604001,街道,祖庙街道
440604,440604002,街道,石湾镇街道
440604,440604003,街道,张槎街道
440604,440604100,镇,南庄镇
440605,440605001,街道,桂城街道
440605,440605100,镇,里水镇
440605,440605101,镇,九江镇
440605,440605102,镇,丹灶镇
440605,440605104,镇,西樵镇
440605,440605105,镇,大沥镇
440605,440605106,镇,狮山镇
440606,440606001,街道,容桂街道
440606,440606002,街道,伦教街道
440606,440606003,街道,勒流街道
440606,440606004,街道,大良街道
440606,440606100,镇,陈村镇
440606,440606101,镇,北滘镇
440606,440606102,镇,乐从镇
440606,440606103,镇,龙江镇
440606,440606104,镇,杏坛镇
440606,440606105,镇,均安镇
440607,440607001,街道,西南街道
440607,440607004,街道,云东海街道
440607,440607101,镇,大塘镇
440607,440607103,镇,乐平镇
440607,440607104,镇,白坭镇
440607,440607105,镇,芦苞镇
440607,440607106,镇,南山镇
440608,440608001,街道,荷城街道
440608,440608103,镇,明城镇
440608,440608107,镇,杨和镇
440608,440608108,镇,更合镇
440703,440703002,街道,白沙街道
440703,440703005,街道,潮连街道
440703,440703006,街道,环市街道
440703,440703101,镇,荷塘镇
440703,440703102,镇,杜阮镇
440703,440703103,镇,棠下镇
440704,440704001,街道,江南街道
440704,440704004,街道,外海街道
440704,440704005,街道,礼乐街道
440705,440705001,街道,会城街道
440705,440705101,镇,大泽镇
440705,440705103,镇,司前镇
440705,440705110,镇,沙堆镇
440705,440705111,镇,古井镇
440705,440705112,镇,三江镇
440705,440705113,镇,睦洲镇
440705,440705114,镇,大鳌镇
440705,440705119,镇,罗坑镇
440705,440705120,镇,双水镇
440705,440705121,镇,崖门镇
440781,440781001,街道,台城街道
440781,440781101,镇,大江镇
440781,440781102,镇,水步镇
440781,440781103,镇,四九镇
440781,440781105,镇,白沙镇
440781,440781106,镇,三合镇
440781,440781107,镇,冲蒌镇
440781,440781108,镇,斗山镇
440781,440781109,镇,都斛镇
440781,440781110,镇,赤溪镇
440781,440781111,镇,端芬镇
440781,440781112,镇,广海镇
440781,440781113,镇,海宴镇
440781,440781114,镇,汶村镇
440781,440781115,镇,深井镇
440781,440781117,镇,北陡镇
440781,440781120,镇,川岛镇
440783,440783001,街道,三埠街道
440783,440783002,街道,长沙街道
440783,440783101,镇,月山镇
440783,440783102,镇,水口镇
440783,440783103,镇,沙塘镇
440783,440783104,镇,苍城镇
440783,440783105,镇,龙胜镇
440783,440783106,镇,大沙镇
440783,440783107,镇,马冈镇
440783,440783108,镇,塘口镇
440783,440783109,镇,赤坎镇
440783,440783110,镇,百合镇
440783,440783111,镇,蚬冈镇
440783,440783112,镇,金鸡镇
440783,440783113,镇,赤水镇
440784,440784001,街道,沙坪街道
440784,440784101,镇,龙口镇
440784,440784102,镇,雅瑶镇
440784,440784103,镇,古劳镇
440784,440784104,镇,桃源镇
440784,440784105,镇,鹤城镇
440784,440784106,镇,共和镇
440784,440784107,镇,址山镇
440784,440784108,镇,宅梧镇
440784,440784110,镇,双合镇
440785,440785001,街道,恩城街道
440785,440785100,镇,横陂镇
440785,440785101,镇,圣堂镇
440785,440785102,镇,良西镇
440785,440785103,镇,沙湖镇
440785,440785104,镇,牛江镇
440785,440785105,镇,君堂镇
440785,440785106,镇,大田镇
440785,440785107,镇,那吉镇
440785,440785108,镇,大槐镇
440785,440785109,镇,东成镇
440802,440802001,街道,中华街道
440802,440802002,街道,寸金街道
440802,440802003,街道,民主街道
440802,440802004,街道,中山街道
440802,440802005,街道,调顺街道
440802,440802006,街道,沙湾街道
440802,440802007,街道,南桥街道
440802,440802008,街道,北桥街道
440803,440803001,街道,解放街道
440803,440803002,街道,爱国街道
440803,440803003,街道,工农街道
440803,440803004,街道,友谊街道
440803,440803005,街道,新兴街道
440803,440803006,街道,海滨街道
440803,440803009,街道,建设街道
440803,440803010,街道,东新街道
440803,440803011,街道,新园街道
440803,440803012,街道,海头街道
440803,440803013,街道,乐华街道
440803,440803014,街道,泉庄街道
440804,440804001,街道,南调街道
440804,440804002,街道,麻斜街道
440804,440804100,镇,南三镇
440804,440804101,镇,坡头镇
440804,440804102,镇,乾塘镇
440804,440804103,镇,龙头镇
440804,440804104,镇,官渡镇
440811,440811001,街道,东山街道
440811,440811002,街道,东简街道
440811,440811003,街道,民安街道
440811,440811100,镇,麻章镇
440811,440811101,镇,太平镇
440811,440811102,镇,湖光镇
440811,440811106,镇,硇洲镇
440823,440823001,街道,遂城街道
440823,440823101,镇,黄略镇
440823,440823102,镇,洋青镇
440823,440823104,镇,界炮镇
440823,440823106,镇,杨柑镇
440823,440823107,镇,城月镇
440823,440823108,镇,乌塘镇
440823,440823109,镇,建新镇
440823,440823110,镇,岭北镇
440823,440823111,镇,北坡镇
440823,440823112,镇,港门镇
440823,440823113,镇,草潭镇
440823,440823115,镇,河头镇
440823,440823116,镇,乐民镇
440823,440823117,镇,江洪镇
440823,440823118,镇,附城镇
440825,440825001,街道,徐城街道
440825,440825102,镇,迈陈镇
440825,440825103,镇,海安镇
440825,440825104,镇,曲界镇
440825,440825105,镇,前山镇
440825,440825106,镇,西连镇
440825,440825107,镇,下桥镇
440825,440825108,镇,龙塘镇
440825,440825109,镇,下洋镇
440825,440825110,镇,锦和镇
440825,440825111,镇,和安镇
440825,440825112,镇,新寮镇
440825,440825113,镇,南山镇
440825,440825201,乡,城北乡
440825,440825204,乡,角尾乡
440881,440881001,街道,罗州街道
440881,440881002,街道,城北街道
440881,440881003,街道,城南街道
440881,440881101,镇,石城镇
440881,440881102,镇,新民镇
440881,440881103,镇,吉水镇
440881,440881104,镇,河唇镇
440881,440881105,镇,石角镇
440881,440881106,镇,良垌镇
440881,440881109,镇,横山镇
440881,440881110,镇,安铺镇
440881,440881111,镇,营仔镇
440881,440881112,镇,青平镇
440881,440881113,镇,车板镇
440881,440881114,镇,高桥镇
440881,440881115,镇,石岭镇
440881,440881117,镇,雅塘镇
440881,440881118,镇,石颈镇
440881,440881119,镇,长山镇
440881,440881120,镇,塘蓬镇
440881,440881121,镇,和寮镇
440882,440882001,街道,雷城街道
440882,440882002,街道,新城街道
440882,440882003,街道,西湖街道
440882,440882101,镇,附城镇
440882,440882102,镇,白沙镇
440882,440882103,镇,沈塘镇
440882,440882104,镇,客路镇
440882,440882105,镇,杨家镇
440882,440882106,镇,唐家镇
440882,440882107,镇,纪家镇
440882,440882108,镇,企水镇
440882,440882109,镇,南兴镇
440882,440882110,镇,松竹镇
440882,440882111,镇,调风镇
440882,440882112,镇,雷高镇
440882,440882113,镇,东里镇
440882,440882114,镇,龙门镇
440882,440882115,镇,英利镇
440882,440882116,镇,北和镇
440882,440882118,镇,覃斗镇
440882,440882119,镇,乌石镇
440883,440883001,街道,梅菉街道
440883,440883002,街道,塘尾街道
440883,440883003,街道,大山江街道
440883,440883004,街道,博铺街道
440883,440883005,街道,海滨街道
440883,440883100,镇,浅水镇
440883,440883101,镇,长岐镇
440883,440883102,镇,覃巴镇
440883,440883103,镇,王村港镇
440883,440883104,镇,振文镇
440883,440883105,镇,樟铺镇
440883,440883106,镇,吴阳镇
440883,440883107,镇,塘㙍镇
440883,440883109,镇,黄坡镇
440883,440883111,镇,兰石镇
440902,440902001,街道,红旗街道
440902,440902002,街道,河西街道
440902,440902003,街道,河东街道
440902,440902004,街道,露天矿街道
440902,440902005,街道,新华街道
440902,440902006,街道,官渡街道
440902,440902007,街道,站前街道
440902,440902008,街道,城南街道
440902,440902100,镇,金塘镇
440902,440902101,镇,公馆镇
440902,440902102,镇,新坡镇
440902,440902103,镇,镇盛镇
440902,440902104,镇,鳌头镇
440902,440902105,镇,袂花镇
440902,440902106,镇,高山镇
440902,440902107,镇,山阁镇
440902,440902108,镇,羊角镇
440904,440904001,街道,南海街道
440904,440904002,街道,高地街道
440904,440904003,街道,水东街道
440904,440904004,街道,电海街道
440904,440904005,街道,陈村街道
440904,440904101,镇,坡心镇
440904,440904102,镇,小良镇
440904,440904103,镇,沙院镇
440904,440904104,镇,马踏镇
440904,440904105,镇,岭门镇
440904,440904106,镇,树仔镇
440904,440904107,镇,麻岗镇
440904,440904108,镇,旦场镇
440904,440904109,镇,林头镇
440904,440904110,镇,霞洞镇
440904,440904111,镇,观珠镇
440904,440904112,镇,沙琅镇
440904,440904113,镇,黄岭镇
440904,440904114,镇,望夫镇
440904,440904115,镇,罗坑镇
440904,440904116,镇,那霍镇
440904,440904118,镇,电城镇
440904,440904119,镇,博贺镇
440904,440904120,镇,七迳镇
440981,440981002,街道,石仔岭街道
440981,440981003,街道,山美街道
440981,440981006,街道,金山街道
440981,440981007,街道,宝光街道
440981,440981008,街道,潘州街道
440981,440981100,镇,谢鸡镇
440981,440981101,镇,新垌镇
440981,440981102,镇,云潭镇
440981,440981103,镇,分界镇
440981,440981104,镇,根子镇
440981,440981105,镇,泗水镇
440981,440981106,镇,石鼓镇
440981,440981107,镇,镇江镇
440981,440981109,镇,沙田镇
440981,440981110,镇,南塘镇
440981,440981111,镇,荷花镇
440981,440981112,镇,石板镇
440981,440981113,镇,东岸镇
440981,440981115,镇,大井镇
440981,440981116,镇,潭头镇
440981,440981117,镇,长坡镇
440981,440981119,镇,大坡镇
440981,440981120,镇,平山镇
440981,440981121,镇,深镇镇
440981,440981122,镇,马贵镇
440981,440981123,镇,古丁镇
440981,440981124,镇,曹江镇
440981,440981126,镇,荷塘镇
440982,440982001,街道,河西街道
440982,440982002,街道,东山街道
440982,440982003,街道,下郭街道
440982,440982004,街道,南盛街道
440982,440982005,街道,石湾街道
440982,440982006,街道,鉴江街道
440982,440982100,镇,长岐镇
440982,440982101,镇,同庆镇
440982,440982102,镇,杨梅镇
440982,440982103,镇,良光镇
440982,440982104,镇,笪桥镇
440982,440982106,镇,丽岗镇
440982,440982107,镇,新安镇
440982,440982108,镇,官桥镇
440982,440982110,镇,林尘镇
440982,440982111,镇,中垌镇
440982,440982112,镇,合江镇
440982,440982113,镇,那务镇
440982,440982114,镇,播扬镇
440982,440982115,镇,宝圩镇
440982,440982116,镇,平定镇
440982,440982117,镇,文楼镇
440982,440982118,镇,江湖镇
440983,440983001,街道,东镇街道
440983,440983002,街道,玉都街道
440983,440983101,镇,镇隆镇
440983,440983102,镇,水口镇
440983,440983103,镇,北界镇
440983,440983105,镇,丁堡镇
440983,440983106,镇,池洞镇
440983,440983107,镇,金垌镇
440983,440983109,镇,朱砂镇
440983,440983112,镇,贵子镇
440983,440983113,镇,怀乡镇
440983,440983114,镇,茶山镇
440983,440983115,镇,洪冠镇
440983,440983116,镇,白石镇
440983,440983117,镇,大成镇
440983,440983118,镇,钱排镇
440983,440983119,镇,合水镇
440983,440983120,镇,新宝镇
440983,440983121,镇,平塘镇
440983,440983122,镇,思贺镇
441202,441202001,街道,城东街道
441202,441202003,街道,城西街道
441202,441202005,街道,黄岗街道
441202,441202006,街道,睦岗街道
441203,441203001,街道,坑口街道
441203,441203002,街道,桂城街道
441203,441203003,街道,广利街道
441203,441203101,镇,永安镇
441203,441203102,镇,沙浦镇
441203,441203103,镇,凤凰镇
441203,441203104,镇,莲花镇
441204,441204001,街道,南岸街道
441204,441204100,镇,河台镇
441204,441204101,镇,乐城镇
441204,441204102,镇,水南镇
441204,441204103,镇,禄步镇
441204,441204104,镇,小湘镇
441204,441204105,镇,大湾镇
441204,441204106,镇,新桥镇
441204,441204107,镇,白诸镇
441204,441204108,镇,莲塘镇
441204,441204109,镇,活道镇
441204,441204110,镇,蛟塘镇
441204,441204111,镇,回龙镇
441204,441204112,镇,白土镇
441204,441204113,镇,金渡镇
441204,441204114,镇,金利镇
441204,441204115,镇,蚬岗镇
441223,441223001,街道,南街街道
441223,441223100,镇,排沙镇
441223,441223102,镇,潭布镇
441223,441223103,镇,江屯镇
441223,441223105,镇,螺岗镇
441223,441223106,镇,北市镇
441223,441223107,镇,坑口镇
441223,441223108,镇,赤坑镇
441223,441223110,镇,宾亨镇
441223,441223111,镇,五和镇
441223,441223112,镇,横山镇
441223,441223113,镇,木格镇
441223,441223114,镇,石咀镇
441223,441223115,镇,古水镇
441223,441223116,镇,洲仔镇
441224,441224001,街道,怀城街道
441224,441224002,街道,幸福街道
441224,441224102,镇,坳仔镇
441224,441224103,镇,汶朗镇
441224,441224104,镇,甘洒镇
441224,441224105,镇,凤岗镇
441224,441224106,镇,洽水镇
441224,441224107,镇,梁村镇
441224,441224108,镇,大岗镇
441224,441224109,镇,岗坪镇
441224,441224110,镇,冷坑镇
441224,441224111,镇,马宁镇
441224,441224112,镇,蓝钟镇
441224,441224113,镇,永固镇
441224,441224114,镇,诗洞镇
441224,441224115,镇,桥头镇
441224,441224116,镇,中洲镇
441224,441224118,镇,连麦镇
441224,441224200,民族乡,下帅壮族瑶族乡
441225,441225001,街道,江口街道
441225,441225102,镇,白垢镇
441225,441225103,镇,大洲镇
441225,441225104,镇,渔涝镇
441225,441225105,镇,河儿口镇
441225,441225106,镇,莲都镇
441225,441225107,镇,杏花镇
441225,441225108,镇,罗董镇
441225,441225109,镇,长岗镇
441225,441225111,镇,南丰镇
441225,441225112,镇,大玉口镇
441225,441225113,镇,都平镇
441225,441225114,镇,金装镇
441225,441225115,镇,长安镇
441225,441225116,镇,平凤镇
441226,441226001,街道,德城街道
441226,441226101,镇,新圩镇
441226,441226102,镇,回龙镇
441226,441226103,镇,官圩镇
441226,441226105,镇,马圩镇
441226,441226106,镇,高良镇
441226,441226107,镇,莫村镇
441226,441226109,镇,永丰镇
441226,441226110,镇,武垄镇
441226,441226111,镇,播植镇
441226,441226112,镇,凤村镇
441226,441226113,镇,悦城镇
441226,441226114,镇,九市镇
441284,441284001,街道,城中街道
441284,441284002,街道,东城街道
441284,441284003,街道,贞山街道
441284,441284004,街道,大旺街道
441284,441284100,镇,龙甫镇
441284,441284102,镇,威整镇
441284,441284104,镇,迳口镇
441284,441284105,镇,大沙镇
441284,441284107,镇,石狗镇
441284,441284108,镇,黄田镇
441284,441284110,镇,江谷镇
441284,441284113,镇,下茆镇
441284,441284114,镇,地豆镇
441302,441302001,街道,桥东街道
441302,441302002,街道,桥西街道
441302,441302003,街道,江南街道
441302,441302004,街道,江北街道
441302,441302005,街道,龙丰街道
441302,441302006,街道,小金口街道
441302,441302007,街道,惠环街道
441302,441302008,街道,河南岸街道
441302,441302009,街道,陈江街道
441302,441302010,街道,水口街道
441302,441302100,镇,汝湖镇
441302,441302103,镇,三栋镇
441302,441302106,镇,沥林镇
441302,441302107,镇,潼湖镇
441302,441302108,镇,马安镇
441302,441302110,镇,横沥镇
441302,441302113,镇,芦洲镇
441302,441302114,镇,潼侨镇
441303,441303001,街道,淡水街道
441303,441303002,街道,秋长街道
441303,441303003,街道,三和街道
441303,441303004,街道,西区街道
441303,441303005,街道,澳头街道
441303,441303006,街道,霞涌街道
441303,441303101,镇,沙田镇
441303,441303103,镇,新圩镇
441303,441303104,镇,镇隆镇
441303,441303108,镇,永湖镇
441303,441303109,镇,良井镇
441303,441303110,镇,平潭镇
441322,441322001,街道,罗阳街道
441322,441322002,街道,龙溪街道
441322,441322100,镇,石坝镇
441322,441322102,镇,麻陂镇
441322,441322103,镇,观音阁镇
441322,441322104,镇,公庄镇
441322,441322105,镇,杨村镇
441322,441322106,镇,柏塘镇
441322,441322108,镇,泰美镇
441322,441322113,镇,湖镇镇
441322,441322117,镇,龙华镇
441322,441322119,镇,园洲镇
441322,441322121,镇,石湾镇
441322,441322122,镇,杨侨镇
441322,441322123,镇,横河镇
441322,441322124,镇,长宁镇
441323,441323001,街道,平山街道
441323,441323002,街道,大岭街道
441323,441323102,镇,白花镇
441323,441323103,镇,梁化镇
441323,441323104,镇,稔山镇
441323,441323105,镇,铁涌镇
441323,441323106,镇,平海镇
441323,441323109,镇,吉隆镇
441323,441323113,镇,多祝镇
441323,441323115,镇,安墩镇
441323,441323118,镇,高潭镇
441323,441323120,镇,宝口镇
441323,441323121,镇,白盆珠镇
441323,441323124,镇,黄埠镇
441324,441324001,街道,龙城街道
441324,441324002,街道,平陵街道
441324,441324100,镇,麻榨镇
441324,441324101,镇,永汉镇
441324,441324103,镇,龙华镇
441324,441324105,镇,龙江镇
441324,441324107,镇,龙田镇
441324,441324109,镇,龙潭镇
441324,441324110,镇,地派镇
441324,441324200,民族乡,蓝田瑶族乡
441402,441402004,街道,江南街道
441402,441402006,街道,金山街道
441402,441402007,街道,西郊街道
441402,441402102,镇,三角镇
441402,441402103,镇,长沙镇
441402,441402105,镇,城北镇
441402,441402106,镇,西阳镇
441403,441403100,镇,松口镇
441403,441403101,镇,城东镇
441403,441403102,镇,石扇镇
441403,441403103,镇,梅西镇
441403,441403104,镇,大坪镇
441403,441403105,镇,石坑镇
441403,441403106,镇,南口镇
441403,441403107,镇,畲江镇
441403,441403108,镇,水车镇
441403,441403109,镇,梅南镇
441403,441403110,镇,丙村镇
441403,441403111,镇,雁洋镇
441403,441403112,镇,白渡镇
441403,441403113,镇,松源镇
441403,441403114,镇,隆文镇
441403,441403115,镇,桃尧镇
441403,441403116,镇,程江镇
441422,441422100,镇,湖寮镇
441422,441422101,镇,茶阳镇
441422,441422102,镇,高陂镇
441422,441422103,镇,青溪镇
441422,441422105,镇,三河镇
441422,441422107,镇,大麻镇
441422,441422108,镇,银江镇
441422,441422109,镇,洲瑞镇
441422,441422112,镇,光德镇
441422,441422113,镇,桃源镇
441422,441422114,镇,枫朗镇
441422,441422116,镇,百侯镇
441422,441422117,镇,大东镇
441422,441422118,镇,西河镇
441423,441423100,镇,汤坑镇
441423,441423103,镇,北斗镇
441423,441423104,镇,汤西镇
441423,441423105,镇,汤南镇
441423,441423106,镇,埔寨镇
441423,441423108,镇,八乡山镇
441423,441423109,镇,丰良镇
441423,441423110,镇,建桥镇
441423,441423111,镇,龙岗镇
441423,441423112,镇,潘田镇
441423,441423114,镇,黄金镇
441423,441423115,镇,𨻧隍镇
441423,441423118,镇,大龙华镇
441423,441423120,镇,潭江镇
441423,441423122,镇,小胜镇
441423,441423123,镇,砂田镇
441424,441424100,镇,水寨镇
441424,441424101,镇,河东镇
441424,441424103,镇,转水镇
441424,441424104,镇,华城镇
441424,441424106,镇,岐岭镇
441424,441424108,镇,潭下镇
441424,441424109,镇,长布镇
441424,441424111,镇,周江镇
441424,441424113,镇,横陂镇
441424,441424117,镇,郭田镇
441424,441424118,镇,双华镇
441424,441424120,镇,安流镇
441424,441424123,镇,棉洋镇
441424,441424125,镇,梅林镇
441424,441424126,镇,华阳镇
441424,441424127,镇,龙村镇
441426,441426100,镇,大柘镇
441426,441426101,镇,石正镇
441426,441426102,镇,东石镇
441426,441426103,镇,仁居镇
441426,441426104,镇,八尺镇
441426,441426105,镇,差干镇
441426,441426107,镇,河头镇
441426,441426108,镇,中行镇
441426,441426109,镇,上举镇
441426,441426110,镇,泗水镇
441426,441426114,镇,长田镇
441426,441426115,镇,热柘镇
441427,441427100,镇,蕉城镇
441427,441427102,镇,长潭镇
441427,441427103,镇,三圳镇
441427,441427104,镇,新铺镇
441427,441427106,镇,文福镇
441427,441427107,镇,广福镇
441427,441427108,镇,蓝坊镇
441427,441427110,镇,南磜镇
441481,441481001,街道,福兴街道
441481,441481002,街道,兴田街道
441481,441481003,街道,宁新街道
441481,441481102,镇,宁中镇
441481,441481104,镇,新陂镇
441481,441481105,镇,刁坊镇
441481,441481107,镇,永和镇
441481,441481108,镇,径南镇
441481,441481110,镇,坭陂镇
441481,441481111,镇,新圩镇
441481,441481112,镇,水口镇
441481,441481115,镇,罗浮镇
441481,441481116,镇,罗岗镇
441481,441481117,镇,黄槐镇
441481,441481118,镇,黄陂镇
441481,441481122,镇,合水镇
441481,441481123,镇,龙田镇
441481,441481124,镇,石马镇
441481,441481125,镇,大坪镇
441481,441481126,镇,叶塘镇
441502,441502001,街道,新港街道
441502,441502002,街道,香洲街道
441502,441502003,街道,凤山街道
441502,441502004,街道,田墘街道
441502,441502006,街道,遮浪街道
441502,441502007,街道,马宫街道
441502,441502100,镇,红草镇
441502,441502102,镇,东涌镇
441502,441502103,镇,捷胜镇
441521,441521001,街道,小漠街道
441521,441521002,街道,鹅埠街道
441521,441521003,街道,赤石街道
441521,441521004,街道,鲘门街道
441521,441521100,镇,海城镇
441521,441521101,镇,梅陇镇
441521,441521106,镇,联安镇
441521,441521107,镇,陶河镇
441521,441521108,镇,赤坑镇
441521,441521109,镇,大湖镇
441521,441521110,镇,可塘镇
441521,441521111,镇,公平镇
441521,441521112,镇,黄羌镇
441521,441521113,镇,平东镇
441521,441521114,镇,附城镇
441521,441521115,镇,城东镇
441523,441523100,镇,河田镇
441523,441523101,镇,水唇镇
441523,441523102,镇,河口镇
441523,441523103,镇,新田镇
441523,441523104,镇,上护镇
441523,441523105,镇,螺溪镇
441523,441523106,镇,东坑镇
441523,441523107,镇,南万镇
441581,441581001,街道,东海街道
441581,441581002,街道,城东街道
441581,441581003,街道,河西街道
441581,441581101,镇,甲子镇
441581,441581102,镇,碣石镇
441581,441581103,镇,湖东镇
441581,441581104,镇,大安镇
441581,441581105,镇,博美镇
441581,441581106,镇,内湖镇
441581,441581107,镇,南塘镇
441581,441581108,镇,陂洋镇
441581,441581109,镇,八万镇
441581,441581110,镇,金厢镇
441581,441581111,镇,潭西镇
441581,441581112,镇,甲东镇
441581,441581115,镇,河东镇
441581,441581116,镇,上英镇
441581,441581117,镇,桥冲镇
441581,441581118,镇,甲西镇
441581,441581119,镇,西南镇
441602,441602001,街道,上城街道
441602,441602002,街道,新江街道
441602,441602003,街道,东埔街道
441602,441602004,街道,源西街道
441602,441602005,街道,高埔岗街道
441602,441602006,街道,城东街道
441602,441602100,镇,源南镇
441602,441602101,镇,埔前镇
441621,441621100,镇,紫城镇
441621,441621102,镇,龙窝镇
441621,441621103,镇,九和镇
441621,441621104,镇,上义镇
441621,441621105,镇,蓝塘镇
441621,441621106,镇,凤安镇
441621,441621107,镇,义容镇
441621,441621108,镇,古竹镇
441621,441621109,镇,临江镇
441621,441621110,镇,柏埔镇
441621,441621111,镇,黄塘镇
441621,441621112,镇,敬梓镇
441621,441621114,镇,水墩镇
441621,441621116,镇,南岭镇
441621,441621117,镇,苏区镇
441621,441621119,镇,瓦溪镇
441621,441621120,镇,好义镇
441621,441621122,镇,中坝镇
441622,441622100,镇,老隆镇
441622,441622102,镇,义都镇
441622,441622103,镇,佗城镇
441622,441622104,镇,鹤市镇
441622,441622105,镇,黄布镇
441622,441622106,镇,紫市镇
441622,441622107,镇,通衢镇
441622,441622109,镇,登云镇
441622,441622110,镇,丰稔镇
441622,441622111,镇,四都镇
441622,441622112,镇,铁场镇
441622,441622114,镇,龙母镇
441622,441622115,镇,田心镇
441622,441622116,镇,黎咀镇
441622,441622117,镇,黄石镇
441622,441622118,镇,赤光镇
441622,441622119,镇,廻龙镇
441622,441622120,镇,新田镇
441622,441622121,镇,车田镇
441622,441622123,镇,岩镇
441622,441622124,镇,麻布岗镇
441622,441622125,镇,贝岭镇
441622,441622126,镇,细坳镇
441622,441622127,镇,上坪镇
441623,441623100,镇,元善镇
441623,441623101,镇,上坪镇
441623,441623102,镇,内莞镇
441623,441623104,镇,陂头镇
441623,441623105,镇,溪山镇
441623,441623107,镇,隆街镇
441623,441623108,镇,田源镇
441623,441623109,镇,油溪镇
441623,441623110,镇,忠信镇
441623,441623111,镇,高莞镇
441623,441623113,镇,大湖镇
441623,441623114,镇,三角镇
441623,441623115,镇,绣缎镇
441624,441624100,镇,阳明镇
441624,441624102,镇,大坝镇
441624,441624103,镇,长塘镇
441624,441624104,镇,下车镇
441624,441624105,镇,上陵镇
441624,441624106,镇,优胜镇
441624,441624107,镇,贝墩镇
441624,441624108,镇,古寨镇
441624,441624110,镇,彭寨镇
441624,441624112,镇,合水镇
441624,441624113,镇,公白镇
441624,441624114,镇,青州镇
441624,441624115,镇,浰源镇
441624,441624116,镇,热水镇
441624,441624117,镇,东水镇
441624,441624118,镇,礼士镇
441624,441624119,镇,林寨镇
441625,441625100,镇,仙塘镇
441625,441625101,镇,灯塔镇
441625,441625102,镇,骆湖镇
441625,441625103,镇,船塘镇
441625,441625104,镇,顺天镇
441625,441625105,镇,上莞镇
441625,441625106,镇,曾田镇
441625,441625107,镇,柳城镇
441625,441625108,镇,义合镇
441625,441625109,镇,蓝口镇
441625,441625110,镇,黄田镇
441625,441625111,镇,叶潭镇
441625,441625112,镇,黄村镇
441625,441625113,镇,康禾镇
441625,441625114,镇,锡场镇
441625,441625115,镇,新港镇
441625,441625116,镇,双江镇
441625,441625117,镇,涧头镇
441625,441625121,镇,新回龙镇
441625,441625122,镇,半江镇
441625,441625200,民族乡,漳溪畲族乡
441702,441702001,街道,南恩街道
441702,441702002,街道,城南街道
441702,441702005,街道,中洲街道
441702,441702006,街道,城东街道
441702,441702007,街道,城北街道
441702,441702008,街道,白沙街道
441702,441702009,街道,岗列街道
441702,441702010,街道,城西街道
441702,441702102,镇,埠场镇
441702,441702103,镇,平冈镇
441702,441702105,镇,闸坡镇
441702,441702106,镇,双捷镇
441704,441704100,镇,东城镇
441704,441704101,镇,北惯镇
441704,441704102,镇,那龙镇
441704,441704103,镇,东平镇
441704,441704104,镇,雅韶镇
441704,441704105,镇,大沟镇
441704,441704106,镇,新洲镇
441704,441704107,镇,合山镇
441704,441704108,镇,塘坪镇
441704,441704109,镇,大八镇
441704,441704110,镇,红丰镇
441721,441721100,镇,织𬕂镇
441721,441721101,镇,程村镇
441721,441721102,镇,塘口镇
441721,441721103,镇,上洋镇
441721,441721104,镇,溪头镇
441721,441721106,镇,儒洞镇
441721,441721107,镇,新墟镇
441721,441721108,镇,沙扒镇
441781,441781001,街道,春城街道
441781,441781002,街道,河西街道
441781,441781101,镇,河㙟镇
441781,441781102,镇,松柏镇
441781,441781103,镇,石望镇
441781,441781105,镇,春湾镇
441781,441781106,镇,合水镇
441781,441781107,镇,陂面镇
441781,441781108,镇,圭岗镇
441781,441781109,镇,永宁镇
441781,441781110,镇,马水镇
441781,441781111,镇,岗美镇
441781,441781112,镇,河口镇
441781,441781113,镇,潭水镇
441781,441781114,镇,三甲镇
441781,441781116,镇,双滘镇
441781,441781117,镇,八甲镇
441802,441802001,街道,凤城街道
441802,441802002,街道,东城街道
441802,441802003,街道,洲心街道
441802,441802004,街道,横荷街道
441802,441802100,镇,源潭镇
441802,441802101,镇,龙塘镇
441802,441802102,镇,石角镇
441802,441802103,镇,飞来峡镇
441803,441803102,镇,太和镇
441803,441803104,镇,太平镇
441803,441803105,镇,山塘镇
441803,441803106,镇,三坑镇
441803,441803112,镇,龙颈镇
441803,441803113,镇,禾云镇
441803,441803117,镇,浸潭镇
441803,441803118,镇,石潭镇
441821,441821100,镇,石角镇
441821,441821101,镇,水头镇
441821,441821102,镇,汤塘镇
441821,441821103,镇,龙山镇
441821,441821104,镇,高岗镇
441821,441821107,镇,迳头镇
441823,441823100,镇,青莲镇
441823,441823101,镇,江英镇
441823,441823104,镇,杜步镇
441823,441823105,镇,七拱镇
441823,441823107,镇,太平镇
441823,441823108,镇,杨梅镇
441823,441823110,镇,大崀镇
441823,441823111,镇,小江镇
441823,441823113,镇,岭背镇
441823,441823115,镇,黄坌镇
441823,441823116,镇,黎埠镇
441823,441823119,镇,阳城镇
441823,441823201,民族乡,秤架瑶族乡
441825,441825100,镇,永和镇
441825,441825104,镇,吉田镇
441825,441825105,镇,太保镇
441825,441825106,镇,禾洞镇
441825,441825108,镇,福堂镇
441825,441825109,镇,小三江镇
441825,441825111,镇,上帅镇
441826,441826100,镇,三江镇
441826,441826101,镇,大麦山镇
441826,441826102,镇,寨岗镇
441826,441826105,镇,三排镇
441826,441826106,镇,涡水镇
441826,441826108,镇,大坪镇
441826,441826109,镇,香坪镇
441881,441881001,街道,英城街道
441881,441881101,镇,沙口镇
441881,441881102,镇,望埠镇
441881,441881103,镇,横石水镇
441881,441881104,镇,东华镇
441881,441881105,镇,桥头镇
441881,441881106,镇,青塘镇
441881,441881108,镇,白沙镇
441881,441881109,镇,大站镇
441881,441881110,镇,西牛镇
441881,441881111,镇,九龙镇
441881,441881112,镇,浛洸镇
441881,441881114,镇,大湾镇
441881,441881115,镇,石灰铺镇
441881,441881116,镇,石牯塘镇
441881,441881120,镇,下𱳪镇
441881,441881121,镇,黄花镇
441881,441881124,镇,波罗镇
441881,441881125,镇,横石塘镇
441881,441881126,镇,大洞镇
441881,441881129,镇,连江口镇
441881,441881130,镇,黎溪镇
441881,441881131,镇,水边镇
441881,441881132,镇,英红镇
441882,441882100,镇,连州镇
441882,441882101,镇,星子镇
441882,441882102,镇,大路边镇
441882,441882103,镇,龙坪镇
441882,441882104,镇,西岸镇
441882,441882105,镇,保安镇
441882,441882106,镇,丰阳镇
441882,441882107,镇,东陂镇
441882,441882109,镇,九陂镇
441882,441882118,镇,西江镇
441882,441882200,民族乡,瑶安瑶族乡
441882,441882201,民族乡,三水瑶族乡
441900,441900003,街道,东城街道
441900,441900004,街道,南城街道
441900,441900005,街道,万江街道
441900,441900006,街道,莞城街道
441900,441900101,镇,石碣镇
441900,441900102,镇,石龙镇
441900,441900103,镇,茶山镇
441900,441900104,镇,石排镇
441900,441900105,镇,企石镇
441900,441900106,镇,横沥镇
441900,441900107,镇,桥头镇
441900,441900108,镇,谢岗镇
441900,441900109,镇,东坑镇
441900,441900110,镇,常平镇
441900,441900111,镇,寮步镇
441900,441900112,镇,樟木头镇
441900,441900113,镇,大朗镇
441900,441900114,镇,黄江镇
441900,441900115,镇,清溪镇
441900,441900116,镇,塘厦镇
441900,441900117,镇,凤岗镇
441900,441900118,镇,大岭山镇
441900,441900119,镇,长安镇
441900,441900121,镇,虎门镇
441900,441900122,镇,厚街镇
441900,441900123,镇,沙田镇
441900,441900124,镇,道滘镇
441900,441900125,镇,洪梅镇
441900,441900126,镇,麻涌镇
441900,441900127,镇,望牛墩镇
441900,441900128,镇,中堂镇
441900,441900129,镇,高埗镇
442000,442000001,街道,石岐街道
442000,442000002,街道,东区街道
442000,442000003,街道,中山港街道
442000,442000004,街道,西区街道
442000,442000005,街道,南区街道
442000,442000006,街道,五桂山街道
442000,442000007,街道,民众街道
442000,442000008,街道,南朗街道
442000,442000101,镇,黄圃镇
442000,442000103,镇,东凤镇
442000,442000105,镇,古镇镇
442000,442000106,镇,沙溪镇
442000,442000107,镇,坦洲镇
442000,442000108,镇,港口镇
442000,442000109,镇,三角镇
442000,442000110,镇,横栏镇
442000,442000111,镇,南头镇
442000,442000112,镇,阜沙镇
442000,442000114,镇,三乡镇
442000,442000115,镇,板芙镇
442000,442000116,镇,大涌镇
442000,442000117,镇,神湾镇
442000,442000118,镇,小榄镇
445102,445102007,街道,桥东街道
445102,445102008,街道,城西街道
445102,445102009,街道,凤新街道
445102,445102010,街道,太平街道
445102,445102011,街道,西新街道
445102,445102100,镇,意溪镇
445102,445102101,镇,磷溪镇
445102,445102102,镇,官塘镇
445102,445102103,镇,铁铺镇
445103,445103100,镇,古巷镇
445103,445103101,镇,登塘镇
445103,445103102,镇,凤塘镇
445103,445103103,镇,浮洋镇
445103,445103104,镇,龙湖镇
445103,445103105,镇,金石镇
445103,445103106,镇,沙溪镇
445103,445103107,镇,彩塘镇
445103,445103108,镇,东凤镇
445103,445103109,镇,庵埠镇
445103,445103110,镇,江东镇
445103,445103111,镇,归湖镇
445103,445103112,镇,文祠镇
445103,445103113,镇,凤凰镇
445103,445103114,镇,赤凤镇
445103,445103115,镇,枫溪镇
445122,445122100,镇,黄冈镇
445122,445122102,镇,上饶镇
445122,445122103,镇,饶洋镇
445122,445122104,镇,新丰镇
445122,445122106,镇,建饶镇
445122,445122107,镇,三饶镇
445122,445122108,镇,新塘镇
445122,445122109,镇,汤溪镇
445122,445122110,镇,浮滨镇
445122,445122112,镇,浮山镇
445122,445122113,镇,东山镇
445122,445122114,镇,新圩镇
445122,445122116,镇,樟溪镇
445122,445122117,镇,钱东镇
445122,445122118,镇,高堂镇
445122,445122119,镇,联饶镇
445122,445122120,镇,所城镇
445122,445122121,镇,大埕镇
445122,445122122,镇,柘林镇
445122,445122123,镇,汫洲镇
445122,445122124,镇,海山镇
445202,445202001,街道,榕华街道
445202,445202002,街道,新兴街道
445202,445202006,街道,榕东街道
445202,445202008,街道,东阳街道
445202,445202009,街道,东升街道
445202,445202010,街道,东兴街道
445202,445202011,街道,仙桥街道
445202,445202012,街道,梅云街道
445202,445202013,街道,渔湖街道
445202,445202014,街道,溪南街道
445202,445202015,街道,凤美街道
445202,445202016,街道,京冈街道
445202,445202017,街道,进贤门街道
445202,445202102,镇,地都镇
445202,445202103,镇,砲台镇
445202,445202104,镇,登岗镇
445203,445203001,街道,曲溪街道
445203,445203002,街道,磐东街道
445203,445203100,镇,云路镇
445203,445203102,镇,霖磐镇
445203,445203103,镇,月城镇
445203,445203104,镇,白塔镇
445203,445203105,镇,龙尾镇
445203,445203106,镇,桂岭镇
445203,445203107,镇,锡场镇
445203,445203108,镇,新亨镇
445203,445203109,镇,玉湖镇
445203,445203110,镇,埔田镇
445203,445203112,镇,玉滘镇
445222,445222001,街道,河婆街道
445222,445222102,镇,龙潭镇
445222,445222103,镇,南山镇
445222,445222104,镇,五经富镇
445222,445222105,镇,京溪园镇
445222,445222106,镇,灰寨镇
445222,445222107,镇,塔头镇
445222,445222108,镇,东园镇
445222,445222109,镇,凤江镇
445222,445222110,镇,棉湖镇
445222,445222111,镇,金和镇
445222,445222112,镇,大溪镇
445222,445222113,镇,钱坑镇
445222,445222114,镇,坪上镇
445222,445222115,镇,五云镇
445222,445222116,镇,上砂镇
445222,445222201,乡,良田乡
445224,445224100,镇,惠城镇
445224,445224101,镇,靖海镇
445224,445224102,镇,神泉镇
445224,445224103,镇,仙庵镇
445224,445224104,镇,周田镇
445224,445224105,镇,华湖镇
445224,445224106,镇,前詹镇
445224,445224107,镇,葵潭镇
445224,445224108,镇,隆江镇
445224,445224109,镇,溪西镇
445224,445224110,镇,鳌江镇
445224,445224111,镇,东港镇
445224,445224112,镇,东陇镇
445224,445224113,镇,岐石镇
445224,445224114,镇,侨园镇
445281,445281001,街道,池尾街道
445281,445281002,街道,流沙北街道
445281,445281003,街道,流沙西街道
445281,445281004,街道,流沙东街道
445281,445281005,街道,流沙南街道
445281,445281006,街道,燎原街道
445281,445281007,街道,大南山街道
445281,445281102,镇,赤岗镇
445281,445281103,镇,大坝镇
445281,445281104,镇,洪阳镇
445281,445281105,镇,南溪镇
445281,445281106,镇,广太镇
445281,445281107,镇,麒麟镇
445281,445281108,镇,南径镇
445281,445281109,镇,占陇镇
445281,445281110,镇,军埠镇
445281,445281111,镇,下架山镇
445281,445281113,镇,高埔镇
445281,445281114,镇,云落镇
445281,445281115,镇,大坪镇
445281,445281116,镇,船埔镇
445281,445281117,镇,梅林镇
445281,445281119,镇,里湖镇
445281,445281121,镇,梅塘镇
445281,445281122,镇,普侨镇
445281,445281201,乡,鲘溪乡
445302,445302001,街道,云城街道
445302,445302002,街道,高峰街道
445302,445302003,街道,河口街道
445302,445302004,街道,安塘街道
445302,445302102,镇,腰古镇
445302,445302103,镇,思劳镇
445302,445302105,镇,前锋镇
445302,445302106,镇,南盛镇
445303,445303100,镇,六都镇
445303,445303101,镇,高村镇
445303,445303102,镇,白石镇
445303,445303103,镇,镇安镇
445303,445303104,镇,富林镇
445303,445303107,镇,石城镇
445303,445303108,镇,都杨镇
445321,445321100,镇,新城镇
445321,445321101,镇,车岗镇
445321,445321103,镇,水台镇
445321,445321104,镇,稔村镇
445321,445321105,镇,东成镇
445321,445321107,镇,太平镇
445321,445321108,镇,里洞镇
445321,445321110,镇,大江镇
445321,445321112,镇,天堂镇
445321,445321113,镇,河头镇
445321,445321114,镇,簕竹镇
445321,445321115,镇,六祖镇
445322,445322100,镇,都城镇
445322,445322101,镇,平台镇
445322,445322102,镇,桂圩镇
445322,445322104,镇,通门镇
445322,445322105,镇,建城镇
445322,445322106,镇,宝珠镇
445322,445322108,镇,大方镇
445322,445322110,镇,千官镇
445322,445322111,镇,大湾镇
445322,445322112,镇,河口镇
445322,445322113,镇,宋桂镇
445322,445322114,镇,东坝镇
445322,445322115,镇,连滩镇
445322,445322116,镇,历洞镇
445322,445322117,镇,南江口镇
445381,445381001,街道,罗城街道
445381,445381002,街道,素龙街道
445381,445381003,街道,附城街道
445381,445381004,街道,双东街道
445381,445381100,镇,罗镜镇
445381,445381101,镇,太平镇
445381,445381102,镇,分界镇
445381,445381104,镇,罗平镇
445381,445381105,镇,船步镇
445381,445381106,镇,𬜯塘镇
445381,445381107,镇,苹塘镇
445381,445381108,镇,金鸡镇
445381,445381109,镇,围底镇
445381,445381110,镇,华石镇
445381,445381111,镇,榃滨镇
445381,445381113,镇,黎少镇
445381,445381114,镇,生江镇
445381,445381115,镇,连州镇
445381,445381116,镇,泗纶镇
445381,445381118,镇,加益镇
445381,445381119,镇,龙湾镇
450102,450102001,街道,民生街道
450102,450102002,街道,朝阳街道
450102,450102003,街道,兴东街道
450102,450102101,镇,三塘镇
450102,450102107,镇,五塘镇
450102,450102109,镇,昆仑镇
450103,450103001,街道,新竹街道
450103,450103002,街道,中山街道
450103,450103003,街道,建政街道
450103,450103004,街道,南湖街道
450103,450103005,街道,津头街道
450103,450103100,镇,刘圩镇
450103,450103101,镇,南阳镇
450103,450103102,镇,伶俐镇
450103,450103103,镇,长塘镇
450105,450105001,街道,福建园街道
450105,450105002,街道,江南街道
450105,450105003,街道,沙井街道
450105,450105004,街道,那洪街道
450105,450105005,街道,金凯街道
450105,450105102,镇,吴圩镇
450105,450105103,镇,苏圩镇
450105,450105104,镇,延安镇
450105,450105105,镇,江西镇
450107,450107001,街道,衡阳街道
450107,450107002,街道,北湖街道
450107,450107003,街道,西乡塘街道
450107,450107004,街道,安吉街道
450107,450107005,街道,华强街道
450107,450107006,街道,新阳街道
450107,450107007,街道,上尧街道
450107,450107008,街道,安宁街道
450107,450107009,街道,石埠街道
450107,450107010,街道,心圩街道
450107,450107100,镇,金陵镇
450107,450107101,镇,双定镇
450107,450107105,镇,坛洛镇
450108,450108001,街道,大沙田街道
450108,450108002,街道,玉洞街道
450108,450108100,镇,良庆镇
450108,450108101,镇,那马镇
450108,450108102,镇,那陈镇
450108,450108103,镇,大塘镇
450108,450108104,镇,南晓镇
450109,450109100,镇,蒲庙镇
450109,450109101,镇,那楼镇
450109,450109102,镇,新江镇
450109,450109103,镇,百济镇
450109,450109104,镇,中和镇
450110,450110100,镇,城厢镇
450110,450110102,镇,太平镇
450110,450110103,镇,双桥镇
450110,450110104,镇,宁武镇
450110,450110105,镇,锣圩镇
450110,450110106,镇,仙湖镇
450110,450110107,镇,府城镇
450110,450110108,镇,陆斡镇
450110,450110109,镇,两江镇
450110,450110110,镇,罗波镇
450110,450110111,镇,灵马镇
450110,450110112,镇,甘圩镇
450110,450110113,镇,马头镇
450123,450123100,镇,城厢镇
450123,450123101,镇,南圩镇
450123,450123102,镇,雁江镇
450123,450123103,镇,那桐镇
450123,450123104,镇,乔建镇
450123,450123105,镇,丁当镇
450123,450123201,乡,古潭乡
450123,450123203,乡,都结乡
450123,450123204,乡,布泉乡
450123,450123205,乡,屏山乡
450124,450124100,镇,白山镇
450124,450124101,镇,百龙滩镇
450124,450124102,镇,林圩镇
450124,450124103,镇,古零镇
450124,450124104,镇,金钗镇
450124,450124105,镇,周鹿镇
450124,450124106,镇,永州镇
450124,450124200,乡,乔利乡
450124,450124201,乡,加方乡
450124,450124202,民族乡,古寨瑶族乡
450124,450124203,民族乡,里当瑶族乡
450125,450125100,镇,大丰镇
450125,450125101,镇,明亮镇
450125,450125102,镇,巷贤镇
450125,450125103,镇,白圩镇
450125,450125104,镇,三里镇
450125,450125105,镇,乔贤镇
450125,450125106,镇,西燕镇
450125,450125200,乡,澄泰乡
450125,450125202,乡,木山乡
450125,450125203,乡,塘红乡
450125,450125205,民族乡,镇圩瑶族乡
450126,450126100,镇,宾州镇
450126,450126101,镇,黎塘镇
450126,450126102,镇,甘棠镇
450126,450126103,镇,思陇镇
450126,450126104,镇,新桥镇
450126,450126105,镇,新圩镇
450126,450126106,镇,邹圩镇
450126,450126107,镇,大桥镇
450126,450126108,镇,武陵镇
450126,450126109,镇,中华镇
450126,450126110,镇,古辣镇
450126,450126111,镇,露圩镇
450126,450126112,镇,王灵镇
450126,450126113,镇,和吉镇
450126,450126114,镇,洋桥镇
450126,450126115,镇,陈平镇
450181,450181100,镇,横州镇
450181,450181101,镇,百合镇
450181,450181102,镇,那阳镇
450181,450181103,镇,南乡镇
450181,450181104,镇,新福镇
450181,450181105,镇,莲塘镇
450181,450181106,镇,平马镇
450181,450181107,镇,峦城镇
450181,450181108,镇,六景镇
450181,450181110,镇,石塘镇
450181,450181112,镇,陶圩镇
450181,450181113,镇,校椅镇
450181,450181114,镇,云表镇
450181,450181115,镇,马岭镇
450181,450181116,镇,马山镇
450181,450181117,镇,平朗镇
450181,450181204,乡,镇龙乡
450202,450202001,街道,城中街道
450202,450202002,街道,公园街道
450202,450202003,街道,中南街道
450202,450202004,街道,沿江街道
450202,450202005,街道,潭中街道
450202,450202006,街道,河东街道
450202,450202007,街道,静兰街道
450203,450203001,街道,天马街道
450203,450203002,街道,驾鹤街道
450203,450203003,街道,箭盘山街道
450203,450203004,街道,五里亭街道
450203,450203005,街道,荣军街道
450203,450203007,街道,白莲街道
450203,450203008,街道,麒麟街道
450203,450203009,街道,阳和街道
450203,450203100,镇,洛埠镇
450203,450203101,镇,雒容镇
450203,450203102,镇,里雍镇
450203,450203103,镇,白沙镇
450204,450204001,街道,河西街道
450204,450204002,街道,柳南街道
450204,450204003,街道,柳石街道
450204,450204004,街道,南站街道
450204,450204005,街道,鹅山街道
450204,450204006,街道,银山街道
450204,450204007,街道,潭西街道
450204,450204008,街道,南环街道
450204,450204100,镇,太阳村镇
450204,450204101,镇,洛满镇
450204,450204102,镇,流山镇
450205,450205001,街道,解放街道
450205,450205002,街道,雅儒街道
450205,450205003,街道,胜利街道
450205,450205004,街道,雀儿山街道
450205,450205005,街道,钢城街道
450205,450205006,街道,柳长街道
450205,450205007,街道,锦绣街道
450205,450205008,街道,白露街道
450205,450205009,街道,跃进街道
450205,450205100,镇,石碑坪镇
450205,450205101,镇,沙塘镇
450205,450205102,镇,长塘镇
450206,450206100,镇,拉堡镇
450206,450206102,镇,百朋镇
450206,450206103,镇,成团镇
450206,450206106,镇,三都镇
450206,450206107,镇,里高镇
450206,450206108,镇,进德镇
450206,450206109,镇,穿山镇
450206,450206110,镇,土博镇
450222,450222100,镇,大埔镇
450222,450222101,镇,龙头镇
450222,450222102,镇,太平镇
450222,450222103,镇,沙埔镇
450222,450222104,镇,东泉镇
450222,450222105,镇,凤山镇
450222,450222106,镇,六塘镇
450222,450222107,镇,冲脉镇
450222,450222108,镇,寨隆镇
450222,450222109,镇,马山镇
450222,450222201,乡,社冲乡
450222,450222202,民族乡,古砦仫佬族乡
450223,450223100,镇,鹿寨镇
450223,450223102,镇,中渡镇
450223,450223103,镇,寨沙镇
450223,450223104,镇,平山镇
450223,450223105,镇,黄冕镇
450223,450223106,镇,四排镇
450223,450223202,乡,江口乡
450223,450223203,乡,导江乡
450223,450223205,乡,拉沟乡
450224,450224100,镇,长安镇
450224,450224101,镇,浮石镇
450224,450224102,镇,泗顶镇
450224,450224103,镇,板榄镇
450224,450224104,镇,大将镇
450224,450224105,镇,大良镇
450224,450224202,乡,雅瑶乡
450224,450224203,乡,大坡乡
450224,450224204,乡,东起乡
450224,450224205,乡,沙子乡
450224,450224206,乡,桥板乡
450224,450224207,乡,潭头乡
450225,450225100,镇,融水镇
450225,450225101,镇,和睦镇
450225,450225102,镇,三防镇
450225,450225103,镇,怀宝镇
450225,450225104,镇,洞头镇
450225,450225105,镇,大浪镇
450225,450225106,镇,永乐镇
450225,450225202,乡,四荣乡
450225,450225203,乡,香粉乡
450225,450225204,乡,安太乡
450225,450225206,乡,汪洞乡
450225,450225207,民族乡,同练瑶族乡
450225,450225208,民族乡,滚贝侗族乡
450225,450225209,乡,杆洞乡
450225,450225210,乡,安陲乡
450225,450225212,乡,白云乡
450225,450225213,乡,红水乡
450225,450225214,乡,拱洞乡
450225,450225215,乡,良寨乡
450225,450225216,乡,大年乡
450226,450226100,镇,古宜镇
450226,450226101,镇,丹洲镇
450226,450226102,镇,斗江镇
450226,450226103,镇,林溪镇
450226,450226104,镇,八江镇
450226,450226105,镇,独峒镇
450226,450226201,乡,程村乡
450226,450226202,乡,和平乡
450226,450226203,乡,老堡乡
450226,450226204,民族乡,高基瑶族乡
450226,450226205,乡,良口乡
450226,450226206,乡,洋溪乡
450226,450226207,民族乡,富禄苗族乡
450226,450226208,乡,梅林乡
450226,450226212,民族乡,同乐苗族乡
450302,450302001,街道,秀峰街道
450302,450302002,街道,丽君街道
450302,450302003,街道,甲山街道
450303,450303001,街道,叠彩街道
450303,450303002,街道,北门街道
450303,450303200,乡,大河乡
450304,450304001,街道,南门街道
450304,450304002,街道,象山街道
450304,450304003,街道,平山街道
450304,450304200,乡,二塘乡
450305,450305001,街道,七星街道
450305,450305002,街道,东江街道
450305,450305003,街道,穿山街道
450305,450305004,街道,漓东街道
450305,450305201,乡,朝阳乡
450311,450311001,街道,良丰街道
450311,450311100,镇,雁山镇
450311,450311101,镇,柘木镇
450311,450311200,乡,大埠乡
450311,450311201,民族乡,草坪回族乡
450312,450312100,镇,临桂镇
450312,450312101,镇,六塘镇
450312,450312102,镇,会仙镇
450312,450312103,镇,两江镇
450312,450312104,镇,五通镇
450312,450312105,镇,四塘镇
450312,450312106,镇,南边山镇
450312,450312107,镇,中庸镇
450312,450312108,镇,茶洞镇
450312,450312203,民族乡,宛田瑶族乡
450312,450312204,民族乡,黄沙瑶族乡
450321,450321100,镇,阳朔镇
450321,450321101,镇,白沙镇
450321,450321102,镇,福利镇
450321,450321103,镇,兴坪镇
450321,450321104,镇,葡萄镇
450321,450321105,镇,高田镇
450321,450321200,乡,金宝乡
450321,450321201,乡,普益乡
450321,450321202,乡,杨堤乡
450323,450323100,镇,灵川镇
450323,450323101,镇,大圩镇
450323,450323102,镇,定江镇
450323,450323103,镇,三街镇
450323,450323104,镇,潭下镇
450323,450323106,镇,九屋镇
450323,450323107,镇,灵田镇
450323,450323200,乡,潮田乡
450323,450323201,民族乡,大境瑶族乡
450323,450323202,乡,海洋乡
450323,450323206,民族乡,兰田瑶族乡
450323,450323207,乡,公平乡
450324,450324100,镇,全州镇
450324,450324101,镇,黄沙河镇
450324,450324102,镇,庙头镇
450324,450324103,镇,文桥镇
450324,450324104,镇,大西江镇
450324,450324105,镇,龙水镇
450324,450324106,镇,才湾镇
450324,450324107,镇,绍水镇
450324,450324108,镇,石塘镇
450324,450324109,镇,安和镇
450324,450324110,镇,两河镇
450324,450324111,镇,凤凰镇
450324,450324112,镇,咸水镇
450324,450324113,镇,枧塘镇
450324,450324114,镇,永岁镇
450324,450324204,民族乡,蕉江瑶族乡
450324,450324208,乡,白宝乡
450324,450324209,民族乡,东山瑶族乡
450325,450325100,镇,兴安镇
450325,450325101,镇,湘漓镇
450325,450325102,镇,界首镇
450325,450325103,镇,高尚镇
450325,450325104,镇,严关镇
450325,450325105,镇,溶江镇
450325,450325200,乡,漠川乡
450325,450325201,乡,白石乡
450325,450325202,乡,崔家乡
450325,450325203,民族乡,华江瑶族乡
450326,450326100,镇,永福镇
450326,450326101,镇,罗锦镇
450326,450326102,镇,百寿镇
450326,450326103,镇,苏桥镇
450326,450326104,镇,三皇镇
450326,450326105,镇,堡里镇
450326,450326202,乡,广福乡
450326,450326204,乡,永安乡
450326,450326205,乡,龙江乡
450327,450327100,镇,灌阳镇
450327,450327101,镇,黄关镇
450327,450327102,镇,文市镇
450327,450327103,镇,新街镇
450327,450327104,镇,新圩镇
450327,450327105,镇,水车镇
450327,450327200,民族乡,洞井瑶族乡
450327,450327201,乡,观音阁乡
450327,450327202,民族乡,西山瑶族乡
450328,450328100,镇,龙胜镇
450328,450328101,镇,瓢里镇
450328,450328102,镇,三门镇
450328,450328103,镇,平等镇
450328,450328104,镇,龙脊镇
450328,450328105,镇,乐江镇
450328,450328201,乡,泗水乡
450328,450328202,乡,江底乡
450328,450328203,乡,马堤乡
450328,450328204,乡,伟江乡
450329,450329101,镇,资源镇
450329,450329102,镇,梅溪镇
450329,450329103,镇,中峰镇
450329,450329203,乡,瓜里乡
450329,450329204,民族乡,车田苗族乡
450329,450329205,民族乡,两水苗族乡
450329,450329206,民族乡,河口瑶族乡
450330,450330100,镇,平乐镇
450330,450330101,镇,二塘镇
450330,450330102,镇,沙子镇
450330,450330103,镇,同安镇
450330,450330104,镇,张家镇
450330,450330105,镇,源头镇
450330,450330201,乡,阳安乡
450330,450330202,乡,青龙乡
450330,450330203,乡,桥亭乡
450330,450330205,民族乡,大发瑶族乡
450332,450332100,镇,恭城镇
450332,450332101,镇,栗木镇
450332,450332102,镇,莲花镇
450332,450332103,镇,嘉会镇
450332,450332104,镇,西岭镇
450332,450332105,镇,平安镇
450332,450332201,乡,三江乡
450332,450332204,乡,观音乡
450332,450332205,乡,龙虎乡
450381,450381100,镇,荔城镇
450381,450381101,镇,东昌镇
450381,450381102,镇,新坪镇
450381,450381103,镇,杜莫镇
450381,450381104,镇,青山镇
450381,450381105,镇,修仁镇
450381,450381106,镇,大塘镇
450381,450381107,镇,花篢镇
450381,450381108,镇,双江镇
450381,450381109,镇,马岭镇
450381,450381200,乡,龙怀乡
450381,450381201,乡,茶城乡
450381,450381202,民族乡,蒲芦瑶族乡
450403,450403002,街道,城南街道
450403,450403004,街道,城北街道
450403,450403005,街道,角嘴街道
450403,450403006,街道,东兴街道
450403,450403007,街道,富民街道
450403,450403105,镇,城东镇
450403,450403107,镇,龙湖镇
450403,450403108,镇,夏郢镇
450405,450405001,街道,大塘街道
450405,450405002,街道,兴龙街道
450405,450405003,街道,红岭街道
450405,450405101,镇,长洲镇
450405,450405102,镇,倒水镇
450406,450406100,镇,龙圩镇
450406,450406101,镇,新地镇
450406,450406102,镇,广平镇
450406,450406103,镇,大坡镇
450421,450421105,镇,岭脚镇
450421,450421108,镇,京南镇
450421,450421109,镇,狮寨镇
450421,450421112,镇,六堡镇
450421,450421113,镇,梨埠镇
450421,450421114,镇,木双镇
450421,450421115,镇,石桥镇
450421,450421116,镇,沙头镇
450421,450421117,镇,旺甫镇
450422,450422100,镇,藤州镇
450422,450422103,镇,塘步镇
450422,450422104,镇,埌南镇
450422,450422105,镇,同心镇
450422,450422106,镇,金鸡镇
450422,450422107,镇,新庆镇
450422,450422108,镇,象棋镇
450422,450422109,镇,岭景镇
450422,450422110,镇,天平镇
450422,450422111,镇,濛江镇
450422,450422112,镇,和平镇
450422,450422113,镇,太平镇
450422,450422114,镇,古龙镇
450422,450422115,镇,东荣镇
450422,450422116,镇,大黎镇
450422,450422200,乡,平福乡
450422,450422201,乡,宁康乡
450423,450423100,镇,蒙山镇
450423,450423101,镇,西河镇
450423,450423102,镇,新圩镇
450423,450423103,镇,文圩镇
450423,450423104,镇,黄村镇
450423,450423105,镇,陈塘镇
450423,450423200,乡,汉豪乡
450423,450423201,民族乡,长坪瑶族乡
450423,450423202,民族乡,夏宜瑶族乡
450481,450481100,镇,岑城镇
450481,450481102,镇,马路镇
450481,450481103,镇,南渡镇
450481,450481105,镇,水汶镇
450481,450481106,镇,大隆镇
450481,450481107,镇,梨木镇
450481,450481108,镇,大业镇
450481,450481109,镇,筋竹镇
450481,450481110,镇,诚谏镇
450481,450481111,镇,归义镇
450481,450481112,镇,糯垌镇
450481,450481113,镇,安平镇
450481,450481114,镇,三堡镇
450481,450481115,镇,波塘镇
450502,450502001,街道,中街街道
450502,450502002,街道,东街街道
450502,450502003,街道,西街街道
450502,450502004,街道,海角街道
450502,450502005,街道,地角街道
450502,450502006,街道,高德街道
450502,450502007,街道,驿马街道
450502,450502100,镇,涠洲镇
450503,450503100,镇,福成镇
450503,450503101,镇,银滩镇
450503,450503102,镇,平阳镇
450503,450503103,镇,侨港镇
450512,450512100,镇,南康镇
450512,450512101,镇,营盘镇
450512,450512102,镇,兴港镇
450521,450521100,镇,廉州镇
450521,450521101,镇,党江镇
450521,450521102,镇,西场镇
450521,450521103,镇,沙岗镇
450521,450521104,镇,乌家镇
450521,450521105,镇,闸口镇
450521,450521106,镇,公馆镇
450521,450521107,镇,白沙镇
450521,450521108,镇,山口镇
450521,450521109,镇,沙田镇
450521,450521110,镇,石湾镇
450521,450521111,镇,石康镇
450521,450521112,镇,常乐镇
450521,450521113,镇,星岛湖镇
450521,450521200,乡,曲樟乡
450602,450602001,街道,渔洲坪街道
450602,450602002,街道,白沙𬇕街道
450602,450602003,街道,沙潭江街道
450602,450602004,街道,王府街道
450602,450602100,镇,企沙镇
450602,450602101,镇,光坡镇
450603,450603001,街道,水营街道
450603,450603002,街道,珠河街道
450603,450603003,街道,文昌街道
450603,450603101,镇,大菉镇
450603,450603102,镇,华石镇
450603,450603103,镇,那梭镇
450603,450603104,镇,那良镇
450603,450603105,镇,峒中镇
450603,450603106,镇,茅岭镇
450603,450603107,镇,江山镇
450603,450603108,镇,扶隆镇
450603,450603204,乡,滩营乡
450603,450603209,民族乡,十万山瑶族乡
450621,450621100,镇,思阳镇
450621,450621101,镇,在妙镇
450621,450621102,镇,华兰镇
450621,450621103,镇,叫安镇
450621,450621203,民族乡,南屏瑶族乡
450621,450621204,乡,平福乡
450621,450621206,乡,那琴乡
450621,450621208,乡,公正乡
450681,450681100,镇,东兴镇
450681,450681101,镇,江平镇
450681,450681102,镇,马路镇
450702,450702001,街道,向阳街道
450702,450702002,街道,水东街道
450702,450702003,街道,文峰街道
450702,450702004,街道,南珠街道
450702,450702005,街道,尖山街道
450702,450702100,镇,沙埠镇
450702,450702101,镇,康熙岭镇
450702,450702102,镇,黄屋屯镇
450702,450702104,镇,大番坡镇
450702,450702105,镇,龙门港镇
450702,450702106,镇,犀牛脚镇
450702,450702107,镇,久隆镇
450702,450702108,镇,东场镇
450702,450702109,镇,那丽镇
450702,450702110,镇,那彭镇
450702,450702111,镇,那思镇
450703,450703001,街道,长田街道
450703,450703002,街道,鸿亭街道
450703,450703003,街道,子材街道
450703,450703100,镇,大垌镇
450703,450703101,镇,平吉镇
450703,450703102,镇,青塘镇
450703,450703103,镇,小董镇
450703,450703104,镇,板城镇
450703,450703106,镇,那蒙镇
450703,450703107,镇,长滩镇
450703,450703108,镇,新棠镇
450703,450703109,镇,大直镇
450703,450703110,镇,大寺镇
450703,450703111,镇,贵台镇
450721,450721001,街道,三海街道
450721,450721002,街道,灵城街道
450721,450721102,镇,新圩镇
450721,450721103,镇,丰塘镇
450721,450721104,镇,平山镇
450721,450721105,镇,石塘镇
450721,450721106,镇,佛子镇
450721,450721107,镇,平南镇
450721,450721108,镇,烟墩镇
450721,450721109,镇,檀圩镇
450721,450721110,镇,那隆镇
450721,450721111,镇,三隆镇
450721,450721112,镇,陆屋镇
450721,450721113,镇,旧州镇
450721,450721114,镇,太平镇
450721,450721115,镇,沙坪镇
450721,450721116,镇,武利镇
450721,450721117,镇,文利镇
450721,450721118,镇,伯劳镇
450722,450722001,街道,小江街道
450722,450722002,街道,江城街道
450722,450722101,镇,泉水镇
450722,450722102,镇,石埇镇
450722,450722103,镇,安石镇
450722,450722104,镇,张黄镇
450722,450722105,镇,大成镇
450722,450722106,镇,白石水镇
450722,450722107,镇,北通镇
450722,450722108,镇,三合镇
450722,450722109,镇,龙门镇
450722,450722111,镇,福旺镇
450722,450722112,镇,寨圩镇
450722,450722113,镇,乐民镇
450722,450722114,镇,六硍镇
450722,450722115,镇,平睦镇
450722,450722116,镇,官垌镇
450802,450802001,街道,贵城街道
450802,450802002,街道,港城街道
450802,450802003,街道,荷城街道
450802,450802004,街道,布山街道
450802,450802005,街道,西江街道
450802,450802101,镇,大圩镇
450802,450802102,镇,庆丰镇
450802,450802103,镇,根竹镇
450802,450802104,镇,武乐镇
450802,450802200,乡,奇石乡
450802,450802201,乡,中里乡
450803,450803001,街道,江南街道
450803,450803002,街道,八塘街道
450803,450803100,镇,桥圩镇
450803,450803101,镇,木格镇
450803,450803102,镇,木梓镇
450803,450803103,镇,湛江镇
450803,450803104,镇,东津镇
450803,450803106,镇,新塘镇
450803,450803107,镇,瓦塘镇
450804,450804001,街道,覃塘街道
450804,450804101,镇,东龙镇
450804,450804102,镇,三里镇
450804,450804103,镇,黄练镇
450804,450804104,镇,石卡镇
450804,450804105,镇,五里镇
450804,450804106,镇,樟木镇
450804,450804107,镇,蒙公镇
450804,450804200,乡,山北乡
450804,450804203,乡,大岭乡
450821,450821001,街道,平南街道
450821,450821002,街道,上渡街道
450821,450821101,镇,平山镇
450821,450821102,镇,寺面镇
450821,450821103,镇,六陈镇
450821,450821104,镇,大新镇
450821,450821105,镇,大安镇
450821,450821106,镇,武林镇
450821,450821107,镇,大坡镇
450821,450821108,镇,大洲镇
450821,450821109,镇,镇隆镇
450821,450821112,镇,安怀镇
450821,450821113,镇,丹竹镇
450821,450821114,镇,官成镇
450821,450821115,镇,思旺镇
450821,450821116,镇,大鹏镇
450821,450821117,镇,同和镇
450821,450821118,镇,东华镇
450821,450821202,乡,思界乡
450821,450821203,民族乡,国安瑶族乡
450821,450821204,民族乡,马练瑶族乡
450881,450881100,镇,西山镇
450881,450881101,镇,木乐镇
450881,450881102,镇,木圭镇
450881,450881103,镇,石咀镇
450881,450881104,镇,油麻镇
450881,450881105,镇,社坡镇
450881,450881106,镇,罗秀镇
450881,450881107,镇,麻垌镇
450881,450881108,镇,社步镇
450881,450881109,镇,下湾镇
450881,450881110,镇,木根镇
450881,450881111,镇,中沙镇
450881,450881113,镇,大洋镇
450881,450881114,镇,大湾镇
450881,450881115,镇,白沙镇
450881,450881116,镇,石龙镇
450881,450881117,镇,蒙圩镇
450881,450881118,镇,紫荆镇
450881,450881119,镇,南木镇
450881,450881120,镇,江口镇
450881,450881121,镇,金田镇
450881,450881200,乡,马皮乡
450881,450881201,乡,垌心乡
450881,450881202,乡,寻旺乡
450881,450881203,乡,罗播乡
450881,450881204,乡,厚禄乡
450902,450902001,街道,玉城街道
450902,450902002,街道,南江街道
450902,450902003,街道,城西街道
450902,450902004,街道,城北街道
450902,450902005,街道,名山街道
450902,450902101,镇,茂林镇
450902,450902102,镇,仁东镇
450902,450902103,镇,仁厚镇
450902,450902104,镇,大塘镇
450903,450903100,镇,福绵镇
450903,450903101,镇,成均镇
450903,450903102,镇,樟木镇
450903,450903103,镇,新桥镇
450903,450903104,镇,沙田镇
450903,450903105,镇,石和镇
450921,450921100,镇,容州镇
450921,450921102,镇,杨梅镇
450921,450921103,镇,灵山镇
450921,450921104,镇,六王镇
450921,450921105,镇,黎村镇
450921,450921106,镇,杨村镇
450921,450921107,镇,县底镇
450921,450921108,镇,自良镇
450921,450921109,镇,松山镇
450921,450921110,镇,罗江镇
450921,450921111,镇,石头镇
450921,450921112,镇,石寨镇
450921,450921113,镇,十里镇
450921,450921114,镇,容西镇
450921,450921115,镇,浪水镇
450922,450922101,镇,温泉镇
450922,450922102,镇,米场镇
450922,450922103,镇,马坡镇
450922,450922104,镇,珊罗镇
450922,450922105,镇,平乐镇
450922,450922106,镇,沙坡镇
450922,450922107,镇,大桥镇
450922,450922108,镇,乌石镇
450922,450922109,镇,良田镇
450922,450922110,镇,清湖镇
450922,450922111,镇,古城镇
450922,450922112,镇,横山镇
450922,450922113,镇,滩面镇
450922,450922114,镇,沙湖镇
450923,450923100,镇,博白镇
450923,450923101,镇,径口镇
450923,450923102,镇,双凤镇
450923,450923105,镇,顿谷镇
450923,450923106,镇,水鸣镇
450923,450923107,镇,那林镇
450923,450923108,镇,江宁镇
450923,450923109,镇,三滩镇
450923,450923110,镇,黄凌镇
450923,450923111,镇,亚山镇
450923,450923112,镇,旺茂镇
450923,450923114,镇,东平镇
450923,450923115,镇,沙河镇
450923,450923116,镇,菱角镇
450923,450923117,镇,新田镇
450923,450923118,镇,凤山镇
450923,450923119,镇,宁潭镇
450923,450923120,镇,文地镇
450923,450923121,镇,英桥镇
450923,450923122,镇,那卜镇
450923,450923123,镇,大垌镇
450923,450923124,镇,沙陂镇
450923,450923125,镇,双旺镇
450923,450923126,镇,松旺镇
450923,450923127,镇,龙潭镇
450923,450923128,镇,大坝镇
450923,450923129,镇,永安镇
450923,450923130,镇,浪平镇
450924,450924100,镇,石南镇
450924,450924101,镇,大平山镇
450924,450924102,镇,葵阳镇
450924,450924103,镇,城隍镇
450924,450924104,镇,山心镇
450924,450924105,镇,沙塘镇
450924,450924106,镇,蒲塘镇
450924,450924107,镇,北市镇
450924,450924108,镇,龙安镇
450924,450924109,镇,高峰镇
450924,450924110,镇,小平山镇
450924,450924111,镇,卖酒镇
450924,450924124,镇,洛阳镇
450981,450981001,街道,陵城街道
450981,450981002,街道,城南街道
450981,450981003,街道,城北街道
450981,450981100,镇,北流镇
450981,450981101,镇,新荣镇
450981,450981102,镇,民安镇
450981,450981103,镇,山围镇
450981,450981104,镇,民乐镇
450981,450981105,镇,西埌镇
450981,450981106,镇,新圩镇
450981,450981107,镇,大里镇
450981,450981108,镇,塘岸镇
450981,450981109,镇,清水口镇
450981,450981110,镇,隆盛镇
450981,450981111,镇,大坡外镇
450981,450981112,镇,六麻镇
450981,450981113,镇,新丰镇
450981,450981114,镇,沙垌镇
450981,450981115,镇,平政镇
450981,450981116,镇,白马镇
450981,450981117,镇,大伦镇
450981,450981118,镇,扶新镇
450981,450981119,镇,六靖镇
450981,450981120,镇,石窝镇
450981,450981122,镇,清湾镇
451002,451002001,街道,百城街道
451002,451002002,街道,龙景街道
451002,451002101,镇,阳圩镇
451002,451002102,镇,四塘镇
451002,451002103,镇,龙川镇
451002,451002104,镇,永乐镇
451002,451002202,民族乡,汪甸瑶族乡
451002,451002204,乡,大楞乡
451002,451002206,乡,泮水乡
451003,451003100,镇,田州镇
451003,451003101,镇,那坡镇
451003,451003102,镇,坡洪镇
451003,451003103,镇,那满镇
451003,451003104,镇,百育镇
451003,451003105,镇,玉凤镇
451003,451003106,镇,头塘镇
451003,451003107,镇,五村镇
451003,451003108,镇,洞靖镇
451003,451003204,乡,巴别乡
451022,451022100,镇,平马镇
451022,451022101,镇,祥周镇
451022,451022103,镇,林逢镇
451022,451022105,镇,思林镇
451022,451022106,镇,印茶镇
451022,451022107,镇,江城镇
451022,451022108,镇,朔良镇
451022,451022109,镇,义圩镇
451022,451022110,镇,那拔镇
451022,451022201,民族乡,作登瑶族乡
451024,451024100,镇,城关镇
451024,451024101,镇,隆桑镇
451024,451024102,镇,敬德镇
451024,451024103,镇,足荣镇
451024,451024122,镇,马隘镇
451024,451024123,镇,东凌镇
451024,451024124,镇,那甲镇
451024,451024201,乡,都安乡
451024,451024205,乡,荣华乡
451024,451024207,乡,燕峒乡
451024,451024208,乡,龙光乡
451024,451024210,乡,巴头乡
451026,451026100,镇,城厢镇
451026,451026101,镇,平孟镇
451026,451026102,镇,龙合镇
451026,451026200,乡,坡荷乡
451026,451026203,乡,德隆乡
451026,451026204,乡,百合乡
451026,451026205,乡,百南乡
451026,451026207,乡,百省乡
451026,451026208,乡,百都乡
451027,451027100,镇,泗城镇
451027,451027101,镇,逻楼镇
451027,451027102,镇,加尤镇
451027,451027103,镇,下甲镇
451027,451027201,民族乡,伶站瑶族乡
451027,451027202,民族乡,朝里瑶族乡
451027,451027203,民族乡,沙里瑶族乡
451027,451027205,民族乡,玉洪瑶族乡
451028,451028100,镇,同乐镇
451028,451028101,镇,甘田镇
451028,451028102,镇,新化镇
451028,451028103,镇,花坪镇
451028,451028201,乡,逻沙乡
451028,451028203,乡,逻西乡
451028,451028204,乡,幼平乡
451028,451028205,乡,雅长乡
451029,451029100,镇,乐里镇
451029,451029101,镇,旧州镇
451029,451029102,镇,定安镇
451029,451029103,镇,六隆镇
451029,451029104,镇,浪平镇
451029,451029200,民族乡,潞城瑶族乡
451029,451029202,民族乡,利周瑶族乡
451029,451029203,乡,平塘乡
451029,451029206,民族乡,八桂瑶族乡
451029,451029208,民族乡,八渡瑶族乡
451029,451029210,乡,那比乡
451029,451029211,乡,高龙乡
451029,451029213,乡,百乐乡
451029,451029215,乡,者苗乡
451030,451030100,镇,八达镇
451030,451030101,镇,古障镇
451030,451030102,镇,那劳镇
451030,451030103,镇,马蚌镇
451030,451030203,民族乡,普合苗族乡
451030,451030204,乡,西平乡
451030,451030206,民族乡,那佐苗族乡
451030,451030208,民族乡,足别瑶族苗族乡
451031,451031100,镇,新州镇
451031,451031101,镇,桠杈镇
451031,451031102,镇,天生桥镇
451031,451031103,镇,平班镇
451031,451031104,镇,德峨镇
451031,451031105,镇,隆或镇
451031,451031200,乡,沙梨乡
451031,451031203,乡,者保乡
451031,451031204,乡,者浪乡
451031,451031205,乡,革步乡
451031,451031206,乡,金钟山乡
451031,451031208,乡,猪场乡
451031,451031210,乡,蛇场乡
451031,451031211,乡,克长乡
451031,451031213,乡,岩茶乡
451031,451031215,乡,介廷乡
451081,451081100,镇,新靖镇
451081,451081101,镇,化峒镇
451081,451081102,镇,湖润镇
451081,451081103,镇,安德镇
451081,451081104,镇,龙临镇
451081,451081105,镇,渠洋镇
451081,451081106,镇,岳圩镇
451081,451081107,镇,龙邦镇
451081,451081108,镇,武平镇
451081,451081109,镇,禄峒镇
451081,451081110,镇,地州镇
451081,451081200,乡,同德乡
451081,451081201,乡,壬庄乡
451081,451081202,乡,安宁乡
451081,451081206,乡,南坡乡
451081,451081207,乡,吞盘乡
451081,451081209,乡,果乐乡
451081,451081210,乡,新甲乡
451081,451081215,乡,魁圩乡
451082,451082100,镇,马头镇
451082,451082101,镇,新安镇
451082,451082102,镇,果化镇
451082,451082103,镇,太平镇
451082,451082104,镇,坡造镇
451082,451082105,镇,四塘镇
451082,451082106,镇,旧城镇
451082,451082107,镇,榜圩镇
451082,451082108,镇,凤梧镇
451082,451082202,乡,海城乡
451082,451082205,乡,黎明乡
451082,451082206,乡,同老乡
451102,451102001,街道,八步街道
451102,451102002,街道,城东街道
451102,451102003,街道,江南街道
451102,451102101,镇,贺街镇
451102,451102102,镇,步头镇
451102,451102103,镇,莲塘镇
451102,451102104,镇,大宁镇
451102,451102105,镇,南乡镇
451102,451102106,镇,桂岭镇
451102,451102107,镇,开山镇
451102,451102109,镇,里松镇
451102,451102114,镇,信都镇
451102,451102115,镇,灵峰镇
451102,451102116,镇,仁义镇
451102,451102117,镇,铺门镇
451102,451102200,民族乡,黄洞瑶族乡
451103,451103001,街道,西湾街道
451103,451103100,镇,黄田镇
451103,451103101,镇,鹅塘镇
451103,451103102,镇,沙田镇
451103,451103103,镇,公会镇
451103,451103104,镇,水口镇
451103,451103105,镇,望高镇
451103,451103106,镇,羊头镇
451103,451103200,民族乡,大平瑶族乡
451121,451121100,镇,昭平镇
451121,451121101,镇,文竹镇
451121,451121102,镇,黄姚镇
451121,451121103,镇,富罗镇
451121,451121104,镇,北陀镇
451121,451121105,镇,马江镇
451121,451121107,镇,五将镇
451121,451121108,镇,走马镇
451121,451121109,镇,樟木林镇
451121,451121201,民族乡,仙回瑶族乡
451121,451121206,乡,凤凰乡
451121,451121208,乡,木格乡
451122,451122100,镇,钟山镇
451122,451122105,镇,回龙镇
451122,451122106,镇,石龙镇
451122,451122107,镇,凤翔镇
451122,451122108,镇,珊瑚镇
451122,451122109,镇,同古镇
451122,451122110,镇,公安镇
451122,451122112,镇,清塘镇
451122,451122113,镇,燕塘镇
451122,451122114,镇,红花镇
451122,451122200,民族乡,花山瑶族乡
451122,451122201,民族乡,两安瑶族乡
451123,451123100,镇,富阳镇
451123,451123101,镇,白沙镇
451123,451123102,镇,莲山镇
451123,451123103,镇,古城镇
451123,451123104,镇,福利镇
451123,451123105,镇,麦岭镇
451123,451123106,镇,葛坡镇
451123,451123107,镇,城北镇
451123,451123108,镇,朝东镇
451123,451123200,乡,新华乡
451123,451123201,乡,石家乡
451123,451123203,乡,柳家乡
451202,451202001,街道,金城江街道
451202,451202101,镇,东江镇
451202,451202102,镇,六圩镇
451202,451202103,镇,六甲镇
451202,451202104,镇,河池镇
451202,451202105,镇,拔贡镇
451202,451202106,镇,九圩镇
451202,451202107,镇,五圩镇
451202,451202200,乡,白土乡
451202,451202203,乡,侧岭乡
451202,451202204,乡,保平乡
451202,451202205,乡,长老乡
451203,451203100,镇,庆远镇
451203,451203101,镇,三岔镇
451203,451203102,镇,洛西镇
451203,451203103,镇,怀远镇
451203,451203104,镇,德胜镇
451203,451203105,镇,石别镇
451203,451203106,镇,北山镇
451203,451203107,镇,洛东镇
451203,451203108,镇,刘三姐镇
451203,451203200,乡,祥贝乡
451203,451203203,乡,屏南乡
451203,451203207,民族乡,福龙瑶族乡
451203,451203208,民族乡,北牙瑶族乡
451203,451203210,乡,同德乡
451203,451203211,乡,安马乡
451203,451203213,乡,龙头乡
451221,451221100,镇,城关镇
451221,451221101,镇,大厂镇
451221,451221102,镇,车河镇
451221,451221103,镇,芒场镇
451221,451221104,镇,六寨镇
451221,451221105,镇,月里镇
451221,451221106,镇,吾隘镇
451221,451221107,镇,罗富镇
451221,451221202,民族乡,中堡苗族乡
451221,451221203,民族乡,八圩瑶族乡
451221,451221204,民族乡,里湖瑶族乡
451222,451222100,镇,六排镇
451222,451222101,镇,向阳镇
451222,451222200,乡,岜暮乡
451222,451222201,民族乡,八腊瑶族乡
451222,451222203,乡,纳直乡
451222,451222204,乡,更新乡
451222,451222206,乡,下老乡
451222,451222207,乡,坡结乡
451222,451222208,乡,三堡乡
451223,451223001,街道,思源街道
451223,451223100,镇,凤城镇
451223,451223101,镇,长洲镇
451223,451223102,镇,三门海镇
451223,451223201,乡,砦牙乡
451223,451223203,乡,乔音乡
451223,451223205,民族乡,金牙瑶族乡
451223,451223207,乡,中亭乡
451223,451223208,民族乡,平乐瑶族乡
451223,451223209,民族乡,江洲瑶族乡
451224,451224100,镇,东兰镇
451224,451224101,镇,隘洞镇
451224,451224102,镇,长乐镇
451224,451224103,镇,三石镇
451224,451224104,镇,武篆镇
451224,451224105,镇,长江镇
451224,451224200,乡,泗孟乡
451224,451224201,乡,兰木乡
451224,451224203,乡,巴畴乡
451224,451224204,乡,金谷乡
451224,451224205,民族乡,三弄瑶族乡
451224,451224206,乡,大同乡
451224,451224207,乡,花香乡
451224,451224208,乡,切学乡
451225,451225100,镇,东门镇
451225,451225101,镇,龙岸镇
451225,451225102,镇,黄金镇
451225,451225103,镇,小长安镇
451225,451225105,镇,四把镇
451225,451225106,镇,天河镇
451225,451225107,镇,怀群镇
451225,451225200,乡,宝坛乡
451225,451225202,乡,乔善乡
451225,451225203,乡,纳翁乡
451225,451225204,乡,兼爱乡
451226,451226001,街道,城西街道
451226,451226100,镇,思恩镇
451226,451226101,镇,水源镇
451226,451226102,镇,洛阳镇
451226,451226103,镇,川山镇
451226,451226104,镇,明伦镇
451226,451226105,镇,东兴镇
451226,451226200,乡,大才乡
451226,451226202,乡,下南乡
451226,451226204,乡,大安乡
451226,451226205,乡,长美乡
451226,451226206,乡,龙岩乡
451226,451226207,民族乡,驯乐苗族乡
451227,451227100,镇,巴马镇
451227,451227101,镇,甲篆镇
451227,451227102,镇,燕洞镇
451227,451227202,乡,那社乡
451227,451227203,乡,所略乡
451227,451227205,乡,西山乡
451227,451227207,乡,东山乡
451227,451227208,乡,凤凰乡
451227,451227209,乡,百林乡
451227,451227210,乡,那桃乡
451228,451228100,镇,安阳镇
451228,451228101,镇,高岭镇
451228,451228102,镇,地苏镇
451228,451228103,镇,下坳镇
451228,451228104,镇,拉烈镇
451228,451228105,镇,百旺镇
451228,451228106,镇,澄江镇
451228,451228107,镇,大兴镇
451228,451228108,镇,拉仁镇
451228,451228109,镇,永安镇
451228,451228204,乡,东庙乡
451228,451228208,乡,隆福乡
451228,451228209,乡,保安乡
451228,451228210,乡,板岭乡
451228,451228212,乡,三只羊乡
451228,451228213,乡,龙湾乡
451228,451228214,乡,菁盛乡
451228,451228217,乡,加贵乡
451228,451228219,乡,九渡乡
451229,451229100,镇,大化镇
451229,451229101,镇,都阳镇
451229,451229102,镇,岩滩镇
451229,451229103,镇,北景镇
451229,451229200,乡,共和乡
451229,451229201,乡,贡川乡
451229,451229202,乡,百马乡
451229,451229203,乡,古河乡
451229,451229204,乡,古文乡
451229,451229205,乡,江南乡
451229,451229206,乡,羌圩乡
451229,451229207,乡,乙圩乡
451229,451229210,乡,板升乡
451229,451229211,乡,七百弄乡
451229,451229213,乡,雅龙乡
451229,451229214,乡,六也乡
451302,451302001,街道,城北街道
451302,451302002,街道,城东街道
451302,451302003,街道,河西街道
451302,451302004,街道,来华街道
451302,451302101,镇,凤凰镇
451302,451302102,镇,良江镇
451302,451302103,镇,小平阳镇
451302,451302104,镇,迁江镇
451302,451302105,镇,石陵镇
451302,451302106,镇,平阳镇
451302,451302107,镇,蒙村镇
451302,451302108,镇,大湾镇
451302,451302109,镇,桥巩镇
451302,451302110,镇,寺山镇
451302,451302111,镇,城厢镇
451302,451302112,镇,三五镇
451302,451302113,镇,陶邓镇
451302,451302114,镇,石牙镇
451302,451302115,镇,五山镇
451302,451302116,镇,良塘镇
451302,451302206,乡,七洞乡
451302,451302213,乡,南泗乡
451302,451302214,乡,高安乡
451302,451302216,乡,正龙乡
451321,451321100,镇,城关镇
451321,451321101,镇,大塘镇
451321,451321102,镇,思练镇
451321,451321103,镇,红渡镇
451321,451321104,镇,古蓬镇
451321,451321105,镇,果遂镇
451321,451321201,乡,马泗乡
451321,451321202,乡,欧洞乡
451321,451321203,乡,安东乡
451321,451321205,乡,新圩乡
451321,451321206,乡,遂意乡
451321,451321207,乡,北更乡
451322,451322100,镇,象州镇
451322,451322101,镇,石龙镇
451322,451322102,镇,运江镇
451322,451322103,镇,寺村镇
451322,451322104,镇,中平镇
451322,451322105,镇,罗秀镇
451322,451322106,镇,大乐镇
451322,451322107,镇,马坪镇
451322,451322201,乡,妙皇乡
451322,451322202,乡,百丈乡
451322,451322203,乡,水晶乡
451323,451323100,镇,武宣镇
451323,451323101,镇,桐岭镇
451323,451323102,镇,通挽镇
451323,451323103,镇,东乡镇
451323,451323104,镇,三里镇
451323,451323105,镇,二塘镇
451323,451323106,镇,黄茆镇
451323,451323107,镇,禄新镇
451323,451323108,镇,思灵镇
451323,451323205,乡,金鸡乡
451324,451324100,镇,金秀镇
451324,451324101,镇,桐木镇
451324,451324102,镇,头排镇
451324,451324200,乡,三角乡
451324,451324201,乡,忠良乡
451324,451324202,乡,罗香乡
451324,451324203,乡,长垌乡
451324,451324204,乡,大樟乡
451324,451324205,乡,六巷乡
451324,451324207,乡,三江乡
451381,451381100,镇,岭南镇
451381,451381101,镇,北泗镇
451381,451381102,镇,河里镇
451402,451402001,街道,太平街道
451402,451402002,街道,江南街道
451402,451402003,街道,石景林街道
451402,451402101,镇,新和镇
451402,451402102,镇,濑湍镇
451402,451402103,镇,江州镇
451402,451402104,镇,左州镇
451402,451402105,镇,那隆镇
451402,451402106,镇,驮卢镇
451402,451402201,乡,罗白乡
451402,451402202,乡,板利乡
451421,451421100,镇,新宁镇
451421,451421101,镇,渠黎镇
451421,451421102,镇,渠旧镇
451421,451421103,镇,柳桥镇
451421,451421104,镇,东门镇
451421,451421105,镇,山圩镇
451421,451421106,镇,中东镇
451421,451421107,镇,东罗镇
451421,451421201,乡,龙头乡
451421,451421202,乡,岜盆乡
451421,451421203,乡,昌平乡
451422,451422100,镇,城中镇
451422,451422101,镇,爱店镇
451422,451422102,镇,明江镇
451422,451422103,镇,海渊镇
451422,451422104,镇,那堪镇
451422,451422105,镇,桐棉镇
451422,451422106,镇,亭亮镇
451422,451422202,乡,寨安乡
451422,451422203,乡,峙浪乡
451422,451422204,乡,东安乡
451422,451422205,乡,板棍乡
451422,451422206,乡,北江乡
451422,451422209,乡,那楠乡
451423,451423100,镇,龙州镇
451423,451423101,镇,下冻镇
451423,451423102,镇,水口镇
451423,451423103,镇,金龙镇
451423,451423104,镇,响水镇
451423,451423201,乡,八角乡
451423,451423202,乡,上降乡
451423,451423203,乡,彬桥乡
451423,451423204,乡,上龙乡
451423,451423205,乡,武德乡
451423,451423206,乡,逐卜乡
451423,451423207,乡,上金乡
451424,451424100,镇,桃城镇
451424,451424101,镇,全茗镇
451424,451424102,镇,雷平镇
451424,451424103,镇,硕龙镇
451424,451424104,镇,下雷镇
451424,451424200,乡,五山乡
451424,451424201,乡,龙门乡
451424,451424202,乡,昌明乡
451424,451424203,乡,福隆乡
451424,451424204,乡,那岭乡
451424,451424205,乡,恩城乡
451424,451424206,乡,榄圩乡
451424,451424207,乡,宝圩乡
451424,451424208,乡,堪圩乡
451425,451425100,镇,天等镇
451425,451425101,镇,龙茗镇
451425,451425102,镇,进结镇
451425,451425103,镇,向都镇
451425,451425104,镇,东平镇
451425,451425105,镇,福新镇
451425,451425200,乡,都康乡
451425,451425201,乡,宁干乡
451425,451425202,乡,驮堪乡
451425,451425205,乡,进远乡
451425,451425206,乡,上映乡
451425,451425207,乡,把荷乡
451425,451425208,乡,小山乡
451481,451481100,镇,凭祥镇
451481,451481101,镇,友谊镇
451481,451481102,镇,上石镇
451481,451481103,镇,夏石镇
460105,460105001,街道,秀英街道
460105,460105002,街道,海秀街道
460105,460105100,镇,长流镇
460105,460105101,镇,西秀镇
460105,460105102,镇,海秀镇
460105,460105103,镇,石山镇
460105,460105104,镇,永兴镇
460105,460105105,镇,东山镇
460106,460106001,街道,中山街道
460106,460106002,街道,滨海街道
460106,460106003,街道,金贸街道
460106,460106004,街道,大同街道
460106,460106005,街道,海垦街道
460106,460106006,街道,金宇街道
460106,460106100,镇,城西镇
460106,460106101,镇,龙桥镇
460106,460106102,镇,新坡镇
460106,460106103,镇,遵谭镇
460106,460106104,镇,龙泉镇
460107,460107001,街道,国兴街道
460107,460107002,街道,府城街道
460107,460107003,街道,滨江街道
460107,460107004,街道,凤翔街道
460107,460107101,镇,龙塘镇
460107,460107102,镇,云龙镇
460107,460107103,镇,红旗镇
460107,460107104,镇,三门坡镇
460107,460107105,镇,大坡镇
460107,460107106,镇,甲子镇
460107,460107107,镇,旧州镇
460108,460108001,街道,海府路街道
460108,460108002,街道,蓝天街道
460108,460108003,街道,博爱街道
460108,460108004,街道,海甸街道
460108,460108005,街道,人民路街道
460108,460108006,街道,白龙街道
460108,460108007,街道,和平南街道
460108,460108008,街道,白沙街道
460108,460108009,街道,新埠街道
460108,460108101,镇,灵山镇
460108,460108102,镇,演丰镇
460108,460108103,镇,三江镇
460108,460108104,镇,大致坡镇
460400,460400001,街道,三都街道
460400,460400100,镇,那大镇
460400,460400101,镇,和庆镇
460400,460400102,镇,南丰镇
460400,460400103,镇,大成镇
460400,460400104,镇,雅星镇
460400,460400105,镇,兰洋镇
460400,460400106,镇,光村镇
460400,460400107,镇,木棠镇
460400,460400108,镇,海头镇
460400,460400109,镇,峨蔓镇
460400,460400111,镇,王五镇
460400,460400112,镇,白马井镇
460400,460400113,镇,中和镇
460400,460400114,镇,排浦镇
460400,460400115,镇,东成镇
460400,460400116,镇,新州镇
469001,469001100,镇,通什镇
469001,469001101,镇,南圣镇
469001,469001102,镇,毛阳镇
469001,469001103,镇,番阳镇
469001,469001200,乡,畅好乡
469001,469001201,乡,毛道乡
469001,469001202,乡,水满乡
469002,469002100,镇,嘉积镇
469002,469002101,镇,万泉镇
469002,469002102,镇,石壁镇
469002,469002103,镇,中原镇
469002,469002104,镇,博鳌镇
469002,469002105,镇,阳江镇
469002,469002106,镇,龙江镇
469002,469002107,镇,潭门镇
469002,469002108,镇,塔洋镇
469002,469002109,镇,长坡镇
469002,469002110,镇,大路镇
469002,469002111,镇,会山镇
469005,469005100,镇,文城镇
469005,469005101,镇,重兴镇
469005,469005102,镇,蓬莱镇
469005,469005103,镇,会文镇
469005,469005104,镇,东路镇
469005,469005105,镇,潭牛镇
469005,469005106,镇,东阁镇
469005,469005107,镇,文教镇
469005,469005108,镇,东郊镇
469005,469005109,镇,龙楼镇
469005,469005110,镇,昌洒镇
469005,469005111,镇,翁田镇
469005,469005112,镇,抱罗镇
469005,469005113,镇,冯坡镇
469005,469005114,镇,锦山镇
469005,469005115,镇,铺前镇
469005,469005116,镇,公坡镇
469006,469006100,镇,万城镇
469006,469006101,镇,龙滚镇
469006,469006102,镇,和乐镇
469006,469006103,镇,后安镇
469006,469006104,镇,大茂镇
469006,469006105,镇,东澳镇
469006,469006106,镇,礼纪镇
469006,469006107,镇,长丰镇
469006,469006108,镇,山根镇
469006,469006109,镇,北大镇
469006,469006110,镇,南桥镇
469006,469006111,镇,三更罗镇
469007,469007100,镇,八所镇
469007,469007101,镇,东河镇
469007,469007102,镇,大田镇
469007,469007103,镇,感城镇
469007,469007104,镇,板桥镇
469007,469007105,镇,三家镇
469007,469007106,镇,四更镇
469007,469007107,镇,新龙镇
469007,469007200,乡,天安乡
469007,469007201,乡,江边乡
469021,469021100,镇,定城镇
469021,469021101,镇,新竹镇
469021,469021102,镇,龙湖镇
469021,469021103,镇,黄竹镇
469021,469021104,镇,雷鸣镇
469021,469021105,镇,龙门镇
469021,469021106,镇,龙河镇
469021,469021107,镇,岭口镇
469021,469021108,镇,翰林镇
469021,469021109,镇,富文镇
469022,469022100,镇,屯城镇
469022,469022101,镇,新兴镇
469022,469022102,镇,枫木镇
469022,469022103,镇,乌坡镇
469022,469022104,镇,南吕镇
469022,469022105,镇,南坤镇
469022,469022106,镇,坡心镇
469022,469022107,镇,西昌镇
469023,469023100,镇,金江镇
469023,469023101,镇,老城镇
469023,469023102,镇,瑞溪镇
469023,469023103,镇,永发镇
469023,469023104,镇,加乐镇
469023,469023105,镇,文儒镇
469023,469023106,镇,中兴镇
469023,469023107,镇,仁兴镇
469023,469023108,镇,福山镇
469023,469023109,镇,桥头镇
469023,469023110,镇,大丰镇
469024,469024100,镇,临城镇
469024,469024101,镇,波莲镇
469024,469024102,镇,东英镇
469024,469024103,镇,博厚镇
469024,469024104,镇,皇桐镇
469024,469024105,镇,多文镇
469024,469024106,镇,和舍镇
469024,469024107,镇,南宝镇
469024,469024108,镇,新盈镇
469024,469024109,镇,调楼镇
469024,469024110,镇,加来镇
469025,469025100,镇,牙叉镇
469025,469025101,镇,七坊镇
469025,469025102,镇,邦溪镇
469025,469025103,镇,打安镇
469025,469025200,乡,细水乡
469025,469025201,乡,元门乡
469025,469025202,乡,南开乡
469025,469025203,乡,阜龙乡
469025,469025204,乡,青松乡
469025,469025205,乡,金波乡
469025,469025206,乡,荣邦乡
469026,469026100,镇,石碌镇
469026,469026101,镇,叉河镇
469026,469026102,镇,十月田镇
469026,469026103,镇,乌烈镇
469026,469026104,镇,昌化镇
469026,469026105,镇,海尾镇
469026,469026106,镇,七叉镇
469026,469026200,乡,王下乡
469027,469027100,镇,抱由镇
469027,469027101,镇,万冲镇
469027,469027102,镇,大安镇
469027,469027103,镇,志仲镇
469027,469027104,镇,千家镇
469027,469027105,镇,九所镇
469027,469027106,镇,利国镇
469027,469027107,镇,黄流镇
469027,469027108,镇,佛罗镇
469027,469027109,镇,尖峰镇
469027,469027110,镇,莺歌海镇
469028,469028100,镇,椰林镇
469028,469028101,镇,光坡镇
469028,469028102,镇,三才镇
469028,469028103,镇,英州镇
469028,469028104,镇,隆广镇
469028,469028105,镇,文罗镇
469028,469028106,镇,本号镇
469028,469028107,镇,新村镇
469028,469028108,镇,黎安镇
469028,469028200,乡,提蒙乡
469028,469028201,乡,群英乡
469029,469029100,镇,保城镇
469029,469029101,镇,什玲镇
469029,469029102,镇,加茂镇
469029,469029103,镇,响水镇
469029,469029104,镇,新政镇
469029,469029105,镇,三道镇
469029,469029200,乡,六弓乡
469029,469029201,乡,南林乡
469029,469029202,乡,毛感乡
469030,469030100,镇,营根镇
469030,469030101,镇,湾岭镇
469030,469030102,镇,黎母山镇
469030,469030103,镇,和平镇
469030,469030104,镇,长征镇
469030,469030105,镇,红毛镇
469030,469030106,镇,中平镇
469030,469030200,乡,吊罗山乡
469030,469030201,乡,上安乡
469030,469030202,乡,什运乡
500101,500101001,街道,高笋塘街道
500101,500101002,街道,太白街道
500101,500101003,街道,牌楼街道
500101,500101004,街道,双河口街道
500101,500101005,街道,龙都街道
500101,500101006,街道,周家坝街道
500101,500101007,街道,沙河街道
500101,500101008,街道,钟鼓楼街道
500101,500101009,街道,百安坝街道
500101,500101010,街道,五桥街道
500101,500101011,街道,陈家坝街道
500101,500101012,街道,高峰街道
500101,500101013,街道,天城街道
500101,500101014,街道,九池街道
500101,500101102,镇,龙沙镇
500101,500101103,镇,响水镇
500101,500101104,镇,武陵镇
500101,500101105,镇,瀼渡镇
500101,500101106,镇,甘宁镇
500101,500101108,镇,熊家镇
500101,500101109,镇,小周镇
500101,500101110,镇,大周镇
500101,500101111,镇,高梁镇
500101,500101112,镇,李河镇
500101,500101113,镇,分水镇
500101,500101114,镇,孙家镇
500101,500101115,镇,余家镇
500101,500101116,镇,后山镇
500101,500101117,镇,弹子镇
500101,500101118,镇,长岭镇
500101,500101119,镇,新田镇
500101,500101120,镇,新乡镇
500101,500101121,镇,走马镇
500101,500101122,镇,罗田镇
500101,500101123,镇,龙驹镇
500101,500101124,镇,白土镇
500101,500101125,镇,长滩镇
500101,500101126,镇,太安镇
500101,500101127,镇,白羊镇
500101,500101128,镇,太龙镇
500101,500101129,镇,郭村镇
500101,500101201,乡,柱山乡
500101,500101203,乡,铁峰乡
500101,500101204,乡,茨竹乡
500101,500101205,乡,溪口乡
500101,500101206,乡,长坪乡
500101,500101207,乡,燕山乡
500101,500101208,乡,梨树乡
500101,500101209,民族乡,恒合土家族乡
500101,500101210,乡,普子乡
500101,500101211,民族乡,地宝土家族乡
500101,500101212,乡,黄柏乡
500102,500102001,街道,敦仁街道
500102,500102002,街道,崇义街道
500102,500102003,街道,荔枝街道
500102,500102004,街道,江北街道
500102,500102005,街道,江东街道
500102,500102006,街道,李渡街道
500102,500102007,街道,龙桥街道
500102,500102008,街道,白涛街道
500102,500102009,街道,马鞍街道
500102,500102010,街道,蔺市街道
500102,500102011,街道,义和街道
500102,500102100,镇,百胜镇
500102,500102101,镇,珍溪镇
500102,500102102,镇,清溪镇
500102,500102103,镇,南沱镇
500102,500102104,镇,焦石镇
500102,500102106,镇,马武镇
500102,500102107,镇,青羊镇
500102,500102108,镇,龙潭镇
500102,500102112,镇,新妙镇
500102,500102113,镇,石沱镇
500102,500102116,镇,同乐镇
500102,500102117,镇,大顺镇
500102,500102118,镇,增福镇
500102,500102119,镇,罗云镇
500102,500102128,镇,大木镇
500102,500102129,镇,武陵山镇
500103,500103001,街道,七星岗街道
500103,500103003,街道,解放碑街道
500103,500103004,街道,两路口街道
500103,500103005,街道,上清寺街道
500103,500103007,街道,菜园坝街道
500103,500103008,街道,南纪门街道
500103,500103010,街道,朝天门街道
500103,500103011,街道,大溪沟街道
500103,500103012,街道,大坪街道
500103,500103013,街道,化龙桥街道
500103,500103014,街道,石油路街道
500104,500104001,街道,新山村街道
500104,500104002,街道,跃进村街道
500104,500104003,街道,九宫庙街道
500104,500104004,街道,茄子溪街道
500104,500104005,街道,春晖路街道
500104,500104101,镇,八桥镇
500104,500104102,镇,建胜镇
500104,500104103,镇,跳磴镇
500106,500106001,街道,小龙坎街道
500106,500106002,街道,沙坪坝街道
500106,500106003,街道,渝碚路街道
500106,500106004,街道,磁器口街道
500106,500106005,街道,童家桥街道
500106,500106006,街道,石井坡街道
500106,500106007,街道,双碑街道
500106,500106008,街道,井口街道
500106,500106009,街道,歌乐山街道
500106,500106010,街道,山洞街道
500106,500106011,街道,新桥街道
500106,500106012,街道,天星桥街道
500106,500106013,街道,土湾街道
500106,500106014,街道,覃家岗街道
500106,500106015,街道,陈家桥街道
500106,500106016,街道,虎溪街道
500106,500106017,街道,西永街道
500106,500106018,街道,联芳街道
500106,500106019,街道,丰文街道
500106,500106020,街道,香炉山街道
500106,500106021,街道,土主街道
500106,500106104,镇,青木关镇
500106,500106105,镇,凤凰镇
500106,500106106,镇,回龙坝镇
500106,500106108,镇,曾家镇
500106,500106112,镇,中梁镇
500107,500107001,街道,杨家坪街道
500107,500107002,街道,黄桷坪街道
500107,500107003,街道,谢家湾街道
500107,500107004,街道,石坪桥街道
500107,500107006,街道,中梁山街道
500107,500107007,街道,渝州路街道
500107,500107008,街道,石桥铺街道
500107,500107009,街道,二郎街道
500107,500107010,街道,九龙街道
500107,500107102,镇,华岩镇
500107,500107103,镇,含谷镇
500107,500107104,镇,金凤镇
500107,500107105,镇,白市驿镇
500107,500107106,镇,走马镇
500107,500107107,镇,石板镇
500107,500107108,镇,巴福镇
500107,500107109,镇,陶家镇
500107,500107110,镇,西彭镇
500107,500107111,镇,铜罐驿镇
500108,500108001,街道,铜元局街道
500108,500108002,街道,花园路街道
500108,500108003,街道,南坪街道
500108,500108004,街道,海棠溪街道
500108,500108005,街道,龙门浩街道
500108,500108006,街道,弹子石街道
500108,500108007,街道,南山街道
500108,500108008,街道,天文街道
500108,500108101,镇,南坪镇
500108,500108102,镇,涂山镇
500108,500108103,镇,鸡冠石镇
500108,500108105,镇,峡口镇
500108,500108106,镇,长生桥镇
500108,500108107,镇,迎龙镇
500108,500108108,镇,广阳镇
500109,500109001,街道,天生街道
500109,500109002,街道,朝阳街道
500109,500109003,街道,龙凤桥街道
500109,500109004,街道,北温泉街道
500109,500109005,街道,东阳街道
500109,500109006,街道,蔡家岗街道
500109,500109007,街道,歇马街道
500109,500109008,街道,水土街道
500109,500109009,街道,复兴街道
500109,500109102,镇,澄江镇
500109,500109104,镇,童家溪镇
500109,500109105,镇,天府镇
500109,500109106,镇,施家梁镇
500109,500109108,镇,静观镇
500109,500109109,镇,柳荫镇
500109,500109111,镇,三圣镇
500109,500109112,镇,金刀峡镇
500109,500109123,镇,大湾镇
500109,500109124,镇,统景镇
500109,500109125,镇,大盛镇
500109,500109126,镇,兴隆镇
500109,500109127,镇,茨竹镇
500110,500110001,街道,万盛街道
500110,500110002,街道,东林街道
500110,500110003,街道,古南街道
500110,500110004,街道,文龙街道
500110,500110005,街道,三江街道
500110,500110006,街道,新盛街道
500110,500110007,街道,通惠街道
500110,500110100,镇,万东镇
500110,500110101,镇,南桐镇
500110,500110102,镇,青年镇
500110,500110103,镇,关坝镇
500110,500110104,镇,丛林镇
500110,500110105,镇,石林镇
500110,500110106,镇,金桥镇
500110,500110107,镇,黑山镇
500110,500110108,镇,石角镇
500110,500110109,镇,东溪镇
500110,500110110,镇,赶水镇
500110,500110111,镇,打通镇
500110,500110112,镇,石壕镇
500110,500110113,镇,永新镇
500110,500110114,镇,三角镇
500110,500110115,镇,隆盛镇
500110,500110116,镇,郭扶镇
500110,500110117,镇,篆塘镇
500110,500110118,镇,丁山镇
500110,500110119,镇,安稳镇
500110,500110120,镇,扶欢镇
500110,500110121,镇,永城镇
500110,500110123,镇,中峰镇
500110,500110124,镇,横山镇
500111,500111001,街道,龙滩子街道
500111,500111002,街道,龙岗街道
500111,500111003,街道,棠香街道
500111,500111004,街道,双路街道
500111,500111005,街道,通桥街道
500111,500111006,街道,智凤街道
500111,500111102,镇,龙水镇
500111,500111104,镇,宝顶镇
500111,500111105,镇,中敖镇
500111,500111106,镇,三驱镇
500111,500111107,镇,宝兴镇
500111,500111108,镇,玉龙镇
500111,500111109,镇,石马镇
500111,500111110,镇,拾万镇
500111,500111111,镇,回龙镇
500111,500111112,镇,金山镇
500111,500111113,镇,万古镇
500111,500111114,镇,国梁镇
500111,500111115,镇,雍溪镇
500111,500111116,镇,珠溪镇
500111,500111117,镇,龙石镇
500111,500111118,镇,邮亭镇
500111,500111119,镇,铁山镇
500111,500111120,镇,高升镇
500111,500111121,镇,季家镇
500111,500111122,镇,古龙镇
500111,500111123,镇,高坪镇
500113,500113001,街道,鱼洞街道
500113,500113002,街道,李家沱街道
500113,500113003,街道,龙洲湾街道
500113,500113004,街道,花溪街道
500113,500113005,街道,南泉街道
500113,500113006,街道,南彭街道
500113,500113007,街道,一品街道
500113,500113008,街道,惠民街道
500113,500113009,街道,莲花街道
500113,500113103,镇,界石镇
500113,500113107,镇,安澜镇
500113,500113108,镇,圣灯山镇
500113,500113109,镇,木洞镇
500113,500113110,镇,双河口镇
500113,500113111,镇,麻柳嘴镇
500113,500113112,镇,丰盛镇
500113,500113113,镇,二圣镇
500113,500113114,镇,东温泉镇
500113,500113115,镇,姜家镇
500113,500113116,镇,天星寺镇
500113,500113117,镇,接龙镇
500113,500113118,镇,石滩镇
500113,500113119,镇,石龙镇
500114,500114001,街道,城东街道
500114,500114002,街道,城南街道
500114,500114003,街道,城西街道
500114,500114004,街道,正阳街道
500114,500114005,街道,舟白街道
500114,500114006,街道,冯家街道
500114,500114102,镇,小南海镇
500114,500114104,镇,邻鄂镇
500114,500114105,镇,阿蓬江镇
500114,500114106,镇,石会镇
500114,500114107,镇,黑溪镇
500114,500114108,镇,黄溪镇
500114,500114109,镇,黎水镇
500114,500114110,镇,金溪镇
500114,500114111,镇,马喇镇
500114,500114112,镇,濯水镇
500114,500114113,镇,石家镇
500114,500114114,镇,鹅池镇
500114,500114115,镇,中塘镇
500114,500114116,镇,沙坝镇
500114,500114117,镇,白石镇
500114,500114118,镇,太极镇
500114,500114119,镇,五里镇
500114,500114120,镇,水市镇
500114,500114201,乡,蓬东乡
500114,500114204,乡,杉岭乡
500114,500114206,乡,水田乡
500114,500114207,乡,白土乡
500114,500114208,乡,金洞乡
500114,500114211,乡,新华乡
500115,500115001,街道,凤城街道
500115,500115002,街道,晏家街道
500115,500115003,街道,江南街道
500115,500115004,街道,渡舟街道
500115,500115005,街道,八颗街道
500115,500115006,街道,新市街道
500115,500115007,街道,菩提街道
500115,500115101,镇,邻封镇
500115,500115102,镇,但渡镇
500115,500115103,镇,云集镇
500115,500115104,镇,长寿湖镇
500115,500115105,镇,双龙镇
500115,500115106,镇,龙河镇
500115,500115107,镇,石堰镇
500115,500115108,镇,云台镇
500115,500115109,镇,海棠镇
500115,500115110,镇,葛兰镇
500115,500115113,镇,洪湖镇
500115,500115114,镇,万顺镇
500116,500116001,街道,几江街道
500116,500116002,街道,德感街道
500116,500116004,街道,双福街道
500116,500116005,街道,鼎山街道
500116,500116006,街道,圣泉街道
500116,500116100,镇,油溪镇
500116,500116101,镇,吴滩镇
500116,500116102,镇,石门镇
500116,500116103,镇,朱杨镇
500116,500116104,镇,石蟆镇
500116,500116105,镇,永兴镇
500116,500116106,镇,塘河镇
500116,500116107,镇,白沙镇
500116,500116108,镇,龙华镇
500116,500116109,镇,李市镇
500116,500116110,镇,慈云镇
500116,500116111,镇,蔡家镇
500116,500116112,镇,中山镇
500116,500116113,镇,嘉平镇
500116,500116114,镇,柏林镇
500116,500116115,镇,先锋镇
500116,500116116,镇,珞璜镇
500116,500116117,镇,贾嗣镇
500116,500116118,镇,夏坝镇
500116,500116119,镇,西湖镇
500116,500116120,镇,杜市镇
500116,500116121,镇,广兴镇
500116,500116122,镇,四面山镇
500116,500116123,镇,支坪镇
500116,500116124,镇,四屏镇
500117,500117001,街道,合阳城街道
500117,500117002,街道,钓鱼城街道
500117,500117003,街道,南津街街道
500117,500117004,街道,云门街道
500117,500117005,街道,大石街道
500117,500117006,街道,盐井街道
500117,500117007,街道,草街街道
500117,500117101,镇,钱塘镇
500117,500117102,镇,沙鱼镇
500117,500117103,镇,官渡镇
500117,500117104,镇,涞滩镇
500117,500117105,镇,龙市镇
500117,500117106,镇,肖家镇
500117,500117108,镇,古楼镇
500117,500117109,镇,三庙镇
500117,500117110,镇,燕窝镇
500117,500117111,镇,二郎镇
500117,500117112,镇,龙凤镇
500117,500117113,镇,太和镇
500117,500117114,镇,隆兴镇
500117,500117115,镇,铜溪镇
500117,500117116,镇,渭沱镇
500117,500117119,镇,双凤镇
500117,500117120,镇,狮滩镇
500117,500117121,镇,清平镇
500117,500117122,镇,土场镇
500117,500117123,镇,小沔镇
500117,500117124,镇,双槐镇
500117,500117125,镇,三汇镇
500117,500117126,镇,香龙镇
500118,500118001,街道,中山路街道
500118,500118002,街道,胜利路街道
500118,500118003,街道,南大街街道
500118,500118004,街道,茶山竹海街道
500118,500118005,街道,卫星湖街道
500118,500118006,街道,大安街道
500118,500118007,街道,陈食街道
500118,500118008,街道,永昌街道
500118,500118102,镇,临江镇
500118,500118104,镇,何埂镇
500118,500118105,镇,松溉镇
500118,500118106,镇,朱沱镇
500118,500118107,镇,仙龙镇
500118,500118108,镇,五间镇
500118,500118109,镇,来苏镇
500118,500118110,镇,宝峰镇
500118,500118111,镇,红炉镇
500118,500118112,镇,永荣镇
500118,500118113,镇,双石镇
500118,500118114,镇,三教镇
500118,500118115,镇,板桥镇
500118,500118116,镇,青峰镇
500118,500118117,镇,金龙镇
500118,500118118,镇,吉安镇
500119,500119001,街道,东城街道
500119,500119002,街道,南城街道
500119,500119003,街道,西城街道
500119,500119100,镇,三泉镇
500119,500119101,镇,南平镇
500119,500119102,镇,神童镇
500119,500119103,镇,鸣玉镇
500119,500119104,镇,大观镇
500119,500119105,镇,兴隆镇
500119,500119106,镇,太平场镇
500119,500119107,镇,白沙镇
500119,500119108,镇,水江镇
500119,500119109,镇,石墙镇
500119,500119110,镇,金山镇
500119,500119111,镇,头渡镇
500119,500119112,镇,大有镇
500119,500119113,镇,合溪镇
500119,500119114,镇,黎香湖镇
500119,500119115,镇,山王坪镇
500119,500119116,镇,木凉镇
500119,500119117,镇,楠竹山镇
500119,500119118,镇,石溪镇
500119,500119119,镇,民主镇
500119,500119120,镇,德隆镇
500119,500119121,镇,福寿镇
500119,500119122,镇,河图镇
500119,500119123,镇,古花镇
500119,500119124,镇,庆元镇
500119,500119125,镇,乾丰镇
500119,500119126,镇,石莲镇
500119,500119127,镇,冷水关镇
500119,500119128,镇,骑龙镇
500119,500119207,乡,中桥乡
500119,500119212,乡,峰岩乡
500120,500120001,街道,璧城街道
500120,500120002,街道,青杠街道
500120,500120003,街道,璧泉街道
500120,500120004,街道,来凤街道
500120,500120005,街道,丁家街道
500120,500120006,街道,大路街道
500120,500120100,镇,河边镇
500120,500120101,镇,福禄镇
500120,500120102,镇,大兴镇
500120,500120103,镇,广普镇
500120,500120104,镇,三合镇
500120,500120105,镇,正兴镇
500120,500120106,镇,八塘镇
500120,500120107,镇,七塘镇
500120,500120108,镇,健龙镇
500151,500151001,街道,东城街道
500151,500151002,街道,南城街道
500151,500151003,街道,巴川街道
500151,500151004,街道,蒲吕街道
500151,500151005,街道,旧县街道
500151,500151100,镇,土桥镇
500151,500151102,镇,二坪镇
500151,500151103,镇,水口镇
500151,500151104,镇,安居镇
500151,500151105,镇,白羊镇
500151,500151106,镇,平滩镇
500151,500151107,镇,虎峰镇
500151,500151108,镇,石鱼镇
500151,500151109,镇,福果镇
500151,500151110,镇,少云镇
500151,500151111,镇,维新镇
500151,500151112,镇,高楼镇
500151,500151113,镇,大庙镇
500151,500151114,镇,围龙镇
500151,500151115,镇,华兴镇
500151,500151117,镇,永嘉镇
500151,500151118,镇,安溪镇
500151,500151119,镇,西河镇
500151,500151120,镇,侣俸镇
500151,500151121,镇,太平镇
500151,500151122,镇,小林镇
500151,500151123,镇,双山镇
500151,500151124,镇,庆隆镇
500152,500152001,街道,梓潼街道
500152,500152002,街道,桂林街道
500152,500152003,街道,大佛街道
500152,500152100,镇,上和镇
500152,500152101,镇,龙形镇
500152,500152102,镇,古溪镇
500152,500152103,镇,宝龙镇
500152,500152104,镇,玉溪镇
500152,500152105,镇,米心镇
500152,500152106,镇,群力镇
500152,500152107,镇,双江镇
500152,500152108,镇,花岩镇
500152,500152109,镇,柏梓镇
500152,500152110,镇,崇龛镇
500152,500152111,镇,塘坝镇
500152,500152112,镇,新胜镇
500152,500152113,镇,太安镇
500152,500152114,镇,小渡镇
500152,500152115,镇,卧佛镇
500152,500152116,镇,五桂镇
500152,500152117,镇,田家镇
500152,500152118,镇,别口镇
500152,500152119,镇,寿桥镇
500153,500153001,街道,昌元街道
500153,500153002,街道,广顺街道
500153,500153003,街道,昌州街道
500153,500153004,街道,峰高街道
500153,500153005,街道,安富街道
500153,500153006,街道,双河街道
500153,500153100,镇,直升镇
500153,500153101,镇,万灵镇
500153,500153102,镇,清江镇
500153,500153103,镇,仁义镇
500153,500153104,镇,河包镇
500153,500153105,镇,古昌镇
500153,500153106,镇,吴家镇
500153,500153107,镇,观胜镇
500153,500153108,镇,铜鼓镇
500153,500153109,镇,清流镇
500153,500153110,镇,盘龙镇
500153,500153111,镇,远觉镇
500153,500153112,镇,清升镇
500153,500153113,镇,荣隆镇
500153,500153114,镇,龙集镇
500154,500154001,街道,汉丰街道
500154,500154002,街道,丰乐街道
500154,500154003,街道,镇东街道
500154,500154004,街道,白鹤街道
500154,500154005,街道,文峰街道
500154,500154006,街道,云枫街道
500154,500154007,街道,赵家街道
500154,500154008,街道,正安街道
500154,500154100,镇,大进镇
500154,500154101,镇,厚坝镇
500154,500154102,镇,长沙镇
500154,500154103,镇,郭家镇
500154,500154104,镇,临江镇
500154,500154105,镇,天和镇
500154,500154106,镇,温泉镇
500154,500154107,镇,铁桥镇
500154,500154108,镇,义和镇
500154,500154109,镇,中和镇
500154,500154110,镇,岳溪镇
500154,500154111,镇,南门镇
500154,500154112,镇,南雅镇
500154,500154113,镇,河堰镇
500154,500154114,镇,和谦镇
500154,500154115,镇,九龙山镇
500154,500154117,镇,敦好镇
500154,500154118,镇,竹溪镇
500154,500154119,镇,渠口镇
500154,500154120,镇,高桥镇
500154,500154121,镇,金峰镇
500154,500154122,镇,大德镇
500154,500154123,镇,白桥镇
500154,500154124,镇,巫山镇
500154,500154125,镇,谭家镇
500154,500154126,镇,满月镇
500154,500154127,镇,雪宝山镇
500154,500154200,乡,三汇口乡
500154,500154201,乡,五通乡
500154,500154203,乡,关面乡
500154,500154205,乡,麻柳乡
500154,500154206,乡,紫水乡
500155,500155001,街道,梁山街道
500155,500155002,街道,双桂街道
500155,500155003,街道,合兴街道
500155,500155004,街道,仁贤街道
500155,500155005,街道,金带街道
500155,500155102,镇,礼让镇
500155,500155103,镇,云龙镇
500155,500155104,镇,屏锦镇
500155,500155106,镇,袁驿镇
500155,500155107,镇,新盛镇
500155,500155108,镇,福禄镇
500155,500155110,镇,聚奎镇
500155,500155111,镇,明达镇
500155,500155112,镇,荫平镇
500155,500155113,镇,和林镇
500155,500155114,镇,回龙镇
500155,500155115,镇,碧山镇
500155,500155116,镇,虎城镇
500155,500155117,镇,七星镇
500155,500155118,镇,龙门镇
500155,500155119,镇,文化镇
500155,500155121,镇,石安镇
500155,500155122,镇,柏家镇
500155,500155123,镇,大观镇
500155,500155124,镇,竹山镇
500155,500155125,镇,蟠龙镇
500155,500155126,镇,星桥镇
500155,500155127,镇,曲水镇
500155,500155128,镇,安胜镇
500155,500155129,镇,复平镇
500155,500155130,镇,紫照镇
500155,500155201,乡,铁门乡
500155,500155202,乡,龙胜乡
500156,500156001,街道,凤山街道
500156,500156002,街道,芙蓉街道
500156,500156003,街道,仙女山街道
500156,500156004,街道,羊角街道
500156,500156100,镇,巷口镇
500156,500156101,镇,桐梓镇
500156,500156102,镇,火炉镇
500156,500156103,镇,江口镇
500156,500156106,镇,长坝镇
500156,500156107,镇,白马镇
500156,500156108,镇,鸭江镇
500156,500156109,镇,平桥镇
500156,500156111,镇,和顺镇
500156,500156112,镇,双河镇
500156,500156113,镇,凤来镇
500156,500156201,乡,黄莺乡
500156,500156207,民族乡,后坪苗族土家族乡
500156,500156209,乡,接龙乡
500156,500156210,乡,土地乡
500156,500156213,乡,沧沟乡
500156,500156216,民族乡,石桥苗族土家族乡
500156,500156218,民族乡,浩口苗族仡佬族乡
500156,500156219,民族乡,文复苗族土家族乡
500156,500156225,乡,赵家乡
500156,500156226,乡,白云乡
500156,500156227,乡,大洞河乡
500156,500156231,乡,庙垭乡
500157,500157001,街道,人和街道
500157,500157002,街道,大石坝街道
500157,500157003,街道,大竹林街道
500157,500157004,街道,寸滩街道
500157,500157005,街道,水土街道
500157,500157006,街道,双凤桥街道
500157,500157007,街道,双龙湖街道
500157,500157008,街道,五里店街道
500157,500157009,街道,天宫殿街道
500157,500157010,街道,王家街道
500157,500157011,街道,龙山街道
500157,500157012,街道,龙塔街道
500157,500157013,街道,龙溪街道
500157,500157014,街道,石马河街道
500157,500157015,街道,仙桃街道
500157,500157016,街道,礼嘉街道
500157,500157017,街道,江北城街道
500157,500157018,街道,回兴街道
500157,500157019,街道,观音桥街道
500157,500157020,街道,华新街街道
500157,500157021,街道,两路街道
500157,500157022,街道,金山街道
500157,500157023,街道,宝圣湖街道
500157,500157024,街道,复兴街道
500157,500157025,街道,铁山坪街道
500157,500157026,街道,悦来街道
500157,500157027,街道,鸳鸯街道
500157,500157028,街道,郭家沱街道
500157,500157029,街道,康美街道
500157,500157030,街道,翠云街道
500157,500157031,街道,蔡家岗街道
500157,500157100,镇,木耳镇
500157,500157101,镇,五宝镇
500157,500157102,镇,龙兴镇
500157,500157103,镇,玉峰山镇
500157,500157104,镇,石船镇
500157,500157105,镇,古路镇
500157,500157106,镇,鱼嘴镇
500157,500157107,镇,施家梁镇
500157,500157108,镇,复盛镇
500157,500157109,镇,洛碛镇
500157,500157110,镇,童家溪镇
500229,500229001,街道,葛城街道
500229,500229002,街道,复兴街道
500229,500229102,镇,巴山镇
500229,500229104,镇,坪坝镇
500229,500229105,镇,庙坝镇
500229,500229106,镇,明通镇
500229,500229107,镇,修齐镇
500229,500229108,镇,高观镇
500229,500229109,镇,高燕镇
500229,500229110,镇,东安镇
500229,500229111,镇,咸宜镇
500229,500229112,镇,高楠镇
500229,500229118,镇,北屏镇
500229,500229119,镇,龙田镇
500229,500229205,乡,左岚乡
500229,500229208,乡,沿河乡
500229,500229210,乡,双河乡
500229,500229211,乡,蓼子乡
500229,500229212,乡,鸡鸣乡
500229,500229214,乡,周溪乡
500229,500229216,乡,明中乡
500229,500229217,乡,治平乡
500229,500229219,乡,岚天乡
500229,500229220,乡,厚坪乡
500229,500229221,乡,河鱼乡
500230,500230001,街道,三合街道
500230,500230002,街道,名山街道
500230,500230101,镇,虎威镇
500230,500230102,镇,社坛镇
500230,500230103,镇,三元镇
500230,500230104,镇,许明寺镇
500230,500230105,镇,董家镇
500230,500230106,镇,树人镇
500230,500230107,镇,十直镇
500230,500230109,镇,高家镇
500230,500230110,镇,兴义镇
500230,500230111,镇,双路镇
500230,500230112,镇,江池镇
500230,500230113,镇,龙河镇
500230,500230114,镇,武平镇
500230,500230115,镇,包鸾镇
500230,500230116,镇,湛普镇
500230,500230118,镇,保合镇
500230,500230119,镇,南天湖镇
500230,500230120,镇,仁沙镇
500230,500230121,镇,兴龙镇
500230,500230122,镇,龙孔镇
500230,500230123,镇,暨龙镇
500230,500230124,镇,双龙镇
500230,500230125,镇,仙女湖镇
500230,500230131,镇,三建镇
500230,500230202,乡,青龙乡
500230,500230206,乡,太平坝乡
500230,500230207,乡,都督乡
500230,500230209,乡,栗子乡
500231,500231001,街道,桂溪街道
500231,500231002,街道,桂阳街道
500231,500231003,街道,澄溪街道
500231,500231004,街道,桂东街道
500231,500231101,镇,新民镇
500231,500231102,镇,沙坪镇
500231,500231103,镇,周嘉镇
500231,500231104,镇,普顺镇
500231,500231105,镇,永安镇
500231,500231106,镇,高安镇
500231,500231107,镇,高峰镇
500231,500231108,镇,五洞镇
500231,500231109,镇,太平镇
500231,500231111,镇,砚台镇
500231,500231112,镇,鹤游镇
500231,500231113,镇,坪山镇
500231,500231114,镇,曹回镇
500231,500231115,镇,杠家镇
500231,500231116,镇,包家镇
500231,500231117,镇,白家镇
500231,500231118,镇,裴兴镇
500231,500231119,镇,三溪镇
500231,500231120,镇,永平镇
500231,500231204,乡,大石乡
500233,500233001,街道,忠州街道
500233,500233002,街道,白公街道
500233,500233003,街道,新生街道
500233,500233004,街道,乌杨街道
500233,500233102,镇,任家镇
500233,500233104,镇,洋渡镇
500233,500233105,镇,东溪镇
500233,500233106,镇,复兴镇
500233,500233107,镇,石宝镇
500233,500233108,镇,汝溪镇
500233,500233109,镇,野鹤镇
500233,500233110,镇,官坝镇
500233,500233111,镇,石黄镇
500233,500233112,镇,马灌镇
500233,500233113,镇,金鸡镇
500233,500233114,镇,新立镇
500233,500233115,镇,双桂镇
500233,500233116,镇,拔山镇
500233,500233117,镇,花桥镇
500233,500233118,镇,永丰镇
500233,500233119,镇,三汇镇
500233,500233120,镇,白石镇
500233,500233122,镇,黄金镇
500233,500233201,乡,善广乡
500233,500233203,乡,石子乡
500233,500233204,民族乡,磨子土家族乡
500233,500233206,乡,涂井乡
500233,500233208,乡,金声乡
500233,500233210,乡,兴峰乡
500235,500235001,街道,青龙街道
500235,500235002,街道,双江街道
500235,500235003,街道,人和街道
500235,500235004,街道,盘龙街道
500235,500235005,街道,黄石街道
500235,500235100,镇,云阳镇
500235,500235101,镇,云安镇
500235,500235103,镇,凤鸣镇
500235,500235105,镇,龙角镇
500235,500235106,镇,宝坪镇
500235,500235107,镇,故陵镇
500235,500235108,镇,红狮镇
500235,500235109,镇,南溪镇
500235,500235111,镇,双土镇
500235,500235112,镇,桑坪镇
500235,500235113,镇,江口镇
500235,500235115,镇,路阳镇
500235,500235116,镇,农坝镇
500235,500235117,镇,高阳镇
500235,500235118,镇,渠马镇
500235,500235122,镇,巴阳镇
500235,500235124,镇,鱼泉镇
500235,500235126,镇,平安镇
500235,500235127,镇,沙市镇
500235,500235128,镇,双龙镇
500235,500235129,镇,栖霞镇
500235,500235130,镇,水口镇
500235,500235131,镇,蔈草镇
500235,500235132,镇,泥溪镇
500235,500235133,镇,养鹿镇
500235,500235134,镇,后叶镇
500235,500235135,镇,龙洞镇
500235,500235136,镇,堰坪镇
500235,500235137,镇,大阳镇
500235,500235138,镇,耀灵镇
500235,500235208,乡,外郎乡
500235,500235215,乡,新津乡
500235,500235216,乡,普安乡
500235,500235218,乡,洞鹿乡
500235,500235219,乡,石门乡
500235,500235239,乡,上坝乡
500235,500235241,民族乡,清水土家族乡
500236,500236001,街道,夔门街道
500236,500236002,街道,鱼复街道
500236,500236003,街道,永安街道
500236,500236004,街道,夔州街道
500236,500236101,镇,白帝镇
500236,500236102,镇,草堂镇
500236,500236103,镇,汾河镇
500236,500236104,镇,康乐镇
500236,500236105,镇,大树镇
500236,500236106,镇,竹园镇
500236,500236107,镇,公平镇
500236,500236108,镇,朱衣镇
500236,500236109,镇,甲高镇
500236,500236110,镇,羊市镇
500236,500236111,镇,吐祥镇
500236,500236112,镇,青龙镇
500236,500236113,镇,兴隆镇
500236,500236114,镇,新民镇
500236,500236115,镇,永乐镇
500236,500236116,镇,青莲镇
500236,500236117,镇,五马镇
500236,500236118,镇,安坪镇
500236,500236200,乡,红土乡
500236,500236201,乡,平安乡
500236,500236203,乡,岩湾乡
500236,500236204,乡,石岗乡
500236,500236205,乡,康坪乡
500236,500236207,民族乡,云雾土家族乡
500236,500236208,民族乡,太和土家族乡
500236,500236209,民族乡,龙桥土家族乡
500236,500236210,民族乡,长安土家族乡
500236,500236211,乡,冯坪乡
500236,500236213,乡,鹤峰乡
500237,500237001,街道,高唐街道
500237,500237002,街道,龙门街道
500237,500237100,镇,巫峡镇
500237,500237101,镇,庙宇镇
500237,500237102,镇,大昌镇
500237,500237103,镇,福田镇
500237,500237104,镇,龙溪镇
500237,500237105,镇,双龙镇
500237,500237106,镇,官阳镇
500237,500237107,镇,骡坪镇
500237,500237108,镇,抱龙镇
500237,500237109,镇,官渡镇
500237,500237110,镇,铜鼓镇
500237,500237200,民族乡,红椿土家族乡
500237,500237207,乡,两坪乡
500237,500237208,乡,曲尺乡
500237,500237210,乡,建平乡
500237,500237211,乡,大溪乡
500237,500237214,乡,金坪乡
500237,500237216,乡,平河乡
500237,500237219,乡,当阳乡
500237,500237222,乡,竹贤乡
500237,500237225,乡,三溪乡
500237,500237227,乡,培石乡
500237,500237229,乡,笃坪乡
500237,500237231,民族乡,邓家土家族乡
500238,500238001,街道,宁河街道
500238,500238002,街道,柏杨街道
500238,500238003,街道,凤凰街道
500238,500238100,镇,城厢镇
500238,500238102,镇,宁厂镇
500238,500238103,镇,上磺镇
500238,500238104,镇,古路镇
500238,500238105,镇,文峰镇
500238,500238106,镇,徐家镇
500238,500238107,镇,白鹿镇
500238,500238108,镇,尖山镇
500238,500238109,镇,下堡镇
500238,500238110,镇,峰灵镇
500238,500238111,镇,塘坊镇
500238,500238112,镇,朝阳镇
500238,500238113,镇,田坝镇
500238,500238114,镇,通城镇
500238,500238115,镇,土城镇
500238,500238116,镇,菱角镇
500238,500238117,镇,蒲莲镇
500238,500238118,镇,红池坝镇
500238,500238200,乡,胜利乡
500238,500238202,乡,大河乡
500238,500238203,乡,天星乡
500238,500238204,乡,长桂乡
500238,500238209,乡,鱼鳞乡
500238,500238210,乡,乌龙乡
500238,500238214,乡,花台乡
500238,500238215,乡,兰英乡
500238,500238216,乡,双阳乡
500238,500238217,乡,中梁乡
500238,500238218,乡,天元乡
500240,500240001,街道,南宾街道
500240,500240002,街道,万安街道
500240,500240003,街道,下路街道
500240,500240101,镇,西沱镇
500240,500240103,镇,悦崃镇
500240,500240104,镇,临溪镇
500240,500240105,镇,黄水镇
500240,500240106,镇,马武镇
500240,500240107,镇,沙子镇
500240,500240108,镇,王场镇
500240,500240109,镇,沿溪镇
500240,500240110,镇,龙沙镇
500240,500240111,镇,鱼池镇
500240,500240112,镇,大歇镇
500240,500240113,镇,三河镇
500240,500240114,镇,万朝镇
500240,500240115,镇,桥头镇
500240,500240116,镇,冷水镇
500240,500240117,镇,黄鹤镇
500240,500240118,镇,枫木镇
500240,500240124,镇,金铃镇
500240,500240125,镇,新乐镇
500240,500240203,乡,黎场乡
500240,500240204,乡,三星乡
500240,500240205,乡,六塘乡
500240,500240207,乡,三益乡
500240,500240208,乡,王家乡
500240,500240209,乡,河嘴乡
500240,500240210,乡,石家乡
500240,500240213,乡,中益乡
500240,500240216,乡,龙潭乡
500241,500241001,街道,乌杨街道
500241,500241002,街道,中和街道
500241,500241003,街道,平凯街道
500241,500241004,街道,官庄街道
500241,500241005,街道,清溪场街道
500241,500241103,镇,隘口镇
500241,500241104,镇,溶溪镇
500241,500241106,镇,龙池镇
500241,500241107,镇,石堤镇
500241,500241108,镇,峨溶镇
500241,500241109,镇,洪安镇
500241,500241110,镇,雅江镇
500241,500241111,镇,石耶镇
500241,500241112,镇,梅江镇
500241,500241113,镇,兰桥镇
500241,500241114,镇,膏田镇
500241,500241115,镇,溪口镇
500241,500241116,镇,妙泉镇
500241,500241117,镇,宋农镇
500241,500241118,镇,钟灵镇
500241,500241119,镇,里仁镇
500241,500241120,镇,龙凤坝镇
500241,500241121,镇,涌洞镇
500241,500241128,镇,大溪镇
500241,500241207,乡,海洋乡
500241,500241214,乡,中平乡
500241,500241215,乡,岑溪乡
500242,500242001,街道,钟多街道
500242,500242002,街道,桃花源街道
500242,500242101,镇,龙潭镇
500242,500242102,镇,麻旺镇
500242,500242103,镇,酉酬镇
500242,500242104,镇,大溪镇
500242,500242105,镇,兴隆镇
500242,500242106,镇,黑水镇
500242,500242107,镇,丁市镇
500242,500242108,镇,龚滩镇
500242,500242109,镇,李溪镇
500242,500242110,镇,泔溪镇
500242,500242111,镇,酉水河镇
500242,500242112,镇,苍岭镇
500242,500242113,镇,小河镇
500242,500242114,镇,板溪镇
500242,500242115,镇,涂市镇
500242,500242116,镇,铜鼓镇
500242,500242117,镇,万木镇
500242,500242118,镇,五福镇
500242,500242119,镇,南腰界镇
500242,500242125,镇,宜居镇
500242,500242126,镇,庙溪镇
500242,500242204,乡,可大乡
500242,500242205,乡,偏柏乡
500242,500242207,乡,木叶乡
500242,500242208,乡,毛坝乡
500242,500242209,乡,花田乡
500242,500242210,乡,后坪乡
500242,500242211,乡,天馆乡
500242,500242214,乡,两罾乡
500242,500242215,乡,板桥乡
500242,500242216,乡,官清乡
500242,500242218,乡,车田乡
500242,500242219,乡,腴地乡
500242,500242220,乡,清泉乡
500242,500242222,乡,浪坪乡
500242,500242223,乡,双泉乡
500242,500242224,乡,楠木乡
500243,500243001,街道,汉葭街道
500243,500243002,街道,绍庆街道
500243,500243003,街道,靛水街道
500243,500243101,镇,保家镇
500243,500243102,镇,郁山镇
500243,500243103,镇,高谷镇
500243,500243104,镇,桑柘镇
500243,500243105,镇,鹿角镇
500243,500243106,镇,黄家镇
500243,500243107,镇,普子镇
500243,500243108,镇,龙射镇
500243,500243109,镇,连湖镇
500243,500243110,镇,万足镇
500243,500243111,镇,新田镇
500243,500243112,镇,鞍子镇
500243,500243113,镇,平安镇
500243,500243114,镇,长生镇
500243,500243115,镇,梅子垭镇
500243,500243116,镇,太原镇
500243,500243117,镇,龙溪镇
500243,500243118,镇,大同镇
500243,500243201,乡,岩东乡
500243,500243202,乡,鹿鸣乡
500243,500243204,乡,棣棠乡
500243,500243206,乡,三义乡
500243,500243207,乡,联合乡
500243,500243208,乡,石柳乡
500243,500243210,乡,走马乡
500243,500243211,乡,芦塘乡
500243,500243213,乡,乔梓乡
500243,500243217,乡,诸佛乡
500243,500243219,乡,桐楼乡
500243,500243222,乡,善感乡
500243,500243223,乡,双龙乡
500243,500243224,乡,石盘乡
500243,500243225,乡,大垭乡
500243,500243226,乡,润溪乡
500243,500243227,乡,朗溪乡
500243,500243228,乡,龙塘乡
510104,510104003,街道,春熙路街道
510104,510104004,街道,书院街街道
510104,510104007,街道,牛市口街道
510104,510104011,街道,沙河街道
510104,510104013,街道,狮子山街道
510104,510104014,街道,成龙路街道
510104,510104015,街道,柳江街道
510104,510104016,街道,三圣街道
510104,510104017,街道,锦官驿街道
510104,510104018,街道,东湖街道
510104,510104019,街道,锦华路街道
510105,510105002,街道,草市街街道
510105,510105003,街道,西御河街道
510105,510105007,街道,草堂街道
510105,510105008,街道,府南街道
510105,510105009,街道,光华街道
510105,510105012,街道,黄田坝街道
510105,510105014,街道,文家街道
510105,510105015,街道,少城街道
510105,510105016,街道,苏坡街道
510105,510105017,街道,金沙街道
510105,510105018,街道,蔡桥街道
510105,510105019,街道,康河街道
510106,510106002,街道,荷花池街道
510106,510106007,街道,驷马桥街道
510106,510106009,街道,茶店子街道
510106,510106010,街道,营门口街道
510106,510106012,街道,九里堤街道
510106,510106013,街道,西安路街道
510106,510106014,街道,抚琴街道
510106,510106015,街道,五块石街道
510106,510106016,街道,金泉街道
510106,510106017,街道,沙河源街道
510106,510106018,街道,天回镇街道
510106,510106019,街道,西华街道
510106,510106020,街道,凤凰山街道
510107,510107001,街道,浆洗街街道
510107,510107002,街道,红牌楼街道
510107,510107003,街道,簇桥街道
510107,510107004,街道,望江路街道
510107,510107005,街道,玉林街道
510107,510107007,街道,火车南站街道
510107,510107011,街道,晋阳街道
510107,510107012,街道,机投桥街道
510107,510107013,街道,金花桥街道
510107,510107016,街道,华兴街道
510107,510107017,街道,簇锦街道
510107,510107018,街道,肖家河街道
510107,510107019,街道,芳草街街道
510107,510107020,街道,石羊街道
510107,510107021,街道,桂溪街道
510108,510108001,街道,府青路街道
510108,510108003,街道,双水碾街道
510108,510108005,街道,万年场街道
510108,510108006,街道,双桥子街道
510108,510108007,街道,猛追湾街道
510108,510108008,街道,跳蹬河街道
510108,510108009,街道,二仙桥街道
510108,510108012,街道,保和街道
510108,510108013,街道,青龙街道
510108,510108014,街道,龙潭街道
510108,510108015,街道,白莲池街道
510112,510112001,街道,龙泉街道
510112,510112002,街道,大面街道
510112,510112003,街道,同安街道
510112,510112004,街道,十陵街道
510112,510112005,街道,西河街道
510112,510112006,街道,柏合街道
510112,510112007,街道,东安街道
510112,510112102,镇,洛带镇
510112,510112108,镇,洪安镇
510112,510112115,镇,山泉镇
510113,510113002,街道,大弯街道
510113,510113003,街道,大同街道
510113,510113102,镇,弥牟镇
510113,510113104,镇,城厢镇
510113,510113106,镇,姚渡镇
510113,510113107,镇,清泉镇
510113,510113108,镇,福洪镇
510114,510114001,街道,三河街道
510114,510114002,街道,大丰街道
510114,510114003,街道,新都街道
510114,510114005,街道,新繁街道
510114,510114006,街道,石板滩街道
510114,510114007,街道,斑竹园街道
510114,510114008,街道,桂湖街道
510114,510114109,镇,清流镇
510114,510114116,镇,军屯镇
510115,510115001,街道,柳城街道
510115,510115002,街道,公平街道
510115,510115003,街道,天府街道
510115,510115004,街道,涌泉街道
510115,510115005,街道,金马街道
510115,510115006,街道,永宁街道
510115,510115101,镇,和盛镇
510115,510115106,镇,万春镇
510115,510115110,镇,寿安镇
510116,510116001,街道,东升街道
510116,510116002,街道,西航港街道
510116,510116003,街道,中和街道
510116,510116004,街道,华阳街道
510116,510116005,街道,九江街道
510116,510116006,街道,黄甲街道
510116,510116017,街道,怡心街道
510116,510116018,街道,万安街道
510116,510116019,街道,正兴街道
510116,510116020,街道,兴隆街道
510116,510116021,街道,煎茶街道
510116,510116022,街道,新兴街道
510116,510116023,街道,籍田街道
510116,510116024,街道,太平街道
510116,510116025,街道,永兴街道
510116,510116108,镇,彭镇
510116,510116111,镇,黄龙溪镇
510116,510116112,镇,永安镇
510116,510116115,镇,黄水镇
510117,510117001,街道,郫筒街道
510117,510117002,街道,合作街道
510117,510117003,街道,西园街道
510117,510117004,街道,安德街道
510117,510117005,街道,红光街道
510117,510117006,街道,犀浦街道
510117,510117007,街道,德源街道
510117,510117008,街道,安靖街道
510117,510117009,街道,团结街道
510117,510117104,镇,唐昌镇
510117,510117106,镇,三道堰镇
510117,510117115,镇,友爱镇
510118,510118001,街道,五津街道
510118,510118002,街道,普兴街道
510118,510118003,街道,花桥街道
510118,510118004,街道,花源街道
510118,510118101,镇,兴义镇
510118,510118102,镇,安西镇
510118,510118103,镇,永商镇
510118,510118104,镇,宝墩镇
510121,510121001,街道,赵镇街道
510121,510121002,街道,官仓街道
510121,510121003,街道,栖贤街道
510121,510121004,街道,高板街道
510121,510121005,街道,白果街道
510121,510121006,街道,淮口街道
510121,510121106,镇,五凤镇
510121,510121109,镇,三溪镇
510121,510121110,镇,福兴镇
510121,510121111,镇,金龙镇
510121,510121112,镇,赵家镇
510121,510121113,镇,竹篙镇
510121,510121116,镇,转龙镇
510121,510121117,镇,土桥镇
510121,510121118,镇,云合镇
510121,510121119,镇,又新镇
510129,510129001,街道,晋原街道
510129,510129002,街道,沙渠街道
510129,510129003,街道,青霞街道
510129,510129101,镇,王泗镇
510129,510129103,镇,新场镇
510129,510129104,镇,悦来镇
510129,510129105,镇,安仁镇
510129,510129106,镇,䢺江镇
510129,510129108,镇,西岭镇
510129,510129118,镇,花水湾镇
510129,510129119,镇,鹤鸣镇
510129,510129192,镇,三岔镇
510129,510129194,镇,苏家镇
510129,510129197,镇,蔡场镇
510129,510129199,镇,斜源镇
510131,510131001,街道,鹤山街道
510131,510131002,街道,寿安街道
510131,510131104,镇,西来镇
510131,510131105,镇,大塘镇
510131,510131106,镇,甘溪镇
510131,510131107,镇,大兴镇
510131,510131108,镇,成佳镇
510131,510131109,镇,朝阳湖镇
510181,510181001,街道,灌口街道
510181,510181002,街道,幸福街道
510181,510181003,街道,银杏街道
510181,510181005,街道,奎光塔街道
510181,510181006,街道,玉堂街道
510181,510181007,街道,蒲阳街道
510181,510181094,街道,永丰街道
510181,510181103,镇,聚源镇
510181,510181105,镇,天马镇
510181,510181106,镇,石羊镇
510181,510181110,镇,青城山镇
510181,510181111,镇,龙池镇
510182,510182001,街道,天彭街道
510182,510182002,街道,隆丰街道
510182,510182003,街道,濛阳街道
510182,510182004,街道,致和街道
510182,510182101,镇,龙门山镇
510182,510182103,镇,丽春镇
510182,510182104,镇,九尺镇
510182,510182106,镇,通济镇
510182,510182107,镇,丹景山镇
510182,510182109,镇,敖平镇
510182,510182111,镇,桂花镇
510182,510182121,镇,白鹿镇
510182,510182122,镇,葛仙山镇
510183,510183001,街道,临邛街道
510183,510183002,街道,文君街道
510183,510183003,街道,固驿街道
510183,510183004,街道,羊安街道
510183,510183005,街道,高埂街道
510183,510183006,街道,孔明街道
510183,510183103,镇,桑园镇
510183,510183104,镇,平乐镇
510183,510183105,镇,夹关镇
510183,510183106,镇,火井镇
510183,510183115,镇,临济镇
510183,510183118,镇,天台山镇
510183,510183120,镇,南宝山镇
510183,510183122,镇,大同镇
510184,510184001,街道,崇阳街道
510184,510184002,街道,羊马街道
510184,510184003,街道,三江街道
510184,510184004,街道,江源街道
510184,510184005,街道,大划街道
510184,510184006,街道,崇庆街道
510184,510184104,镇,廖家镇
510184,510184105,镇,元通镇
510184,510184106,镇,观胜镇
510184,510184107,镇,怀远镇
510184,510184109,镇,街子镇
510184,510184112,镇,白头镇
510184,510184113,镇,道明镇
510184,510184114,镇,隆兴镇
510184,510184120,镇,文井江镇
510185,510185001,街道,简城街道
510185,510185002,街道,射洪坝街道
510185,510185003,街道,新市街道
510185,510185005,街道,东溪街道
510185,510185006,街道,平泉街道
510185,510185007,街道,石桥街道
510185,510185008,街道,赤水街道
510185,510185009,街道,石盘街道
510185,510185010,街道,养马街道
510185,510185011,街道,贾家街道
510185,510185012,街道,石板凳街道
510185,510185013,街道,三岔街道
510185,510185014,街道,草池街道
510185,510185015,街道,福田街道
510185,510185016,街道,玉成街道
510185,510185017,街道,丹景街道
510185,510185101,镇,杨家镇
510185,510185105,镇,禾丰镇
510185,510185106,镇,云龙镇
510185,510185107,镇,三星镇
510185,510185112,镇,镇金镇
510185,510185113,镇,石钟镇
510185,510185114,镇,施家镇
510185,510185115,镇,三合镇
510185,510185116,镇,平武镇
510185,510185118,镇,踏水镇
510185,510185119,镇,江源镇
510185,510185120,镇,涌泉镇
510185,510185121,镇,芦葭镇
510185,510185124,镇,青龙镇
510185,510185126,镇,高明镇
510185,510185127,镇,武庙镇
510185,510185128,镇,壮溪镇
510185,510185129,镇,宏缘镇
510185,510185130,镇,雷家镇
510185,510185131,镇,董家埂镇
510185,510185132,镇,海螺镇
510302,510302001,街道,五星街街道
510302,510302002,街道,东兴寺街道
510302,510302003,街道,新街街道
510302,510302004,街道,郭家坳街道
510302,510302005,街道,丹桂街道
510302,510302006,街道,学苑街道
510302,510302007,街道,舒坪街道
510302,510302008,街道,红旗街道
510302,510302009,街道,高峰街道
510302,510302101,镇,仲权镇
510302,510302103,镇,荣边镇
510302,510302105,镇,飞龙峡镇
510303,510303001,街道,筱溪街道
510303,510303002,街道,贡井街道
510303,510303003,街道,长土街道
510303,510303100,镇,艾叶镇
510303,510303101,镇,建设镇
510303,510303103,镇,成佳镇
510303,510303105,镇,龙潭镇
510303,510303106,镇,五宝镇
510303,510303107,镇,桥头镇
510303,510303108,镇,莲花镇
510304,510304001,街道,大安街道
510304,510304002,街道,龙井街道
510304,510304003,街道,马冲口街道
510304,510304004,街道,凉高山街道
510304,510304005,街道,和平街道
510304,510304006,街道,凤凰街道
510304,510304100,镇,大山铺镇
510304,510304101,镇,新民镇
510304,510304102,镇,团结镇
510304,510304103,镇,三多寨镇
510304,510304104,镇,何市镇
510304,510304105,镇,新店镇
510304,510304106,镇,牛佛镇
510304,510304107,镇,庙坝镇
510304,510304108,镇,回龙镇
510311,510311001,街道,卫坪街道
510311,510311002,街道,邓关街道
510311,510311100,镇,沿滩镇
510311,510311102,镇,兴隆镇
510311,510311105,镇,富全镇
510311,510311106,镇,永安镇
510311,510311107,镇,联络镇
510311,510311109,镇,王井镇
510311,510311110,镇,黄市镇
510311,510311111,镇,瓦市镇
510311,510311112,镇,仙市镇
510311,510311204,乡,九洪乡
510321,510321001,街道,梧桐街道
510321,510321002,街道,青阳街道
510321,510321100,镇,旭阳镇
510321,510321102,镇,双石镇
510321,510321107,镇,鼎新镇
510321,510321110,镇,乐德镇
510321,510321112,镇,古文镇
510321,510321113,镇,河口镇
510321,510321114,镇,新桥镇
510321,510321115,镇,正紫镇
510321,510321116,镇,度佳镇
510321,510321117,镇,东佳镇
510321,510321118,镇,长山镇
510321,510321119,镇,保华镇
510321,510321120,镇,留佳镇
510321,510321121,镇,来牟镇
510321,510321122,镇,双古镇
510321,510321123,镇,观山镇
510321,510321124,镇,高山镇
510321,510321125,镇,东兴镇
510321,510321126,镇,铁厂镇
510322,510322001,街道,富世街道
510322,510322002,街道,邓井关街道
510322,510322003,街道,东湖街道
510322,510322102,镇,琵琶镇
510322,510322103,镇,狮市镇
510322,510322104,镇,骑龙镇
510322,510322111,镇,代寺镇
510322,510322113,镇,童寺镇
510322,510322114,镇,古佛镇
510322,510322115,镇,永年镇
510322,510322117,镇,兜山镇
510322,510322118,镇,板桥镇
510322,510322119,镇,福善镇
510322,510322120,镇,李桥镇
510322,510322121,镇,赵化镇
510322,510322122,镇,安溪镇
510322,510322124,镇,飞龙镇
510322,510322125,镇,怀德镇
510322,510322126,镇,长滩镇
510322,510322200,乡,龙万乡
510402,510402001,街道,大渡口街道
510402,510402002,街道,炳草岗街道
510402,510402005,街道,弄弄坪街道
510402,510402009,街道,瓜子坪街道
510402,510402010,街道,东华街道
510402,510402100,镇,银江镇
510403,510403001,街道,清香坪街道
510403,510403002,街道,玉泉街道
510403,510403003,街道,河门口街道
510403,510403004,街道,陶家渡街道
510403,510403006,街道,大宝鼎街道
510403,510403100,镇,格里坪镇
510411,510411001,街道,大河中路街道
510411,510411100,镇,仁和镇
510411,510411101,镇,平地镇
510411,510411102,镇,大田镇
510411,510411103,镇,福田镇
510411,510411104,镇,同德镇
510411,510411105,镇,金江镇
510411,510411106,镇,布德镇
510411,510411107,镇,前进镇
510411,510411200,民族乡,大龙潭彝族乡
510411,510411201,民族乡,啊喇彝族乡
510411,510411203,乡,太平乡
510411,510411204,乡,务本乡
510411,510411205,乡,中坝乡
510421,510421100,镇,攀莲镇
510421,510421101,镇,丙谷镇
510421,510421102,镇,得石镇
510421,510421103,镇,撒莲镇
510421,510421106,镇,普威镇
510421,510421112,镇,白马镇
510421,510421113,镇,草场镇
510421,510421213,民族乡,麻陇彝族乡
510421,510421219,民族乡,新山傈僳族乡
510421,510421220,民族乡,湾丘彝族乡
510421,510421221,民族乡,白坡彝族乡
510422,510422100,镇,桐子林镇
510422,510422101,镇,红格镇
510422,510422102,镇,渔门镇
510422,510422103,镇,永兴镇
510422,510422104,镇,新九镇
510422,510422105,镇,惠民镇
510422,510422205,民族乡,红果彝族乡
510422,510422212,乡,共和乡
510422,510422215,乡,国胜乡
510422,510422216,民族乡,红宝苗族彝族乡
510422,510422224,民族乡,温泉彝族乡
510422,510422226,民族乡,格萨拉彝族乡
510422,510422290,乡,益民乡
510502,510502001,街道,南城街道
510502,510502002,街道,北城街道
510502,510502003,街道,大山坪街道
510502,510502004,街道,邻玉街道
510502,510502005,街道,蓝田街道
510502,510502006,街道,茜草街道
510502,510502007,街道,华阳街道
510502,510502009,街道,泰安街道
510502,510502010,街道,况场街道
510502,510502098,街道,张坝街道
510502,510502103,镇,黄舣镇
510502,510502106,镇,通滩镇
510502,510502107,镇,江北镇
510502,510502108,镇,方山镇
510502,510502109,镇,分水岭镇
510502,510502111,镇,丹林镇
510503,510503001,街道,安富街道
510503,510503002,街道,永宁街道
510503,510503003,街道,东升街道
510503,510503100,镇,大渡口镇
510503,510503101,镇,护国镇
510503,510503102,镇,打古镇
510503,510503103,镇,上马镇
510503,510503104,镇,合面镇
510503,510503106,镇,丰乐镇
510503,510503107,镇,白节镇
510503,510503108,镇,天仙镇
510503,510503109,镇,新乐镇
510503,510503111,镇,龙车镇
510503,510503195,镇,棉花坡镇
510504,510504001,街道,小市街道
510504,510504003,街道,红星街道
510504,510504004,街道,莲花池街道
510504,510504005,街道,罗汉街道
510504,510504006,街道,鱼塘街道
510504,510504007,街道,安宁街道
510504,510504008,街道,石洞街道
510504,510504009,街道,特兴街道
510504,510504103,镇,胡市镇
510504,510504106,镇,双加镇
510504,510504107,镇,金龙镇
510521,510521001,街道,玉蟾街道
510521,510521100,镇,福集镇
510521,510521101,镇,嘉明镇
510521,510521102,镇,喻寺镇
510521,510521103,镇,得胜镇
510521,510521105,镇,牛滩镇
510521,510521106,镇,兆雅镇
510521,510521107,镇,玄滩镇
510521,510521108,镇,太伏镇
510521,510521109,镇,云龙镇
510521,510521110,镇,石桥镇
510521,510521111,镇,毗卢镇
510521,510521112,镇,奇峰镇
510521,510521113,镇,潮河镇
510521,510521114,镇,云锦镇
510521,510521115,镇,立石镇
510521,510521116,镇,百和镇
510521,510521117,镇,天兴镇
510521,510521118,镇,方洞镇
510521,510521119,镇,海潮镇
510522,510522001,街道,符阳街道
510522,510522002,街道,临港街道
510522,510522101,镇,望龙镇
510522,510522102,镇,白沙镇
510522,510522104,镇,先市镇
510522,510522105,镇,尧坝镇
510522,510522106,镇,九支镇
510522,510522108,镇,凤鸣镇
510522,510522109,镇,榕山镇
510522,510522110,镇,白鹿镇
510522,510522111,镇,甘雨镇
510522,510522112,镇,福宝镇
510522,510522113,镇,先滩镇
510522,510522115,镇,大桥镇
510522,510522116,镇,车辋镇
510522,510522117,镇,白米镇
510522,510522119,镇,法王寺镇
510522,510522121,镇,神臂城镇
510522,510522124,镇,石龙镇
510522,510522125,镇,真龙镇
510522,510522126,镇,荔江镇
510524,510524100,镇,叙永镇
510524,510524101,镇,江门镇
510524,510524102,镇,马岭镇
510524,510524103,镇,天池镇
510524,510524104,镇,水尾镇
510524,510524105,镇,两河镇
510524,510524106,镇,落卜镇
510524,510524107,镇,后山镇
510524,510524108,镇,分水镇
510524,510524109,镇,摩尼镇
510524,510524110,镇,赤水镇
510524,510524111,镇,观兴镇
510524,510524112,镇,正东镇
510524,510524113,镇,龙凤镇
510524,510524115,镇,麻城镇
510524,510524116,镇,向林镇
510524,510524118,镇,大石镇
510524,510524119,镇,黄坭镇
510524,510524210,民族乡,合乐苗族乡
510524,510524211,民族乡,白腊苗族乡
510524,510524212,民族乡,枧槽苗族乡
510524,510524213,民族乡,水潦彝族乡
510524,510524214,民族乡,石厢子彝族乡
510525,510525001,街道,彰德街道
510525,510525002,街道,金兰街道
510525,510525003,街道,永乐街道
510525,510525101,镇,龙山镇
510525,510525103,镇,太平镇
510525,510525104,镇,二郎镇
510525,510525105,镇,大村镇
510525,510525106,镇,石宝镇
510525,510525107,镇,丹桂镇
510525,510525108,镇,茅溪镇
510525,510525109,镇,观文镇
510525,510525110,镇,白沙场镇
510525,510525111,镇,德耀镇
510525,510525112,镇,石屏镇
510525,510525113,镇,皇华镇
510525,510525117,镇,东新镇
510525,510525118,镇,马蹄镇
510525,510525119,镇,椒园镇
510525,510525121,镇,黄荆镇
510525,510525122,镇,白泥镇
510525,510525195,镇,土城镇
510525,510525209,民族乡,马嘶苗族乡
510525,510525212,民族乡,箭竹苗族乡
510525,510525214,民族乡,大寨苗族乡
510525,510525606,乡,金星乡
510603,510603001,街道,旌阳街道
510603,510603004,街道,旌东街道
510603,510603006,街道,八角井街道
510603,510603009,街道,东湖街道
510603,510603010,街道,天元街道
510603,510603011,街道,孝感街道
510603,510603100,镇,黄许镇
510603,510603101,镇,孝泉镇
510603,510603103,镇,柏隆镇
510603,510603108,镇,德新镇
510603,510603110,镇,双东镇
510603,510603111,镇,新中镇
510603,510603117,镇,和新镇
510604,510604100,镇,万安镇
510604,510604101,镇,鄢家镇
510604,510604102,镇,金山镇
510604,510604103,镇,略坪镇
510604,510604106,镇,调元镇
510604,510604107,镇,新盛镇
510604,510604109,镇,白马关镇
510623,510623100,镇,凯江镇
510623,510623101,镇,南华镇
510623,510623102,镇,回龙镇
510623,510623103,镇,通济镇
510623,510623104,镇,永太镇
510623,510623105,镇,黄鹿镇
510623,510623106,镇,集凤镇
510623,510623107,镇,富兴镇
510623,510623108,镇,辑庆镇
510623,510623109,镇,兴隆镇
510623,510623110,镇,龙台镇
510623,510623111,镇,永安镇
510623,510623113,镇,玉兴镇
510623,510623114,镇,永兴镇
510623,510623115,镇,悦来镇
510623,510623116,镇,继光镇
510623,510623117,镇,仓山镇
510623,510623118,镇,广福镇
510623,510623119,镇,会龙镇
510623,510623120,镇,万福镇
510623,510623121,镇,普兴镇
510623,510623122,镇,联合镇
510623,510623123,镇,冯店镇
510623,510623124,镇,积金镇
510623,510623125,镇,太安镇
510623,510623131,镇,东北镇
510623,510623206,乡,柏树乡
510623,510623207,乡,白果乡
510623,510623214,乡,永丰乡
510623,510623218,乡,通山乡
510623,510623299,乡,石龙乡
510681,510681001,街道,雒城街道
510681,510681002,街道,汉州街道
510681,510681003,街道,金雁街道
510681,510681101,镇,三水镇
510681,510681102,镇,连山镇
510681,510681103,镇,高坪镇
510681,510681105,镇,向阳镇
510681,510681106,镇,小汉镇
510681,510681107,镇,金轮镇
510681,510681114,镇,金鱼镇
510681,510681116,镇,南丰镇
510681,510681117,镇,三星堆镇
510681,510681192,镇,和兴镇
510682,510682001,街道,方亭街道
510682,510682002,街道,雍城街道
510682,510682105,镇,洛水镇
510682,510682106,镇,禾丰镇
510682,510682108,镇,马祖镇
510682,510682110,镇,马井镇
510682,510682111,镇,蓥华镇
510682,510682113,镇,南泉镇
510682,510682114,镇,师古镇
510682,510682116,镇,湔氐镇
510683,510683001,街道,剑南街道
510683,510683002,街道,紫岩街道
510683,510683104,镇,九龙镇
510683,510683106,镇,汉旺镇
510683,510683109,镇,麓棠镇
510683,510683110,镇,广济镇
510683,510683112,镇,玉泉镇
510683,510683115,镇,新市镇
510683,510683116,镇,孝德镇
510683,510683119,镇,富新镇
510683,510683122,镇,什地镇
510683,510683124,镇,清平镇
510703,510703001,街道,城厢街道
510703,510703003,街道,工区街道
510703,510703007,街道,普明街道
510703,510703009,街道,创业园街道
510703,510703010,街道,城郊街道
510703,510703011,街道,石塘街道
510703,510703013,街道,塘汛街道
510703,510703100,镇,丰谷镇
510703,510703103,镇,青义镇
510703,510703106,镇,吴家镇
510703,510703107,镇,杨家镇
510703,510703110,镇,新皂镇
510703,510703113,镇,永兴镇
510704,510704001,街道,涪江街道
510704,510704003,街道,富乐街道
510704,510704006,街道,科学城春雷街道
510704,510704009,街道,游仙街道
510704,510704101,镇,石马镇
510704,510704102,镇,新桥镇
510704,510704104,镇,魏城镇
510704,510704105,镇,沉抗镇
510704,510704106,镇,忠兴镇
510704,510704112,镇,松垭镇
510704,510704121,镇,小枧镇
510704,510704122,镇,信义镇
510704,510704123,镇,仙鹤镇
510704,510704124,镇,盐泉镇
510705,510705100,镇,花荄镇
510705,510705102,镇,桑枣镇
510705,510705103,镇,黄土镇
510705,510705104,镇,塔水镇
510705,510705105,镇,秀水镇
510705,510705106,镇,河清镇
510705,510705108,镇,界牌镇
510705,510705110,镇,雎水镇
510705,510705116,镇,千佛镇
510705,510705204,乡,高川乡
510722,510722101,镇,潼川镇
510722,510722104,镇,塔山镇
510722,510722106,镇,龙树镇
510722,510722107,镇,石安镇
510722,510722108,镇,富顺镇
510722,510722109,镇,三元镇
510722,510722110,镇,秋林镇
510722,510722112,镇,新德镇
510722,510722113,镇,新生镇
510722,510722114,镇,鲁班镇
510722,510722115,镇,景福镇
510722,510722116,镇,紫河镇
510722,510722118,镇,观桥镇
510722,510722119,镇,郪江镇
510722,510722120,镇,中新镇
510722,510722121,镇,古井镇
510722,510722123,镇,西平镇
510722,510722124,镇,八洞镇
510722,510722126,镇,乐安镇
510722,510722127,镇,建平镇
510722,510722131,镇,中太镇
510722,510722132,镇,金石镇
510722,510722133,镇,新鲁镇
510722,510722135,镇,刘营镇
510722,510722136,镇,灵兴镇
510722,510722137,镇,芦溪镇
510722,510722138,镇,立新镇
510722,510722140,镇,永明镇
510722,510722141,镇,建中镇
510722,510722145,镇,老马镇
510722,510722151,镇,北坝镇
510722,510722201,乡,忠孝乡
510722,510722204,乡,断石乡
510723,510723002,街道,凤灵街道
510723,510723100,镇,云溪镇
510723,510723101,镇,玉龙镇
510723,510723102,镇,富驿镇
510723,510723103,镇,金孔镇
510723,510723105,镇,黄甸镇
510723,510723113,镇,巨龙镇
510723,510723114,镇,高渠镇
510723,510723115,镇,鹅溪镇
510723,510723116,镇,岐伯镇
510723,510723117,镇,文通镇
510723,510723118,镇,永泰镇
510723,510723119,镇,九龙镇
510723,510723120,镇,西陵镇
510723,510723121,镇,嫘祖镇
510723,510723211,民族乡,大兴回族乡
510723,510723222,乡,莲花湖乡
510725,510725100,镇,文昌镇
510725,510725101,镇,长卿镇
510725,510725102,镇,许州镇
510725,510725103,镇,黎雅镇
510725,510725105,镇,卧龙镇
510725,510725106,镇,观义镇
510725,510725107,镇,玛瑙镇
510725,510725108,镇,石牛镇
510725,510725109,镇,自强镇
510725,510725110,镇,仁和镇
510725,510725111,镇,双板镇
510725,510725112,镇,金龙镇
510725,510725113,镇,文兴镇
510725,510725114,镇,演武镇
510725,510725118,镇,宏仁镇
510725,510725217,乡,宝石乡
510726,510726100,镇,曲山镇
510726,510726101,镇,擂鼓镇
510726,510726104,镇,永安镇
510726,510726105,镇,永昌镇
510726,510726106,镇,禹里镇
510726,510726107,镇,桂溪镇
510726,510726108,镇,小坝镇
510726,510726109,镇,陈家坝镇
510726,510726110,镇,通泉镇
510726,510726206,乡,漩坪乡
510726,510726207,乡,白坭乡
510726,510726209,民族乡,桃龙藏族乡
510726,510726210,乡,片口乡
510726,510726211,乡,开坪乡
510726,510726212,乡,坝底乡
510726,510726214,乡,马槽乡
510726,510726215,乡,白什乡
510726,510726216,乡,青片乡
510726,510726217,乡,都贯乡
510727,510727100,镇,龙安镇
510727,510727101,镇,古城镇
510727,510727103,镇,响岩镇
510727,510727107,镇,大桥镇
510727,510727108,镇,水晶镇
510727,510727109,镇,江油关镇
510727,510727200,乡,高村乡
510727,510727202,乡,坝子乡
510727,510727206,民族乡,锁江羌族乡
510727,510727207,民族乡,土城藏族乡
510727,510727208,民族乡,旧堡羌族乡
510727,510727209,民族乡,阔达藏族乡
510727,510727210,民族乡,黄羊关藏族乡
510727,510727211,民族乡,虎牙藏族乡
510727,510727212,民族乡,泗耳藏族乡
510727,510727213,民族乡,白马藏族乡
510727,510727214,民族乡,木座藏族乡
510727,510727215,民族乡,木皮藏族乡
510727,510727216,民族乡,豆叩羌族乡
510727,510727217,民族乡,平通羌族乡
510781,510781006,街道,中坝街道
510781,510781101,镇,太平镇
510781,510781102,镇,三合镇
510781,510781103,镇,含增镇
510781,510781104,镇,青莲镇
510781,510781105,镇,彰明镇
510781,510781106,镇,龙凤镇
510781,510781107,镇,武都镇
510781,510781108,镇,大康镇
510781,510781109,镇,新安镇
510781,510781110,镇,战旗镇
510781,510781111,镇,双河镇
510781,510781112,镇,永胜镇
510781,510781113,镇,小溪坝镇
510781,510781114,镇,河口镇
510781,510781115,镇,重华镇
510781,510781116,镇,厚坝镇
510781,510781117,镇,二郎庙镇
510781,510781118,镇,马角镇
510781,510781119,镇,雁门镇
510781,510781122,镇,大堰镇
510781,510781124,镇,西屏镇
510781,510781125,镇,方水镇
510781,510781219,乡,枫顺乡
510802,510802001,街道,东坝街道
510802,510802002,街道,嘉陵街道
510802,510802004,街道,雪峰街道
510802,510802007,街道,河西街道
510802,510802009,街道,上西街道
510802,510802010,街道,南河街道
510802,510802011,街道,万缘街道
510802,510802100,镇,荣山镇
510802,510802101,镇,大石镇
510802,510802102,镇,盘龙镇
510802,510802103,镇,宝轮镇
510802,510802105,镇,三堆镇
510802,510802200,乡,白朝乡
510802,510802201,乡,金洞乡
510802,510802202,乡,龙潭乡
510811,510811100,镇,元坝镇
510811,510811101,镇,卫子镇
510811,510811102,镇,王家镇
510811,510811103,镇,磨滩镇
510811,510811104,镇,柏林沟镇
510811,510811105,镇,太公镇
510811,510811106,镇,虎跳镇
510811,510811107,镇,红岩镇
510811,510811108,镇,昭化镇
510811,510811111,镇,青牛镇
510811,510811112,镇,射箭镇
510811,510811113,镇,清水镇
510812,510812100,镇,朝天镇
510812,510812101,镇,大滩镇
510812,510812102,镇,羊木镇
510812,510812103,镇,曾家镇
510812,510812104,镇,中子镇
510812,510812105,镇,沙河镇
510812,510812109,镇,两河口镇
510812,510812110,镇,云雾山镇
510812,510812111,镇,水磨沟镇
510812,510812112,镇,李家镇
510812,510812214,乡,麻柳乡
510812,510812215,乡,临溪乡
510821,510821100,镇,东河镇
510821,510821101,镇,嘉川镇
510821,510821102,镇,木门镇
510821,510821103,镇,白水镇
510821,510821105,镇,张华镇
510821,510821106,镇,黄洋镇
510821,510821107,镇,普济镇
510821,510821108,镇,三江镇
510821,510821110,镇,五权镇
510821,510821111,镇,高阳镇
510821,510821112,镇,双汇镇
510821,510821113,镇,英萃镇
510821,510821114,镇,国华镇
510821,510821115,镇,九龙镇
510821,510821116,镇,龙凤镇
510821,510821117,镇,米仓山镇
510821,510821118,镇,大德镇
510821,510821119,镇,大两镇
510821,510821120,镇,水磨镇
510821,510821121,镇,盐河镇
510821,510821122,镇,天星镇
510821,510821204,乡,燕子乡
510821,510821207,乡,檬子乡
510822,510822100,镇,乔庄镇
510822,510822101,镇,青溪镇
510822,510822102,镇,房石镇
510822,510822103,镇,关庄镇
510822,510822104,镇,凉水镇
510822,510822105,镇,竹园镇
510822,510822106,镇,木鱼镇
510822,510822107,镇,沙州镇
510822,510822108,镇,姚渡镇
510822,510822109,镇,三锅镇
510822,510822111,镇,建峰镇
510822,510822112,镇,乐安镇
510822,510822203,乡,茶坝乡
510822,510822207,民族乡,蒿溪回族乡
510822,510822210,乡,曲河乡
510822,510822212,乡,石坝乡
510822,510822216,民族乡,大院回族乡
510822,510822220,乡,七佛乡
510822,510822224,乡,骑马乡
510822,510822225,乡,观音店乡
510823,510823100,镇,普安镇
510823,510823101,镇,龙源镇
510823,510823103,镇,盐店镇
510823,510823104,镇,柳沟镇
510823,510823105,镇,武连镇
510823,510823106,镇,东宝镇
510823,510823107,镇,开封镇
510823,510823108,镇,元山镇
510823,510823109,镇,演圣镇
510823,510823110,镇,王河镇
510823,510823111,镇,公兴镇
510823,510823112,镇,金仙镇
510823,510823113,镇,香沉镇
510823,510823114,镇,白龙镇
510823,510823115,镇,鹤龄镇
510823,510823116,镇,杨村镇
510823,510823117,镇,羊岭镇
510823,510823118,镇,江口镇
510823,510823119,镇,木马镇
510823,510823120,镇,剑门关镇
510823,510823121,镇,汉阳镇
510823,510823122,镇,下寺镇
510823,510823123,镇,张王镇
510823,510823125,镇,店子镇
510823,510823126,镇,涂山镇
510823,510823127,镇,姚家镇
510823,510823128,镇,义兴镇
510823,510823210,乡,秀钟乡
510823,510823228,乡,樵店乡
510824,510824100,镇,陵江镇
510824,510824102,镇,云峰镇
510824,510824104,镇,东青镇
510824,510824105,镇,白桥镇
510824,510824107,镇,五龙镇
510824,510824108,镇,永宁镇
510824,510824109,镇,鸳溪镇
510824,510824110,镇,三川镇
510824,510824111,镇,龙王镇
510824,510824112,镇,元坝镇
510824,510824113,镇,唤马镇
510824,510824114,镇,歧坪镇
510824,510824115,镇,白驿镇
510824,510824116,镇,漓江镇
510824,510824117,镇,文昌镇
510824,510824118,镇,岳东镇
510824,510824119,镇,石马镇
510824,510824120,镇,运山镇
510824,510824121,镇,东溪镇
510824,510824122,镇,高坡镇
510824,510824123,镇,龙山镇
510824,510824125,镇,亭子镇
510824,510824126,镇,百利镇
510824,510824127,镇,黄猫垭镇
510824,510824128,镇,河地镇
510824,510824208,乡,白鹤乡
510824,510824209,乡,浙水乡
510824,510824223,乡,月山乡
510824,510824226,乡,白山乡
510824,510824228,乡,彭店乡
510824,510824229,乡,桥溪乡
510903,510903001,街道,凯旋路街道
510903,510903002,街道,南津路街道
510903,510903004,街道,镇江寺街道
510903,510903005,街道,育才路街道
510903,510903006,街道,介福路街道
510903,510903007,街道,嘉禾街道
510903,510903008,街道,广德街道
510903,510903009,街道,九莲街道
510903,510903011,街道,富源路街道
510903,510903012,街道,灵泉街道
510903,510903013,街道,慈音街道
510903,510903014,街道,南强街道
510903,510903016,街道,西宁街道
510903,510903017,街道,杨渡街道
510903,510903093,街道,高升街街道
510903,510903101,镇,仁里镇
510903,510903103,镇,河沙镇
510903,510903104,镇,新桥镇
510903,510903105,镇,桂花镇
510903,510903110,镇,龙凤镇
510903,510903111,镇,永兴镇
510903,510903112,镇,老池镇
510903,510903113,镇,保升镇
510903,510903114,镇,北固镇
510903,510903202,乡,唐家乡
510904,510904001,街道,柔刚街道
510904,510904002,街道,凤凰街道
510904,510904101,镇,安居镇
510904,510904102,镇,白马镇
510904,510904103,镇,中兴镇
510904,510904104,镇,横山镇
510904,510904105,镇,会龙镇
510904,510904106,镇,东禅镇
510904,510904107,镇,分水镇
510904,510904108,镇,石洞镇
510904,510904109,镇,拦江镇
510904,510904110,镇,保石镇
510904,510904111,镇,三家镇
510904,510904112,镇,玉丰镇
510904,510904113,镇,西眉镇
510904,510904114,镇,磨溪镇
510904,510904115,镇,聚贤镇
510904,510904116,镇,常理镇
510921,510921001,街道,普安街道
510921,510921100,镇,赤城镇
510921,510921101,镇,新会镇
510921,510921102,镇,文井镇
510921,510921103,镇,明月镇
510921,510921104,镇,常乐镇
510921,510921105,镇,天福镇
510921,510921106,镇,红江镇
510921,510921107,镇,宝梵镇
510921,510921108,镇,大石镇
510921,510921109,镇,吉祥镇
510921,510921110,镇,鸣凤镇
510921,510921111,镇,任隆镇
510921,510921112,镇,三凤镇
510921,510921114,镇,蓬南镇
510921,510921115,镇,群利镇
510921,510921117,镇,金桥镇
510921,510921118,镇,槐花镇
510921,510921207,乡,荷叶乡
510921,510921213,乡,高升乡
510923,510923001,街道,盐井街道
510923,510923101,镇,隆盛镇
510923,510923102,镇,回马镇
510923,510923103,镇,天保镇
510923,510923104,镇,河边镇
510923,510923105,镇,卓筒井镇
510923,510923106,镇,玉峰镇
510923,510923107,镇,象山镇
510923,510923108,镇,蓬莱镇
510923,510923112,镇,金元镇
510981,510981001,街道,平安街道
510981,510981002,街道,太和街道
510981,510981101,镇,大榆镇
510981,510981102,镇,广兴镇
510981,510981103,镇,金华镇
510981,510981104,镇,沱牌镇
510981,510981105,镇,太乙镇
510981,510981106,镇,金家镇
510981,510981107,镇,复兴镇
510981,510981108,镇,天仙镇
510981,510981109,镇,仁和镇
510981,510981110,镇,青岗镇
510981,510981111,镇,洋溪镇
510981,510981112,镇,香山镇
510981,510981113,镇,明星镇
510981,510981114,镇,涪西镇
510981,510981117,镇,潼射镇
510981,510981118,镇,曹碑镇
510981,510981119,镇,官升镇
510981,510981120,镇,文升镇
510981,510981121,镇,东岳镇
510981,510981122,镇,瞿河镇
510981,510981123,镇,武安镇
511002,511002001,街道,城东街道
511002,511002003,街道,城西街道
511002,511002004,街道,玉溪街道
511002,511002005,街道,牌楼街道
511002,511002006,街道,壕子口街道
511002,511002007,街道,乐贤街道
511002,511002100,镇,白马镇
511002,511002101,镇,史家镇
511002,511002102,镇,凌家镇
511002,511002103,镇,朝阳镇
511002,511002104,镇,永安镇
511002,511002105,镇,全安镇
511002,511002106,镇,靖民镇
511002,511002110,镇,交通镇
511002,511002113,镇,龙门镇
511011,511011001,街道,东兴街道
511011,511011002,街道,西林街道
511011,511011003,街道,新江街道
511011,511011004,街道,胜利街道
511011,511011005,街道,高桥街道
511011,511011100,镇,田家镇
511011,511011101,镇,郭北镇
511011,511011102,镇,高梁镇
511011,511011103,镇,白合镇
511011,511011104,镇,顺河镇
511011,511011107,镇,双才镇
511011,511011109,镇,杨家镇
511011,511011110,镇,椑木镇
511011,511011111,镇,石子镇
511011,511011113,镇,永兴镇
511011,511011114,镇,平坦镇
511011,511011117,镇,双桥镇
511011,511011118,镇,富溪镇
511011,511011120,镇,永福镇
511024,511024100,镇,严陵镇
511024,511024102,镇,新店镇
511024,511024103,镇,向义镇
511024,511024104,镇,界牌镇
511024,511024105,镇,龙会镇
511024,511024106,镇,高石镇
511024,511024107,镇,东联镇
511024,511024109,镇,镇西镇
511024,511024111,镇,山王镇
511024,511024113,镇,观英滩镇
511024,511024114,镇,新场镇
511024,511024115,镇,连界镇
511024,511024116,镇,越溪镇
511024,511024119,镇,小河镇
511025,511025100,镇,重龙镇
511025,511025102,镇,归德镇
511025,511025103,镇,鱼溪镇
511025,511025105,镇,铁佛镇
511025,511025106,镇,球溪镇
511025,511025108,镇,龙结镇
511025,511025109,镇,罗泉镇
511025,511025110,镇,发轮镇
511025,511025112,镇,银山镇
511025,511025114,镇,太平镇
511025,511025116,镇,水南镇
511025,511025118,镇,新桥镇
511025,511025119,镇,明心寺镇
511025,511025120,镇,双河镇
511025,511025121,镇,公民镇
511025,511025122,镇,龙江镇
511025,511025123,镇,双龙镇
511025,511025124,镇,高楼镇
511025,511025125,镇,陈家镇
511025,511025128,镇,孟塘镇
511025,511025129,镇,马鞍镇
511025,511025130,镇,狮子镇
511083,511083001,街道,古湖街道
511083,511083002,街道,金鹅街道
511083,511083101,镇,响石镇
511083,511083102,镇,圣灯镇
511083,511083103,镇,黄家镇
511083,511083104,镇,双凤镇
511083,511083105,镇,龙市镇
511083,511083106,镇,迎祥镇
511083,511083107,镇,界市镇
511083,511083108,镇,石碾镇
511083,511083111,镇,石燕桥镇
511083,511083113,镇,胡家镇
511083,511083114,镇,云顶镇
511083,511083115,镇,普润镇
511083,511083199,镇,周兴镇
511102,511102004,街道,大佛街道
511102,511102007,街道,通江街道
511102,511102008,街道,海棠街道
511102,511102009,街道,绿心街道
511102,511102010,街道,全福街道
511102,511102101,镇,牟子镇
511102,511102102,镇,土主镇
511102,511102103,镇,白马镇
511102,511102104,镇,茅桥镇
511102,511102105,镇,青平镇
511102,511102106,镇,苏稽镇
511102,511102107,镇,水口镇
511102,511102108,镇,安谷镇
511102,511102109,镇,棉竹镇
511102,511102116,镇,平兴镇
511102,511102117,镇,悦来镇
511102,511102118,镇,剑峰镇
511111,511111002,街道,铜河街道
511111,511111100,镇,沙湾镇
511111,511111101,镇,嘉农镇
511111,511111102,镇,太平镇
511111,511111103,镇,福禄镇
511111,511111104,镇,牛石镇
511111,511111106,镇,葫芦镇
511111,511111107,镇,踏水镇
511111,511111108,镇,轸溪镇
511111,511111195,镇,龚嘴镇
511111,511111293,乡,铜茨乡
511112,511112100,镇,竹根镇
511112,511112101,镇,牛华镇
511112,511112104,镇,金粟镇
511112,511112105,镇,金山镇
511112,511112107,镇,西坝镇
511112,511112108,镇,冠英镇
511112,511112109,镇,蔡金镇
511112,511112110,镇,石麟镇
511113,511113100,镇,永和镇
511113,511113101,镇,金河镇
511113,511113200,民族乡,和平彝族乡
511113,511113201,民族乡,共安彝族乡
511113,511113203,乡,永胜乡
511123,511123100,镇,玉津镇
511123,511123101,镇,孝姑镇
511123,511123102,镇,石溪镇
511123,511123103,镇,清溪镇
511123,511123105,镇,罗城镇
511123,511123106,镇,芭沟镇
511123,511123107,镇,龙孔镇
511123,511123108,镇,定文镇
511123,511123112,镇,舞雩镇
511123,511123113,镇,玉屏镇
511123,511123114,镇,大兴镇
511123,511123115,镇,九井镇
511123,511123116,镇,铁炉镇
511123,511123117,镇,寿保镇
511123,511123118,镇,双溪镇
511123,511123291,乡,下渡乡
511123,511123294,乡,塘坝乡
511123,511123295,乡,马庙乡
511124,511124001,街道,研城街道
511124,511124101,镇,马踏镇
511124,511124102,镇,竹园镇
511124,511124103,镇,研经镇
511124,511124104,镇,周坡镇
511124,511124105,镇,千佛镇
511124,511124106,镇,王村镇
511124,511124107,镇,三江镇
511124,511124108,镇,东林镇
511124,511124110,镇,集益镇
511124,511124111,镇,纯复镇
511124,511124112,镇,宝五镇
511124,511124113,镇,镇阳镇
511124,511124114,镇,高凤镇
511124,511124115,镇,门坎镇
511126,511126001,街道,漹城街道
511126,511126002,街道,青衣街道
511126,511126101,镇,黄土镇
511126,511126102,镇,甘江镇
511126,511126106,镇,吴场镇
511126,511126107,镇,木城镇
511126,511126108,镇,华头镇
511126,511126110,镇,新场镇
511126,511126111,镇,马村镇
511129,511129100,镇,沐溪镇
511129,511129101,镇,永福镇
511129,511129102,镇,大楠镇
511129,511129103,镇,箭板镇
511129,511129104,镇,舟坝镇
511129,511129105,镇,黄丹镇
511129,511129106,镇,利店镇
511129,511129107,镇,富新镇
511129,511129205,乡,底堡乡
511129,511129206,乡,杨村乡
511129,511129207,乡,高笋乡
511129,511129208,乡,茨竹乡
511129,511129210,乡,武圣乡
511132,511132100,镇,沙坪镇
511132,511132101,镇,大堡镇
511132,511132102,镇,毛坪镇
511132,511132103,镇,五渡镇
511132,511132104,镇,新林镇
511132,511132105,镇,黑竹沟镇
511132,511132106,镇,红旗镇
511132,511132201,乡,宜坪乡
511132,511132206,乡,杨河乡
511132,511132208,乡,新场乡
511132,511132209,乡,平等乡
511132,511132211,乡,金岩乡
511132,511132212,乡,勒乌乡
511133,511133100,镇,民建镇
511133,511133101,镇,荣丁镇
511133,511133102,镇,烟峰镇
511133,511133103,镇,苏坝镇
511133,511133104,镇,下溪镇
511133,511133105,镇,劳动镇
511133,511133106,镇,荍坝镇
511133,511133107,镇,建设镇
511133,511133108,镇,民主镇
511133,511133109,镇,梅林镇
511133,511133110,镇,雪口山镇
511133,511133111,镇,三河口镇
511133,511133211,乡,大竹堡乡
511133,511133223,乡,高卓营乡
511133,511133226,乡,永红乡
511181,511181001,街道,胜利街道
511181,511181002,街道,峨山街道
511181,511181100,镇,绥山镇
511181,511181101,镇,高桥镇
511181,511181102,镇,罗目镇
511181,511181103,镇,九里镇
511181,511181104,镇,龙池镇
511181,511181106,镇,符溪镇
511181,511181108,镇,双福镇
511181,511181109,镇,桂花桥镇
511181,511181110,镇,大为镇
511181,511181112,镇,黄湾镇
511181,511181200,乡,龙门乡
511302,511302001,街道,中城街道
511302,511302002,街道,北城街道
511302,511302003,街道,西城街道
511302,511302004,街道,东南街道
511302,511302005,街道,和平路街道
511302,511302006,街道,舞凤街道
511302,511302007,街道,新建街道
511302,511302008,街道,华凤街道
511302,511302009,街道,潆溪街道
511302,511302010,街道,荆溪街道
511302,511302011,街道,西山街道
511302,511302012,街道,搬罾街道
511302,511302104,镇,共兴镇
511302,511302105,镇,金台镇
511302,511302106,镇,芦溪镇
511302,511302107,镇,李家镇
511302,511302108,镇,双桥镇
511302,511302109,镇,渔溪镇
511302,511302200,乡,新复乡
511303,511303001,街道,白塔街道
511303,511303002,街道,清溪街道
511303,511303004,街道,小龙街道
511303,511303005,街道,青莲街道
511303,511303006,街道,龙门街道
511303,511303007,街道,都京街道
511303,511303008,街道,螺溪街道
511303,511303009,街道,老君街道
511303,511303103,镇,江陵镇
511303,511303104,镇,擦耳镇
511303,511303106,镇,东观镇
511303,511303107,镇,长乐镇
511303,511303108,镇,胜观镇
511303,511303110,镇,阙家镇
511303,511303111,镇,石圭镇
511303,511303112,镇,青居镇
511303,511303115,镇,会龙镇
511303,511303117,镇,走马镇
511303,511303211,乡,佛门乡
511304,511304001,街道,火花街道
511304,511304002,街道,文峰街道
511304,511304004,街道,都尉街道
511304,511304005,街道,西兴街道
511304,511304006,街道,南湖街道
511304,511304101,镇,曲水镇
511304,511304102,镇,李渡镇
511304,511304103,镇,吉安镇
511304,511304104,镇,龙岭镇
511304,511304105,镇,金凤镇
511304,511304106,镇,安福镇
511304,511304107,镇,安平镇
511304,511304108,镇,世阳镇
511304,511304109,镇,大通镇
511304,511304110,镇,一立镇
511304,511304111,镇,龙蟠镇
511304,511304112,镇,里坝镇
511304,511304114,镇,金宝镇
511304,511304115,镇,三会镇
511304,511304117,镇,双桂镇
511304,511304119,镇,七宝寺镇
511304,511304122,镇,河西镇
511304,511304215,乡,盐溪乡
511304,511304220,乡,大兴乡
511321,511321001,街道,滨江街道
511321,511321002,街道,蜀北街道
511321,511321003,街道,满福街道
511321,511321004,街道,南隆街道
511321,511321102,镇,老鸦镇
511321,511321103,镇,永定镇
511321,511321104,镇,碑院镇
511321,511321105,镇,谢河镇
511321,511321106,镇,盘龙镇
511321,511321107,镇,铁佛塘镇
511321,511321108,镇,石河镇
511321,511321110,镇,王家镇
511321,511321111,镇,富利镇
511321,511321112,镇,楠木镇
511321,511321113,镇,长坪镇
511321,511321114,镇,东坝镇
511321,511321115,镇,河坝镇
511321,511321116,镇,定水镇
511321,511321117,镇,大王镇
511321,511321118,镇,黄金镇
511321,511321119,镇,流马镇
511321,511321120,镇,建兴镇
511321,511321121,镇,三官镇
511321,511321122,镇,伏虎镇
511321,511321123,镇,双佛镇
511321,511321124,镇,花罐镇
511321,511321125,镇,大桥镇
511321,511321126,镇,大河镇
511321,511321127,镇,万年镇
511321,511321128,镇,升钟镇
511321,511321129,镇,升水镇
511321,511321130,镇,大坪镇
511321,511321131,镇,神坝镇
511321,511321132,镇,八尔湖镇
511321,511321133,镇,石龙镇
511321,511321134,镇,西水镇
511321,511321136,镇,桐坪镇
511321,511321211,乡,五灵乡
511321,511321230,乡,小元乡
511321,511321234,乡,宏观乡
511321,511321239,乡,双峰乡
511321,511321244,乡,太霞乡
511322,511322001,街道,绥安街道
511322,511322002,街道,朗池街道
511322,511322003,街道,城南街道
511322,511322101,镇,渌井镇
511322,511322102,镇,东升镇
511322,511322103,镇,骆市镇
511322,511322104,镇,黄渡镇
511322,511322105,镇,小桥镇
511322,511322106,镇,灵鹫镇
511322,511322107,镇,老林镇
511322,511322108,镇,木垭镇
511322,511322109,镇,消水镇
511322,511322110,镇,双流镇
511322,511322111,镇,绿水镇
511322,511322113,镇,蓼叶镇
511322,511322114,镇,新店镇
511322,511322115,镇,回龙镇
511322,511322116,镇,星火镇
511322,511322117,镇,西桥镇
511322,511322120,镇,望龙湖镇
511322,511322121,镇,青山镇
511322,511322208,乡,木顶乡
511322,511322212,乡,明德乡
511322,511322215,乡,太蓬乡
511322,511322216,乡,柏林乡
511322,511322220,乡,悦中乡
511322,511322223,乡,大庙乡
511322,511322225,乡,安化乡
511322,511322229,乡,清水乡
511323,511323003,街道,相如街道
511323,511323004,街道,周口街道
511323,511323101,镇,锦屏镇
511323,511323102,镇,巨龙镇
511323,511323103,镇,正源镇
511323,511323107,镇,河舒镇
511323,511323108,镇,利溪镇
511323,511323109,镇,龙蚕镇
511323,511323110,镇,杨家镇
511323,511323112,镇,福德镇
511323,511323113,镇,银汉镇
511323,511323114,镇,兴旺镇
511323,511323116,镇,金溪镇
511323,511323117,镇,罗家镇
511323,511323118,镇,徐家镇
511323,511323119,镇,睦坝镇
511323,511323195,镇,相如镇
511323,511323208,乡,平头乡
511323,511323209,乡,鲜店乡
511323,511323217,乡,新园乡
511323,511323222,乡,石孔乡
511323,511323232,乡,金甲乡
511324,511324001,街道,度门街道
511324,511324100,镇,金城镇
511324,511324101,镇,新政镇
511324,511324102,镇,马鞍镇
511324,511324103,镇,永乐镇
511324,511324104,镇,日兴镇
511324,511324105,镇,土门镇
511324,511324106,镇,复兴镇
511324,511324107,镇,观紫镇
511324,511324108,镇,先锋镇
511324,511324109,镇,三蛟镇
511324,511324110,镇,回春镇
511324,511324111,镇,柳垭镇
511324,511324112,镇,义路镇
511324,511324113,镇,立山镇
511324,511324114,镇,三河镇
511324,511324115,镇,瓦子镇
511324,511324116,镇,大寅镇
511324,511324117,镇,二道镇
511324,511324118,镇,赛金镇
511324,511324119,镇,丁字桥镇
511324,511324120,镇,大仪镇
511324,511324121,镇,张公镇
511324,511324122,镇,五福镇
511324,511324124,镇,杨桥镇
511324,511324125,镇,保平镇
511324,511324126,镇,文星镇
511324,511324127,镇,双胜镇
511324,511324129,镇,永光镇
511324,511324130,镇,思德镇
511324,511324202,乡,铜鼓乡
511324,511324207,乡,凤仪乡
511324,511324210,乡,福临乡
511324,511324212,乡,来仪乡
511324,511324226,乡,板桥乡
511324,511324230,乡,芭蕉乡
511324,511324241,乡,柴井乡
511325,511325001,街道,南台街道
511325,511325002,街道,晋城街道
511325,511325101,镇,太平镇
511325,511325102,镇,大全镇
511325,511325103,镇,仙林镇
511325,511325104,镇,古楼镇
511325,511325105,镇,义兴镇
511325,511325106,镇,关文镇
511325,511325107,镇,凤鸣镇
511325,511325108,镇,青狮镇
511325,511325109,镇,槐树镇
511325,511325110,镇,鸣龙镇
511325,511325111,镇,双凤镇
511325,511325112,镇,高院镇
511325,511325113,镇,仁和镇
511325,511325114,镇,多扶镇
511325,511325115,镇,莲池镇
511325,511325116,镇,常林镇
511325,511325203,乡,占山乡
511325,511325220,乡,罐垭乡
511325,511325226,乡,祥龙乡
511325,511325227,乡,车龙乡
511325,511325229,乡,东太乡
511381,511381001,街道,保宁街道
511381,511381002,街道,七里街道
511381,511381003,街道,沙溪街道
511381,511381004,街道,江南街道
511381,511381005,街道,河溪街道
511381,511381103,镇,彭城镇
511381,511381104,镇,玉台镇
511381,511381105,镇,柏垭镇
511381,511381106,镇,飞凤镇
511381,511381107,镇,思依镇
511381,511381108,镇,文成镇
511381,511381109,镇,二龙镇
511381,511381110,镇,石滩镇
511381,511381111,镇,老观镇
511381,511381112,镇,龙泉镇
511381,511381113,镇,千佛镇
511381,511381114,镇,望垭镇
511381,511381116,镇,妙高镇
511381,511381117,镇,洪山镇
511381,511381120,镇,水观镇
511381,511381121,镇,金垭镇
511381,511381124,镇,五马镇
511381,511381125,镇,木兰镇
511381,511381126,镇,天宫镇
511381,511381207,乡,鹤峰乡
511381,511381212,乡,桥楼乡
511381,511381214,乡,峰占乡
511381,511381219,民族乡,博树回族乡
511402,511402001,街道,通惠街道
511402,511402002,街道,大石桥街道
511402,511402003,街道,苏祠街道
511402,511402102,镇,太和镇
511402,511402104,镇,尚义镇
511402,511402105,镇,多悦镇
511402,511402106,镇,秦家镇
511402,511402110,镇,修文镇
511402,511402112,镇,松江镇
511402,511402113,镇,崇礼镇
511402,511402114,镇,富牛镇
511402,511402115,镇,永寿镇
511402,511402118,镇,万胜镇
511402,511402119,镇,思蒙镇
511402,511402120,镇,三苏镇
511402,511402121,镇,复兴镇
511403,511403001,街道,凤鸣街道
511403,511403003,街道,青龙街道
511403,511403004,街道,观音街道
511403,511403006,街道,谢家街道
511403,511403007,街道,江口街道
511403,511403103,镇,公义镇
511403,511403107,镇,黄丰镇
511403,511403110,镇,锦江镇
511421,511421001,街道,文林街道
511421,511421002,街道,普宁街道
511421,511421003,街道,怀仁街道
511421,511421004,街道,视高街道
511421,511421101,镇,大化镇
511421,511421102,镇,文宫镇
511421,511421103,镇,高家镇
511421,511421104,镇,富加镇
511421,511421105,镇,汪洋镇
511421,511421106,镇,钟祥镇
511421,511421107,镇,始建镇
511421,511421108,镇,彰加镇
511421,511421109,镇,慈航镇
511421,511421110,镇,龙正镇
511421,511421111,镇,北斗镇
511421,511421112,镇,禾加镇
511421,511421114,镇,禄加镇
511421,511421115,镇,宝飞镇
511421,511421116,镇,龙马镇
511421,511421117,镇,方家镇
511421,511421120,镇,满井镇
511421,511421121,镇,黑龙滩镇
511421,511421125,镇,宝马镇
511421,511421126,镇,珠嘉镇
511421,511421128,镇,曹家镇
511421,511421142,镇,谢安镇
511421,511421143,镇,新店镇
511421,511421144,镇,藕塘镇
511421,511421145,镇,板桥镇
511421,511421146,镇,贵平镇
511421,511421190,镇,文林镇
511421,511421202,乡,青岗乡
511421,511421206,乡,虞丞乡
511423,511423100,镇,洪川镇
511423,511423101,镇,止戈镇
511423,511423103,镇,余坪镇
511423,511423105,镇,槽渔滩镇
511423,511423106,镇,中保镇
511423,511423107,镇,东岳镇
511423,511423109,镇,柳江镇
511423,511423110,镇,高庙镇
511423,511423111,镇,瓦屋山镇
511423,511423112,镇,七里坪镇
511423,511423113,镇,将军镇
511423,511423114,镇,中山镇
511424,511424101,镇,杨场镇
511424,511424102,镇,仁美镇
511424,511424104,镇,张场镇
511424,511424105,镇,齐乐镇
511424,511424204,乡,顺龙乡
511425,511425001,街道,青竹街道
511425,511425101,镇,瑞峰镇
511425,511425102,镇,汉阳镇
511425,511425104,镇,西龙镇
511425,511425108,镇,高台镇
511425,511425202,乡,白果乡
511425,511425208,乡,罗波乡
511502,511502006,街道,西郊街道
511502,511502007,街道,安阜街道
511502,511502008,街道,白沙湾街道
511502,511502009,街道,象鼻街道
511502,511502011,街道,沙坪街道
511502,511502013,街道,双城街道
511502,511502014,街道,合江门街道
511502,511502015,街道,大观楼街道
511502,511502101,镇,李庄镇
511502,511502102,镇,菜坝镇
511502,511502104,镇,金坪镇
511502,511502108,镇,牟坪镇
511502,511502109,镇,李端镇
511502,511502110,镇,宗场镇
511502,511502112,镇,宋家镇
511502,511502113,镇,思坡镇
511502,511502118,镇,白花镇
511502,511502119,镇,永兴镇
511502,511502120,镇,双谊镇
511502,511502121,镇,金秋湖镇
511503,511503001,街道,南溪街道
511503,511503002,街道,罗龙街道
511503,511503003,街道,仙源街道
511503,511503004,街道,裴石街道
511503,511503102,镇,刘家镇
511503,511503103,镇,江南镇
511503,511503104,镇,大观镇
511503,511503105,镇,汪家镇
511503,511503106,镇,黄沙镇
511503,511503107,镇,仙临镇
511503,511503108,镇,长兴镇
511504,511504001,街道,南岸街道
511504,511504002,街道,赵场街道
511504,511504003,街道,柏溪街道
511504,511504102,镇,观音镇
511504,511504103,镇,横江镇
511504,511504104,镇,柳嘉镇
511504,511504105,镇,泥溪镇
511504,511504106,镇,蕨溪镇
511504,511504107,镇,商州镇
511504,511504108,镇,高场镇
511504,511504109,镇,安边镇
511504,511504110,镇,双龙镇
511504,511504112,镇,合什镇
511504,511504118,镇,南广镇
511504,511504119,镇,樟海镇
511504,511504201,乡,龙池乡
511504,511504202,乡,凤仪乡
511523,511523100,镇,江安镇
511523,511523101,镇,红桥镇
511523,511523104,镇,怡乐镇
511523,511523105,镇,留耕镇
511523,511523108,镇,五矿镇
511523,511523109,镇,迎安镇
511523,511523110,镇,夕佳山镇
511523,511523113,镇,铁清镇
511523,511523114,镇,四面山镇
511523,511523115,镇,大井镇
511523,511523116,镇,阳春镇
511523,511523117,镇,下长镇
511523,511523118,镇,大妙镇
511523,511523119,镇,仁和镇
511524,511524100,镇,长宁镇
511524,511524101,镇,梅硐镇
511524,511524102,镇,双河镇
511524,511524103,镇,硐底镇
511524,511524104,镇,花滩镇
511524,511524105,镇,竹海镇
511524,511524106,镇,老翁镇
511524,511524107,镇,古河镇
511524,511524110,镇,龙头镇
511524,511524112,镇,井江镇
511524,511524113,镇,铜鼓镇
511524,511524119,镇,梅白镇
511524,511524120,镇,铜锣镇
511525,511525100,镇,文江镇
511525,511525101,镇,庆符镇
511525,511525102,镇,沙河镇
511525,511525103,镇,嘉乐镇
511525,511525105,镇,罗场镇
511525,511525106,镇,蕉村镇
511525,511525107,镇,可久镇
511525,511525108,镇,来复镇
511525,511525109,镇,月江镇
511525,511525110,镇,胜天镇
511525,511525111,镇,复兴镇
511525,511525115,镇,落润镇
511525,511525116,镇,庆岭镇
511526,511526100,镇,珙泉镇
511526,511526101,镇,巡场镇
511526,511526102,镇,孝儿镇
511526,511526103,镇,底洞镇
511526,511526104,镇,上罗镇
511526,511526105,镇,洛表镇
511526,511526106,镇,洛亥镇
511526,511526107,镇,王家镇
511526,511526109,镇,沐滩镇
511526,511526110,镇,曹营镇
511526,511526205,民族乡,玉和苗族乡
511526,511526209,民族乡,罗渡苗族乡
511526,511526212,民族乡,观斗苗族乡
511527,511527100,镇,筠连镇
511527,511527101,镇,腾达镇
511527,511527102,镇,巡司镇
511527,511527104,镇,沐爱镇
511527,511527106,镇,大雪山镇
511527,511527107,镇,镇舟镇
511527,511527108,镇,蒿坝镇
511527,511527205,乡,乐义乡
511527,511527208,民族乡,团林苗族乡
511527,511527209,民族乡,联合苗族乡
511527,511527210,民族乡,高坪苗族乡
511527,511527211,乡,丰乐乡
511528,511528100,镇,古宋镇
511528,511528101,镇,僰王山镇
511528,511528103,镇,共乐镇
511528,511528105,镇,莲花镇
511528,511528107,镇,九丝城镇
511528,511528108,镇,石海镇
511528,511528110,镇,周家镇
511528,511528111,镇,五星镇
511528,511528203,民族乡,大坝苗族乡
511528,511528205,民族乡,大河苗族乡
511528,511528206,民族乡,麒麟苗族乡
511528,511528207,民族乡,仙峰苗族乡
511529,511529100,镇,锦屏镇
511529,511529101,镇,新市镇
511529,511529102,镇,中都镇
511529,511529103,镇,龙华镇
511529,511529104,镇,大乘镇
511529,511529107,镇,新安镇
511529,511529108,镇,书楼镇
511529,511529109,镇,屏山镇
511529,511529208,乡,夏溪乡
511529,511529210,民族乡,屏边彝族乡
511529,511529211,民族乡,清平彝族乡
511602,511602001,街道,浓洄街道
511602,511602002,街道,北辰街道
511602,511602004,街道,广福街道
511602,511602005,街道,万盛街道
511602,511602006,街道,中桥街道
511602,511602007,街道,枣山街道
511602,511602101,镇,官盛镇
511602,511602102,镇,协兴镇
511602,511602103,镇,浓溪镇
511602,511602104,镇,悦来镇
511602,511602105,镇,兴平镇
511602,511602106,镇,井河镇
511602,511602107,镇,花桥镇
511602,511602108,镇,龙台镇
511602,511602109,镇,肖溪镇
511602,511602110,镇,恒升镇
511602,511602111,镇,石笋镇
511602,511602112,镇,白市镇
511602,511602113,镇,大安镇
511602,511602121,镇,穿石镇
511602,511602122,镇,大龙镇
511602,511602123,镇,东岳镇
511602,511602207,乡,龙安乡
511602,511602208,乡,彭家乡
511602,511602216,乡,白马乡
511603,511603001,街道,奎阁街道
511603,511603002,街道,大佛寺街道
511603,511603003,街道,龙塘街道
511603,511603004,街道,新桥街道
511603,511603101,镇,代市镇
511603,511603102,镇,观塘镇
511603,511603103,镇,护安镇
511603,511603104,镇,广兴镇
511603,511603105,镇,观阁镇
511603,511603106,镇,桂兴镇
511603,511603107,镇,虎城镇
511603,511603108,镇,龙滩镇
511603,511603290,乡,光辉乡
511603,511603292,乡,小井乡
511621,511621001,街道,九龙街道
511621,511621002,街道,朝阳街道
511621,511621101,镇,花园镇
511621,511621102,镇,坪滩镇
511621,511621103,镇,龙孔镇
511621,511621104,镇,镇裕镇
511621,511621105,镇,白庙镇
511621,511621106,镇,酉溪镇
511621,511621107,镇,同兴镇
511621,511621108,镇,兴隆镇
511621,511621109,镇,秦溪镇
511621,511621110,镇,顾县镇
511621,511621111,镇,苟角镇
511621,511621112,镇,天平镇
511621,511621113,镇,石垭镇
511621,511621114,镇,乔家镇
511621,511621115,镇,罗渡镇
511621,511621116,镇,裕民镇
511621,511621117,镇,中和镇
511621,511621118,镇,新场镇
511621,511621119,镇,普安镇
511621,511621121,镇,临溪镇
511621,511621122,镇,西板镇
511621,511621123,镇,齐福镇
511621,511621124,镇,伏龙镇
511621,511621212,乡,黄龙乡
511621,511621216,乡,鱼峰乡
511622,511622100,镇,沿口镇
511622,511622101,镇,中心镇
511622,511622102,镇,烈面镇
511622,511622103,镇,飞龙镇
511622,511622104,镇,乐善镇
511622,511622105,镇,万善镇
511622,511622106,镇,龙女镇
511622,511622107,镇,三溪镇
511622,511622108,镇,赛马镇
511622,511622109,镇,胜利镇
511622,511622110,镇,金牛镇
511622,511622111,镇,清平镇
511622,511622112,镇,街子镇
511622,511622113,镇,万隆镇
511622,511622114,镇,礼安镇
511622,511622115,镇,华封镇
511622,511622116,镇,宝箴塞镇
511622,511622117,镇,石盘镇
511622,511622118,镇,鸣钟镇
511622,511622201,乡,真静乡
511622,511622202,乡,猛山乡
511622,511622203,乡,双星乡
511622,511622208,乡,鼓匠乡
511623,511623100,镇,鼎屏镇
511623,511623101,镇,城北镇
511623,511623102,镇,城南镇
511623,511623103,镇,柑子镇
511623,511623105,镇,观音桥镇
511623,511623106,镇,牟家镇
511623,511623107,镇,合流镇
511623,511623108,镇,坛同镇
511623,511623109,镇,高滩镇
511623,511623110,镇,九龙镇
511623,511623111,镇,御临镇
511623,511623112,镇,袁市镇
511623,511623113,镇,丰禾镇
511623,511623114,镇,八耳镇
511623,511623115,镇,石永镇
511623,511623116,镇,兴仁镇
511623,511623117,镇,王家镇
511623,511623118,镇,石滓镇
511623,511623119,镇,三古镇
511623,511623120,镇,两河镇
511623,511623121,镇,太和镇
511623,511623122,镇,椿木镇
511623,511623123,镇,梁板镇
511623,511623124,镇,复盛镇
511623,511623125,镇,黎家镇
511681,511681001,街道,双河街道
511681,511681002,街道,华龙街道
511681,511681003,街道,古桥街道
511681,511681101,镇,天池镇
511681,511681102,镇,禄市镇
511681,511681103,镇,永兴镇
511681,511681104,镇,明月镇
511681,511681105,镇,阳和镇
511681,511681106,镇,高兴镇
511681,511681108,镇,溪口镇
511681,511681109,镇,庆华镇
511681,511681200,乡,红岩乡
511702,511702001,街道,东城街道
511702,511702002,街道,西城街道
511702,511702003,街道,朝阳街道
511702,511702004,街道,凤西街道
511702,511702005,街道,凤北街道
511702,511702102,镇,罗江镇
511702,511702103,镇,蒲家镇
511702,511702104,镇,复兴镇
511702,511702105,镇,双龙镇
511702,511702107,镇,碑庙镇
511702,511702108,镇,江陵镇
511702,511702109,镇,东岳镇
511702,511702110,镇,磐石镇
511702,511702111,镇,北山镇
511702,511702112,镇,金石镇
511702,511702113,镇,梓桐镇
511702,511702114,镇,青宁镇
511702,511702205,乡,安云乡
511703,511703001,街道,三里坪街道
511703,511703002,街道,翠屏街道
511703,511703003,街道,石板街道
511703,511703004,街道,斌郎街道
511703,511703005,街道,明月江街道
511703,511703006,街道,杨柳街道
511703,511703100,镇,亭子镇
511703,511703101,镇,麻柳镇
511703,511703103,镇,大树镇
511703,511703104,镇,南岳镇
511703,511703105,镇,景市镇
511703,511703106,镇,赵家镇
511703,511703107,镇,河市镇
511703,511703109,镇,渡市镇
511703,511703110,镇,管村镇
511703,511703111,镇,石梯镇
511703,511703112,镇,石桥镇
511703,511703113,镇,堡子镇
511703,511703114,镇,福善镇
511703,511703115,镇,万家镇
511703,511703116,镇,百节镇
511703,511703117,镇,金垭镇
511703,511703119,镇,双庙镇
511703,511703120,镇,桥湾镇
511703,511703121,镇,赵固镇
511703,511703123,镇,平滩镇
511703,511703125,镇,大堰镇
511703,511703127,镇,罐子镇
511703,511703203,乡,安仁乡
511703,511703215,乡,幺塘乡
511703,511703217,乡,龙会乡
511703,511703234,乡,虎让乡
511703,511703235,乡,米城乡
511722,511722001,街道,东乡街道
511722,511722002,街道,蒲江街道
511722,511722101,镇,君塘镇
511722,511722102,镇,清溪镇
511722,511722103,镇,普光镇
511722,511722104,镇,天生镇
511722,511722105,镇,柏树镇
511722,511722106,镇,芭蕉镇
511722,511722107,镇,南坝镇
511722,511722108,镇,五宝镇
511722,511722109,镇,峰城镇
511722,511722110,镇,土黄镇
511722,511722111,镇,华景镇
511722,511722112,镇,樊哙镇
511722,511722113,镇,新华镇
511722,511722114,镇,黄金镇
511722,511722115,镇,胡家镇
511722,511722116,镇,毛坝镇
511722,511722118,镇,大成镇
511722,511722120,镇,下八镇
511722,511722122,镇,塔河镇
511722,511722123,镇,茶河镇
511722,511722124,镇,厂溪镇
511722,511722126,镇,马渡关镇
511722,511722127,镇,红峰镇
511722,511722129,镇,白马镇
511722,511722130,镇,桃花镇
511722,511722131,镇,庙安镇
511722,511722132,镇,上峡镇
511722,511722133,镇,南坪镇
511722,511722190,镇,东乡镇
511722,511722195,镇,柳池镇
511722,511722204,乡,老君乡
511722,511722205,乡,黄石乡
511722,511722222,民族乡,三墩土家族乡
511722,511722223,民族乡,漆树土家族乡
511722,511722224,民族乡,龙泉土家族乡
511722,511722225,民族乡,渡口土家族乡
511722,511722226,乡,石铁乡
511723,511723001,街道,淙城街道
511723,511723100,镇,新宁镇
511723,511723101,镇,普安镇
511723,511723102,镇,回龙镇
511723,511723104,镇,永兴镇
511723,511723105,镇,讲治镇
511723,511723106,镇,甘棠镇
511723,511723107,镇,任市镇
511723,511723108,镇,广福镇
511723,511723109,镇,长岭镇
511723,511723110,镇,八庙镇
511723,511723112,镇,灵岩镇
511723,511723207,乡,梅家乡
511723,511723294,乡,骑龙乡
511724,511724001,街道,竹阳街道
511724,511724002,街道,东柳街道
511724,511724003,街道,白塔街道
511724,511724101,镇,乌木镇
511724,511724102,镇,团坝镇
511724,511724103,镇,杨家镇
511724,511724104,镇,清河镇
511724,511724105,镇,柏林镇
511724,511724106,镇,石河镇
511724,511724108,镇,石桥铺镇
511724,511724109,镇,观音镇
511724,511724110,镇,周家镇
511724,511724111,镇,石子镇
511724,511724112,镇,文星镇
511724,511724113,镇,妈妈镇
511724,511724114,镇,高穴镇
511724,511724115,镇,欧家镇
511724,511724116,镇,庙坝镇
511724,511724117,镇,清水镇
511724,511724118,镇,月华镇
511724,511724119,镇,高明镇
511724,511724120,镇,童家镇
511724,511724121,镇,天城镇
511724,511724125,镇,四合镇
511724,511724126,镇,永胜镇
511724,511724128,镇,中华镇
511724,511724204,乡,朝阳乡
511724,511724218,乡,安吉乡
511724,511724224,乡,八渡乡
511724,511724228,乡,杨通乡
511724,511724244,乡,川主乡
511725,511725001,街道,渠江街道
511725,511725002,街道,天星街道
511725,511725003,街道,渠南街道
511725,511725102,镇,临巴镇
511725,511725103,镇,三汇镇
511725,511725104,镇,涌兴镇
511725,511725105,镇,有庆镇
511725,511725106,镇,土溪镇
511725,511725107,镇,文崇镇
511725,511725108,镇,贵福镇
511725,511725109,镇,岩峰镇
511725,511725110,镇,静边镇
511725,511725111,镇,清溪场镇
511725,511725112,镇,宝城镇
511725,511725113,镇,𰝟渡镇
511725,511725114,镇,琅琊镇
511725,511725115,镇,李渡镇
511725,511725116,镇,中滩镇
511725,511725118,镇,三板镇
511725,511725119,镇,丰乐镇
511725,511725120,镇,李馥镇
511725,511725123,镇,青龙镇
511725,511725125,镇,卷硐镇
511725,511725126,镇,望溪镇
511725,511725128,镇,龙凤镇
511725,511725129,镇,新市镇
511725,511725131,镇,渠北镇
511725,511725132,镇,定远镇
511725,511725133,镇,合力镇
511725,511725134,镇,万寿镇
511725,511725135,镇,东安镇
511725,511725194,镇,水口镇
511725,511725227,乡,报恩乡
511725,511725228,乡,安北乡
511725,511725238,乡,大义乡
511725,511725245,乡,巨光乡
511725,511725255,乡,望江乡
511725,511725263,乡,拱市乡
511725,511725293,乡,青神乡
511725,511725294,乡,射洪乡
511725,511725295,乡,屏西乡
511781,511781001,街道,古东关街道
511781,511781100,镇,太平镇
511781,511781101,镇,青花镇
511781,511781102,镇,旧院镇
511781,511781103,镇,罗文镇
511781,511781104,镇,河口镇
511781,511781105,镇,草坝镇
511781,511781106,镇,竹峪镇
511781,511781107,镇,大竹镇
511781,511781108,镇,官渡镇
511781,511781109,镇,黄钟镇
511781,511781110,镇,白沙镇
511781,511781111,镇,沙滩镇
511781,511781112,镇,石塘镇
511781,511781113,镇,八台镇
511781,511781114,镇,石窝镇
511781,511781115,镇,铁矿镇
511781,511781116,镇,大沙镇
511781,511781117,镇,魏家镇
511781,511781118,镇,白果镇
511781,511781119,镇,井溪镇
511781,511781121,镇,长坝镇
511781,511781122,镇,鹰背镇
511781,511781123,镇,永宁镇
511781,511781124,镇,固军镇
511781,511781125,镇,黑宝山镇
511781,511781201,乡,茶垭乡
511781,511781208,乡,蜂桶乡
511781,511781210,乡,花楼乡
511781,511781212,乡,曾家乡
511781,511781218,乡,玉带乡
511781,511781227,乡,紫溪乡
511781,511781229,乡,庙子乡
511781,511781297,乡,罐坝乡
511802,511802001,街道,东城街道
511802,511802002,街道,西城街道
511802,511802003,街道,河北街道
511802,511802004,街道,青江街道
511802,511802005,街道,大兴街道
511802,511802101,镇,草坝镇
511802,511802107,镇,上里镇
511802,511802109,镇,晏场镇
511802,511802110,镇,多营镇
511802,511802111,镇,碧峰峡镇
511802,511802112,镇,望鱼镇
511802,511802113,镇,周公山镇
511802,511802114,镇,八步镇
511802,511802190,镇,北郊镇
511802,511802194,镇,对岩镇
511803,511803001,街道,永兴街道
511803,511803002,街道,蒙阳街道
511803,511803101,镇,百丈镇
511803,511803102,镇,车岭镇
511803,511803104,镇,马岭镇
511803,511803105,镇,新店镇
511803,511803106,镇,蒙顶山镇
511803,511803107,镇,黑竹镇
511803,511803108,镇,红星镇
511803,511803109,镇,中峰镇
511803,511803112,镇,茅河镇
511803,511803118,镇,前进镇
511803,511803119,镇,万古镇
511822,511822001,街道,严道街道
511822,511822101,镇,花滩镇
511822,511822102,镇,龙苍沟镇
511822,511822103,镇,牛背山镇
511822,511822104,镇,新添镇
511822,511822105,镇,青龙镇
511822,511822106,镇,荥河镇
511822,511822107,镇,五宪镇
511822,511822200,乡,六合乡
511822,511822203,乡,安靖乡
511822,511822205,民族乡,民建彝族乡
511822,511822209,乡,泗坪乡
511822,511822216,民族乡,宝峰彝族乡
511823,511823100,镇,富林镇
511823,511823101,镇,九襄镇
511823,511823102,镇,乌斯河镇
511823,511823103,镇,宜东镇
511823,511823104,镇,富庄镇
511823,511823105,镇,清溪镇
511823,511823106,镇,大树镇
511823,511823107,镇,皇木镇
511823,511823108,镇,富泉镇
511823,511823109,镇,唐家镇
511823,511823110,镇,安乐镇
511823,511823111,镇,前域镇
511823,511823209,乡,富乡乡
511823,511823220,乡,马烈乡
511823,511823224,乡,河南乡
511823,511823225,乡,晒经乡
511823,511823227,民族乡,小堡藏族彝族乡
511823,511823228,民族乡,片马彝族乡
511823,511823229,民族乡,坭美彝族乡
511823,511823230,民族乡,永利彝族乡
511823,511823231,民族乡,顺河彝族乡
511824,511824002,街道,新棉街道
511824,511824101,镇,回隆镇
511824,511824102,镇,美罗镇
511824,511824106,镇,安顺场镇
511824,511824202,民族乡,蟹螺藏族乡
511824,511824203,乡,永和乡
511824,511824207,民族乡,栗子坪彝族乡
511824,511824209,乡,迎政乡
511824,511824211,乡,丰乐乡
511824,511824212,民族乡,新民藏族彝族乡
511824,511824215,民族乡,草科藏族乡
511824,511824216,民族乡,王岗坪彝族藏族乡
511825,511825100,镇,城厢镇
511825,511825101,镇,始阳镇
511825,511825102,镇,思经镇
511825,511825103,镇,喇叭河镇
511825,511825104,镇,小河镇
511825,511825105,镇,仁义镇
511825,511825106,镇,新场镇
511825,511825210,乡,乐英乡
511825,511825216,乡,新华乡
511825,511825219,乡,兴业乡
511826,511826001,街道,芦阳街道
511826,511826101,镇,飞仙关镇
511826,511826102,镇,双石镇
511826,511826103,镇,太平镇
511826,511826104,镇,大川镇
511826,511826105,镇,龙门镇
511826,511826106,镇,思延镇
511826,511826208,乡,宝盛乡
511827,511827100,镇,穆坪镇
511827,511827101,镇,灵关镇
511827,511827102,镇,陇东镇
511827,511827202,民族乡,硗碛藏族乡
511827,511827205,乡,五龙乡
511827,511827207,乡,大溪乡
511827,511827208,乡,蜂桶寨乡
511902,511902001,街道,东城街道
511902,511902002,街道,西城街道
511902,511902003,街道,回风街道
511902,511902004,街道,宕梁街道
511902,511902005,街道,玉堂街道
511902,511902006,街道,江北街道
511902,511902007,街道,兴文街道
511902,511902008,街道,奇章街道
511902,511902009,街道,时新街道
511902,511902100,镇,大茅坪镇
511902,511902101,镇,清江镇
511902,511902103,镇,水宁寺镇
511902,511902105,镇,曾口镇
511902,511902106,镇,梁永镇
511902,511902110,镇,鼎山镇
511902,511902111,镇,大罗镇
511902,511902118,镇,化成镇
511902,511902121,镇,三江镇
511902,511902122,镇,枣林镇
511902,511902123,镇,平梁镇
511902,511902125,镇,光辉镇
511902,511902127,镇,凤溪镇
511902,511902128,镇,天马山镇
511902,511902196,镇,梓橦庙镇
511902,511902203,乡,大和乡
511902,511902205,乡,白庙乡
511903,511903001,街道,登科街道
511903,511903002,街道,文治街道
511903,511903003,街道,司城街道
511903,511903101,镇,玉山镇
511903,511903102,镇,茶坝镇
511903,511903104,镇,花丛镇
511903,511903105,镇,柳林镇
511903,511903106,镇,下八庙镇
511903,511903107,镇,渔溪镇
511903,511903111,镇,上八庙镇
511903,511903112,镇,明阳镇
511903,511903113,镇,兴隆镇
511903,511903114,镇,群乐镇
511903,511903115,镇,双胜镇
511903,511903116,镇,关公镇
511903,511903118,镇,尹家镇
511903,511903119,镇,九镇
511903,511903120,镇,雪山镇
511921,511921001,街道,壁州街道
511921,511921100,镇,诺江镇
511921,511921101,镇,民胜镇
511921,511921102,镇,火炬镇
511921,511921103,镇,广纳镇
511921,511921104,镇,铁佛镇
511921,511921105,镇,麻石镇
511921,511921106,镇,至诚镇
511921,511921107,镇,洪口镇
511921,511921108,镇,沙溪镇
511921,511921109,镇,瓦室镇
511921,511921110,镇,永安镇
511921,511921111,镇,铁溪镇
511921,511921112,镇,涪阳镇
511921,511921113,镇,诺水河镇
511921,511921114,镇,毛浴镇
511921,511921115,镇,两河口镇
511921,511921116,镇,泥溪镇
511921,511921117,镇,板桥口镇
511921,511921118,镇,新场镇
511921,511921119,镇,龙凤场镇
511921,511921120,镇,空山镇
511921,511921121,镇,三溪镇
511921,511921122,镇,春在镇
511921,511921123,镇,杨柏镇
511921,511921124,镇,唱歌镇
511921,511921125,镇,陈河镇
511921,511921126,镇,青峪镇
511921,511921127,镇,兴隆镇
511921,511921128,镇,烟溪镇
511921,511921129,镇,长坪镇
511921,511921214,乡,松溪乡
511921,511921216,乡,胜利乡
511922,511922001,街道,集州街道
511922,511922101,镇,沙河镇
511922,511922103,镇,长赤镇
511922,511922104,镇,正直镇
511922,511922105,镇,大河镇
511922,511922106,镇,光雾山镇
511922,511922108,镇,下两镇
511922,511922109,镇,赶场镇
511922,511922110,镇,杨坝镇
511922,511922111,镇,关坝镇
511922,511922112,镇,天池镇
511922,511922113,镇,红光镇
511922,511922114,镇,元潭镇
511922,511922115,镇,八庙镇
511922,511922116,镇,赤溪镇
511922,511922117,镇,双流镇
511922,511922118,镇,坪河镇
511922,511922119,镇,仁和镇
511922,511922120,镇,和平镇
511922,511922121,镇,侯家镇
511922,511922122,镇,桥亭镇
511922,511922123,镇,高塔镇
511922,511922125,镇,兴马镇
511922,511922126,镇,关门镇
511922,511922127,镇,石滩镇
511922,511922128,镇,高桥镇
511922,511922130,镇,贵民镇
511922,511922131,镇,关路镇
511922,511922132,镇,云顶镇
511922,511922133,镇,公山镇
511922,511922197,镇,东榆镇
511922,511922209,乡,团结乡
511922,511922219,乡,双桂乡
511922,511922247,乡,神门乡
511923,511923001,街道,同州街道
511923,511923002,街道,金宝街道
511923,511923003,街道,江口街道
511923,511923101,镇,响滩镇
511923,511923102,镇,西兴镇
511923,511923103,镇,佛楼镇
511923,511923104,镇,白衣镇
511923,511923105,镇,涵水镇
511923,511923106,镇,岳家镇
511923,511923107,镇,兰草镇
511923,511923108,镇,驷马镇
511923,511923110,镇,元山镇
511923,511923111,镇,云台镇
511923,511923112,镇,邱家镇
511923,511923113,镇,笔山镇
511923,511923114,镇,镇龙镇
511923,511923115,镇,得胜镇
511923,511923118,镇,灵山镇
511923,511923119,镇,望京镇
511923,511923120,镇,土兴镇
511923,511923122,镇,泥龙镇
511923,511923123,镇,板庙镇
511923,511923124,镇,龙岗镇
511923,511923125,镇,青云镇
511923,511923126,镇,大寨镇
511923,511923127,镇,土垭镇
511923,511923128,镇,澌岸镇
511923,511923130,镇,粉壁镇
511923,511923133,镇,三十二梁镇
511923,511923134,镇,江家口镇
511923,511923135,镇,岩口镇
511923,511923191,镇,澌滩镇
511923,511923293,乡,福申乡
511923,511923295,乡,双鹿乡
512002,512002001,街道,莲花街道
512002,512002002,街道,三贤祠街道
512002,512002003,街道,资溪街道
512002,512002004,街道,狮子山街道
512002,512002005,街道,宝莲街道
512002,512002100,镇,雁江镇
512002,512002101,镇,松涛镇
512002,512002102,镇,宝台镇
512002,512002103,镇,临江镇
512002,512002104,镇,保和镇
512002,512002105,镇,老君镇
512002,512002106,镇,中和镇
512002,512002107,镇,丹山镇
512002,512002108,镇,小院镇
512002,512002109,镇,堪嘉镇
512002,512002110,镇,伍隍镇
512002,512002111,镇,石岭镇
512002,512002112,镇,东峰镇
512002,512002113,镇,南津镇
512002,512002116,镇,丰裕镇
512002,512002117,镇,迎接镇
512002,512002118,镇,祥符镇
512002,512002194,镇,忠义镇
512021,512021001,街道,岳城街道
512021,512021002,街道,石桥街道
512021,512021100,镇,岳阳镇
512021,512021101,镇,鸳大镇
512021,512021103,镇,通贤镇
512021,512021104,镇,龙台镇
512021,512021105,镇,姚市镇
512021,512021106,镇,林凤镇
512021,512021107,镇,毛家镇
512021,512021108,镇,永清镇
512021,512021109,镇,永顺镇
512021,512021110,镇,石羊镇
512021,512021111,镇,两板桥镇
512021,512021112,镇,护龙镇
512021,512021113,镇,李家镇
512021,512021114,镇,元坝镇
512021,512021115,镇,兴隆镇
512021,512021116,镇,天林镇
512021,512021117,镇,镇子镇
512021,512021118,镇,文化镇
512021,512021119,镇,周礼镇
512021,512021120,镇,驯龙镇
512021,512021121,镇,华严镇
512021,512021122,镇,长河源镇
512021,512021123,镇,护建镇
512021,512021124,镇,忠义镇
512021,512021125,镇,卧佛镇
512021,512021126,镇,南薰镇
512021,512021127,镇,思贤镇
512021,512021129,镇,协和镇
512021,512021130,镇,清流镇
512021,512021131,镇,朝阳镇
512021,512021132,镇,乾龙镇
512021,512021133,镇,大平镇
512021,512021205,乡,来凤乡
512021,512021206,乡,天马乡
512021,512021210,乡,悦来乡
512021,512021212,乡,云峰乡
512021,512021213,乡,岳新乡
512021,512021215,乡,东胜乡
512021,512021218,乡,高升乡
512021,512021219,乡,横庙乡
512021,512021221,乡,白塔寺乡
512021,512021222,乡,双龙街乡
512021,512021227,乡,合义乡
512021,512021240,乡,千佛乡
512021,512021241,乡,拱桥乡
512022,512022001,街道,天池街道
512022,512022002,街道,南塔街道
512022,512022101,镇,石佛镇
512022,512022102,镇,回澜镇
512022,512022103,镇,石湍镇
512022,512022104,镇,童家镇
512022,512022105,镇,宝林镇
512022,512022106,镇,大佛镇
512022,512022107,镇,良安镇
512022,512022108,镇,金顺镇
512022,512022109,镇,中和场镇
512022,512022110,镇,劳动镇
512022,512022111,镇,中天镇
512022,512022112,镇,佛星镇
512022,512022113,镇,蟠龙镇
512022,512022114,镇,东山镇
512022,512022115,镇,通旅镇
512022,512022116,镇,高寺镇
512022,512022117,镇,龙门镇
512022,512022118,镇,盛池镇
512022,512022204,乡,双河场乡
512022,512022292,乡,孔雀乡
513201,513201100,镇,马尔康镇
513201,513201102,镇,松岗镇
513201,513201103,镇,沙尔宗镇
513201,513201200,乡,梭磨乡
513201,513201201,乡,白湾乡
513201,513201202,乡,党坝乡
513201,513201203,乡,木尔宗乡
513201,513201204,乡,脚木足乡
513201,513201206,乡,龙尔甲乡
513201,513201207,乡,大藏乡
513201,513201208,乡,康山乡
513201,513201209,乡,草登乡
513201,513201210,乡,日部乡
513221,513221100,镇,威州镇
513221,513221101,镇,绵虒镇
513221,513221102,镇,映秀镇
513221,513221103,镇,卧龙镇
513221,513221104,镇,漩口镇
513221,513221105,镇,水磨镇
513221,513221106,镇,三江镇
513221,513221107,镇,耿达镇
513221,513221111,镇,灞州镇
513222,513222100,镇,杂谷脑镇
513222,513222101,镇,米亚罗镇
513222,513222102,镇,古尔沟镇
513222,513222103,镇,薛城镇
513222,513222104,镇,桃坪镇
513222,513222105,镇,朴头镇
513222,513222202,乡,甘堡乡
513222,513222203,乡,蒲溪乡
513222,513222204,乡,上孟乡
513222,513222205,乡,下孟乡
513222,513222207,乡,通化乡
513223,513223100,镇,凤仪镇
513223,513223101,镇,南新镇
513223,513223102,镇,叠溪镇
513223,513223105,镇,富顺镇
513223,513223107,镇,土门镇
513223,513223109,镇,洼底镇
513223,513223110,镇,沙坝镇
513223,513223111,镇,渭门镇
513223,513223112,镇,黑虎镇
513223,513223113,镇,沟口镇
513223,513223114,镇,赤不苏镇
513223,513223292,乡,白溪乡
513223,513223299,乡,飞虹乡
513224,513224100,镇,进安镇
513224,513224101,镇,川主寺镇
513224,513224102,镇,青云镇
513224,513224103,镇,毛儿盖镇
513224,513224104,镇,镇江关镇
513224,513224105,镇,红土镇
513224,513224106,镇,小河镇
513224,513224201,民族乡,十里回族乡
513224,513224203,乡,安宏乡
513224,513224207,乡,镇坪乡
513224,513224208,乡,岷江乡
513224,513224209,乡,大姓乡
513224,513224210,乡,白羊乡
513224,513224213,乡,小姓乡
513224,513224214,乡,燕云乡
513224,513224219,乡,黄龙乡
513224,513224221,乡,下八寨乡
513225,513225101,镇,漳扎镇
513225,513225102,镇,双河镇
513225,513225103,镇,南坪镇
513225,513225104,镇,黑河镇
513225,513225105,镇,勿角镇
513225,513225201,乡,永和乡
513225,513225203,乡,白河乡
513225,513225205,乡,保华乡
513225,513225209,乡,郭元乡
513225,513225210,乡,草地乡
513225,513225213,乡,玉瓦乡
513225,513225214,乡,大录乡
513226,513226101,镇,观音桥镇
513226,513226102,镇,安宁镇
513226,513226103,镇,勒乌镇
513226,513226104,镇,马奈镇
513226,513226200,乡,沙耳乡
513226,513226201,乡,庆宁乡
513226,513226202,乡,咯尔乡
513226,513226205,乡,河东乡
513226,513226206,乡,河西乡
513226,513226207,乡,集沐乡
513226,513226208,乡,撒瓦脚乡
513226,513226209,乡,卡拉脚乡
513226,513226210,乡,俄热乡
513226,513226212,乡,二嘎里乡
513226,513226213,乡,阿科里乡
513226,513226215,乡,卡撒乡
513226,513226216,乡,曾达乡
513226,513226217,乡,独松乡
513226,513226220,乡,毛日乡
513227,513227100,镇,美兴镇
513227,513227101,镇,四姑娘山镇
513227,513227103,镇,两河口镇
513227,513227104,镇,达维镇
513227,513227105,镇,沃日镇
513227,513227106,镇,宅垄镇
513227,513227107,镇,八角镇
513227,513227201,乡,崇德乡
513227,513227202,乡,新桥乡
513227,513227203,乡,美沃乡
513227,513227204,乡,沙龙乡
513227,513227208,乡,日尔乡
513227,513227209,乡,结斯乡
513227,513227211,乡,木坡乡
513227,513227213,乡,抚边乡
513227,513227216,乡,窝底乡
513227,513227217,乡,汗牛乡
513227,513227218,乡,潘安乡
513228,513228100,镇,芦花镇
513228,513228101,镇,卡龙镇
513228,513228102,镇,色尔古镇
513228,513228103,镇,沙石多镇
513228,513228104,镇,知木林镇
513228,513228105,镇,扎窝镇
513228,513228106,镇,西尔镇
513228,513228107,镇,木苏镇
513228,513228204,乡,瓦钵梁子乡
513228,513228206,乡,石碉楼乡
513228,513228207,乡,龙坝乡
513228,513228208,乡,洛多乡
513228,513228210,乡,维古乡
513228,513228213,乡,晴朗乡
513228,513228214,乡,慈坝乡
513230,513230101,镇,南木达镇
513230,513230102,镇,中壤塘镇
513230,513230103,镇,岗木达镇
513230,513230200,乡,蒲西乡
513230,513230201,乡,宗科乡
513230,513230202,乡,石里乡
513230,513230203,乡,吾伊乡
513230,513230205,乡,上杜柯乡
513230,513230206,乡,茸木达乡
513230,513230208,乡,尕多乡
513230,513230210,乡,上壤塘乡
513231,513231100,镇,阿坝镇
513231,513231101,镇,贾洛镇
513231,513231102,镇,麦尔玛镇
513231,513231103,镇,河支镇
513231,513231104,镇,各莫镇
513231,513231105,镇,安羌镇
513231,513231201,乡,麦昆乡
513231,513231203,乡,龙藏乡
513231,513231204,乡,求吉玛乡
513231,513231208,乡,四洼乡
513231,513231209,乡,安斗乡
513231,513231210,乡,柯河乡
513231,513231211,乡,垮沙乡
513231,513231213,乡,查理乡
513231,513231214,乡,茸安乡
513232,513232100,镇,达扎寺镇
513232,513232102,镇,唐克镇
513232,513232103,镇,红星镇
513232,513232104,镇,辖曼镇
513232,513232105,镇,巴西镇
513232,513232106,镇,阿西镇
513232,513232107,镇,铁布镇
513232,513232205,乡,麦溪乡
513232,513232206,乡,嫩哇乡
513232,513232207,乡,降扎乡
513232,513232208,乡,占哇乡
513232,513232214,乡,求吉乡
513232,513232215,乡,包座乡
513233,513233100,镇,邛溪镇
513233,513233101,镇,刷经寺镇
513233,513233102,镇,瓦切镇
513233,513233103,镇,安曲镇
513233,513233104,镇,色地镇
513233,513233105,镇,龙日镇
513233,513233202,乡,江茸乡
513233,513233204,乡,阿木乡
513233,513233206,乡,麦洼乡
513233,513233208,乡,查尔玛乡
513301,513301001,街道,榆林街道
513301,513301002,街道,炉城街道
513301,513301101,镇,姑咱镇
513301,513301102,镇,新都桥镇
513301,513301103,镇,金汤镇
513301,513301104,镇,沙德镇
513301,513301105,镇,塔公镇
513301,513301106,镇,甲根坝镇
513301,513301107,镇,贡嘎山镇
513301,513301108,镇,鱼通镇
513301,513301200,乡,雅拉乡
513301,513301204,乡,麦崩乡
513301,513301206,乡,捧塔乡
513301,513301208,乡,普沙绒乡
513301,513301209,乡,吉居乡
513301,513301211,乡,呷巴乡
513301,513301214,乡,孔玉乡
513322,513322100,镇,泸桥镇
513322,513322101,镇,冷碛镇
513322,513322102,镇,兴隆镇
513322,513322103,镇,磨西镇
513322,513322104,镇,得妥镇
513322,513322105,镇,烹坝镇
513322,513322106,镇,燕子沟镇
513322,513322107,镇,德威镇
513322,513322200,乡,岚安乡
513323,513323100,镇,章谷镇
513323,513323101,镇,巴底镇
513323,513323102,镇,革什扎镇
513323,513323103,镇,东谷镇
513323,513323104,镇,墨尔多山镇
513323,513323105,镇,甲居镇
513323,513323106,镇,格宗镇
513323,513323107,镇,半扇门镇
513323,513323108,镇,丹东镇
513323,513323201,乡,巴旺乡
513323,513323209,乡,梭坡乡
513323,513323213,乡,太平桥乡
513323,513323290,乡,中路乡
513324,513324100,镇,呷尔镇
513324,513324101,镇,烟袋镇
513324,513324102,镇,三垭镇
513324,513324103,镇,雪洼龙镇
513324,513324104,镇,湾坝镇
513324,513324105,镇,汤古镇
513324,513324106,镇,乌拉溪镇
513324,513324107,镇,魁多镇
513324,513324108,镇,乃渠镇
513324,513324202,乡,三岩龙乡
513324,513324203,乡,上团乡
513324,513324204,乡,八窝龙乡
513324,513324209,民族乡,子耳彝族乡
513324,513324212,民族乡,小金彝族乡
513324,513324213,民族乡,朵洛彝族乡
513324,513324216,乡,洪坝乡
513325,513325100,镇,河口镇
513325,513325101,镇,呷拉镇
513325,513325102,镇,西俄洛镇
513325,513325103,镇,红龙镇
513325,513325104,镇,波斯河镇
513325,513325105,镇,麻郎措镇
513325,513325201,乡,八角楼乡
513325,513325202,乡,普巴绒乡
513325,513325203,乡,祝桑乡
513325,513325204,乡,米龙乡
513325,513325205,乡,八衣绒乡
513325,513325208,乡,牙衣河乡
513325,513325211,乡,德差乡
513325,513325213,乡,柯拉乡
513325,513325214,乡,瓦多乡
513325,513325215,乡,木绒乡
513326,513326100,镇,鲜水镇
513326,513326101,镇,八美镇
513326,513326102,镇,亚卓镇
513326,513326104,镇,玉科镇
513326,513326105,镇,仲尼镇
513326,513326106,镇,泰宁镇
513326,513326107,镇,瓦日镇
513326,513326201,乡,麻孜乡
513326,513326202,乡,孔色乡
513326,513326203,乡,葛卡乡
513326,513326207,乡,扎拖乡
513326,513326208,乡,下拖乡
513326,513326210,乡,木茹乡
513326,513326211,乡,甲斯孔乡
513326,513326213,乡,七美乡
513326,513326214,乡,银恩乡
513326,513326216,乡,龙灯乡
513326,513326218,乡,色卡乡
513326,513326219,乡,沙冲乡
513326,513326296,乡,红顶乡
513327,513327100,镇,新都镇
513327,513327101,镇,朱倭镇
513327,513327103,镇,上罗科马镇
513327,513327104,镇,虾拉沱镇
513327,513327200,乡,泥巴乡
513327,513327201,乡,雅德乡
513327,513327202,乡,洛秋乡
513327,513327205,乡,仁达乡
513327,513327207,乡,旦都乡
513327,513327208,乡,充古乡
513327,513327209,乡,更知乡
513327,513327210,乡,卡娘乡
513327,513327211,乡,宗塔乡
513327,513327212,乡,宗麦乡
513327,513327214,乡,下罗科马乡
513328,513328100,镇,甘孜镇
513328,513328101,镇,查龙镇
513328,513328102,镇,来马镇
513328,513328200,乡,呷拉乡
513328,513328201,乡,色西底乡
513328,513328202,乡,南多乡
513328,513328203,乡,生康乡
513328,513328204,乡,贡隆乡
513328,513328205,乡,扎科乡
513328,513328207,乡,昔色乡
513328,513328208,乡,卡攻乡
513328,513328209,乡,仁果乡
513328,513328210,乡,拖坝乡
513328,513328212,乡,庭卡乡
513328,513328213,乡,下雄乡
513328,513328214,乡,四通达乡
513328,513328215,乡,夺多乡
513328,513328216,乡,泥柯乡
513328,513328217,乡,茶扎乡
513328,513328218,乡,大德乡
513328,513328219,乡,卡龙乡
513329,513329100,镇,如龙镇
513329,513329101,镇,拉日马镇
513329,513329102,镇,大盖镇
513329,513329103,镇,色威镇
513329,513329104,镇,通宵镇
513329,513329105,镇,尤拉西镇
513329,513329200,乡,沙堆乡
513329,513329203,乡,绕鲁乡
513329,513329207,乡,博美乡
513329,513329209,乡,子拖西乡
513329,513329210,乡,和平乡
513329,513329211,乡,洛古乡
513329,513329212,乡,雄龙西乡
513329,513329213,乡,麻日乡
513329,513329215,乡,友谊乡
513329,513329217,乡,银多乡
513330,513330100,镇,更庆镇
513330,513330101,镇,马尼干戈镇
513330,513330102,镇,竹庆镇
513330,513330103,镇,阿须镇
513330,513330105,镇,错阿镇
513330,513330106,镇,龚垭镇
513330,513330107,镇,温拖镇
513330,513330108,镇,打滚镇
513330,513330109,镇,麦宿镇
513330,513330110,镇,中扎科镇
513330,513330202,乡,岳巴乡
513330,513330203,乡,八帮乡
513330,513330205,乡,白垭乡
513330,513330206,乡,汪布顶乡
513330,513330207,乡,柯洛洞乡
513330,513330208,乡,卡松渡乡
513330,513330209,乡,俄南乡
513330,513330211,乡,俄支乡
513330,513330213,乡,玉隆乡
513330,513330216,乡,上然姑乡
513330,513330219,乡,年古乡
513330,513330220,乡,浪多乡
513330,513330223,乡,亚丁乡
513331,513331100,镇,建设镇
513331,513331101,镇,阿察镇
513331,513331102,镇,河坡镇
513331,513331103,镇,盖玉镇
513331,513331201,乡,绒盖乡
513331,513331202,乡,章都乡
513331,513331203,乡,麻绒乡
513331,513331205,乡,热加乡
513331,513331206,乡,登龙乡
513331,513331207,乡,赠科乡
513331,513331210,乡,辽西乡
513331,513331211,乡,纳塔乡
513331,513331212,乡,麻邛乡
513331,513331214,乡,沙马乡
513331,513331215,乡,安孜乡
513331,513331216,乡,金沙乡
513332,513332100,镇,尼呷镇
513332,513332101,镇,洛须镇
513332,513332102,镇,色须镇
513332,513332103,镇,虾扎镇
513332,513332104,镇,温波镇
513332,513332105,镇,蒙宜镇
513332,513332106,镇,阿日扎镇
513332,513332200,乡,真达乡
513332,513332201,乡,奔达乡
513332,513332202,乡,正科乡
513332,513332204,乡,德荣马乡
513332,513332206,乡,长沙贡马乡
513332,513332207,乡,呷衣乡
513332,513332208,乡,格孟乡
513332,513332210,乡,新荣乡
513332,513332211,乡,宜牛乡
513332,513332213,乡,起坞乡
513332,513332215,乡,长须贡马乡
513332,513332216,乡,长沙干马乡
513332,513332217,乡,长须干马乡
513332,513332219,乡,瓦须乡
513333,513333100,镇,色柯镇
513333,513333101,镇,翁达镇
513333,513333102,镇,洛若镇
513333,513333103,镇,泥朵镇
513333,513333104,镇,甲学镇
513333,513333201,乡,克戈乡
513333,513333202,乡,然充乡
513333,513333203,乡,康勒乡
513333,513333204,乡,大章乡
513333,513333205,乡,大则乡
513333,513333206,乡,亚龙乡
513333,513333207,乡,塔子乡
513333,513333208,乡,年龙乡
513333,513333210,乡,霍西乡
513333,513333211,乡,旭日乡
513333,513333212,乡,杨各乡
513334,513334100,镇,高城镇
513334,513334101,镇,甲洼镇
513334,513334102,镇,觉吾镇
513334,513334103,镇,拉波镇
513334,513334104,镇,君坝镇
513334,513334105,镇,格聂镇
513334,513334106,镇,木拉镇
513334,513334201,乡,哈依乡
513334,513334203,乡,莫坝乡
513334,513334204,乡,亚火乡
513334,513334205,乡,绒坝乡
513334,513334206,乡,呷洼乡
513334,513334207,乡,奔戈乡
513334,513334208,乡,村戈乡
513334,513334209,乡,禾尼乡
513334,513334210,乡,曲登乡
513334,513334213,乡,上木拉乡
513334,513334216,乡,濯桑乡
513334,513334218,乡,藏坝乡
513334,513334219,乡,格木乡
513334,513334221,乡,麦洼乡
513334,513334222,乡,德巫乡
513335,513335100,镇,夏邛镇
513335,513335101,镇,中咱镇
513335,513335102,镇,措拉镇
513335,513335103,镇,甲英镇
513335,513335104,镇,地巫镇
513335,513335200,乡,拉哇乡
513335,513335202,乡,竹巴龙乡
513335,513335204,乡,苏哇龙乡
513335,513335205,乡,昌波乡
513335,513335208,乡,亚日贡乡
513335,513335209,乡,波密乡
513335,513335210,乡,莫多乡
513335,513335211,乡,松多乡
513335,513335212,乡,波戈溪乡
513335,513335215,乡,茶洛乡
513335,513335216,乡,列衣乡
513335,513335217,乡,德达乡
513336,513336100,镇,香巴拉镇
513336,513336101,镇,青德镇
513336,513336103,镇,热打镇
513336,513336201,乡,沙贡乡
513336,513336202,乡,水洼乡
513336,513336205,乡,然乌乡
513336,513336206,乡,洞松乡
513336,513336208,乡,定波乡
513336,513336209,乡,正斗乡
513336,513336210,乡,白依乡
513337,513337100,镇,金珠镇
513337,513337101,镇,香格里拉镇
513337,513337102,镇,桑堆镇
513337,513337103,镇,吉呷镇
513337,513337104,镇,噶通镇
513337,513337201,乡,省母乡
513337,513337204,乡,巨龙乡
513337,513337205,乡,邓坡乡
513337,513337206,乡,木拉乡
513337,513337207,乡,赤土乡
513337,513337209,乡,蒙自乡
513337,513337210,乡,各卡乡
513337,513337212,乡,俄牙同乡
513338,513338101,镇,瓦卡镇
513338,513338102,镇,白松镇
513338,513338103,镇,日雨镇
513338,513338104,镇,太阳谷镇
513338,513338201,乡,徐龙乡
513338,513338204,乡,奔都乡
513338,513338205,乡,八日乡
513338,513338206,乡,古学乡
513338,513338208,乡,贡波乡
513338,513338210,乡,茨巫乡
513401,513401001,街道,西城街道
513401,513401002,街道,东城街道
513401,513401003,街道,北城街道
513401,513401004,街道,长安街道
513401,513401005,街道,新村街道
513401,513401007,街道,海南街道
513401,513401008,街道,马道街道
513401,513401101,镇,礼州镇
513401,513401102,镇,安宁镇
513401,513401103,镇,川兴镇
513401,513401104,镇,黄联关镇
513401,513401105,镇,佑君镇
513401,513401106,镇,太和镇
513401,513401107,镇,安哈镇
513401,513401108,镇,阿七镇
513401,513401109,镇,樟木箐镇
513401,513401110,镇,琅环镇
513401,513401111,镇,巴汝镇
513401,513401201,乡,高枧乡
513401,513401203,乡,四合乡
513401,513401211,乡,开元乡
513401,513401212,乡,大兴乡
513401,513401215,乡,经久乡
513401,513401219,民族乡,裕隆回族乡
513401,513401220,民族乡,高草回族乡
513401,513401228,乡,马鞍山乡
513401,513401290,乡,西郊乡
513401,513401295,乡,兴胜乡
513402,513402001,街道,城北街道
513402,513402002,街道,城南街道
513402,513402003,街道,古城街道
513402,513402101,镇,鹿厂镇
513402,513402102,镇,黎溪镇
513402,513402103,镇,通安镇
513402,513402104,镇,太平镇
513402,513402105,镇,益门镇
513402,513402106,镇,绿水镇
513402,513402107,镇,云甸镇
513402,513402108,镇,新发镇
513402,513402109,镇,关河镇
513402,513402110,镇,彰冠镇
513402,513402111,镇,木古镇
513402,513402112,镇,六华镇
513402,513402113,镇,小黑箐镇
513402,513402201,乡,内东乡
513402,513402202,乡,树堡乡
513402,513402203,民族乡,新安傣族乡
513402,513402204,乡,槽元乡
513402,513402295,乡,杨家坝乡
513402,513402620,乡,江竹乡
513402,513402626,乡,江普乡
513402,513402629,乡,海潮乡
513402,513402640,乡,龙泉乡
513422,513422100,镇,乔瓦镇
513422,513422101,镇,瓦厂镇
513422,513422102,镇,茶布朗镇
513422,513422103,镇,雅砻江镇
513422,513422104,镇,水洛镇
513422,513422105,镇,列瓦镇
513422,513422201,乡,博科乡
513422,513422202,乡,宁朗乡
513422,513422203,乡,依吉乡
513422,513422204,民族乡,俄亚纳西族乡
513422,513422206,乡,牦牛坪乡
513422,513422207,民族乡,屋脚蒙古族乡
513422,513422208,民族乡,项脚蒙古族乡
513422,513422209,乡,李子坪乡
513422,513422213,乡,西秋乡
513422,513422214,乡,克尔乡
513422,513422215,民族乡,白碉苗族乡
513422,513422216,乡,三桷垭乡
513422,513422217,乡,倮波乡
513422,513422218,乡,卡拉乡
513422,513422219,乡,后所乡
513422,513422220,乡,沙湾乡
513422,513422222,民族乡,固增苗族乡
513422,513422223,乡,麦日乡
513422,513422224,乡,东朗乡
513422,513422225,乡,唐央乡
513422,513422226,乡,博窝乡
513422,513422292,乡,下麦地乡
513423,513423001,街道,盐井街道
513423,513423101,镇,卫城镇
513423,513423102,镇,梅雨镇
513423,513423103,镇,白乌镇
513423,513423104,镇,树河镇
513423,513423105,镇,黄草镇
513423,513423106,镇,平川镇
513423,513423107,镇,泸沽湖镇
513423,513423108,镇,官地镇
513423,513423109,镇,梅子坪镇
513423,513423110,镇,润盐镇
513423,513423111,镇,长柏镇
513423,513423112,镇,甲米镇
513423,513423113,镇,棉桠镇
513423,513423114,镇,盐塘镇
513423,513423115,镇,金河镇
513423,513423116,镇,龙塘镇
513423,513423117,镇,兴隆镇
513423,513423206,乡,藤桥乡
513423,513423207,乡,田湾乡
513423,513423214,乡,右所乡
513423,513423221,乡,沃底乡
513423,513423222,民族乡,大坡蒙古族乡
513423,513423223,乡,洼里乡
513423,513423290,乡,双河乡
513423,513423291,乡,大草乡
513423,513423292,乡,博大乡
513423,513423299,乡,盖租乡
513423,513423601,乡,干海乡
513424,513424001,街道,德州街道
513424,513424002,街道,昌州街道
513424,513424101,镇,永郎镇
513424,513424102,镇,乐跃镇
513424,513424103,镇,麻栗镇
513424,513424104,镇,茨达镇
513424,513424109,镇,巴洞镇
513424,513424113,镇,铁炉镇
513424,513424114,镇,黑龙潭镇
513424,513424115,镇,热河镇
513424,513424217,民族乡,南山傈僳族乡
513424,513424218,民族乡,金沙傈僳族乡
513426,513426001,街道,鱼城街道
513426,513426002,街道,金江街道
513426,513426101,镇,铅锌镇
513426,513426102,镇,乌东德镇
513426,513426103,镇,姜州镇
513426,513426104,镇,堵格镇
513426,513426105,镇,淌塘镇
513426,513426106,镇,铁柳镇
513426,513426107,镇,嘎吉镇
513426,513426108,镇,松坪镇
513426,513426109,镇,新街镇
513426,513426110,镇,满银沟镇
513426,513426111,镇,大崇镇
513426,513426112,镇,鲁吉镇
513426,513426113,镇,鲹鱼河镇
513426,513426235,乡,溜姑乡
513426,513426246,乡,野租乡
513426,513426251,乡,老君滩乡
513426,513426252,乡,江西街乡
513427,513427101,镇,松新镇
513427,513427102,镇,竹寿镇
513427,513427103,镇,华弹镇
513427,513427104,镇,白鹤滩镇
513427,513427106,镇,西瑶镇
513427,513427108,镇,大同镇
513427,513427109,镇,骑骡沟镇
513427,513427110,镇,跑马镇
513427,513427111,镇,幸福镇
513427,513427112,镇,石梨镇
513427,513427113,镇,六铁镇
513427,513427116,镇,宁远镇
513427,513427117,镇,俱乐镇
513428,513428100,镇,普基镇
513428,513428101,镇,荞窝镇
513428,513428102,镇,螺髻山镇
513428,513428103,镇,五道箐镇
513428,513428104,镇,花山镇
513428,513428105,镇,日都迪萨镇
513428,513428106,镇,西洛镇
513428,513428107,镇,夹铁镇
513428,513428201,乡,向阳乡
513428,513428203,乡,黎安乡
513428,513428206,乡,大坪乡
513428,513428210,乡,甘天地乡
513428,513428213,乡,特兹乡
513428,513428218,乡,瓦洛乡
513428,513428220,乡,菜子乡
513428,513428222,乡,刘家坪乡
513428,513428227,乡,大槽乡
513429,513429100,镇,特木里镇
513429,513429101,镇,龙潭镇
513429,513429102,镇,拖觉镇
513429,513429103,镇,九都镇
513429,513429104,镇,乐安镇
513429,513429105,镇,俄里坪镇
513429,513429106,镇,地洛镇
513429,513429107,镇,牛角湾镇
513429,513429200,乡,木尔乡
513429,513429206,乡,补尔乡
513429,513429209,乡,拉果乡
513429,513429214,乡,罗家坪乡
513429,513429217,乡,火烈乡
513429,513429222,乡,瓦都乡
513429,513429224,乡,委只洛乡
513429,513429225,乡,联补乡
513429,513429226,乡,基只乡
513430,513430100,镇,天地坝镇
513430,513430101,镇,派来镇
513430,513430102,镇,芦稿镇
513430,513430103,镇,对坪镇
513430,513430104,镇,南瓦镇
513430,513430105,镇,百草坡镇
513430,513430106,镇,洛觉镇
513430,513430107,镇,德溪镇
513430,513430108,镇,丙底镇
513430,513430201,乡,热水河乡
513430,513430206,乡,甲依乡
513430,513430210,乡,基觉乡
513430,513430211,乡,小银木乡
513430,513430214,乡,青松乡
513430,513430217,乡,山江乡
513431,513431100,镇,新城镇
513431,513431101,镇,城北镇
513431,513431102,镇,竹核镇
513431,513431103,镇,谷曲镇
513431,513431104,镇,比尔镇
513431,513431105,镇,解放沟镇
513431,513431106,镇,三岔河镇
513431,513431107,镇,四开镇
513431,513431108,镇,地莫镇
513431,513431109,镇,古里镇
513431,513431110,镇,俄尔镇
513431,513431205,乡,美甘乡
513431,513431210,乡,博洛乡
513431,513431227,乡,特布洛乡
513431,513431228,乡,庆恒乡
513431,513431231,乡,补约乡
513431,513431234,乡,金曲乡
513431,513431238,乡,则普乡
513431,513431244,乡,日哈乡
513431,513431245,乡,哈甘乡
513432,513432100,镇,光明镇
513432,513432101,镇,冕山镇
513432,513432102,镇,红莫镇
513432,513432103,镇,两河口镇
513432,513432104,镇,米市镇
513432,513432105,镇,洛哈镇
513432,513432106,镇,尼波镇
513432,513432202,乡,贺波洛乡
513432,513432203,乡,鲁基乡
513432,513432204,乡,李子乡
513432,513432205,乡,北山乡
513432,513432208,乡,且拖乡
513432,513432210,乡,沙马拉达乡
513433,513433001,街道,高阳街道
513433,513433101,镇,漫水湾镇
513433,513433102,镇,大桥镇
513433,513433103,镇,复兴镇
513433,513433104,镇,泸沽镇
513433,513433107,镇,石龙镇
513433,513433108,镇,彝海镇
513433,513433109,镇,河边镇
513433,513433110,镇,锦屏镇
513433,513433112,镇,里庄镇
513433,513433113,镇,惠安镇
513433,513433114,镇,宏模镇
513433,513433115,镇,泽远镇
513433,513433116,镇,若水镇
513433,513433117,镇,棉沙镇
513433,513433118,镇,磨房沟镇
513433,513433226,民族乡,和爱藏族乡
513433,513433230,乡,新兴乡
513433,513433231,乡,健美乡
513434,513434100,镇,越城镇
513434,513434101,镇,中所镇
513434,513434102,镇,新民镇
513434,513434103,镇,乃托镇
513434,513434104,镇,普雄镇
513434,513434105,镇,大瑞镇
513434,513434106,镇,竹阿觉镇
513434,513434107,镇,书古镇
513434,513434108,镇,依洛地坝镇
513434,513434109,镇,南箐镇
513434,513434110,镇,贡莫镇
513434,513434111,镇,梅花镇
513434,513434112,镇,尔觉镇
513434,513434113,镇,拉普镇
513434,513434114,镇,马拖镇
513434,513434115,镇,大花镇
513434,513434116,镇,板桥镇
513434,513434211,民族乡,保安藏族乡
513434,513434220,乡,乐青地乡
513434,513434227,乡,五里箐乡
513434,513434235,乡,拉吉乡
513434,513434236,乡,申果庄乡
513434,513434634,乡,瓦里觉乡
513435,513435100,镇,新市坝镇
513435,513435101,镇,田坝镇
513435,513435102,镇,海棠镇
513435,513435103,镇,吉米镇
513435,513435104,镇,斯觉镇
513435,513435105,镇,普昌镇
513435,513435106,镇,玉田镇
513435,513435107,镇,苏雄镇
513435,513435108,镇,乌史大桥镇
513435,513435202,乡,新茶乡
513435,513435211,乡,团结乡
513435,513435212,乡,嘎日乡
513435,513435219,乡,沙岱乡
513435,513435293,乡,两河乡
513435,513435294,乡,坪坝乡
513435,513435296,乡,阿兹觉乡
513436,513436100,镇,巴普镇
513436,513436101,镇,洪溪镇
513436,513436102,镇,新桥镇
513436,513436103,镇,牛牛坝镇
513436,513436104,镇,拉马镇
513436,513436105,镇,候播乃拖镇
513436,513436106,镇,候古莫镇
513436,513436200,乡,觉洛乡
513436,513436201,乡,井叶特西乡
513436,513436202,乡,合姑洛乡
513436,513436208,乡,典补乡
513436,513436217,乡,九口乡
513436,513436218,乡,洛俄依甘乡
513436,513436221,乡,柳洪乡
513436,513436225,乡,峨曲古乡
513436,513436229,乡,龙门乡
513436,513436231,乡,洒库乡
513436,513436235,乡,瓦候乡
513437,513437100,镇,锦城镇
513437,513437101,镇,西宁镇
513437,513437102,镇,汶水镇
513437,513437103,镇,黄琅镇
513437,513437104,镇,金沙镇
513437,513437105,镇,永盛镇
513437,513437106,镇,渡口镇
513437,513437107,镇,宝山镇
513437,513437108,镇,马颈子镇
513437,513437109,镇,瓦岗镇
513437,513437110,镇,上田坝镇
513437,513437203,乡,箐口乡
513437,513437214,乡,柑子乡
513437,513437217,乡,桂花乡
513437,513437220,乡,山棱岗乡
513437,513437222,乡,谷堆乡
513437,513437224,乡,拉咪乡
513437,513437227,乡,千万贯乡
513437,513437233,乡,莫红乡
513437,513437237,乡,巴姑乡
513437,513437241,乡,卡哈洛乡
513437,513437290,乡,回龙场乡
513437,513437299,乡,一车乡
520102,520102001,街道,五里冲街道
520102,520102002,街道,小车河街道
520102,520102003,街道,新华路街道
520102,520102004,街道,西湖路街道
520102,520102005,街道,中华南路街道
520102,520102006,街道,河滨街道
520102,520102007,街道,遵义路街道
520102,520102008,街道,兴关路街道
520102,520102009,街道,沙冲路街道
520102,520102010,街道,太慈桥街道
520102,520102011,街道,湘雅街道
520102,520102012,街道,油榨街道
520102,520102013,街道,中曹司街道
520102,520102014,街道,二戈街道
520102,520102015,街道,龙洞堡街道
520102,520102016,街道,水口寺街道
520102,520102017,街道,望城街道
520102,520102018,街道,花果园街道
520102,520102019,街道,兰花都街道
520102,520102200,乡,后巢乡
520102,520102201,乡,云关乡
520102,520102202,乡,永乐乡
520102,520102203,民族乡,小碧布依族苗族乡
520103,520103001,街道,文昌阁街道
520103,520103002,街道,毓秀路街道
520103,520103003,街道,八鸽岩街道
520103,520103004,街道,市西河街道
520103,520103005,街道,普陀路街道
520103,520103006,街道,大营路街道
520103,520103007,街道,黔灵东路街道
520103,520103008,街道,威清门街道
520103,520103009,街道,头桥街道
520103,520103010,街道,三桥路街道
520103,520103011,街道,盐务街街道
520103,520103012,街道,金关街道
520103,520103013,街道,马王街道
520103,520103014,街道,茶园路街道
520103,520103015,街道,杨惠街道
520103,520103016,街道,水东路街道
520103,520103017,街道,渔安街道
520103,520103100,镇,黔灵镇
520111,520111001,街道,贵筑街道
520111,520111002,街道,阳光街道
520111,520111003,街道,清溪街道
520111,520111004,街道,溪北街道
520111,520111005,街道,黄河路街道
520111,520111006,街道,平桥街道
520111,520111007,街道,小孟街道
520111,520111008,街道,金筑街道
520111,520111009,街道,党武街道
520111,520111101,镇,青岩镇
520111,520111102,镇,石板镇
520111,520111104,镇,麦坪镇
520111,520111105,镇,燕楼镇
520111,520111201,民族乡,孟关苗族布依族乡
520111,520111204,民族乡,湖潮苗族布依族乡
520111,520111205,乡,久安乡
520111,520111207,民族乡,高坡苗族乡
520111,520111208,民族乡,黔陶布依族苗族乡
520111,520111209,民族乡,马铃布依族苗族乡
520112,520112001,街道,龙广路街道
520112,520112002,街道,新创路街道
520112,520112003,街道,观溪路街道
520112,520112004,街道,新光路街道
520112,520112005,街道,高新路街道
520112,520112101,镇,东风镇
520112,520112102,镇,水田镇
520112,520112103,镇,羊昌镇
520112,520112104,镇,新场镇
520112,520112105,镇,下坝镇
520112,520112106,镇,百宜镇
520112,520112203,民族乡,新堡布依族乡
520112,520112206,民族乡,偏坡布依族乡
520113,520113001,街道,泉湖街道
520113,520113010,街道,大山洞街道
520113,520113013,街道,云城街道
520113,520113014,街道,龚家寨街道
520113,520113015,街道,都拉营街道
520113,520113101,镇,麦架镇
520113,520113102,镇,沙文镇
520113,520113103,镇,艳山红镇
520113,520113202,民族乡,都拉布依族乡
520113,520113204,民族乡,牛场布依族乡
520115,520115001,街道,宾阳街道
520115,520115002,街道,云潭街道
520115,520115003,街道,观山街道
520115,520115004,街道,金华园街道
520115,520115005,街道,金阳街道
520115,520115006,街道,世纪城街道
520115,520115007,街道,长岭街道
520115,520115100,镇,金华镇
520115,520115101,镇,朱昌镇
520115,520115102,镇,百花湖镇
520121,520121001,街道,硒城街道
520121,520121002,街道,云开街道
520121,520121003,街道,紫兴街道
520121,520121101,镇,双流镇
520121,520121102,镇,金中镇
520121,520121103,镇,冯三镇
520121,520121104,镇,楠木渡镇
520121,520121105,镇,龙岗镇
520121,520121106,镇,花梨镇
520121,520121107,镇,永温镇
520121,520121190,镇,城关镇
520121,520121200,乡,南龙乡
520121,520121202,乡,宅吉乡
520121,520121204,乡,龙水乡
520121,520121205,乡,米坪乡
520121,520121206,民族乡,禾丰布依族苗族乡
520121,520121207,民族乡,南江布依族苗族乡
520121,520121208,民族乡,高寨苗族布依族乡
520121,520121209,乡,毛云乡
520122,520122001,街道,永阳街道
520122,520122100,镇,永靖镇
520122,520122101,镇,温泉镇
520122,520122102,镇,九庄镇
520122,520122103,镇,小寨坝镇
520122,520122104,镇,养龙司镇
520122,520122105,镇,石硐镇
520122,520122106,镇,西山镇
520122,520122107,镇,鹿窝镇
520122,520122108,镇,流长镇
520122,520122200,民族乡,青山苗族乡
520123,520123001,街道,龙场街道
520123,520123002,街道,阳明洞街道
520123,520123003,街道,景阳街道
520123,520123004,街道,扎佐街道
520123,520123005,街道,久长街道
520123,520123103,镇,六广镇
520123,520123104,镇,六桶镇
520123,520123105,镇,洒坪镇
520123,520123106,镇,六屯镇
520123,520123107,镇,谷堡镇
520123,520123108,镇,小箐镇
520123,520123204,民族乡,大石布依族乡
520181,520181002,街道,滨湖街道
520181,520181003,街道,巢凤街道
520181,520181004,街道,青龙山街道
520181,520181100,镇,红枫湖镇
520181,520181101,镇,站街镇
520181,520181102,镇,卫城镇
520181,520181103,镇,新店镇
520181,520181104,镇,犁倭镇
520181,520181105,镇,暗流镇
520181,520181201,民族乡,麦格苗族布依族乡
520181,520181203,民族乡,王庄布依族苗族乡
520181,520181204,民族乡,流长苗族乡
520201,520201001,街道,黄土坡街道
520201,520201002,街道,荷城街道
520201,520201003,街道,凤凰街道
520201,520201004,街道,德坞街道
520201,520201005,街道,荷泉街道
520201,520201006,街道,红岩街道
520201,520201007,街道,杨柳街道
520201,520201008,街道,月照街道
520201,520201009,街道,双戛街道
520201,520201101,镇,大河镇
520201,520201102,镇,汪家寨镇
520201,520201103,镇,大湾镇
520201,520201104,镇,木果镇
520201,520201105,镇,保华镇
520201,520201201,民族乡,青林苗族彝族乡
520201,520201202,民族乡,金盆苗族彝族乡
520201,520201203,民族乡,南开苗族彝族乡
520203,520203001,街道,九龙街道
520203,520203002,街道,银壶街道
520203,520203003,街道,塔山街道
520203,520203102,镇,岩脚镇
520203,520203103,镇,木岗镇
520203,520203104,镇,大用镇
520203,520203105,镇,关寨镇
520203,520203106,镇,牂牁镇
520203,520203107,镇,新华镇
520203,520203108,镇,龙河镇
520203,520203109,镇,新窑镇
520203,520203110,镇,郎岱镇
520203,520203203,民族乡,梭戛苗族彝族回族乡
520203,520203204,民族乡,牛场苗族彝族乡
520203,520203205,乡,新场乡
520203,520203208,民族乡,中寨苗族彝族布依族乡
520203,520203213,民族乡,落别布依族彝族乡
520203,520203214,民族乡,月亮河彝族布依族苗族乡
520203,520203600,镇,平寨镇
520204,520204001,街道,尖山街道
520204,520204002,街道,双水街道
520204,520204003,街道,老鹰山街道
520204,520204004,街道,董地街道
520204,520204005,街道,海坪街道
520204,520204006,街道,新桥街道
520204,520204007,街道,以朵街道
520204,520204008,街道,石龙街道
520204,520204009,街道,红桥街道
520204,520204100,镇,蟠龙镇
520204,520204101,镇,发耳镇
520204,520204102,镇,都格镇
520204,520204103,镇,鸡场镇
520204,520204104,镇,勺米镇
520204,520204105,镇,化乐镇
520204,520204106,镇,比德镇
520204,520204107,镇,阿戛镇
520204,520204108,镇,玉舍镇
520204,520204109,镇,陡箐镇
520204,520204110,镇,米箩镇
520204,520204200,民族乡,坪寨彝族乡
520204,520204201,民族乡,龙场苗族白族彝族乡
520204,520204202,民族乡,营盘苗族彝族白族乡
520204,520204203,民族乡,顺场苗族彝族布依族乡
520204,520204204,民族乡,花戛苗族布依族彝族乡
520204,520204205,民族乡,杨梅彝族苗族回族乡
520204,520204206,民族乡,新街彝族苗族布依族乡
520204,520204207,民族乡,野钟苗族彝族布依族乡
520204,520204208,民族乡,果布戛彝族苗族布依族乡
520204,520204209,民族乡,猴场苗族布依族乡
520204,520204600,镇,滥坝镇
520204,520204609,民族乡,发箐苗族彝族乡
520281,520281001,街道,亦资街道
520281,520281002,街道,翰林街道
520281,520281003,街道,两河街道
520281,520281004,街道,刘官街道
520281,520281005,街道,胜境街道
520281,520281006,街道,红果街道
520281,520281111,镇,响水镇
520281,520281118,镇,民主镇
520281,520281121,镇,新民镇
520281,520281123,镇,柏果镇
520281,520281124,镇,盘关镇
520281,520281125,镇,石桥镇
520281,520281126,镇,竹海镇
520281,520281127,镇,保田镇
520281,520281128,镇,英武镇
520281,520281129,镇,大山镇
520281,520281130,镇,鸡场坪镇
520281,520281131,镇,双凤镇
520281,520281132,镇,丹霞镇
520281,520281133,镇,乌蒙镇
520281,520281201,民族乡,坪地彝族乡
520281,520281206,民族乡,羊场布依族白族苗族乡
520281,520281207,民族乡,旧营白族彝族苗族乡
520281,520281208,民族乡,保基苗族彝族乡
520281,520281209,民族乡,淤泥彝族乡
520281,520281210,民族乡,普古彝族苗族乡
520281,520281214,民族乡,普田回族乡
520302,520302001,街道,舟水桥街道
520302,520302002,街道,老城街道
520302,520302003,街道,万里路街道
520302,520302005,街道,延安路街道
520302,520302006,街道,中山路街道
520302,520302007,街道,迎红街道
520302,520302008,街道,中华路街道
520302,520302009,街道,长征街道
520302,520302010,街道,南关街道
520302,520302011,街道,忠庄街道
520302,520302012,街道,北京路街道
520302,520302013,街道,新蒲街道
520302,520302014,街道,新中街道
520302,520302015,街道,礼仪街道
520302,520302097,街道,南门关街道
520302,520302103,镇,巷口镇
520302,520302105,镇,海龙镇
520302,520302107,镇,深溪镇
520302,520302108,镇,金鼎山镇
520302,520302109,镇,新舟镇
520302,520302110,镇,永乐镇
520302,520302111,镇,喇叭镇
520302,520302112,镇,虾子镇
520302,520302113,镇,三渡镇
520303,520303001,街道,上海路街道
520303,520303002,街道,洗马路街道
520303,520303003,街道,大连路街道
520303,520303005,街道,董公寺街道
520303,520303006,街道,高坪街道
520303,520303007,街道,高桥街道
520303,520303102,镇,团泽镇
520303,520303104,镇,板桥镇
520303,520303105,镇,泗渡镇
520303,520303106,镇,沙湾镇
520303,520303107,镇,松林镇
520303,520303108,镇,毛石镇
520303,520303109,镇,山盆镇
520303,520303110,镇,芝麻镇
520304,520304001,街道,南白街道
520304,520304002,街道,播南街道
520304,520304003,街道,影山湖街道
520304,520304004,街道,桂花桥街道
520304,520304005,街道,龙坑街道
520304,520304102,镇,三岔镇
520304,520304103,镇,苟江镇
520304,520304104,镇,三合镇
520304,520304105,镇,乌江镇
520304,520304106,镇,龙坪镇
520304,520304107,镇,团溪镇
520304,520304108,镇,铁厂镇
520304,520304109,镇,西坪镇
520304,520304110,镇,尚嵇镇
520304,520304111,镇,茅栗镇
520304,520304112,镇,新民镇
520304,520304113,镇,鸭溪镇
520304,520304114,镇,石板镇
520304,520304115,镇,乐山镇
520304,520304116,镇,枫香镇
520304,520304117,镇,泮水镇
520304,520304118,镇,马蹄镇
520304,520304200,民族乡,平正仡佬族乡
520304,520304201,民族乡,洪关苗族乡
520322,520322001,街道,娄山关街道
520322,520322002,街道,海校街道
520322,520322101,镇,楚米镇
520322,520322102,镇,新站镇
520322,520322103,镇,松坎镇
520322,520322104,镇,高桥镇
520322,520322105,镇,水坝塘镇
520322,520322106,镇,官仓镇
520322,520322107,镇,花秋镇
520322,520322108,镇,羊磴镇
520322,520322109,镇,九坝镇
520322,520322110,镇,大河镇
520322,520322111,镇,夜郎镇
520322,520322112,镇,木瓜镇
520322,520322113,镇,坡渡镇
520322,520322114,镇,燎原镇
520322,520322115,镇,狮溪镇
520322,520322116,镇,茅石镇
520322,520322117,镇,尧龙山镇
520322,520322118,镇,风水镇
520322,520322119,镇,容光镇
520322,520322120,镇,芭蕉镇
520322,520322203,乡,小水乡
520322,520322205,乡,黄莲乡
520322,520322207,民族乡,马鬃苗族乡
520323,520323001,街道,洋川街道
520323,520323101,镇,郑场镇
520323,520323102,镇,旺草镇
520323,520323103,镇,蒲场镇
520323,520323104,镇,风华镇
520323,520323105,镇,茅垭镇
520323,520323106,镇,枧坝镇
520323,520323107,镇,宽阔镇
520323,520323108,镇,黄杨镇
520323,520323109,镇,青杠塘镇
520323,520323110,镇,太白镇
520323,520323111,镇,温泉镇
520323,520323112,镇,坪乐镇
520323,520323200,乡,大路槽乡
520323,520323201,乡,小关乡
520324,520324001,街道,凤仪街道
520324,520324002,街道,瑞濠街道
520324,520324101,镇,瑞溪镇
520324,520324102,镇,和溪镇
520324,520324103,镇,安场镇
520324,520324104,镇,土坪镇
520324,520324105,镇,流渡镇
520324,520324106,镇,格林镇
520324,520324107,镇,新州镇
520324,520324108,镇,庙塘镇
520324,520324109,镇,小雅镇
520324,520324110,镇,中观镇
520324,520324111,镇,班竹镇
520324,520324112,镇,芙蓉江镇
520324,520324113,镇,碧峰镇
520324,520324114,镇,乐俭镇
520324,520324115,镇,杨兴镇
520324,520324116,镇,桴㯊镇
520324,520324202,民族乡,谢坝仡佬族苗族乡
520324,520324203,民族乡,市坪苗族仡佬族乡
520325,520325001,街道,尹珍街道
520325,520325100,镇,玉溪镇
520325,520325101,镇,三江镇
520325,520325102,镇,隆兴镇
520325,520325103,镇,旧城镇
520325,520325104,镇,忠信镇
520325,520325105,镇,洛龙镇
520325,520325106,镇,阳溪镇
520325,520325107,镇,三桥镇
520325,520325108,镇,大磏镇
520325,520325109,镇,平模镇
520325,520325110,镇,河口镇
520325,520325200,民族乡,上坝土家族乡
520325,520325201,乡,棕坪乡
520325,520325202,乡,桃源乡
520326,520326001,街道,都濡街道
520326,520326002,街道,丹砂街道
520326,520326003,街道,大坪街道
520326,520326101,镇,丰乐镇
520326,520326102,镇,黄都镇
520326,520326103,镇,涪洋镇
520326,520326104,镇,镇南镇
520326,520326105,镇,砚山镇
520326,520326106,镇,浞水镇
520326,520326107,镇,茅天镇
520326,520326108,镇,柏村镇
520326,520326110,镇,蕉坝镇
520326,520326111,镇,分水镇
520326,520326112,镇,泥高镇
520326,520326203,乡,红丝乡
520326,520326204,乡,石朝乡
520327,520327001,街道,龙泉街道
520327,520327002,街道,何坝街道
520327,520327003,街道,凤岭街道
520327,520327004,街道,花坪街道
520327,520327101,镇,进化镇
520327,520327102,镇,琊川镇
520327,520327103,镇,蜂岩镇
520327,520327104,镇,永和镇
520327,520327106,镇,绥阳镇
520327,520327107,镇,土溪镇
520327,520327108,镇,永安镇
520327,520327109,镇,天桥镇
520327,520327111,镇,新建镇
520327,520327112,镇,王寨镇
520327,520327603,乡,石径乡
520328,520328004,街道,湄江街道
520328,520328005,街道,黄家坝街道
520328,520328006,街道,鱼泉街道
520328,520328101,镇,永兴镇
520328,520328102,镇,复兴镇
520328,520328103,镇,马山镇
520328,520328106,镇,高台镇
520328,520328107,镇,茅坪镇
520328,520328108,镇,兴隆镇
520328,520328109,镇,新南镇
520328,520328110,镇,石莲镇
520328,520328111,镇,抄乐镇
520328,520328112,镇,洗马镇
520328,520328113,镇,西河镇
520328,520328114,镇,天城镇
520328,520328602,街道,茶城街道
520328,520328603,街道,桃花江街道
520329,520329001,街道,子营街道
520329,520329102,镇,龙溪镇
520329,520329103,镇,构皮滩镇
520329,520329104,镇,大乌江镇
520329,520329105,镇,敖溪镇
520329,520329106,镇,龙家镇
520329,520329107,镇,松烟镇
520329,520329108,镇,关兴镇
520329,520329109,镇,白泥镇
520329,520329200,民族乡,花山苗族乡
520330,520330001,街道,东皇街道
520330,520330002,街道,杉王街道
520330,520330003,街道,九龙街道
520330,520330004,街道,马临街道
520330,520330101,镇,土城镇
520330,520330102,镇,同民镇
520330,520330103,镇,醒民镇
520330,520330104,镇,隆兴镇
520330,520330105,镇,习酒镇
520330,520330106,镇,回龙镇
520330,520330107,镇,桑木镇
520330,520330108,镇,永安镇
520330,520330109,镇,良村镇
520330,520330110,镇,温水镇
520330,520330111,镇,仙源镇
520330,520330112,镇,官店镇
520330,520330113,镇,寨坝镇
520330,520330114,镇,民化镇
520330,520330115,镇,二郎镇
520330,520330116,镇,二里镇
520330,520330117,镇,三岔河镇
520330,520330118,镇,大坡镇
520330,520330120,镇,桃林镇
520330,520330122,镇,程寨镇
520330,520330205,乡,双龙乡
520330,520330207,乡,坭坝乡
520381,520381001,街道,市中街道
520381,520381002,街道,文华街道
520381,520381003,街道,金华街道
520381,520381100,镇,天台镇
520381,520381101,镇,复兴镇
520381,520381102,镇,大同镇
520381,520381103,镇,旺隆镇
520381,520381104,镇,葫市镇
520381,520381105,镇,元厚镇
520381,520381106,镇,官渡镇
520381,520381107,镇,长期镇
520381,520381108,镇,长沙镇
520381,520381109,镇,丙安镇
520381,520381110,镇,两河口镇
520381,520381202,乡,宝源乡
520381,520381203,乡,石堡乡
520381,520381204,乡,白云乡
520382,520382001,街道,中枢街道
520382,520382002,街道,盐津街道
520382,520382003,街道,苍龙街道
520382,520382004,街道,坛厂街道
520382,520382005,街道,鲁班街道
520382,520382103,镇,长岗镇
520382,520382105,镇,五马镇
520382,520382106,镇,茅坝镇
520382,520382107,镇,九仓镇
520382,520382108,镇,喜头镇
520382,520382109,镇,大坝镇
520382,520382110,镇,三合镇
520382,520382111,镇,合马镇
520382,520382113,镇,火石镇
520382,520382114,镇,学孔镇
520382,520382115,镇,龙井镇
520382,520382116,镇,美酒河镇
520382,520382117,镇,高大坪镇
520382,520382118,镇,茅台镇
520382,520382201,民族乡,后山苗族布依族乡
520402,520402001,街道,南街街道
520402,520402002,街道,东街街道
520402,520402003,街道,西街街道
520402,520402004,街道,北街街道
520402,520402005,街道,东关街道
520402,520402006,街道,华西街道
520402,520402007,街道,西航街道
520402,520402010,街道,新安街道
520402,520402100,镇,宋旗镇
520402,520402101,镇,幺铺镇
520402,520402102,镇,宁谷镇
520402,520402103,镇,龙宫镇
520402,520402104,镇,双堡镇
520402,520402105,镇,大西桥镇
520402,520402106,镇,七眼桥镇
520402,520402107,镇,蔡官镇
520402,520402108,镇,轿子山镇
520402,520402109,镇,旧州镇
520402,520402200,民族乡,新场布依族苗族乡
520402,520402201,民族乡,岩腊苗族布依族乡
520402,520402202,民族乡,鸡场布依族苗族乡
520402,520402203,民族乡,杨武布依族苗族乡
520402,520402204,乡,东屯乡
520402,520402205,民族乡,黄腊布依族苗族乡
520402,520402206,乡,刘官乡
520403,520403001,街道,鼓楼街道
520403,520403002,街道,安平街道
520403,520403100,镇,白云镇
520403,520403101,镇,天龙镇
520403,520403102,镇,夏云镇
520403,520403103,镇,乐平镇
520403,520403104,镇,齐伯镇
520403,520403105,镇,高峰镇
520403,520403106,镇,马场镇
520403,520403200,民族乡,十字回族苗族乡
520403,520403201,民族乡,羊昌布依族苗族乡
520422,520422001,街道,定南街道
520422,520422002,街道,黄桶街道
520422,520422003,街道,穿洞街道
520422,520422004,街道,玉秀街道
520422,520422101,镇,马官镇
520422,520422102,镇,化处镇
520422,520422103,镇,马场镇
520422,520422104,镇,白岩镇
520422,520422105,镇,坪上镇
520422,520422106,镇,鸡场坡镇
520422,520422203,民族乡,补郎苗族乡
520422,520422204,民族乡,猴场苗族仡佬族乡
520422,520422205,民族乡,猫洞苗族仡佬族乡
520423,520423001,街道,白马湖街道
520423,520423002,街道,环翠街道
520423,520423003,街道,双龙山街道
520423,520423004,街道,丁旗街道
520423,520423005,街道,宁西街道
520423,520423102,镇,黄果树镇
520423,520423104,镇,马厂镇
520423,520423107,镇,良田镇
520423,520423108,镇,扁担山镇
520423,520423109,镇,募役镇
520423,520423110,镇,本寨镇
520423,520423111,镇,江龙镇
520423,520423112,镇,六马镇
520423,520423204,乡,沙子乡
520423,520423206,乡,革利乡
520423,520423210,乡,简嘎乡
520424,520424002,街道,顶云街道
520424,520424003,街道,关索街道
520424,520424004,街道,龙潭街道
520424,520424005,街道,百合街道
520424,520424102,镇,永宁镇
520424,520424103,镇,白水镇
520424,520424104,镇,坡贡镇
520424,520424105,镇,上关镇
520424,520424106,镇,岗乌镇
520424,520424108,镇,沙营镇
520424,520424109,镇,新铺镇
520424,520424110,镇,断桥镇
520424,520424111,镇,花江镇
520424,520424204,乡,普利乡
520425,520425001,街道,松山街道
520425,520425002,街道,五峰街道
520425,520425003,街道,云岭街道
520425,520425101,镇,格凸河镇
520425,520425102,镇,猴场镇
520425,520425103,镇,猫营镇
520425,520425104,镇,板当镇
520425,520425105,镇,大营镇
520425,520425106,镇,宗地镇
520425,520425107,镇,坝羊镇
520425,520425108,镇,火花镇
520425,520425200,乡,白石岩乡
520425,520425203,乡,四大寨乡
520502,520502001,街道,市西街道
520502,520502002,街道,市东街道
520502,520502003,街道,三板桥街道
520502,520502005,街道,大新桥街道
520502,520502006,街道,观音桥街道
520502,520502007,街道,洪山街道
520502,520502008,街道,麻园街道
520502,520502009,街道,碧海街道
520502,520502010,街道,碧阳街道
520502,520502011,街道,德溪街道
520502,520502012,街道,青龙街道
520502,520502013,街道,柏杨林街道
520502,520502014,街道,甘河街道
520502,520502100,镇,鸭池镇
520502,520502101,镇,梨树镇
520502,520502102,镇,岔河镇
520502,520502103,镇,朱昌镇
520502,520502104,镇,田坝镇
520502,520502105,镇,长春堡镇
520502,520502106,镇,撒拉溪镇
520502,520502107,镇,杨家湾镇
520502,520502108,镇,放珠镇
520502,520502109,镇,青场镇
520502,520502110,镇,水箐镇
520502,520502111,镇,何官屯镇
520502,520502112,镇,对坡镇
520502,520502113,镇,大银镇
520502,520502114,镇,林口镇
520502,520502115,镇,生机镇
520502,520502116,镇,清水铺镇
520502,520502117,镇,亮岩镇
520502,520502118,镇,燕子口镇
520502,520502119,镇,八寨镇
520502,520502120,镇,田坝桥镇
520502,520502121,镇,海子街镇
520502,520502122,镇,小坝镇
520502,520502123,镇,层台镇
520502,520502124,镇,小吉场镇
520502,520502125,镇,普宜镇
520502,520502126,镇,龙场营镇
520502,520502200,民族乡,千溪彝族苗族白族乡
520502,520502201,民族乡,阴底彝族苗族白族乡
520502,520502202,乡,野角乡
520502,520502203,乡,大河乡
520502,520502204,民族乡,团结彝族苗族乡
520502,520502205,民族乡,阿市苗族彝族乡
520502,520502206,民族乡,大屯彝族乡
520502,520502207,民族乡,田坎彝族乡
520521,520521001,街道,慕俄格古城街道
520521,520521002,街道,顺德街道
520521,520521003,街道,红旗街道
520521,520521004,街道,九驿街道
520521,520521005,街道,归化街道
520521,520521006,街道,鹏程街道
520521,520521101,镇,双山镇
520521,520521102,镇,猫场镇
520521,520521103,镇,马场镇
520521,520521104,镇,羊场镇
520521,520521105,镇,黄泥塘镇
520521,520521106,镇,六龙镇
520521,520521107,镇,达溪镇
520521,520521108,镇,瓢井镇
520521,520521109,镇,长石镇
520521,520521110,镇,对江镇
520521,520521200,乡,东关乡
520521,520521201,民族乡,竹园彝族苗族乡
520521,520521202,民族乡,响水白族彝族仡佬族乡
520521,520521203,乡,文阁乡
520521,520521204,乡,绿塘乡
520521,520521205,民族乡,鼎新彝族苗族乡
520521,520521206,民族乡,牛场苗族彝族乡
520521,520521208,乡,小屯乡
520521,520521209,民族乡,理化苗族彝族乡
520521,520521211,民族乡,凤山彝族蒙古族乡
520521,520521212,民族乡,安乐彝族仡佬族乡
520521,520521213,民族乡,核桃彝族白族乡
520521,520521214,民族乡,八堡彝族苗族乡
520521,520521215,民族乡,兴隆苗族乡
520521,520521216,乡,果瓦乡
520521,520521217,民族乡,大山苗族彝族乡
520521,520521218,乡,雨冲乡
520521,520521219,民族乡,黄泥彝族苗族满族乡
520521,520521220,民族乡,大水彝族苗族布依族乡
520521,520521221,民族乡,沙厂彝族乡
520521,520521222,民族乡,普底彝族苗族白族乡
520521,520521223,民族乡,百纳彝族乡
520521,520521224,民族乡,三元彝族苗族白族乡
520521,520521225,民族乡,星宿苗族彝族仡佬族乡
520523,520523001,街道,鼓场街道
520523,520523002,街道,岩孔街道
520523,520523003,街道,西洛街道
520523,520523004,街道,五龙街道
520523,520523005,街道,民兴街道
520523,520523101,镇,安底镇
520523,520523102,镇,沙土镇
520523,520523104,镇,禹谟镇
520523,520523105,镇,岚头镇
520523,520523106,镇,清池镇
520523,520523107,镇,柳塘镇
520523,520523108,镇,平坝镇
520523,520523109,镇,源村镇
520523,520523111,镇,木孔镇
520523,520523112,镇,长坝镇
520523,520523113,镇,茶园镇
520523,520523114,镇,后山镇
520523,520523115,镇,高坪镇
520523,520523116,镇,化觉镇
520523,520523202,民族乡,石场苗族彝族乡
520523,520523203,乡,桂花乡
520523,520523204,民族乡,太平彝族苗族乡
520523,520523215,民族乡,安洛苗族彝族满族乡
520523,520523216,民族乡,新化苗族彝族满族乡
520523,520523217,民族乡,大田彝族苗族布依族乡
520523,520523218,民族乡,马路彝族苗族乡
520524,520524001,街道,金凤街道
520524,520524002,街道,双堰街道
520524,520524003,街道,文腾街道
520524,520524004,街道,八步街道
520524,520524005,街道,绮陌街道
520524,520524006,街道,三甲街道
520524,520524007,街道,惠民街道
520524,520524101,镇,桂果镇
520524,520524102,镇,牛场镇
520524,520524103,镇,猫场镇
520524,520524104,镇,化起镇
520524,520524105,镇,龙场镇
520524,520524107,镇,以那镇
520524,520524108,镇,三塘镇
520524,520524109,镇,阿弓镇
520524,520524110,镇,珠藏镇
520524,520524111,镇,马场镇
520524,520524112,镇,少普镇
520524,520524113,镇,熊家场镇
520524,520524114,镇,白泥镇
520524,520524115,镇,黑土镇
520524,520524116,镇,板桥镇
520524,520524117,镇,中寨镇
520524,520524201,民族乡,自强苗族乡
520524,520524202,民族乡,大平苗族彝族乡
520524,520524203,民族乡,官寨苗族乡
520524,520524204,民族乡,茶店布依族苗族彝族乡
520524,520524205,民族乡,金龙苗族彝族布依族乡
520524,520524206,民族乡,后寨苗族乡
520524,520524207,民族乡,鸡场苗族彝族布依族乡
520524,520524211,乡,实兴乡
520524,520524213,乡,上坪寨乡
520524,520524215,乡,纳雍乡
520525,520525001,街道,雍熙街道
520525,520525002,街道,文昌街道
520525,520525003,街道,居仁街道
520525,520525004,街道,宣慰街道
520525,520525005,街道,利园街道
520525,520525006,街道,珙桐街道
520525,520525101,镇,鬃岭镇
520525,520525102,镇,阳长镇
520525,520525103,镇,维新镇
520525,520525104,镇,龙场镇
520525,520525105,镇,乐治镇
520525,520525107,镇,百兴镇
520525,520525108,镇,张家湾镇
520525,520525109,镇,玉龙坝镇
520525,520525110,镇,曙光镇
520525,520525111,镇,水东镇
520525,520525112,镇,沙包镇
520525,520525113,镇,寨乐镇
520525,520525114,镇,勺窝镇
520525,520525201,民族乡,新房彝族苗族乡
520525,520525202,民族乡,厍东关彝族苗族白族乡
520525,520525203,民族乡,董地苗族彝族乡
520525,520525205,民族乡,化作苗族彝族乡
520525,520525210,民族乡,姑开苗族彝族乡
520525,520525211,民族乡,羊场苗族彝族乡
520525,520525212,民族乡,锅圈岩苗族彝族乡
520525,520525213,民族乡,昆寨苗族彝族白族乡
520525,520525214,民族乡,左鶂戛彝族苗族乡
520525,520525215,民族乡,猪场苗族彝族乡
520526,520526001,街道,五里岗街道
520526,520526002,街道,六桥街道
520526,520526003,街道,海边街道
520526,520526004,街道,陕桥街道
520526,520526005,街道,雄山街道
520526,520526006,街道,开华街道
520526,520526100,镇,草海镇
520526,520526101,镇,么站镇
520526,520526102,镇,金钟镇
520526,520526103,镇,炉山镇
520526,520526104,镇,龙场镇
520526,520526105,镇,黑石头镇
520526,520526106,镇,哲觉镇
520526,520526107,镇,观风海镇
520526,520526108,镇,牛棚镇
520526,520526109,镇,迤那镇
520526,520526110,镇,中水镇
520526,520526111,镇,龙街镇
520526,520526112,镇,雪山镇
520526,520526113,镇,羊街镇
520526,520526114,镇,小海镇
520526,520526115,镇,盐仓镇
520526,520526116,镇,东风镇
520526,520526117,镇,二塘镇
520526,520526118,镇,猴场镇
520526,520526119,镇,秀水镇
520526,520526120,镇,双龙镇
520526,520526121,镇,麻乍镇
520526,520526122,镇,玉龙镇
520526,520526123,镇,兔街镇
520526,520526124,镇,海拉镇
520526,520526125,镇,岔河镇
520526,520526126,镇,黑土河镇
520526,520526127,镇,金斗镇
520526,520526128,镇,哈喇河镇
520526,520526129,镇,斗古镇
520526,520526201,民族乡,新发布依族乡
520526,520526210,乡,石门乡
520526,520526211,乡,云贵乡
520526,520526214,乡,板底乡
520526,520526215,乡,大街乡
520527,520527001,街道,双河街道
520527,520527002,街道,白果街道
520527,520527003,街道,汉阳街道
520527,520527004,街道,金银山街道
520527,520527005,街道,七家湾街道
520527,520527102,镇,妈姑镇
520527,520527103,镇,财神镇
520527,520527104,镇,六曲河镇
520527,520527105,镇,野马川镇
520527,520527106,镇,德卓镇
520527,520527107,镇,平山镇
520527,520527108,镇,哲庄镇
520527,520527109,镇,古基镇
520527,520527110,镇,朱明镇
520527,520527111,镇,罗州镇
520527,520527200,乡,达依乡
520527,520527201,民族乡,水塘堡彝族苗族乡
520527,520527202,民族乡,兴发苗族彝族回族乡
520527,520527203,民族乡,松林坡白族彝族苗族乡
520527,520527204,民族乡,雉街彝族苗族乡
520527,520527205,民族乡,珠市彝族乡
520527,520527207,民族乡,双坪彝族苗族乡
520527,520527208,民族乡,铁匠苗族乡
520527,520527209,民族乡,辅处彝族苗族乡
520527,520527210,民族乡,可乐彝族苗族乡
520527,520527211,民族乡,河镇彝族苗族乡
520527,520527213,乡,安乐溪乡
520527,520527215,民族乡,结构彝族苗族乡
520527,520527219,民族乡,古达苗族彝族乡
520527,520527220,乡,威奢乡
520581,520581001,街道,水西街道
520581,520581002,街道,莲城街道
520581,520581003,街道,文峰街道
520581,520581004,街道,杜鹃街道
520581,520581005,街道,锦绣街道
520581,520581100,镇,金碧镇
520581,520581101,镇,雨朵镇
520581,520581102,镇,大关镇
520581,520581103,镇,谷里镇
520581,520581104,镇,素朴镇
520581,520581105,镇,中坪镇
520581,520581106,镇,重新镇
520581,520581107,镇,林泉镇
520581,520581108,镇,金兰镇
520581,520581109,镇,锦星镇
520581,520581110,镇,洪水镇
520581,520581111,镇,甘棠镇
520581,520581112,镇,钟山镇
520581,520581113,镇,协和镇
520581,520581114,镇,观音洞镇
520581,520581200,民族乡,五里布依族苗族乡
520581,520581201,民族乡,绿化白族彝族乡
520581,520581202,民族乡,新仁苗族乡
520581,520581203,民族乡,铁石苗族彝族乡
520581,520581204,民族乡,太来彝族苗族乡
520581,520581205,民族乡,永燊彝族苗族乡
520581,520581206,民族乡,中建苗族彝族乡
520581,520581207,民族乡,花溪彝族苗族乡
520581,520581208,民族乡,定新彝族苗族乡
520581,520581209,民族乡,金坡苗族彝族满族乡
520581,520581210,民族乡,仁和彝族苗族乡
520581,520581211,民族乡,红林彝族苗族乡
520602,520602001,街道,锦江街道
520602,520602002,街道,环北街道
520602,520602003,街道,河西街道
520602,520602005,街道,灯塔街道
520602,520602006,街道,川硐街道
520602,520602007,街道,铜兴街道
520602,520602008,街道,正光街道
520602,520602101,镇,坝黄镇
520602,520602102,镇,云场坪镇
520602,520602103,镇,漾头镇
520602,520602200,民族乡,桐木坪侗族乡
520602,520602201,民族乡,滑石侗族苗族土家族乡
520602,520602202,民族乡,和平土家族侗族乡
520602,520602203,民族乡,瓦屋侗族乡
520602,520602204,民族乡,六龙山侗族土家族乡
520603,520603001,街道,谢桥街道
520603,520603002,街道,茶店街道
520603,520603003,街道,仁山街道
520603,520603004,街道,丹都街道
520603,520603100,镇,万山镇
520603,520603200,民族乡,高楼坪侗族乡
520603,520603201,民族乡,黄道侗族乡
520603,520603202,民族乡,敖寨侗族乡
520603,520603203,民族乡,下溪侗族乡
520603,520603205,民族乡,大坪侗族土家族苗族乡
520603,520603206,民族乡,鱼塘侗族苗族乡
520621,520621001,街道,双江街道
520621,520621002,街道,凯德街道
520621,520621101,镇,闵孝镇
520621,520621102,镇,桃映镇
520621,520621103,镇,民和镇
520621,520621104,镇,怒溪镇
520621,520621105,镇,太平镇
520621,520621106,镇,坝盘镇
520621,520621200,民族乡,德旺土家族苗族乡
520621,520621201,民族乡,官和侗族土家族苗族乡
520622,520622001,街道,平溪街道
520622,520622002,街道,皂角坪街道
520622,520622003,街道,麻音塘街道
520622,520622004,街道,大龙街道
520622,520622102,镇,朱家场镇
520622,520622103,镇,田坪镇
520622,520622104,镇,新店镇
520622,520622201,乡,亚鱼乡
520623,520623001,街道,汤山街道
520623,520623002,街道,泉都街道
520623,520623003,街道,中坝街道
520623,520623004,街道,龙川街道
520623,520623101,镇,本庄镇
520623,520623102,镇,白沙镇
520623,520623103,镇,龙塘镇
520623,520623104,镇,花桥镇
520623,520623105,镇,五德镇
520623,520623106,镇,河坝镇
520623,520623201,乡,国荣乡
520623,520623202,民族乡,聚凤仡佬族侗族乡
520623,520623203,民族乡,龙井侗族仡佬族乡
520623,520623204,民族乡,大沙坝仡佬族侗族乡
520623,520623205,民族乡,枫香侗族仡佬族乡
520623,520623206,民族乡,青阳苗族仡佬族侗族乡
520623,520623207,民族乡,石固仡佬族侗族乡
520623,520623208,民族乡,坪地场仡佬族侗族乡
520623,520623209,民族乡,甘溪仡佬族侗族乡
520623,520623210,民族乡,坪山仡佬族侗族乡
520624,520624001,街道,思唐街道
520624,520624002,街道,关中坝街道
520624,520624003,街道,双塘街道
520624,520624101,镇,凉水井镇
520624,520624102,镇,鹦鹉溪镇
520624,520624103,镇,张家寨镇
520624,520624104,镇,许家坝镇
520624,520624105,镇,合朋溪镇
520624,520624106,镇,塘头镇
520624,520624107,镇,大坝场镇
520624,520624108,镇,孙家坝镇
520624,520624109,镇,邵家桥镇
520624,520624110,镇,文家店镇
520624,520624111,镇,瓮溪镇
520624,520624112,镇,青杠坡镇
520624,520624113,镇,长坝镇
520624,520624114,镇,板桥镇
520624,520624115,镇,大河坝镇
520624,520624116,镇,香坝镇
520624,520624117,镇,亭子坝镇
520624,520624201,民族乡,思林土家族苗族乡
520624,520624203,民族乡,胡家湾苗族土家族乡
520624,520624204,民族乡,宽坪苗族土家族乡
520624,520624206,民族乡,枫芸土家族苗族乡
520624,520624210,民族乡,天桥土家族苗族乡
520624,520624211,民族乡,兴隆土家族苗族乡
520624,520624212,民族乡,杨家坳苗族土家族乡
520624,520624213,民族乡,三道水土家族苗族乡
520625,520625001,街道,峨岭街道
520625,520625002,街道,龙津街道
520625,520625003,街道,中兴街道
520625,520625101,镇,板溪镇
520625,520625102,镇,沙子坡镇
520625,520625103,镇,天堂镇
520625,520625105,镇,合水镇
520625,520625106,镇,朗溪镇
520625,520625107,镇,缠溪镇
520625,520625108,镇,洋溪镇
520625,520625109,镇,新寨镇
520625,520625110,镇,杉树镇
520625,520625111,镇,紫薇镇
520625,520625112,镇,刀坝镇
520625,520625113,镇,杨柳镇
520625,520625114,镇,木黄镇
520625,520625206,乡,罗场乡
520626,520626001,街道,青龙街道
520626,520626002,街道,玉水街道
520626,520626003,街道,安化街道
520626,520626101,镇,煎茶镇
520626,520626102,镇,潮砥镇
520626,520626103,镇,稳坪镇
520626,520626104,镇,枫香溪镇
520626,520626105,镇,复兴镇
520626,520626106,镇,合兴镇
520626,520626107,镇,高山镇
520626,520626108,镇,泉口镇
520626,520626109,镇,长堡镇
520626,520626110,镇,共和镇
520626,520626111,镇,平原镇
520626,520626200,民族乡,堰塘土家族乡
520626,520626203,民族乡,沙溪土家族乡
520626,520626204,民族乡,钱家土家族乡
520626,520626205,民族乡,龙泉土家族乡
520626,520626209,民族乡,楠杆土家族乡
520626,520626210,民族乡,桶井土家族乡
520626,520626211,民族乡,荆角土家族乡
520626,520626212,民族乡,长丰土家族乡
520627,520627001,街道,和平街道
520627,520627002,街道,团结街道
520627,520627003,街道,沙子街道
520627,520627004,街道,祐溪街道
520627,520627102,镇,谯家镇
520627,520627103,镇,夹石镇
520627,520627104,镇,淇滩镇
520627,520627105,镇,官舟镇
520627,520627106,镇,土地坳镇
520627,520627107,镇,思渠镇
520627,520627108,镇,客田镇
520627,520627109,镇,洪渡镇
520627,520627110,镇,黑水镇
520627,520627111,镇,甘溪镇
520627,520627112,镇,中界镇
520627,520627113,镇,泉坝镇
520627,520627114,镇,中寨镇
520627,520627115,镇,黄土镇
520627,520627116,镇,新景镇
520627,520627117,镇,板场镇
520627,520627118,镇,塘坝镇
520627,520627203,乡,晓景乡
520627,520627211,乡,后坪乡
520627,520627600,乡,黑獭乡
520628,520628001,街道,大兴街道
520628,520628002,街道,蓼皋街道
520628,520628003,街道,世昌街道
520628,520628004,街道,太平营街道
520628,520628005,街道,九江街道
520628,520628006,街道,松江街道
520628,520628101,镇,盘石镇
520628,520628102,镇,盘信镇
520628,520628103,镇,大坪场镇
520628,520628104,镇,普觉镇
520628,520628105,镇,寨英镇
520628,520628106,镇,孟溪镇
520628,520628107,镇,乌罗镇
520628,520628108,镇,甘龙镇
520628,520628109,镇,长兴堡镇
520628,520628110,镇,迓驾镇
520628,520628112,镇,牛郎镇
520628,520628114,镇,大路镇
520628,520628115,镇,木树镇
520628,520628116,镇,冷水溪镇
520628,520628117,镇,黄板镇
520628,520628118,镇,正大镇
520628,520628119,镇,平头镇
520628,520628203,乡,长坪乡
520628,520628207,乡,妙隘乡
520628,520628209,乡,石梁乡
520628,520628210,乡,瓦溪乡
520628,520628211,乡,永安乡
520628,520628214,乡,沙坝河乡
522301,522301001,街道,黄草街道
522301,522301002,街道,桔山街道
522301,522301003,街道,坪东街道
522301,522301004,街道,下五屯街道
522301,522301005,街道,兴泰街道
522301,522301006,街道,丰都街道
522301,522301007,街道,木贾街道
522301,522301008,街道,万峰林街道
522301,522301009,街道,马岭街道
522301,522301010,街道,洒金街道
522301,522301011,街道,顶效街道
522301,522301012,街道,木陇街道
522301,522301104,镇,敬南镇
522301,522301105,镇,泥凼镇
522301,522301106,镇,南盘江镇
522301,522301107,镇,捧乍镇
522301,522301108,镇,鲁布格镇
522301,522301109,镇,三江口镇
522301,522301110,镇,乌沙镇
522301,522301111,镇,白碗窑镇
522301,522301113,镇,威舍镇
522301,522301114,镇,清水河镇
522301,522301116,镇,郑屯镇
522301,522301117,镇,万屯镇
522301,522301118,镇,鲁屯镇
522301,522301119,镇,仓更镇
522301,522301120,镇,七舍镇
522301,522301121,镇,猪场坪镇
522301,522301122,镇,则戎镇
522301,522301201,乡,沧江乡
522301,522301202,乡,洛万乡
522301,522301204,乡,雄武乡
522302,522302001,街道,城北街道
522302,522302002,街道,真武山街道
522302,522302003,街道,城南街道
522302,522302004,街道,东湖街道
522302,522302005,街道,陆官街道
522302,522302006,街道,薏品田园街道
522302,522302101,镇,屯脚镇
522302,522302103,镇,百德镇
522302,522302104,镇,雨樟镇
522302,522302105,镇,潘家庄镇
522302,522302107,镇,下山镇
522302,522302108,镇,新龙场镇
522302,522302109,镇,大山镇
522302,522302110,镇,波阳镇
522302,522302111,镇,马马崖镇
522302,522302112,镇,巴铃镇
522302,522302113,镇,回龙镇
522302,522302200,民族乡,鲁础营回族乡
522323,522323001,街道,盘水街道
522323,522323002,街道,南湖街道
522323,522323003,街道,茶源街道
522323,522323004,街道,九峰街道
522323,522323101,镇,龙吟镇
522323,522323103,镇,江西坡镇
522323,522323105,镇,地瓜镇
522323,522323107,镇,楼下镇
522323,522323108,镇,罗汉镇
522323,522323109,镇,新店镇
522323,522323110,镇,兴中镇
522323,522323111,镇,青山镇
522323,522323200,乡,白沙乡
522323,522323201,乡,高棉乡
522323,522323602,乡,窝沿乡
522323,522323604,镇,三板桥镇
522323,522323605,乡,雪浦乡
522323,522323702,镇,罐子窑镇
522324,522324001,街道,莲城街道
522324,522324002,街道,东观街道
522324,522324003,街道,三宝街道
522324,522324004,街道,腾龙街道
522324,522324101,镇,沙子镇
522324,522324102,镇,碧痕镇
522324,522324103,镇,大厂镇
522324,522324104,镇,鸡场镇
522324,522324105,镇,花贡镇
522324,522324106,镇,中营镇
522324,522324107,镇,光照镇
522324,522324108,镇,茶马镇
522324,522324200,乡,长流乡
522324,522324204,乡,紫马乡
522324,522324205,乡,安谷乡
522325,522325001,街道,永丰街道
522325,522325002,街道,珉谷街道
522325,522325003,街道,丰茂街道
522325,522325004,街道,双峰街道
522325,522325005,街道,龙兴街道
522325,522325101,镇,龙场镇
522325,522325102,镇,者相镇
522325,522325103,镇,北盘江镇
522325,522325104,镇,白层镇
522325,522325105,镇,鲁贡镇
522325,522325106,镇,小屯镇
522325,522325107,镇,长田镇
522325,522325108,镇,沙坪镇
522325,522325109,镇,挽澜镇
522325,522325200,乡,连环乡
522325,522325204,乡,平街乡
522325,522325205,乡,鲁容乡
522326,522326001,街道,王母街道
522326,522326002,街道,平洞街道
522326,522326003,街道,新屯街道
522326,522326004,街道,蟠桃街道
522326,522326101,镇,乐元镇
522326,522326102,镇,打易镇
522326,522326103,镇,乐旺镇
522326,522326104,镇,桑郎镇
522326,522326108,镇,郊纳镇
522326,522326109,镇,蔗香镇
522326,522326110,镇,大观镇
522326,522326112,镇,石屯镇
522326,522326113,镇,麻山镇
522326,522326114,镇,边饶镇
522326,522326115,镇,昂武镇
522326,522326206,民族乡,油迈瑶族乡
522326,522326600,乡,坎边乡
522326,522326601,乡,岜饶乡
522326,522326605,镇,纳夜镇
522327,522327001,街道,者楼街道
522327,522327002,街道,纳福街道
522327,522327003,街道,高洛街道
522327,522327103,镇,丫他镇
522327,522327104,镇,巧马镇
522327,522327105,镇,秧坝镇
522327,522327107,镇,岩架镇
522327,522327108,镇,八渡镇
522327,522327109,镇,双江镇
522327,522327110,镇,坡妹镇
522327,522327111,镇,冗渡镇
522327,522327112,镇,弼佑镇
522327,522327204,乡,百口乡
522327,522327600,乡,庆坪乡
522327,522327601,乡,达央乡
522328,522328003,街道,钱相街道
522328,522328004,街道,招堤街道
522328,522328005,街道,栖凤街道
522328,522328006,街道,五福街道
522328,522328007,街道,春潭街道
522328,522328101,镇,龙广镇
522328,522328102,镇,德卧镇
522328,522328103,镇,万峰湖镇
522328,522328104,镇,海子镇
522328,522328105,镇,洒雨镇
522328,522328107,镇,龙山镇
522328,522328110,镇,笃山镇
522328,522328111,镇,普坪镇
522328,522328112,镇,木咱镇
522328,522328113,镇,新桥镇
522601,522601001,街道,城西街道
522601,522601002,街道,大十字街道
522601,522601003,街道,西门街道
522601,522601004,街道,洗马河街道
522601,522601005,街道,湾溪街道
522601,522601006,街道,鸭塘街道
522601,522601007,街道,开怀街道
522601,522601008,街道,白午街道
522601,522601009,街道,白果井街道
522601,522601100,镇,三棵树镇
522601,522601101,镇,舟溪镇
522601,522601103,镇,旁海镇
522601,522601104,镇,湾水镇
522601,522601105,镇,炉山镇
522601,522601106,镇,万潮镇
522601,522601107,镇,龙场镇
522601,522601108,镇,下司镇
522601,522601109,镇,碧波镇
522601,522601110,镇,凯棠镇
522601,522601111,镇,大风洞镇
522622,522622100,镇,新州镇
522622,522622101,镇,旧州镇
522622,522622102,镇,重安镇
522622,522622103,镇,谷陇镇
522622,522622104,镇,平溪镇
522622,522622105,镇,野洞河镇
522622,522622106,镇,上塘镇
522622,522622107,镇,浪洞镇
522622,522622203,乡,一碗水乡
522622,522622204,乡,纸房乡
522622,522622206,乡,翁坪乡
522623,522623100,镇,城关镇
522623,522623101,镇,杨柳塘镇
522623,522623102,镇,双井镇
522623,522623103,镇,牛大场镇
522623,522623104,镇,马号镇
522623,522623200,乡,白垛乡
522623,522623201,乡,甘溪乡
522623,522623203,乡,马溪乡
522624,522624001,街道,文笔街道
522624,522624002,街道,武笔街道
522624,522624100,镇,八弓镇
522624,522624101,镇,台烈镇
522624,522624102,镇,瓦寨镇
522624,522624103,镇,桐林镇
522624,522624104,镇,雪洞镇
522624,522624105,镇,长吉镇
522624,522624106,镇,良上镇
522624,522624200,乡,滚马乡
522624,522624202,乡,款场乡
522625,522625100,镇,㵲阳镇
522625,522625101,镇,蕉溪镇
522625,522625102,镇,青溪镇
522625,522625103,镇,羊坪镇
522625,522625104,镇,羊场镇
522625,522625105,镇,都坪镇
522625,522625106,镇,江古镇
522625,522625107,镇,金堡镇
522625,522625201,乡,涌溪乡
522625,522625203,乡,报京乡
522625,522625204,乡,大地乡
522625,522625205,民族乡,尚寨土家族乡
522626,522626001,街道,㵲水街道
522626,522626100,镇,思旸镇
522626,522626101,镇,水尾镇
522626,522626102,镇,天马镇
522626,522626103,镇,龙田镇
522626,522626104,镇,注溪镇
522626,522626105,镇,大有镇
522626,522626106,镇,凯本镇
522626,522626107,镇,客楼镇
522626,522626108,镇,平庄镇
522626,522626202,乡,天星乡
522626,522626203,民族乡,羊桥土家族乡
522627,522627001,街道,凤城街道
522627,522627002,街道,邦洞街道
522627,522627003,街道,社学街道
522627,522627004,街道,联山街道
522627,522627102,镇,坪地镇
522627,522627103,镇,蓝田镇
522627,522627104,镇,瓮洞镇
522627,522627105,镇,高酿镇
522627,522627106,镇,石洞镇
522627,522627107,镇,远口镇
522627,522627108,镇,坌处镇
522627,522627109,镇,白市镇
522627,522627110,镇,渡马镇
522627,522627111,镇,竹林镇
522627,522627112,镇,江东镇
522627,522627202,乡,注溪乡
522627,522627203,乡,地湖乡
522628,522628100,镇,三江镇
522628,522628101,镇,茅坪镇
522628,522628102,镇,敦寨镇
522628,522628103,镇,启蒙镇
522628,522628104,镇,平秋镇
522628,522628105,镇,铜鼓镇
522628,522628106,镇,平略镇
522628,522628200,乡,大同乡
522628,522628201,乡,新化乡
522628,522628202,乡,隆里乡
522628,522628203,乡,钟灵乡
522628,522628204,乡,偶里乡
522628,522628205,乡,固本乡
522628,522628206,乡,河口乡
522628,522628207,乡,彦洞乡
522629,522629001,街道,仰阿莎街道
522629,522629100,镇,柳川镇
522629,522629101,镇,岑松镇
522629,522629102,镇,南加镇
522629,522629103,镇,南明镇
522629,522629104,镇,革东镇
522629,522629105,镇,磻溪镇
522629,522629106,镇,太拥镇
522629,522629107,镇,久仰镇
522629,522629108,镇,南哨镇
522629,522629109,镇,南寨镇
522629,522629110,镇,观么镇
522629,522629205,乡,敏洞乡
522630,522630001,街道,台拱街道
522630,522630002,街道,萃文街道
522630,522630101,镇,施洞镇
522630,522630102,镇,南宫镇
522630,522630103,镇,革一镇
522630,522630104,镇,方召镇
522630,522630201,乡,排羊乡
522630,522630202,乡,台盘乡
522630,522630204,乡,老屯乡
522631,522631001,街道,德凤街道
522631,522631002,街道,高屯街道
522631,522631003,街道,龙形街道
522631,522631102,镇,中潮镇
522631,522631103,镇,孟彦镇
522631,522631104,镇,敖市镇
522631,522631105,镇,九潮镇
522631,522631106,镇,岩洞镇
522631,522631107,镇,水口镇
522631,522631108,镇,洪州镇
522631,522631109,镇,尚重镇
522631,522631110,镇,肇兴镇
522631,522631111,镇,龙额镇
522631,522631112,镇,双江镇
522631,522631113,镇,永从镇
522631,522631114,镇,茅贡镇
522631,522631115,镇,地坪镇
522631,522631200,民族乡,顺化瑶族乡
522631,522631201,民族乡,雷洞瑶族水族乡
522631,522631203,乡,罗里乡
522631,522631205,乡,坝寨乡
522631,522631206,乡,口江乡
522631,522631211,乡,德顺乡
522631,522631212,乡,大稼乡
522631,522631213,乡,平寨乡
522631,522631214,乡,德化乡
522632,522632001,街道,车民街道
522632,522632100,镇,古州镇
522632,522632101,镇,忠诚镇
522632,522632102,镇,寨蒿镇
522632,522632103,镇,平永镇
522632,522632104,镇,乐里镇
522632,522632105,镇,朗洞镇
522632,522632106,镇,栽麻镇
522632,522632107,镇,平江镇
522632,522632108,镇,八开镇
522632,522632202,乡,崇义乡
522632,522632204,民族乡,三江水族乡
522632,522632205,民族乡,仁里水族乡
522632,522632206,民族乡,塔石瑶族水族乡
522632,522632208,民族乡,定威水族乡
522632,522632209,民族乡,兴华水族乡
522632,522632210,乡,计划乡
522632,522632211,民族乡,水尾水族乡
522632,522632212,乡,平阳乡
522632,522632213,乡,两汪乡
522633,522633001,街道,丙梅街道
522633,522633101,镇,贯洞镇
522633,522633102,镇,洛香镇
522633,522633103,镇,下江镇
522633,522633104,镇,宰便镇
522633,522633105,镇,西山镇
522633,522633106,镇,停洞镇
522633,522633107,镇,往洞镇
522633,522633108,镇,加鸠镇
522633,522633109,镇,斗里镇
522633,522633110,镇,庆云镇
522633,522633111,镇,东朗镇
522633,522633112,镇,丙妹镇
522633,522633200,乡,高增乡
522633,522633201,乡,谷坪乡
522633,522633204,民族乡,刚边壮族乡
522633,522633205,乡,加榜乡
522633,522633206,民族乡,秀塘壮族乡
522633,522633208,民族乡,翠里瑶族壮族乡
522633,522633212,乡,加勉乡
522634,522634001,街道,龙头街道
522634,522634100,镇,丹江镇
522634,522634101,镇,西江镇
522634,522634102,镇,永乐镇
522634,522634103,镇,郎德镇
522634,522634104,镇,大塘镇
522634,522634200,乡,望丰乡
522634,522634203,民族乡,达地水族乡
522634,522634204,乡,方祥乡
522635,522635001,街道,杏山街道
522635,522635002,街道,金竹街道
522635,522635101,镇,谷硐镇
522635,522635103,镇,宣威镇
522635,522635105,镇,龙山镇
522635,522635106,镇,贤昌镇
522635,522635203,民族乡,坝芒布依族乡
522636,522636001,街道,金泉街道
522636,522636100,镇,龙泉镇
522636,522636101,镇,兴仁镇
522636,522636102,镇,排调镇
522636,522636103,镇,扬武镇
522636,522636202,乡,雅灰乡
522636,522636203,乡,南皋乡
522701,522701006,街道,文峰街道
522701,522701007,街道,广惠街道
522701,522701008,街道,小围寨街道
522701,522701009,街道,沙包堡街道
522701,522701010,街道,绿茵湖街道
522701,522701011,街道,杉木湖街道
522701,522701108,镇,墨冲镇
522701,522701109,镇,平浪镇
522701,522701112,镇,毛尖镇
522701,522701113,镇,匀东镇
522701,522701208,民族乡,归兰水族乡
522702,522702001,街道,金山街道
522702,522702002,街道,马场坪街道
522702,522702102,镇,凤山镇
522702,522702103,镇,陆坪镇
522702,522702105,镇,龙昌镇
522702,522702106,镇,牛场镇
522702,522702107,镇,道坪镇
522702,522702203,乡,仙桥乡
522722,522722001,街道,玉屏街道
522722,522722101,镇,朝阳镇
522722,522722102,镇,茂兰镇
522722,522722104,镇,甲良镇
522722,522722105,镇,佳荣镇
522722,522722106,镇,小七孔镇
522722,522722203,民族乡,瑶山瑶族乡
522722,522722211,民族乡,黎明关水族乡
522723,522723001,街道,宝山街道
522723,522723002,街道,金南街道
522723,522723101,镇,德新镇
522723,522723102,镇,新巴镇
522723,522723103,镇,盘江镇
522723,522723104,镇,沿山镇
522723,522723106,镇,昌明镇
522723,522723107,镇,云雾镇
522725,522725001,街道,瓮水街道
522725,522725002,街道,雍阳街道
522725,522725101,镇,平定营镇
522725,522725102,镇,猴场镇
522725,522725103,镇,中坪镇
522725,522725104,镇,建中镇
522725,522725105,镇,永和镇
522725,522725106,镇,珠藏镇
522725,522725107,镇,玉山镇
522725,522725108,镇,天文镇
522725,522725109,镇,江界河镇
522725,522725110,镇,银盏镇
522725,522725205,乡,岚关乡
522726,522726002,街道,井城街道
522726,522726102,镇,麻万镇
522726,522726103,镇,基长镇
522726,522726104,镇,上司镇
522726,522726105,镇,下司镇
522726,522726107,镇,麻尾镇
522726,522726108,镇,百泉镇
522726,522726109,镇,影山镇
522726,522726110,镇,玉水镇
522727,522727001,街道,金盆街道
522727,522727100,镇,平舟镇
522727,522727101,镇,牙舟镇
522727,522727102,镇,通州镇
522727,522727103,镇,大塘镇
522727,522727104,镇,克度镇
522727,522727105,镇,塘边镇
522727,522727106,镇,甲茶镇
522727,522727107,镇,者密镇
522727,522727108,镇,掌布镇
522727,522727200,民族乡,卡蒲毛南族乡
522728,522728001,街道,斛兴街道
522728,522728100,镇,龙坪镇
522728,522728101,镇,边阳镇
522728,522728102,镇,逢亭镇
522728,522728103,镇,沫阳镇
522728,522728104,镇,茂井镇
522728,522728105,镇,罗悃镇
522728,522728106,镇,红水河镇
522728,522728107,镇,木引镇
522728,522728212,乡,凤亭乡
522729,522729001,街道,长寨街道
522729,522729101,镇,广顺镇
522729,522729103,镇,摆所镇
522729,522729104,镇,代化镇
522729,522729105,镇,白云山镇
522729,522729106,镇,鼓扬镇
522729,522729209,乡,敦操乡
522730,522730001,街道,冠山街道
522730,522730100,镇,龙山镇
522730,522730102,镇,醒狮镇
522730,522730103,镇,谷脚镇
522730,522730105,镇,洗马镇
522730,522730106,镇,湾滩河镇
522731,522731001,街道,涟江街道
522731,522731002,街道,濛江街道
522731,522731003,街道,明田街道
522731,522731103,镇,摆金镇
522731,522731104,镇,雅水镇
522731,522731105,镇,断杉镇
522731,522731106,镇,芦山镇
522731,522731107,镇,王佑镇
522731,522731108,镇,好花红镇
522731,522731109,镇,羡塘镇
522731,522731110,镇,岗度镇
522732,522732001,街道,三合街道
522732,522732002,街道,凤羽街道
522732,522732101,镇,大河镇
522732,522732102,镇,普安镇
522732,522732103,镇,都江镇
522732,522732104,镇,中和镇
522732,522732105,镇,周覃镇
522732,522732106,镇,九阡镇
530102,530102001,街道,护国街道
530102,530102002,街道,大观街道
530102,530102003,街道,华山街道
530102,530102004,街道,龙翔街道
530102,530102005,街道,莲华街道
530102,530102006,街道,丰宁街道
530102,530102007,街道,红云街道
530102,530102008,街道,黑林铺街道
530102,530102009,街道,普吉街道
530102,530102010,街道,西翥街道
530103,530103001,街道,拓东街道
530103,530103002,街道,鼓楼街道
530103,530103003,街道,东华街道
530103,530103004,街道,联盟街道
530103,530103005,街道,金辰街道
530103,530103006,街道,青云街道
530103,530103007,街道,龙泉街道
530103,530103008,街道,茨坝街道
530103,530103009,街道,双龙街道
530103,530103010,街道,松华街道
530103,530103012,街道,滇源街道
530103,530103013,街道,阿子营街道
530111,530111001,街道,吴井街道
530111,530111002,街道,关上街道
530111,530111003,街道,金马街道
530111,530111004,街道,太和街道
530111,530111005,街道,官渡街道
530111,530111006,街道,小板桥街道
530111,530111007,街道,大板桥街道
530111,530111008,街道,矣六街道
530111,530111009,街道,六甲街道
530111,530111010,街道,阿拉街道
530111,530111011,街道,长水街道
530111,530111012,街道,小哨街道
530112,530112001,街道,金碧街道
530112,530112002,街道,永昌街道
530112,530112003,街道,前卫街道
530112,530112004,街道,福海街道
530112,530112005,街道,棕树营街道
530112,530112006,街道,马街街道
530112,530112007,街道,西苑街道
530112,530112008,街道,海口街道
530112,530112009,街道,碧鸡街道
530112,530112010,街道,团结街道
530113,530113001,街道,铜都街道
530113,530113002,街道,碧谷街道
530113,530113003,街道,集义街道
530113,530113102,镇,汤丹镇
530113,530113103,镇,因民镇
530113,530113104,镇,阿旺镇
530113,530113106,镇,乌龙镇
530113,530113107,镇,拖布卡镇
530113,530113108,镇,红土地镇
530114,530114001,街道,龙城街道
530114,530114003,街道,斗南街道
530114,530114005,街道,吴家营街道
530114,530114008,街道,乌龙街道
530114,530114009,街道,洛龙街道
530114,530114010,街道,雨花街道
530114,530114011,街道,马金铺街道
530114,530114012,街道,洛羊街道
530114,530114013,街道,大渔街道
530114,530114014,街道,七甸街道
530115,530115001,街道,昆阳街道
530115,530115002,街道,宝峰街道
530115,530115003,街道,晋城街道
530115,530115101,镇,二街镇
530115,530115102,镇,上蒜镇
530115,530115103,镇,六街镇
530115,530115200,民族乡,双河彝族乡
530115,530115201,民族乡,夕阳彝族乡
530124,530124001,街道,永定街道
530124,530124002,街道,大营街道
530124,530124102,镇,罗免镇
530124,530124103,镇,赤鹫镇
530124,530124104,镇,东村镇
530124,530124105,镇,款庄镇
530124,530124106,镇,散旦镇
530125,530125001,街道,匡远街道
530125,530125002,街道,汤池街道
530125,530125003,街道,南羊街道
530125,530125101,镇,北古城镇
530125,530125103,镇,狗街镇
530125,530125105,镇,马街镇
530125,530125106,镇,竹山镇
530125,530125204,民族乡,耿家营彝族苗族乡
530125,530125205,民族乡,九乡彝族回族乡
530126,530126001,街道,鹿阜街道
530126,530126002,街道,石林街道
530126,530126003,街道,板桥街道
530126,530126104,镇,西街口镇
530126,530126105,镇,长湖镇
530126,530126106,镇,圭山镇
530126,530126202,乡,大可乡
530127,530127001,街道,嵩阳街道
530127,530127002,街道,杨桥街道
530127,530127101,镇,小街镇
530127,530127102,镇,杨林镇
530127,530127103,镇,牛栏江镇
530128,530128001,街道,屏山街道
530128,530128002,街道,崇德街道
530128,530128101,镇,撒营盘镇
530128,530128103,镇,茂山镇
530128,530128104,镇,翠华镇
530128,530128105,镇,团街镇
530128,530128106,镇,中屏镇
530128,530128107,镇,皎平渡镇
530128,530128108,镇,乌东德镇
530128,530128109,镇,九龙镇
530128,530128110,镇,转龙镇
530128,530128204,乡,云龙乡
530128,530128208,乡,汤郎乡
530128,530128209,乡,马鹿塘乡
530128,530128212,乡,则黑乡
530128,530128213,乡,乌蒙乡
530128,530128214,乡,雪山乡
530129,530129001,街道,仁德街道
530129,530129002,街道,塘子街道
530129,530129003,街道,金所街道
530129,530129102,镇,羊街镇
530129,530129103,镇,柯渡镇
530129,530129105,镇,功山镇
530129,530129106,镇,七星镇
530129,530129107,镇,河口镇
530129,530129108,镇,先锋镇
530129,530129109,镇,鸡街镇
530129,530129110,镇,倘甸镇
530129,530129111,镇,凤合镇
530129,530129205,乡,六哨乡
530129,530129210,乡,甸沙乡
530129,530129211,乡,联合乡
530129,530129212,乡,金源乡
530181,530181001,街道,连然街道
530181,530181002,街道,金方街道
530181,530181003,街道,八街街道
530181,530181004,街道,县街街道
530181,530181005,街道,太平新城街道
530181,530181006,街道,温泉街道
530181,530181007,街道,草铺街道
530181,530181008,街道,青龙街道
530181,530181009,街道,禄脿街道
530302,530302001,街道,南宁街道
530302,530302002,街道,建宁街道
530302,530302003,街道,白石江街道
530302,530302004,街道,寥廓街道
530302,530302005,街道,西城街道
530302,530302006,街道,珠街街道
530302,530302007,街道,沿江街道
530302,530302008,街道,三宝街道
530302,530302009,街道,太和街道
530302,530302010,街道,文华街道
530302,530302011,街道,潇湘街道
530302,530302012,街道,益宁街道
530302,530302013,街道,翠峰街道
530302,530302101,镇,越州镇
530302,530302102,镇,东山镇
530302,530302103,镇,茨营镇
530303,530303001,街道,龙华街道
530303,530303002,街道,金龙街道
530303,530303003,街道,西平街道
530303,530303004,街道,花山街道
530303,530303100,镇,白水镇
530303,530303101,镇,盘江镇
530303,530303200,乡,炎方乡
530303,530303201,乡,播乐乡
530303,530303202,乡,大坡乡
530303,530303203,乡,菱角乡
530303,530303204,乡,德泽乡
530304,530304001,街道,通泉街道
530304,530304002,街道,鸡头村街道
530304,530304003,街道,王家庄街道
530304,530304004,街道,张安屯街道
530304,530304005,街道,旧县街道
530304,530304100,镇,马过河镇
530304,530304101,镇,纳章镇
530304,530304200,乡,马鸣乡
530304,530304201,乡,大庄乡
530304,530304202,乡,月望乡
530322,530322001,街道,中枢街道
530322,530322002,街道,同乐街道
530322,530322101,镇,板桥镇
530322,530322102,镇,三岔河镇
530322,530322103,镇,马街镇
530322,530322104,镇,召夸镇
530322,530322105,镇,大莫古镇
530322,530322106,镇,芳华镇
530322,530322107,镇,小百户镇
530322,530322200,乡,活水乡
530322,530322202,乡,龙海乡
530323,530323001,街道,丹凤街道
530323,530323002,街道,漾月街道
530323,530323003,街道,大同街道
530323,530323101,镇,雄壁镇
530323,530323103,镇,葵山镇
530323,530323104,镇,彩云镇
530323,530323105,镇,竹基镇
530323,530323201,民族乡,龙庆彝族壮族乡
530323,530323202,民族乡,五龙壮族乡
530323,530323203,民族乡,高良壮族苗族瑶族乡
530324,530324001,街道,罗雄街道
530324,530324002,街道,腊山街道
530324,530324003,街道,九龙街道
530324,530324101,镇,板桥镇
530324,530324102,镇,马街镇
530324,530324103,镇,富乐镇
530324,530324105,镇,阿岗镇
530324,530324201,乡,大水井乡
530324,530324202,民族乡,鲁布革布依族苗族乡
530324,530324203,民族乡,旧屋基彝族乡
530324,530324204,乡,钟山乡
530324,530324205,民族乡,长底布依族乡
530324,530324208,乡,老厂乡
530325,530325001,街道,中安街道
530325,530325002,街道,胜境街道
530325,530325101,镇,营上镇
530325,530325102,镇,黄泥河镇
530325,530325103,镇,竹园镇
530325,530325104,镇,后所镇
530325,530325105,镇,大河镇
530325,530325106,镇,墨红镇
530325,530325107,镇,富村镇
530325,530325109,镇,老厂镇
530325,530325110,镇,十八连山镇
530325,530325203,民族乡,古敢水族乡
530326,530326001,街道,金钟街道
530326,530326002,街道,古城街道
530326,530326003,街道,宝云街道
530326,530326007,街道,钟屏街道
530326,530326008,街道,以礼街道
530326,530326101,镇,娜姑镇
530326,530326102,镇,迤车镇
530326,530326104,镇,矿山镇
530326,530326105,镇,者海镇
530326,530326106,镇,待补镇
530326,530326107,镇,乐业镇
530326,530326108,镇,大井镇
530326,530326200,乡,纸厂乡
530326,530326202,乡,马路乡
530326,530326203,乡,火红乡
530326,530326206,民族乡,新街回族乡
530326,530326208,乡,雨碌乡
530326,530326209,乡,大海乡
530326,530326210,乡,鲁纳乡
530326,530326211,乡,老厂乡
530326,530326212,乡,上村乡
530326,530326213,乡,五星乡
530326,530326214,乡,驾车乡
530326,530326215,乡,大桥乡
530326,530326216,乡,田坝乡
530381,530381001,街道,宛水街道
530381,530381002,街道,西宁街道
530381,530381003,街道,双龙街道
530381,530381004,街道,虹桥街道
530381,530381005,街道,来宾街道
530381,530381006,街道,板桥街道
530381,530381007,街道,凤凰街道
530381,530381008,街道,丰华街道
530381,530381009,街道,复兴街道
530381,530381102,镇,格宜镇
530381,530381103,镇,田坝镇
530381,530381104,镇,羊场镇
530381,530381106,镇,倘塘镇
530381,530381107,镇,落水镇
530381,530381108,镇,务德镇
530381,530381109,镇,海岱镇
530381,530381110,镇,龙场镇
530381,530381111,镇,龙潭镇
530381,530381112,镇,宝山镇
530381,530381113,镇,东山镇
530381,530381114,镇,热水镇
530381,530381115,镇,杨柳镇
530381,530381201,乡,普立乡
530381,530381204,乡,西泽乡
530381,530381205,乡,得禄乡
530381,530381207,乡,双河乡
530381,530381208,乡,乐丰乡
530381,530381209,乡,文兴乡
530381,530381210,乡,阿都乡
530402,530402001,街道,玉兴街道
530402,530402002,街道,凤凰街道
530402,530402003,街道,玉带街道
530402,530402004,街道,北城街道
530402,530402005,街道,春和街道
530402,530402006,街道,李棋街道
530402,530402007,街道,大营街街道
530402,530402008,街道,研和街道
530402,530402009,街道,高仓街道
530402,530402200,民族乡,小石桥彝族乡
530402,530402201,民族乡,洛河彝族乡
530403,530403001,街道,星云街道
530403,530403002,街道,宁海街道
530403,530403101,镇,江城镇
530403,530403102,镇,前卫镇
530403,530403103,镇,九溪镇
530403,530403104,镇,路居镇
530403,530403200,民族乡,安化彝族乡
530403,530403201,乡,雄关乡
530423,530423001,街道,秀山街道
530423,530423002,街道,九龙街道
530423,530423101,镇,杨广镇
530423,530423103,镇,河西镇
530423,530423104,镇,四街镇
530423,530423105,镇,纳古镇
530423,530423200,民族乡,里山彝族乡
530423,530423201,民族乡,高大傣族彝族乡
530423,530423202,民族乡,兴蒙蒙古族乡
530424,530424001,街道,宁州街道
530424,530424101,镇,盘溪镇
530424,530424102,镇,华溪镇
530424,530424103,镇,青龙镇
530424,530424200,民族乡,通红甸彝族苗族乡
530425,530425001,街道,龙泉街道
530425,530425002,街道,六街街道
530425,530425102,镇,绿汁镇
530425,530425200,民族乡,浦贝彝族乡
530425,530425201,民族乡,十街彝族乡
530425,530425202,民族乡,铜厂彝族乡
530425,530425203,乡,小街乡
530426,530426001,街道,双江街道
530426,530426002,街道,小街街道
530426,530426102,镇,甸中镇
530426,530426103,镇,化念镇
530426,530426104,镇,塔甸镇
530426,530426200,乡,岔河乡
530426,530426201,乡,大龙潭乡
530426,530426202,乡,富良棚乡
530427,530427001,街道,桂山街道
530427,530427002,街道,古城街道
530427,530427101,镇,扬武镇
530427,530427102,镇,漠沙镇
530427,530427103,镇,戛洒镇
530427,530427104,镇,水塘镇
530427,530427200,乡,平甸乡
530427,530427201,乡,新化乡
530427,530427202,乡,建兴乡
530427,530427203,乡,老厂乡
530427,530427204,乡,者竜乡
530427,530427205,乡,平掌乡
530428,530428001,街道,澧江街道
530428,530428002,街道,红河街道
530428,530428003,街道,甘庄街道
530428,530428101,镇,因远镇
530428,530428102,镇,曼来镇
530428,530428201,乡,羊街乡
530428,530428202,乡,那诺乡
530428,530428203,乡,洼垤乡
530428,530428204,乡,咪哩乡
530428,530428205,乡,龙潭乡
530481,530481001,街道,凤麓街道
530481,530481002,街道,龙街街道
530481,530481100,镇,阳宗镇
530481,530481101,镇,右所镇
530481,530481102,镇,海口镇
530481,530481103,镇,九村镇
530502,530502001,街道,兰城街道
530502,530502002,街道,永昌街道
530502,530502003,街道,河图街道
530502,530502004,街道,永盛街道
530502,530502005,街道,九隆街道
530502,530502006,街道,青华街道
530502,530502101,镇,板桥镇
530502,530502103,镇,蒲缥镇
530502,530502104,镇,汉庄镇
530502,530502105,镇,潞江镇
530502,530502106,镇,瓦窑镇
530502,530502200,乡,金鸡乡
530502,530502201,乡,辛街乡
530502,530502202,乡,西邑乡
530502,530502203,乡,丙麻乡
530502,530502204,乡,瓦渡乡
530502,530502205,乡,水寨乡
530502,530502208,民族乡,瓦马彝族白族乡
530502,530502210,民族乡,瓦房彝族苗族乡
530502,530502211,民族乡,杨柳白族彝族乡
530502,530502214,民族乡,芒宽彝族傣族乡
530521,530521100,镇,甸阳镇
530521,530521101,镇,由旺镇
530521,530521102,镇,姚关镇
530521,530521103,镇,太平镇
530521,530521104,镇,仁和镇
530521,530521202,乡,万兴乡
530521,530521203,民族乡,摆榔彝族布朗族乡
530521,530521204,乡,酒房乡
530521,530521205,乡,旧城乡
530521,530521206,民族乡,木老元布朗族彝族乡
530521,530521207,乡,老麦乡
530521,530521208,乡,何元乡
530521,530521209,乡,水长乡
530523,530523101,镇,镇安镇
530523,530523102,镇,勐糯镇
530523,530523103,镇,龙山镇
530523,530523104,镇,腊勐镇
530523,530523105,镇,象达镇
530523,530523201,乡,龙江乡
530523,530523204,乡,碧寨乡
530523,530523205,乡,龙新乡
530523,530523207,乡,平达乡
530523,530523208,民族乡,木城彝族傈僳族乡
530524,530524102,镇,漭水镇
530524,530524103,镇,柯街镇
530524,530524104,镇,卡斯镇
530524,530524105,镇,勐统镇
530524,530524106,镇,田园镇
530524,530524107,镇,温泉镇
530524,530524108,镇,鸡飞镇
530524,530524109,镇,大田坝镇
530524,530524110,镇,翁堵镇
530524,530524204,民族乡,湾甸傣族乡
530524,530524205,乡,更戛乡
530524,530524206,民族乡,珠街彝族乡
530524,530524207,民族乡,耈街彝族苗族乡
530581,530581001,街道,腾越街道
530581,530581002,街道,西源街道
530581,530581101,镇,固东镇
530581,530581103,镇,滇滩镇
530581,530581104,镇,猴桥镇
530581,530581105,镇,和顺镇
530581,530581106,镇,界头镇
530581,530581107,镇,曲石镇
530581,530581108,镇,明光镇
530581,530581109,镇,中和镇
530581,530581110,镇,芒棒镇
530581,530581111,镇,荷花镇
530581,530581112,镇,北海镇
530581,530581113,镇,清水镇
530581,530581203,乡,马站乡
530581,530581210,乡,五合乡
530581,530581211,乡,新华乡
530581,530581212,乡,蒲川乡
530581,530581213,乡,团田乡
530602,530602001,街道,龙泉街道
530602,530602002,街道,凤凰街道
530602,530602003,街道,太平街道
530602,530602004,街道,北闸街道
530602,530602101,镇,旧圃镇
530602,530602102,镇,永丰镇
530602,530602104,镇,大山包镇
530602,530602106,镇,苏家院镇
530602,530602107,镇,洒渔镇
530602,530602108,镇,乐居镇
530602,530602109,镇,盘河镇
530602,530602110,镇,炎山镇
530602,530602202,民族乡,布嘎回族乡
530602,530602203,民族乡,守望回族乡
530602,530602205,民族乡,小龙洞回族彝族乡
530602,530602208,民族乡,青岗岭回族彝族乡
530602,530602212,乡,苏甲乡
530602,530602214,乡,大寨子乡
530602,530602216,乡,田坝乡
530621,530621001,街道,文屏街道
530621,530621002,街道,砚池街道
530621,530621101,镇,龙头山镇
530621,530621102,镇,水磨镇
530621,530621103,镇,小寨镇
530621,530621104,镇,江底镇
530621,530621105,镇,龙树镇
530621,530621106,镇,新街镇
530621,530621107,镇,火德红镇
530621,530621108,镇,乐红镇
530621,530621109,镇,梭山镇
530621,530621200,民族乡,桃源回族乡
530621,530621201,民族乡,茨院回族乡
530622,530622001,街道,白鹤滩街道
530622,530622002,街道,玉屏街道
530622,530622101,镇,马树镇
530622,530622102,镇,药山镇
530622,530622103,镇,小河镇
530622,530622104,镇,大寨镇
530622,530622105,镇,老店镇
530622,530622106,镇,蒙姑镇
530622,530622107,镇,金塘镇
530622,530622108,镇,新店镇
530622,530622109,镇,茂租镇
530622,530622110,镇,崇溪镇
530622,530622111,镇,东坪镇
530622,530622202,乡,红山乡
530622,530622209,乡,包谷垴乡
530622,530622212,乡,中寨乡
530622,530622216,乡,炉房乡
530623,530623100,镇,盐井镇
530623,530623101,镇,普洱镇
530623,530623102,镇,豆沙镇
530623,530623103,镇,中和镇
530623,530623104,镇,庙坝镇
530623,530623105,镇,柿子镇
530623,530623202,乡,兴隆乡
530623,530623204,乡,落雁乡
530623,530623205,乡,滩头乡
530623,530623206,乡,牛寨乡
530624,530624100,镇,翠华镇
530624,530624101,镇,玉碗镇
530624,530624102,镇,吉利镇
530624,530624103,镇,天星镇
530624,530624104,镇,木杆镇
530624,530624105,镇,悦乐镇
530624,530624106,镇,高桥镇
530624,530624107,镇,寿山镇
530624,530624108,镇,靖安镇
530624,530624200,民族乡,上高桥回族彝族苗族乡
530625,530625001,街道,溪洛渡街道
530625,530625002,街道,永兴街道
530625,530625102,镇,桧溪镇
530625,530625103,镇,黄华镇
530625,530625104,镇,茂林镇
530625,530625105,镇,大兴镇
530625,530625106,镇,莲峰镇
530625,530625107,镇,码口镇
530625,530625108,镇,务基镇
530625,530625201,乡,团结乡
530625,530625203,乡,细沙乡
530625,530625204,乡,青胜乡
530625,530625208,民族乡,马楠苗族彝族乡
530625,530625209,乡,水竹乡
530625,530625212,乡,墨翰乡
530625,530625214,民族乡,伍寨彝族苗族乡
530626,530626100,镇,中城镇
530626,530626101,镇,南岸镇
530626,530626103,镇,新滩镇
530626,530626104,镇,会仪镇
530626,530626105,镇,板栗镇
530627,530627001,街道,乌峰街道
530627,530627002,街道,南台街道
530627,530627003,街道,旧府街道
530627,530627101,镇,泼机镇
530627,530627102,镇,黑树镇
530627,530627103,镇,母享镇
530627,530627104,镇,坡头镇
530627,530627105,镇,大湾镇
530627,530627106,镇,以勒镇
530627,530627107,镇,赤水源镇
530627,530627108,镇,芒部镇
530627,530627109,镇,雨河镇
530627,530627110,镇,罗坎镇
530627,530627111,镇,牛场镇
530627,530627112,镇,五德镇
530627,530627113,镇,塘房镇
530627,530627114,镇,场坝镇
530627,530627115,镇,以古镇
530627,530627116,镇,木卓镇
530627,530627117,镇,坪上镇
530627,530627118,镇,碗厂镇
530627,530627119,镇,盐源镇
530627,530627120,镇,中屯镇
530627,530627202,乡,鱼洞乡
530627,530627205,乡,花朗乡
530627,530627207,乡,尖山乡
530627,530627213,乡,杉树乡
530627,530627214,乡,花山乡
530627,530627219,民族乡,果珠彝族乡
530627,530627221,民族乡,林口彝族苗族乡
530628,530628001,街道,角奎街道
530628,530628002,街道,发界街道
530628,530628101,镇,洛泽河镇
530628,530628102,镇,牛街镇
530628,530628103,镇,小草坝镇
530628,530628104,镇,龙安镇
530628,530628105,镇,龙海镇
530628,530628106,镇,荞山镇
530628,530628107,镇,钟鸣镇
530628,530628108,镇,海子镇
530628,530628109,镇,两河镇
530628,530628202,民族乡,龙街苗族彝族乡
530628,530628203,民族乡,奎香苗族彝族乡
530628,530628204,民族乡,树林彝族苗族乡
530628,530628213,民族乡,柳溪苗族乡
530628,530628214,民族乡,洛旺苗族乡
530629,530629100,镇,扎西镇
530629,530629101,镇,旧城镇
530629,530629102,镇,罗布镇
530629,530629103,镇,麟凤镇
530629,530629104,镇,庙沟镇
530629,530629105,镇,水田镇
530629,530629106,镇,长安镇
530629,530629201,民族乡,双河苗族彝族乡
530629,530629202,乡,高田乡
530629,530629207,乡,三桃乡
530681,530681001,街道,云富街道
530681,530681100,镇,向家坝镇
530681,530681101,镇,太平镇
530681,530681102,镇,两碗镇
530702,530702001,街道,大研街道
530702,530702002,街道,西安街道
530702,530702003,街道,祥和街道
530702,530702004,街道,束河街道
530702,530702005,街道,金山街道
530702,530702006,街道,开南街道
530702,530702007,街道,文化街道
530702,530702100,镇,金安镇
530702,530702101,镇,七河镇
530702,530702207,民族乡,金江白族乡
530702,530702215,乡,大东乡
530721,530721001,街道,黄山街道
530721,530721101,镇,石鼓镇
530721,530721102,镇,巨甸镇
530721,530721104,镇,鸣音镇
530721,530721105,镇,奉科镇
530721,530721106,镇,白沙镇
530721,530721107,镇,拉市镇
530721,530721205,乡,太安乡
530721,530721208,民族乡,石头白族乡
530721,530721211,民族乡,黎明傈僳族乡
530721,530721212,乡,鲁甸乡
530721,530721213,乡,塔城乡
530721,530721216,乡,大具乡
530721,530721217,乡,宝山乡
530721,530721219,民族乡,九河白族乡
530721,530721220,乡,龙蟠乡
530722,530722100,镇,永北镇
530722,530722101,镇,仁和镇
530722,530722102,镇,期纳镇
530722,530722103,镇,三川镇
530722,530722105,镇,程海镇
530722,530722106,镇,涛源镇
530722,530722107,镇,片角镇
530722,530722108,镇,顺州镇
530722,530722109,镇,鲁地拉镇
530722,530722200,民族乡,羊坪彝族乡
530722,530722201,民族乡,六德傈僳族彝族乡
530722,530722202,民族乡,东山傈僳族彝族乡
530722,530722207,民族乡,光华傈僳族彝族乡
530722,530722208,民族乡,松坪傈僳族彝族乡
530722,530722209,民族乡,大安彝族纳西族乡
530723,530723100,镇,中心镇
530723,530723101,镇,荣将镇
530723,530723102,镇,兴泉镇
530723,530723103,镇,石龙坝镇
530723,530723205,民族乡,新庄傈僳族傣族乡
530723,530723206,民族乡,通达傈僳族乡
530723,530723207,民族乡,永兴傈僳族乡
530723,530723208,民族乡,船房傈僳族傣族乡
530724,530724001,街道,大兴街道
530724,530724002,街道,紫玛街道
530724,530724100,镇,大兴镇
530724,530724101,镇,永宁镇
530724,530724102,镇,红桥镇
530724,530724103,镇,战河镇
530724,530724200,乡,拉伯乡
530724,530724202,民族乡,翠玉傈僳族普米族乡
530724,530724205,乡,宁利乡
530724,530724206,乡,金棉乡
530724,530724207,乡,西川乡
530724,530724208,乡,西布河乡
530724,530724210,乡,永宁坪乡
530724,530724211,乡,跑马坪乡
530724,530724212,乡,蝉战河乡
530724,530724213,乡,新营盘乡
530724,530724214,乡,烂泥箐乡
530802,530802001,街道,思茅街道
530802,530802101,镇,南屏镇
530802,530802102,镇,倚象镇
530802,530802103,镇,思茅港镇
530802,530802104,镇,六顺镇
530802,530802200,民族乡,龙潭彝族傣族乡
530802,530802201,民族乡,云仙彝族乡
530821,530821100,镇,宁洱镇
530821,530821101,镇,磨黑镇
530821,530821102,镇,勐先镇
530821,530821103,镇,德化镇
530821,530821104,镇,同心镇
530821,530821105,镇,梅子镇
530821,530821204,乡,普义乡
530821,530821205,乡,黎明乡
530821,530821207,乡,德安乡
530822,530822100,镇,联珠镇
530822,530822101,镇,通关镇
530822,530822102,镇,鱼塘镇
530822,530822103,镇,雅邑镇
530822,530822104,镇,泗南江镇
530822,530822105,镇,坝溜镇
530822,530822106,镇,文武镇
530822,530822107,镇,景星镇
530822,530822108,镇,新抚镇
530822,530822109,镇,新安镇
530822,530822110,镇,团田镇
530822,530822111,镇,龙坝镇
530822,530822202,民族乡,孟弄彝族乡
530822,530822207,乡,龙潭乡
530822,530822211,乡,那哈乡
530823,530823100,镇,锦屏镇
530823,530823101,镇,文井镇
530823,530823102,镇,漫湾镇
530823,530823103,镇,大朝山东镇
530823,530823104,镇,花山镇
530823,530823105,镇,大街镇
530823,530823106,镇,安定镇
530823,530823107,镇,太忠镇
530823,530823108,镇,文龙镇
530823,530823109,镇,景福镇
530823,530823204,乡,龙街乡
530823,530823207,乡,林街乡
530823,530823209,乡,曼等乡
530824,530824100,镇,威远镇
530824,530824101,镇,永平镇
530824,530824102,镇,正兴镇
530824,530824103,镇,民乐镇
530824,530824104,镇,景谷镇
530824,530824105,镇,凤山镇
530824,530824205,乡,半坡乡
530824,530824206,乡,勐班乡
530824,530824207,乡,碧安乡
530824,530824208,乡,益智乡
530825,530825100,镇,恩乐镇
530825,530825101,镇,按板镇
530825,530825102,镇,勐大镇
530825,530825103,镇,者东镇
530825,530825104,镇,九甲镇
530825,530825105,镇,振太镇
530825,530825106,镇,古城镇
530825,530825107,镇,和平镇
530825,530825200,乡,田坝乡
530826,530826100,镇,勐烈镇
530826,530826101,镇,整董镇
530826,530826102,镇,康平镇
530826,530826103,镇,宝藏镇
530826,530826104,镇,曲水镇
530826,530826201,乡,国庆乡
530826,530826202,乡,嘉禾乡
530827,530827100,镇,娜允镇
530827,530827101,镇,勐马镇
530827,530827102,镇,芒信镇
530827,530827103,镇,富岩镇
530827,530827200,乡,景信乡
530827,530827203,乡,公信乡
530828,530828100,镇,勐朗镇
530828,530828101,镇,上允镇
530828,530828102,镇,糯扎渡镇
530828,530828103,镇,东回镇
530828,530828104,镇,惠民镇
530828,530828201,民族乡,谦六彝族乡
530828,530828203,乡,东河乡
530828,530828204,乡,大山乡
530828,530828205,乡,南岭乡
530828,530828208,民族乡,酒井哈尼族乡
530828,530828211,乡,拉巴乡
530828,530828212,乡,竹塘乡
530828,530828213,乡,富邦乡
530828,530828214,民族乡,安康佤族乡
530828,530828215,民族乡,文东佤族乡
530828,530828216,乡,富东乡
530828,530828217,民族乡,雪林佤族乡
530828,530828218,乡,木戛乡
530828,530828219,民族乡,发展河哈尼族乡
530828,530828220,乡,糯福乡
530829,530829100,镇,勐梭镇
530829,530829101,镇,勐卡镇
530829,530829102,镇,翁嘎科镇
530829,530829103,镇,新厂镇
530829,530829104,镇,中课镇
530829,530829201,民族乡,力所拉祜族乡
530829,530829202,乡,岳宋乡
530902,530902001,街道,凤翔街道
530902,530902002,街道,忙畔街道
530902,530902101,镇,博尚镇
530902,530902201,民族乡,南美拉祜族乡
530902,530902202,乡,蚂蚁堆乡
530902,530902203,乡,章驮乡
530902,530902205,乡,圈内乡
530902,530902206,乡,马台乡
530902,530902207,乡,邦东乡
530902,530902208,民族乡,平村彝族傣族乡
530921,530921100,镇,凤山镇
530921,530921101,镇,鲁史镇
530921,530921102,镇,小湾镇
530921,530921103,镇,营盘镇
530921,530921104,镇,勐佑镇
530921,530921107,镇,洛党镇
530921,530921108,镇,雪山镇
530921,530921109,镇,三岔河镇
530921,530921200,乡,诗礼乡
530921,530921201,民族乡,新华彝族苗族乡
530921,530921203,乡,大寺乡
530921,530921206,民族乡,腰街彝族乡
530921,530921210,民族乡,郭大寨彝族白族乡
530922,530922100,镇,爱华镇
530922,530922101,镇,漫湾镇
530922,530922102,镇,大朝山西镇
530922,530922103,镇,茂兰镇
530922,530922104,镇,大寨镇
530922,530922105,镇,涌宝镇
530922,530922106,镇,幸福镇
530922,530922201,民族乡,忙怀彝族布朗族乡
530922,530922202,乡,晓街乡
530922,530922203,乡,茶房乡
530922,530922206,民族乡,栗树彝族傣族乡
530922,530922207,民族乡,后箐彝族乡
530923,530923100,镇,德党镇
530923,530923101,镇,小勐统镇
530923,530923102,镇,永康镇
530923,530923202,乡,勐板乡
530923,530923203,乡,亚练乡
530923,530923204,民族乡,乌木龙彝族乡
530923,530923205,民族乡,大雪山彝族拉祜族傣族乡
530923,530923206,乡,班卡乡
530923,530923207,乡,崇岗乡
530923,530923208,乡,大山乡
530924,530924100,镇,凤尾镇
530924,530924101,镇,勐捧镇
530924,530924102,镇,南伞镇
530924,530924200,乡,忙丙乡
530924,530924201,乡,勐堆乡
530924,530924203,乡,木场乡
530924,530924204,民族乡,军赛佤族拉祜族傈僳族德昂族乡
530925,530925100,镇,勐勐镇
530925,530925101,镇,勐库镇
530925,530925200,乡,沙河乡
530925,530925201,乡,大文乡
530925,530925202,乡,忙糯乡
530925,530925204,乡,邦丙乡
530926,530926100,镇,耿马镇
530926,530926101,镇,勐永镇
530926,530926102,镇,勐撒镇
530926,530926103,镇,孟定镇
530926,530926200,乡,大兴乡
530926,530926201,民族乡,芒洪拉祜族布朗族乡
530926,530926202,乡,四排山乡
530926,530926203,乡,贺派乡
530926,530926204,乡,勐简乡
530927,530927100,镇,勐董镇
530927,530927101,镇,岩帅镇
530927,530927102,镇,勐省镇
530927,530927103,镇,芒卡镇
530927,530927201,乡,单甲乡
530927,530927202,乡,糯良乡
530927,530927203,乡,勐来乡
530927,530927204,民族乡,勐角傣族彝族拉祜族乡
530927,530927205,乡,班洪乡
530927,530927207,乡,班老乡
532301,532301001,街道,鹿城街道
532301,532301002,街道,彝海街道
532301,532301003,街道,东瓜街道
532301,532301103,镇,吕合镇
532301,532301104,镇,东华镇
532301,532301105,镇,子午镇
532301,532301108,镇,苍岭镇
532301,532301109,镇,三街镇
532301,532301110,镇,中山镇
532301,532301111,镇,八角镇
532301,532301112,镇,紫溪镇
532301,532301113,镇,新村镇
532301,532301114,镇,西舍路镇
532301,532301201,乡,树苴乡
532301,532301203,乡,大过口乡
532301,532301205,乡,大地基乡
532302,532302100,镇,金山镇
532302,532302101,镇,仁兴镇
532302,532302102,镇,碧城镇
532302,532302103,镇,勤丰镇
532302,532302104,镇,一平浪镇
532302,532302105,镇,和平镇
532302,532302106,镇,广通镇
532302,532302107,镇,黑井镇
532302,532302108,镇,土官镇
532302,532302109,镇,彩云镇
532302,532302110,镇,恐龙山镇
532302,532302200,乡,中村乡
532302,532302205,乡,高峰乡
532302,532302206,乡,妥安乡
532322,532322100,镇,妥甸镇
532322,532322101,镇,大庄镇
532322,532322102,镇,法脿镇
532322,532322103,镇,𥔲嘉镇
532322,532322104,镇,大麦地镇
532322,532322204,乡,安龙堡乡
532322,532322206,乡,爱尼山乡
532322,532322207,乡,独田乡
532323,532323100,镇,共和镇
532323,532323101,镇,新桥镇
532323,532323102,镇,江坡镇
532323,532323103,镇,凤屯镇
532323,532323201,乡,蟠猫乡
532323,532323202,乡,戌街乡
532323,532323203,乡,安乐乡
532324,532324100,镇,龙川镇
532324,532324103,镇,红土坡镇
532324,532324105,镇,沙桥镇
532324,532324106,镇,五街镇
532324,532324107,镇,马街镇
532324,532324108,镇,兔街镇
532324,532324201,民族乡,雨露白族乡
532324,532324204,乡,一街乡
532324,532324205,乡,罗武庄乡
532324,532324207,乡,五顶山乡
532325,532325100,镇,栋川镇
532325,532325101,镇,光禄镇
532325,532325102,镇,前场镇
532325,532325103,镇,官屯镇
532325,532325106,镇,弥兴镇
532325,532325108,镇,太平镇
532325,532325204,乡,适中乡
532325,532325205,乡,左门乡
532325,532325208,乡,大河口乡
532326,532326100,镇,金碧镇
532326,532326101,镇,石羊镇
532326,532326102,镇,六苴镇
532326,532326103,镇,龙街镇
532326,532326104,镇,赵家店镇
532326,532326105,镇,新街镇
532326,532326106,镇,桂花镇
532326,532326107,镇,三岔河镇
532326,532326205,乡,昙华乡
532326,532326207,民族乡,湾碧傣族傈僳族乡
532326,532326208,乡,铁锁乡
532326,532326209,乡,三台乡
532327,532327100,镇,永定镇
532327,532327101,镇,宜就镇
532327,532327103,镇,中和镇
532327,532327200,乡,莲池乡
532327,532327201,乡,维的乡
532327,532327202,乡,猛虎乡
532327,532327205,民族乡,永兴傣族乡
532328,532328100,镇,元马镇
532328,532328102,镇,黄瓜园镇
532328,532328103,镇,羊街镇
532328,532328201,乡,老城乡
532328,532328202,乡,物茂乡
532328,532328203,乡,平田乡
532328,532328204,乡,江边乡
532328,532328205,乡,新华乡
532328,532328206,乡,姜驿乡
532328,532328209,乡,凉山乡
532329,532329101,镇,高桥镇
532329,532329102,镇,猫街镇
532329,532329103,镇,狮山镇
532329,532329104,镇,插甸镇
532329,532329105,镇,白路镇
532329,532329106,镇,己衣镇
532329,532329107,镇,万德镇
532329,532329202,乡,田心乡
532329,532329203,乡,发窝乡
532329,532329208,乡,环州乡
532329,532329209,民族乡,东坡傣族乡
532501,532501001,街道,城区街道
532501,532501002,街道,大屯街道
532501,532501003,街道,沙甸街道
532501,532501004,街道,锡城街道
532501,532501005,街道,金湖街道
532501,532501006,街道,宝华街道
532501,532501101,镇,鸡街镇
532501,532501104,镇,老厂镇
532501,532501105,镇,卡房镇
532501,532501107,镇,蔓耗镇
532501,532501201,乡,贾沙乡
532501,532501202,乡,保和乡
532502,532502002,街道,灵泉街道
532502,532502003,街道,乐白道街道
532502,532502101,镇,小龙潭镇
532502,532502103,镇,中和营镇
532502,532502200,民族乡,大庄回族乡
532502,532502201,乡,羊街乡
532502,532502204,乡,碑格乡
532503,532503001,街道,文澜街道
532503,532503002,街道,雨过铺街道
532503,532503003,街道,观澜街道
532503,532503004,街道,文萃街道
532503,532503005,街道,新安所街道
532503,532503101,镇,草坝镇
532503,532503104,镇,芷村镇
532503,532503106,镇,鸣鹫镇
532503,532503109,镇,冷泉镇
532503,532503200,民族乡,期路白苗族乡
532503,532503201,民族乡,老寨苗族乡
532503,532503202,乡,水田乡
532503,532503203,乡,西北勒乡
532504,532504001,街道,弥阳街道
532504,532504002,街道,太平街道
532504,532504003,街道,福城街道
532504,532504004,街道,东风街道
532504,532504101,镇,新哨镇
532504,532504102,镇,虹溪镇
532504,532504103,镇,竹园镇
532504,532504105,镇,巡检司镇
532504,532504107,镇,西一镇
532504,532504108,镇,西二镇
532504,532504109,镇,西三镇
532504,532504110,镇,东山镇
532504,532504201,乡,五山乡
532504,532504202,乡,江边乡
532523,532523100,镇,玉屏镇
532523,532523101,镇,新现镇
532523,532523102,镇,和平镇
532523,532523103,镇,白河镇
532523,532523204,乡,白云乡
532523,532523205,乡,新华乡
532523,532523206,乡,湾塘乡
532524,532524100,镇,临安镇
532524,532524101,镇,官厅镇
532524,532524102,镇,西庄镇
532524,532524103,镇,青龙镇
532524,532524104,镇,南庄镇
532524,532524105,镇,岔科镇
532524,532524106,镇,曲江镇
532524,532524107,镇,面甸镇
532524,532524200,乡,普雄乡
532524,532524202,乡,坡头乡
532524,532524203,乡,盘江乡
532524,532524205,乡,甸尾乡
532525,532525100,镇,异龙镇
532525,532525101,镇,宝秀镇
532525,532525102,镇,坝心镇
532525,532525103,镇,龙朋镇
532525,532525106,镇,龙武镇
532525,532525107,镇,哨冲镇
532525,532525108,镇,牛街镇
532525,532525200,乡,新城乡
532525,532525202,乡,大桥乡
532527,532527100,镇,中枢镇
532527,532527101,镇,金马镇
532527,532527103,镇,旧城镇
532527,532527105,镇,午街铺镇
532527,532527106,镇,白水镇
532527,532527200,乡,向阳乡
532527,532527201,乡,三塘乡
532527,532527202,乡,永宁乡
532528,532528100,镇,南沙镇
532528,532528101,镇,新街镇
532528,532528102,镇,牛角寨镇
532528,532528202,乡,沙拉托乡
532528,532528203,乡,嘎娘乡
532528,532528204,乡,上新城乡
532528,532528205,乡,小新街乡
532528,532528206,乡,逢春岭乡
532528,532528207,乡,大坪乡
532528,532528208,乡,攀枝花乡
532528,532528209,乡,黄茅岭乡
532528,532528210,乡,黄草岭乡
532528,532528211,乡,俄扎乡
532528,532528212,乡,马街乡
532529,532529100,镇,迤萨镇
532529,532529101,镇,甲寅镇
532529,532529102,镇,宝华镇
532529,532529103,镇,乐育镇
532529,532529104,镇,浪堤镇
532529,532529203,乡,洛恩乡
532529,532529204,乡,石头寨乡
532529,532529205,乡,阿扎河乡
532529,532529208,乡,大羊街乡
532529,532529209,乡,车古乡
532529,532529210,乡,架车乡
532529,532529211,乡,垤玛乡
532529,532529212,乡,三村乡
532530,532530100,镇,金河镇
532530,532530101,镇,金水河镇
532530,532530102,镇,勐拉镇
532530,532530103,镇,老勐镇
532530,532530201,乡,铜厂乡
532530,532530203,乡,老集寨乡
532530,532530204,民族乡,者米拉祜族乡
532530,532530205,乡,阿得博乡
532530,532530206,乡,沙依坡乡
532530,532530207,乡,大寨乡
532530,532530208,乡,马鞍底乡
532530,532530209,乡,勐桥乡
532530,532530210,乡,营盘乡
532531,532531100,镇,大兴镇
532531,532531101,镇,牛孔镇
532531,532531102,镇,大黑山镇
532531,532531103,镇,平河镇
532531,532531200,乡,戈奎乡
532531,532531202,乡,大水沟乡
532531,532531204,乡,半坡乡
532531,532531205,乡,骑马坝乡
532531,532531206,乡,三猛乡
532532,532532100,镇,河口镇
532532,532532101,镇,南溪镇
532532,532532200,乡,老范寨乡
532532,532532201,民族乡,桥头苗族壮族乡
532532,532532202,乡,瑶山乡
532532,532532203,乡,莲花滩乡
532601,532601001,街道,开化街道
532601,532601002,街道,卧龙街道
532601,532601003,街道,新平街道
532601,532601102,镇,古木镇
532601,532601103,镇,平坝镇
532601,532601104,镇,马塘镇
532601,532601105,镇,德厚镇
532601,532601106,镇,小街镇
532601,532601107,镇,薄竹镇
532601,532601108,镇,追栗街镇
532601,532601200,民族乡,东山彝族乡
532601,532601201,民族乡,柳井彝族乡
532601,532601202,乡,新街乡
532601,532601203,乡,喜古乡
532601,532601204,民族乡,坝心彝族乡
532601,532601205,民族乡,秉烈彝族乡
532601,532601206,民族乡,红甸回族乡
532622,532622100,镇,江那镇
532622,532622101,镇,平远镇
532622,532622102,镇,稼依镇
532622,532622103,镇,阿猛镇
532622,532622200,民族乡,阿舍彝族乡
532622,532622201,民族乡,维摩彝族乡
532622,532622202,民族乡,盘龙彝族乡
532622,532622203,乡,八嘎乡
532622,532622204,乡,者腊乡
532622,532622205,乡,蚌峨乡
532622,532622207,民族乡,干河彝族乡
532623,532623100,镇,西洒镇
532623,532623101,镇,兴街镇
532623,532623200,乡,蚌谷乡
532623,532623201,乡,莲花塘乡
532623,532623202,乡,新马街乡
532623,532623203,乡,柏林乡
532623,532623204,乡,法斗乡
532623,532623205,乡,董马乡
532623,532623206,乡,鸡街乡
532624,532624100,镇,麻栗镇
532624,532624101,镇,大坪镇
532624,532624102,镇,董干镇
532624,532624103,镇,天保镇
532624,532624201,民族乡,猛硐瑶族乡
532624,532624202,乡,下金厂乡
532624,532624203,乡,八布乡
532624,532624204,乡,六河乡
532624,532624205,乡,杨万乡
532624,532624206,乡,铁厂乡
532624,532624207,乡,马街乡
532625,532625100,镇,马白镇
532625,532625101,镇,八寨镇
532625,532625102,镇,仁和镇
532625,532625103,镇,木厂镇
532625,532625104,镇,夹寒箐镇
532625,532625105,镇,小坝子镇
532625,532625106,镇,都龙镇
532625,532625107,镇,金厂镇
532625,532625108,镇,坡脚镇
532625,532625200,乡,南捞乡
532625,532625201,乡,大栗树乡
532625,532625202,乡,篾厂乡
532625,532625203,乡,古林箐乡
532626,532626100,镇,锦屏镇
532626,532626101,镇,曰者镇
532626,532626102,镇,双龙营镇
532626,532626200,民族乡,八道哨彝族乡
532626,532626201,乡,天星乡
532626,532626202,乡,平寨乡
532626,532626203,民族乡,树皮彝族乡
532626,532626204,民族乡,腻脚彝族乡
532626,532626205,民族乡,新店彝族乡
532626,532626206,民族乡,舍得彝族乡
532626,532626207,乡,官寨乡
532626,532626209,乡,温浏乡
532627,532627100,镇,莲城镇
532627,532627101,镇,八宝镇
532627,532627102,镇,南屏镇
532627,532627103,镇,珠街镇
532627,532627104,镇,那洒镇
532627,532627105,镇,珠琳镇
532627,532627106,镇,坝美镇
532627,532627201,乡,董堡乡
532627,532627202,乡,旧莫乡
532627,532627203,乡,杨柳井乡
532627,532627204,乡,板蚌乡
532627,532627205,乡,曙光乡
532627,532627206,乡,黑支果乡
532627,532627207,乡,篆角乡
532627,532627208,乡,五珠乡
532627,532627209,乡,者兔乡
532627,532627210,乡,者太乡
532627,532627211,乡,底圩乡
532628,532628100,镇,新华镇
532628,532628101,镇,归朝镇
532628,532628102,镇,剥隘镇
532628,532628103,镇,里达镇
532628,532628104,镇,田蓬镇
532628,532628105,镇,木央镇
532628,532628200,乡,板仑乡
532628,532628201,乡,谷拉乡
532628,532628202,乡,者桑乡
532628,532628203,乡,那能乡
532628,532628204,民族乡,洞波瑶族乡
532628,532628205,乡,阿用乡
532628,532628206,乡,花甲乡
532801,532801001,街道,允景洪街道
532801,532801002,街道,江北街道
532801,532801003,街道,嘎洒街道
532801,532801004,街道,嘎栋街道
532801,532801005,街道,曼弄枫街道
532801,532801102,镇,勐龙镇
532801,532801103,镇,勐罕镇
532801,532801104,镇,勐养镇
532801,532801105,镇,普文镇
532801,532801106,镇,东风镇
532801,532801202,民族乡,景哈哈尼族乡
532801,532801203,乡,景讷乡
532801,532801204,乡,大渡岗乡
532801,532801205,乡,勐旺乡
532801,532801206,民族乡,基诺山基诺族乡
532822,532822100,镇,勐海镇
532822,532822101,镇,打洛镇
532822,532822103,镇,勐遮镇
532822,532822104,镇,勐混镇
532822,532822105,镇,勐满镇
532822,532822106,镇,勐阿镇
532822,532822201,乡,勐宋乡
532822,532822203,乡,勐往乡
532822,532822205,民族乡,格朗和哈尼族乡
532822,532822206,民族乡,布朗山布朗族乡
532822,532822209,民族乡,西定哈尼族布朗族乡
532823,532823100,镇,勐腊镇
532823,532823101,镇,勐捧镇
532823,532823102,镇,勐满镇
532823,532823103,镇,勐仑镇
532823,532823104,镇,磨憨镇
532823,532823105,镇,勐伴镇
532823,532823106,镇,关累镇
532823,532823107,镇,易武镇
532823,532823204,民族乡,象明彝族乡
532823,532823205,民族乡,瑶区瑶族乡
532901,532901001,街道,下关街道
532901,532901002,街道,太和街道
532901,532901003,街道,满江街道
532901,532901101,镇,大理镇
532901,532901102,镇,凤仪镇
532901,532901103,镇,喜洲镇
532901,532901104,镇,海东镇
532901,532901105,镇,挖色镇
532901,532901106,镇,湾桥镇
532901,532901107,镇,银桥镇
532901,532901109,镇,双廊镇
532901,532901110,镇,上关镇
532901,532901190,镇,下关镇
532901,532901200,民族乡,太邑彝族乡
532922,532922101,镇,苍山西镇
532922,532922102,镇,漾江镇
532922,532922104,镇,平坡镇
532922,532922105,镇,顺濞镇
532922,532922201,乡,富恒乡
532922,532922202,乡,太平乡
532922,532922204,乡,瓦厂乡
532922,532922205,乡,龙潭乡
532922,532922206,乡,鸡街乡
532923,532923100,镇,祥城镇
532923,532923101,镇,云南驿镇
532923,532923102,镇,下庄镇
532923,532923103,镇,刘厂镇
532923,532923104,镇,禾甸镇
532923,532923105,镇,沙龙镇
532923,532923106,镇,米甸镇
532923,532923107,镇,普淜镇
532923,532923203,乡,鹿鸣乡
532923,532923204,民族乡,东山彝族乡
532924,532924100,镇,金牛镇
532924,532924101,镇,宾居镇
532924,532924102,镇,州城镇
532924,532924104,镇,鸡足山镇
532924,532924105,镇,力角镇
532924,532924107,镇,乔甸镇
532924,532924108,镇,大营镇
532924,532924109,镇,平川镇
532924,532924200,民族乡,钟英傈僳族彝族乡
532924,532924202,民族乡,拉乌彝族乡
532925,532925100,镇,弥城镇
532925,532925101,镇,红岩镇
532925,532925102,镇,新街镇
532925,532925103,镇,寅街镇
532925,532925104,镇,苴力镇
532925,532925105,镇,密祉镇
532925,532925203,乡,德苴乡
532925,532925204,民族乡,牛街彝族乡
532926,532926100,镇,南涧镇
532926,532926101,镇,小湾东镇
532926,532926103,镇,宝华镇
532926,532926104,镇,公郎镇
532926,532926105,镇,无量山镇
532926,532926201,乡,拥翠乡
532926,532926202,乡,乐秋乡
532926,532926203,乡,碧溪乡
532927,532927100,镇,南诏镇
532927,532927101,镇,庙街镇
532927,532927102,镇,大仓镇
532927,532927103,镇,永建镇
532927,532927200,乡,巍宝山乡
532927,532927201,乡,马鞍山乡
532927,532927202,乡,紫金乡
532927,532927203,乡,五印乡
532927,532927204,乡,牛街乡
532927,532927206,乡,青华乡
532928,532928100,镇,博南镇
532928,532928102,镇,杉阳镇
532928,532928103,镇,龙街镇
532928,532928200,乡,龙门乡
532928,532928202,民族乡,厂街彝族乡
532928,532928203,民族乡,水泄彝族乡
532928,532928204,民族乡,北斗彝族乡
532929,532929100,镇,诺邓镇
532929,532929101,镇,功果桥镇
532929,532929102,镇,漕涧镇
532929,532929103,镇,白石镇
532929,532929201,乡,宝丰乡
532929,532929202,乡,关坪乡
532929,532929203,民族乡,团结彝族乡
532929,532929204,乡,长新乡
532929,532929205,乡,检槽乡
532929,532929206,民族乡,苗尾傈僳族乡
532929,532929207,乡,民建乡
532930,532930100,镇,茈碧湖镇
532930,532930103,镇,邓川镇
532930,532930104,镇,右所镇
532930,532930105,镇,三营镇
532930,532930106,镇,凤羽镇
532930,532930107,镇,乔后镇
532930,532930201,乡,牛街乡
532930,532930202,乡,炼铁乡
532930,532930203,乡,西山乡
532931,532931100,镇,金华镇
532931,532931102,镇,甸南镇
532931,532931103,镇,马登镇
532931,532931104,镇,沙溪镇
532931,532931105,镇,老君山镇
532931,532931200,乡,羊岑乡
532931,532931202,乡,弥沙乡
532931,532931203,乡,象图乡
532932,532932100,镇,云鹤镇
532932,532932101,镇,辛屯镇
532932,532932102,镇,松桂镇
532932,532932103,镇,黄坪镇
532932,532932104,镇,草海镇
532932,532932105,镇,西邑镇
532932,532932106,镇,龙开口镇
532932,532932200,乡,金墩乡
532932,532932202,民族乡,六合彝族乡
533102,533102001,街道,勐卯街道
533102,533102101,镇,畹町镇
533102,533102102,镇,弄岛镇
533102,533102103,镇,姐相镇
533102,533102202,乡,户育乡
533102,533102203,乡,勐秀乡
533103,533103001,街道,勐焕街道
533103,533103107,镇,芒市镇
533103,533103108,镇,风平镇
533103,533103109,镇,勐戛镇
533103,533103110,镇,芒海镇
533103,533103111,镇,遮放镇
533103,533103208,民族乡,三台山德昂族乡
533103,533103210,乡,江东乡
533103,533103211,乡,轩岗乡
533103,533103212,乡,中山乡
533103,533103213,乡,西山乡
533103,533103214,乡,五岔路乡
533122,533122100,镇,遮岛镇
533122,533122101,镇,芒东镇
533122,533122102,镇,勐养镇
533122,533122200,乡,平山乡
533122,533122201,乡,小厂乡
533122,533122202,乡,大厂乡
533122,533122204,民族乡,九保阿昌族乡
533122,533122205,民族乡,曩宋阿昌族乡
533122,533122206,乡,河西乡
533123,533123100,镇,平原镇
533123,533123101,镇,旧城镇
533123,533123102,镇,那邦镇
533123,533123103,镇,太平镇
533123,533123104,镇,弄璋镇
533123,533123105,镇,盏西镇
533123,533123106,镇,卡场镇
533123,533123107,镇,昔马镇
533123,533123205,乡,新城乡
533123,533123206,乡,油松岭乡
533123,533123207,乡,芒章乡
533123,533123209,乡,姐那乡
533123,533123210,民族乡,苏典傈僳族乡
533123,533123211,乡,勐弄乡
533123,533123214,乡,铜壁关乡
533124,533124100,镇,章凤镇
533124,533124101,镇,陇把镇
533124,533124102,镇,景罕镇
533124,533124103,镇,城子镇
533124,533124200,民族乡,户撒阿昌族乡
533124,533124201,乡,护国乡
533124,533124202,乡,清平乡
533124,533124204,乡,王子树乡
533124,533124207,乡,勐约乡
533301,533301001,街道,六库街道
533301,533301002,街道,大练地街道
533301,533301100,镇,鲁掌镇
533301,533301102,镇,片马镇
533301,533301103,镇,上江镇
533301,533301104,镇,老窝镇
533301,533301105,镇,大兴地镇
533301,533301200,乡,称杆乡
533301,533301201,乡,古登乡
533301,533301202,民族乡,洛本卓白族乡
533323,533323100,镇,上帕镇
533323,533323200,民族乡,匹河怒族乡
533323,533323201,乡,子里甲乡
533323,533323202,乡,架科底乡
533323,533323203,乡,鹿马登乡
533323,533323204,乡,石月亮乡
533323,533323205,乡,马吉乡
533324,533324100,镇,茨开镇
533324,533324101,镇,丙中洛镇
533324,533324201,乡,捧当乡
533324,533324202,乡,普拉底乡
533324,533324203,乡,独龙江乡
533325,533325001,街道,金顶街道
533325,533325002,街道,翠屏街道
533325,533325101,镇,啦井镇
533325,533325102,镇,营盘镇
533325,533325103,镇,通甸镇
533325,533325201,乡,河西乡
533325,533325202,乡,中排乡
533325,533325203,乡,石登乡
533325,533325204,乡,兔峨乡
533401,533401100,镇,建塘镇
533401,533401101,镇,虎跳峡镇
533401,533401102,镇,金江镇
533401,533401103,镇,小中甸镇
533401,533401200,乡,上江乡
533401,533401202,民族乡,三坝纳西族乡
533401,533401203,乡,洛吉乡
533401,533401205,乡,尼西乡
533401,533401206,乡,格咱乡
533401,533401207,乡,东旺乡
533401,533401208,乡,五境乡
533422,533422100,镇,升平镇
533422,533422101,镇,奔子栏镇
533422,533422102,镇,叶枝镇
533422,533422200,乡,佛山乡
533422,533422201,乡,云岭乡
533422,533422202,乡,燕门乡
533422,533422203,民族乡,拖顶傈僳族乡
533422,533422204,民族乡,霞若傈僳族乡
533422,533422206,乡,羊拉乡
533422,533422207,乡,巴迪乡
533423,533423100,镇,保和镇
533423,533423101,镇,塔城镇
533423,533423200,乡,永春乡
533423,533423201,乡,攀天阁乡
533423,533423202,乡,白济汛乡
533423,533423203,乡,康普乡
533423,533423207,乡,中路乡
533423,533423208,乡,维登乡
540102,540102002,街道,八廓街道
540102,540102003,街道,吉日街道
540102,540102004,街道,吉崩岗街道
540102,540102005,街道,扎细街道
540102,540102006,街道,功德林街道
540102,540102007,街道,嘎玛贡桑街道
540102,540102008,街道,两岛街道
540102,540102009,街道,金珠西路街道
540102,540102010,街道,蔡公堂街道
540102,540102011,街道,夺底街道
540102,540102012,街道,娘热街道
540102,540102013,街道,纳金街道
540102,540102014,街道,慈觉林街道
540102,540102015,街道,塔玛街道
540102,540102016,街道,八一街道
540103,540103001,街道,东嘎街道
540103,540103002,街道,乃琼街道
540103,540103003,街道,羊达街道
540103,540103004,街道,柳梧街道
540103,540103006,街道,热玛岗街道
540103,540103007,街道,加玛街道
540103,540103102,镇,古荣镇
540103,540103103,镇,马镇
540103,540103104,镇,德庆镇
540104,540104100,镇,德庆镇
540104,540104200,乡,塔杰乡
540104,540104201,乡,章多乡
540104,540104202,乡,唐嘎乡
540104,540104203,乡,雪乡
540104,540104204,乡,邦堆乡
540121,540121100,镇,甘丹曲果镇
540121,540121101,镇,强嘎镇
540121,540121102,镇,边交林镇
540121,540121103,镇,唐古镇
540121,540121200,乡,春堆乡
540121,540121201,乡,松盘乡
540121,540121204,乡,江热夏乡
540121,540121205,乡,卡孜乡
540121,540121206,乡,旁多乡
540121,540121208,乡,阿朗乡
540122,540122100,镇,当曲卡镇
540122,540122101,镇,羊八井镇
540122,540122102,镇,纳木湖镇
540122,540122200,乡,格达乡
540122,540122201,乡,宁中乡
540122,540122202,乡,公塘乡
540122,540122203,乡,龙仁乡
540122,540122204,乡,乌玛塘乡
540123,540123100,镇,塔荣镇
540123,540123101,镇,吞巴镇
540123,540123200,乡,麻江乡
540123,540123201,乡,普松乡
540123,540123202,乡,卡如乡
540123,540123203,乡,尼木乡
540123,540123204,乡,续迈乡
540123,540123205,乡,帕古乡
540124,540124100,镇,曲水镇
540124,540124101,镇,达嘎镇
540124,540124102,镇,才纳镇
540124,540124103,镇,聂当镇
540124,540124202,乡,南木乡
540124,540124204,乡,茶巴拉乡
540127,540127100,镇,工卡镇
540127,540127101,镇,甲玛镇
540127,540127200,乡,唐加乡
540127,540127202,乡,尼玛江热乡
540127,540127203,乡,日多乡
540127,540127204,乡,扎西岗乡
540127,540127205,乡,门巴乡
540127,540127206,乡,扎雪乡
540202,540202001,街道,城南街道
540202,540202002,街道,城北街道
540202,540202003,街道,城东街道
540202,540202004,街道,城西街道
540202,540202200,乡,曲布雄乡
540202,540202201,乡,曲美乡
540202,540202202,乡,聂日雄乡
540202,540202203,乡,甲措雄乡
540202,540202204,乡,纳尔乡
540202,540202205,乡,东嘎乡
540202,540202206,乡,边雄乡
540202,540202207,乡,江当乡
540202,540202208,乡,年木乡
540202,540202209,乡,联乡
540221,540221100,镇,南木林镇
540221,540221200,乡,达那乡
540221,540221201,乡,卡孜乡
540221,540221202,乡,多角乡
540221,540221203,乡,秋木乡
540221,540221204,乡,艾玛乡
540221,540221205,乡,土布加乡
540221,540221206,乡,查尔乡
540221,540221207,乡,索金乡
540221,540221208,乡,达孜乡
540221,540221209,乡,奴玛乡
540221,540221210,乡,热当乡
540221,540221211,乡,拉布普乡
540221,540221212,乡,普当乡
540221,540221213,乡,仁堆乡
540221,540221214,乡,芒热乡
540221,540221215,乡,甲措乡
540222,540222100,镇,江孜镇
540222,540222200,乡,纳如乡
540222,540222201,乡,卡麦乡
540222,540222202,乡,卡堆乡
540222,540222203,乡,藏改乡
540222,540222204,乡,日朗乡
540222,540222205,乡,达孜乡
540222,540222206,乡,热索乡
540222,540222207,乡,重孜乡
540222,540222208,乡,龙马乡
540222,540222209,乡,加克西乡
540222,540222210,乡,紫金乡
540222,540222211,乡,江热乡
540222,540222212,乡,年堆乡
540222,540222213,乡,康卓乡
540222,540222214,乡,金嘎乡
540222,540222215,乡,日星乡
540222,540222216,乡,车仁乡
540222,540222217,乡,热龙乡
540223,540223100,镇,协格尔镇
540223,540223101,镇,岗嘎镇
540223,540223102,镇,扎西宗镇
540223,540223103,镇,曲当镇
540223,540223104,镇,扎果镇
540223,540223105,镇,绒辖镇
540223,540223203,乡,措果乡
540223,540223204,乡,曲洛乡
540223,540223205,乡,长所乡
540223,540223206,乡,尼辖乡
540223,540223208,乡,克玛乡
540223,540223209,乡,盆吉乡
540223,540223210,乡,加措乡
540224,540224100,镇,萨迦镇
540224,540224101,镇,吉定镇
540224,540224200,乡,雄麦乡
540224,540224201,乡,麻布加乡
540224,540224202,乡,雄玛乡
540224,540224203,乡,扎西岗乡
540224,540224204,乡,扯休乡
540224,540224205,乡,赛乡
540224,540224206,乡,拉洛乡
540224,540224207,乡,查荣乡
540224,540224208,乡,木拉乡
540225,540225100,镇,曲下镇
540225,540225101,镇,拉孜镇
540225,540225200,乡,扎西宗乡
540225,540225201,乡,曲玛乡
540225,540225202,乡,彭措林乡
540225,540225203,乡,扎西岗乡
540225,540225204,乡,柳乡
540225,540225205,乡,热萨乡
540225,540225206,乡,锡钦乡
540225,540225207,乡,芒普乡
540225,540225208,乡,查务乡
540226,540226100,镇,卡嘎镇
540226,540226101,镇,桑桑镇
540226,540226200,乡,达若乡
540226,540226201,乡,贡久布乡
540226,540226202,乡,措迈乡
540226,540226203,乡,雄巴乡
540226,540226204,乡,查孜乡
540226,540226205,乡,阿木雄乡
540226,540226206,乡,如萨乡
540226,540226207,乡,孔隆乡
540226,540226208,乡,尼果乡
540226,540226209,乡,日吾其乡
540226,540226210,乡,多白乡
540226,540226211,乡,切热乡
540226,540226212,乡,秋窝乡
540226,540226213,乡,达居乡
540226,540226214,乡,亚木乡
540227,540227100,镇,卡嘎镇
540227,540227200,乡,达木夏乡
540227,540227201,乡,查布乡
540227,540227202,乡,春哲乡
540227,540227203,乡,则许乡
540227,540227204,乡,娘热乡
540227,540227205,乡,措布西乡
540227,540227206,乡,纳当乡
540227,540227207,乡,青都乡
540227,540227208,乡,切琼乡
540227,540227209,乡,美巴切勤乡
540227,540227210,乡,列巴乡
540227,540227211,乡,塔丁乡
540227,540227212,乡,荣玛乡
540227,540227213,乡,通门乡
540227,540227214,乡,达那普乡
540227,540227215,乡,达那答乡
540227,540227216,乡,南木切乡
540227,540227217,乡,仁钦则乡
540228,540228100,镇,洛江镇
540228,540228101,镇,嘎东镇
540228,540228200,乡,巴扎乡
540228,540228201,乡,玛乡
540228,540228202,乡,旺丹乡
540228,540228203,乡,曲奴乡
540228,540228204,乡,杜琼乡
540228,540228205,乡,强堆乡
540228,540228206,乡,嘎普乡
540228,540228207,乡,者下乡
540228,540228208,乡,东喜乡
540229,540229100,镇,德吉林镇
540229,540229200,乡,康雄乡
540229,540229201,乡,普松乡
540229,540229202,乡,帕当乡
540229,540229203,乡,然巴乡
540229,540229204,乡,查巴乡
540229,540229205,乡,切娃乡
540229,540229206,乡,姆乡
540229,540229207,乡,仁布乡
540230,540230100,镇,康马镇
540230,540230200,乡,南尼乡
540230,540230201,乡,少岗乡
540230,540230202,乡,康如乡
540230,540230203,乡,萨玛达乡
540230,540230204,乡,嘎拉乡
540230,540230205,乡,涅如堆乡
540230,540230206,乡,涅如麦乡
540230,540230207,乡,雄章乡
540231,540231100,镇,江嘎镇
540231,540231101,镇,陈塘镇
540231,540231102,镇,日屋镇
540231,540231201,乡,确布乡
540231,540231202,乡,定结乡
540231,540231203,乡,多布扎乡
540231,540231204,乡,扎西岗乡
540231,540231205,乡,琼孜乡
540231,540231206,乡,萨尔乡
540231,540231207,乡,郭加乡
540232,540232100,镇,帕羊镇
540232,540232101,镇,里孜镇
540232,540232200,乡,拉让乡
540232,540232201,乡,琼果乡
540232,540232202,乡,亚热乡
540232,540232203,乡,布多乡
540232,540232204,乡,偏吉乡
540232,540232205,乡,纳久乡
540232,540232206,乡,吉拉乡
540232,540232207,乡,霍尔巴乡
540232,540232208,乡,隆格尔乡
540232,540232209,乡,吉玛乡
540232,540232211,乡,帕江乡
540233,540233100,镇,下司马镇
540233,540233101,镇,帕里镇
540233,540233200,乡,下亚东乡
540233,540233201,乡,上亚东乡
540233,540233202,乡,康布乡
540233,540233203,乡,堆纳乡
540233,540233204,乡,吉汝乡
540234,540234100,镇,宗嘎镇
540234,540234101,镇,吉隆镇
540234,540234200,乡,差那乡
540234,540234201,乡,折巴乡
540234,540234202,乡,贡当乡
540234,540234203,乡,萨勒乡
540235,540235100,镇,聂拉木镇
540235,540235101,镇,樟木镇
540235,540235200,乡,亚来乡
540235,540235201,乡,琐作乡
540235,540235202,乡,乃龙乡
540235,540235203,乡,门布乡
540235,540235204,乡,波绒乡
540236,540236100,镇,加加镇
540236,540236200,乡,昌果乡
540236,540236201,乡,雄如乡
540236,540236202,乡,拉藏乡
540236,540236203,乡,如角乡
540236,540236204,乡,达吉岭乡
540236,540236205,乡,旦嘎乡
540236,540236206,乡,夏如乡
540237,540237100,镇,岗巴镇
540237,540237200,乡,昌龙乡
540237,540237201,乡,直克乡
540237,540237202,乡,孔玛乡
540237,540237203,乡,龙中乡
540302,540302001,街道,四川桥街道
540302,540302002,街道,玛塘街道
540302,540302003,街道,马草坝街道
540302,540302100,镇,城关镇
540302,540302101,镇,俄洛镇
540302,540302102,镇,卡若镇
540302,540302200,乡,芒达乡
540302,540302201,乡,约巴乡
540302,540302202,乡,妥坝乡
540302,540302203,乡,拉多乡
540302,540302204,乡,面达乡
540302,540302205,乡,嘎玛乡
540302,540302206,乡,柴维乡
540302,540302207,乡,日通乡
540302,540302208,乡,如意乡
540302,540302209,乡,埃西乡
540302,540302210,乡,若巴乡
540302,540302211,乡,沙贡乡
540321,540321100,镇,江达镇
540321,540321101,镇,岗托镇
540321,540321200,乡,卡贡乡
540321,540321201,乡,岩比乡
540321,540321202,乡,邓柯乡
540321,540321203,乡,生达乡
540321,540321204,乡,娘西乡
540321,540321205,乡,字呷乡
540321,540321206,乡,青泥洞乡
540321,540321207,乡,汪布顶乡
540321,540321208,乡,德登乡
540321,540321209,乡,同普乡
540321,540321210,乡,波罗乡
540322,540322100,镇,莫洛镇
540322,540322200,乡,相皮乡
540322,540322201,乡,哈加乡
540322,540322202,乡,雄松乡
540322,540322203,乡,拉妥乡
540322,540322204,乡,阿旺乡
540322,540322205,乡,木协乡
540322,540322206,乡,罗麦乡
540322,540322207,乡,沙东乡
540322,540322208,乡,克日乡
540322,540322209,乡,则巴乡
540322,540322210,乡,敏都乡
540323,540323100,镇,类乌齐镇
540323,540323101,镇,桑多镇
540323,540323200,乡,加桑卡乡
540323,540323201,乡,长毛岭乡
540323,540323202,乡,岗色乡
540323,540323203,乡,吉多乡
540323,540323204,乡,滨达乡
540323,540323205,乡,卡玛多乡
540323,540323206,乡,尚卡乡
540323,540323207,乡,伊日乡
540324,540324100,镇,丁青镇
540324,540324101,镇,尺犊镇
540324,540324200,乡,觉恩乡
540324,540324201,乡,沙贡乡
540324,540324202,乡,当堆乡
540324,540324203,乡,桑多乡
540324,540324204,乡,木塔乡
540324,540324205,乡,布塔乡
540324,540324206,乡,巴达乡
540324,540324207,乡,甘岩乡
540324,540324208,乡,嘎塔乡
540324,540324209,乡,色扎乡
540324,540324210,乡,协雄乡
540325,540325100,镇,烟多镇
540325,540325101,镇,香堆镇
540325,540325102,镇,吉塘镇
540325,540325200,乡,宗沙乡
540325,540325201,乡,卡贡乡
540325,540325202,乡,荣周乡
540325,540325203,乡,巴日乡
540325,540325204,乡,阿孜乡
540325,540325205,乡,王卡乡
540325,540325206,乡,新卡乡
540325,540325207,乡,肯通乡
540325,540325208,乡,扩达乡
540325,540325209,乡,察拉乡
540326,540326100,镇,白玛镇
540326,540326101,镇,帮达镇
540326,540326102,镇,然乌镇
540326,540326103,镇,同卡镇
540326,540326202,乡,郭庆乡
540326,540326203,乡,拉根乡
540326,540326204,乡,益庆乡
540326,540326205,乡,吉中乡
540326,540326206,乡,卡瓦白庆乡
540326,540326207,乡,吉达乡
540326,540326208,乡,夏里乡
540326,540326209,乡,拥巴乡
540326,540326210,乡,瓦乡
540326,540326211,乡,林卡乡
540327,540327100,镇,旺达镇
540327,540327101,镇,田妥镇
540327,540327102,镇,扎玉镇
540327,540327203,乡,东坝乡
540327,540327204,乡,仁果乡
540327,540327207,乡,绕金乡
540327,540327208,乡,碧土乡
540327,540327210,乡,美玉乡
540327,540327211,乡,中林卡乡
540327,540327212,乡,下林卡乡
540328,540328100,镇,嘎托镇
540328,540328101,镇,如美镇
540328,540328200,乡,索多西乡
540328,540328201,乡,莽岭乡
540328,540328202,乡,宗西乡
540328,540328203,乡,昂多乡
540328,540328204,乡,措瓦乡
540328,540328205,乡,洛尼乡
540328,540328206,乡,戈波乡
540328,540328207,乡,帮达乡
540328,540328208,乡,徐中乡
540328,540328209,乡,曲登乡
540328,540328210,乡,木许乡
540328,540328211,民族乡,纳西民族乡
540328,540328212,乡,朱巴龙乡
540328,540328213,乡,曲孜卡乡
540329,540329100,镇,孜托镇
540329,540329101,镇,硕督镇
540329,540329111,镇,康沙镇
540329,540329112,镇,马利镇
540329,540329200,乡,达龙乡
540329,540329201,乡,新荣乡
540329,540329202,乡,白达乡
540329,540329203,乡,玉西乡
540329,540329204,乡,腊久乡
540329,540329205,乡,俄西乡
540329,540329206,乡,中亦乡
540330,540330100,镇,边坝镇
540330,540330101,镇,草卡镇
540330,540330201,乡,沙丁乡
540330,540330202,乡,金岭乡
540330,540330203,乡,加贡乡
540330,540330204,乡,马武乡
540330,540330205,乡,热玉乡
540330,540330206,乡,尼木乡
540330,540330207,乡,马秀乡
540330,540330208,乡,拉孜乡
540330,540330209,乡,都瓦乡
540402,540402001,街道,白玛岗街道
540402,540402002,街道,觉木街道
540402,540402100,镇,林芝镇
540402,540402101,镇,百巴镇
540402,540402102,镇,八一镇
540402,540402103,镇,鲁朗镇
540402,540402200,民族乡,更章门巴民族乡
540402,540402202,乡,布久乡
540402,540402203,乡,米瑞乡
540421,540421100,镇,工布江达镇
540421,540421101,镇,金达镇
540421,540421102,镇,巴河镇
540421,540421200,乡,朱拉乡
540421,540421201,乡,错高乡
540421,540421202,乡,仲萨乡
540421,540421203,乡,江达乡
540421,540421204,乡,娘蒲乡
540421,540421205,乡,加兴乡
540423,540423100,镇,墨脱镇
540423,540423200,乡,加热萨乡
540423,540423201,乡,甘登乡
540423,540423202,民族乡,达木珞巴民族乡
540423,540423203,乡,帮辛乡
540423,540423204,乡,格当乡
540423,540423205,乡,德兴乡
540423,540423206,乡,背崩乡
540424,540424100,镇,扎木镇
540424,540424101,镇,倾多镇
540424,540424102,镇,松宗镇
540424,540424200,乡,易贡乡
540424,540424201,乡,玉普乡
540424,540424202,乡,康玉乡
540424,540424203,乡,多吉乡
540424,540424204,乡,玉许乡
540424,540424205,乡,八盖乡
540424,540424207,乡,古乡
540425,540425100,镇,竹瓦根镇
540425,540425101,镇,上察隅镇
540425,540425102,镇,下察隅镇
540425,540425200,乡,察瓦龙乡
540425,540425201,乡,古拉乡
540425,540425202,乡,古玉乡
540426,540426100,镇,朗镇
540426,540426101,镇,仲达镇
540426,540426102,镇,洞嘎镇
540426,540426200,乡,拉多乡
540426,540426201,乡,金东乡
540426,540426202,乡,登木乡
540481,540481100,镇,米林镇
540481,540481101,镇,派镇
540481,540481102,镇,卧龙镇
540481,540481200,乡,丹娘乡
540481,540481201,民族乡,南伊珞巴民族乡
540481,540481202,乡,扎西绕登乡
540481,540481203,乡,里龙乡
540481,540481204,乡,羌纳乡
540502,540502001,街道,泽当街道
540502,540502002,街道,乃东街道
540502,540502003,街道,结莎街道
540502,540502101,镇,昌珠镇
540502,540502200,乡,亚堆乡
540502,540502201,乡,索珠乡
540502,540502202,乡,多颇章乡
540502,540502203,乡,结巴乡
540502,540502204,乡,颇章乡
540521,540521100,镇,扎塘镇
540521,540521101,镇,桑耶镇
540521,540521200,乡,扎其乡
540521,540521201,乡,阿扎乡
540521,540521202,乡,吉汝乡
540522,540522100,镇,吉雄镇
540522,540522101,镇,甲竹林镇
540522,540522102,镇,杰德秀镇
540522,540522103,镇,岗堆镇
540522,540522104,镇,江塘镇
540522,540522200,乡,朗杰学乡
540522,540522201,乡,昌果乡
540522,540522205,乡,东拉乡
540522,540522206,乡,克西乡
540523,540523100,镇,桑日镇
540523,540523200,乡,增期乡
540523,540523201,乡,白堆乡
540523,540523202,乡,绒乡
540524,540524100,镇,琼结镇
540524,540524200,乡,加麻乡
540524,540524201,乡,下水乡
540524,540524202,乡,拉玉乡
540525,540525100,镇,曲松镇
540525,540525101,镇,罗布沙镇
540525,540525200,乡,下江乡
540525,540525201,乡,邱多江乡
540525,540525202,乡,堆随乡
540526,540526100,镇,措美镇
540526,540526101,镇,哲古镇
540526,540526200,乡,乃西乡
540526,540526201,乡,古堆乡
540527,540527100,镇,洛扎镇
540527,540527101,镇,拉康镇
540527,540527201,乡,扎日乡
540527,540527202,乡,色乡
540527,540527203,乡,生格乡
540527,540527204,乡,边巴乡
540527,540527205,乡,拉郊乡
540528,540528100,镇,加查镇
540528,540528101,镇,安绕镇
540528,540528200,乡,拉绥乡
540528,540528201,乡,崔久乡
540528,540528202,乡,坝乡
540528,540528203,乡,冷达乡
540528,540528204,乡,洛林乡
540529,540529100,镇,隆子镇
540529,540529101,镇,日当镇
540529,540529200,乡,列麦乡
540529,540529201,乡,热荣乡
540529,540529202,乡,三安曲林乡
540529,540529203,乡,准巴乡
540529,540529204,乡,雪萨乡
540529,540529205,乡,扎日乡
540529,540529206,乡,玉麦乡
540529,540529207,乡,加玉乡
540529,540529208,民族乡,斗玉珞巴民族乡
540531,540531100,镇,浪卡子镇
540531,540531101,镇,打隆镇
540531,540531200,乡,张达乡
540531,540531201,乡,伦布雪乡
540531,540531202,乡,多却乡
540531,540531203,乡,普玛江塘乡
540531,540531204,乡,阿扎乡
540531,540531205,乡,卡龙乡
540531,540531206,乡,白地乡
540531,540531207,乡,卡热乡
540581,540581100,镇,错那镇
540581,540581200,乡,卡达乡
540581,540581201,乡,觉拉乡
540581,540581202,乡,浪坡乡
540581,540581203,乡,曲卓木乡
540581,540581204,乡,库局乡
540581,540581205,民族乡,麻麻门巴民族乡
540581,540581206,民族乡,贡日门巴民族乡
540581,540581207,民族乡,吉巴门巴民族乡
540581,540581208,民族乡,勒门巴民族乡
540602,540602001,街道,黑河街道
540602,540602002,街道,团结街道
540602,540602003,街道,幸福街道
540602,540602004,街道,红旗街道
540602,540602005,街道,羌塘街道
540602,540602100,镇,那曲镇
540602,540602101,镇,罗玛镇
540602,540602102,镇,古露镇
540602,540602200,乡,达萨乡
540602,540602202,乡,油恰乡
540602,540602203,乡,香茂乡
540602,540602205,乡,那玛切乡
540602,540602209,乡,达前乡
540602,540602210,乡,洛麦乡
540602,540602211,乡,孔玛乡
540602,540602213,乡,尼玛乡
540602,540602217,乡,色雄乡
540621,540621100,镇,阿扎镇
540621,540621101,镇,嘉黎镇
540621,540621201,乡,尼屋乡
540621,540621202,乡,藏比乡
540621,540621203,乡,措多乡
540621,540621204,乡,夏玛乡
540621,540621206,乡,林堤乡
540621,540621207,乡,麦地卡乡
540621,540621209,乡,绒多乡
540621,540621210,乡,鸽群乡
540622,540622100,镇,比如镇
540622,540622101,镇,夏曲镇
540622,540622201,乡,白嘎乡
540622,540622202,乡,达塘乡
540622,540622203,乡,恰则乡
540622,540622204,乡,扎拉乡
540622,540622207,乡,羊秀乡
540622,540622208,乡,香曲乡
540622,540622209,乡,良曲乡
540622,540622210,乡,茶曲乡
540623,540623100,镇,聂荣镇
540623,540623201,乡,尼玛乡
540623,540623203,乡,色庆乡
540623,540623205,乡,桑荣乡
540623,540623206,乡,下曲乡
540623,540623207,乡,白雄乡
540623,540623208,乡,索雄乡
540623,540623210,乡,当木江乡
540623,540623211,乡,查当乡
540623,540623212,乡,永曲乡
540624,540624100,镇,帕那镇
540624,540624101,镇,强玛镇
540624,540624102,镇,扎仁镇
540624,540624103,镇,雁石坪镇
540624,540624201,乡,多玛乡
540624,540624202,乡,玛曲乡
540624,540624205,乡,滩堆乡
540624,540624207,乡,帮麦乡
540624,540624209,乡,玛荣乡
540624,540624210,乡,扎曲乡
540624,540624211,乡,色务乡
540624,540624212,乡,措玛乡
540624,540624213,乡,岗尼乡
540625,540625100,镇,申扎镇
540625,540625101,镇,雄梅镇
540625,540625201,乡,下过乡
540625,540625202,乡,恰乡
540625,540625203,乡,巴扎乡
540625,540625204,乡,塔尔玛乡
540625,540625206,乡,买巴乡
540625,540625207,乡,马跃乡
540626,540626100,镇,亚拉镇
540626,540626101,镇,荣布镇
540626,540626201,乡,若达乡
540626,540626202,乡,加勤乡
540626,540626203,乡,赤多乡
540626,540626205,乡,西昌乡
540626,540626206,乡,江达乡
540626,540626208,乡,热瓦乡
540626,540626209,乡,嘎美乡
540626,540626210,乡,嘎木乡
540627,540627100,镇,普保镇
540627,540627101,镇,北拉镇
540627,540627102,镇,德庆镇
540627,540627103,镇,佳琼镇
540627,540627205,乡,尼玛乡
540627,540627207,乡,保吉乡
540627,540627209,乡,青龙乡
540627,540627211,乡,马前乡
540627,540627215,乡,门当乡
540627,540627216,乡,新吉乡
540628,540628100,镇,拉西镇
540628,540628101,镇,杂色镇
540628,540628102,镇,雅安镇
540628,540628201,乡,江绵乡
540628,540628202,乡,玛如乡
540628,540628204,乡,阿秀乡
540628,540628205,乡,贡日乡
540628,540628206,乡,岗切乡
540628,540628210,乡,巴青乡
540628,540628211,乡,本塔乡
540629,540629100,镇,尼玛镇
540629,540629201,乡,卓尼乡
540629,540629202,乡,达果乡
540629,540629203,乡,阿索乡
540629,540629204,乡,荣玛乡
540629,540629205,乡,中仓乡
540629,540629206,乡,来多乡
540629,540629207,乡,申亚乡
540629,540629208,乡,卓瓦乡
540629,540629209,乡,俄久乡
540629,540629210,乡,文部乡
540629,540629211,乡,甲谷乡
540629,540629212,乡,军仓乡
540629,540629213,乡,吉瓦乡
540630,540630101,镇,措折罗玛镇
540630,540630200,乡,协德乡
540630,540630201,乡,雅曲乡
540630,540630202,乡,嘎措乡
540630,540630203,乡,措折强玛乡
540630,540630204,乡,多玛乡
540630,540630205,乡,巴岭乡
542521,542521100,镇,普兰镇
542521,542521101,镇,巴嘎镇
542521,542521102,镇,霍尔镇
542522,542522100,镇,托林镇
542522,542522200,乡,萨让乡
542522,542522201,乡,达巴乡
542522,542522202,乡,底雅乡
542522,542522203,乡,香孜乡
542522,542522204,乡,曲松乡
542522,542522205,乡,楚鲁松杰乡
542523,542523100,镇,狮泉河镇
542523,542523200,乡,昆莎乡
542523,542523201,乡,左左乡
542523,542523202,乡,门士乡
542523,542523203,乡,扎西岗乡
542524,542524100,镇,日土镇
542524,542524200,乡,多玛乡
542524,542524201,乡,东汝乡
542524,542524202,乡,热帮乡
542524,542524203,乡,日松乡
542525,542525100,镇,革吉镇
542525,542525200,乡,雄巴乡
542525,542525201,乡,亚热乡
542525,542525202,乡,擦咔乡
542525,542525203,乡,文布当桑乡
542526,542526100,镇,改则镇
542526,542526200,乡,物玛乡
542526,542526201,乡,先遣乡
542526,542526202,乡,麻米乡
542526,542526203,乡,洞措乡
542526,542526204,乡,古姆乡
542526,542526205,乡,察布乡
542527,542527100,镇,措勤镇
542527,542527200,乡,磁石乡
542527,542527201,乡,曲洛乡
542527,542527202,乡,江让乡
542527,542527203,乡,达雄乡
610102,610102001,街道,西一路街道
610102,610102002,街道,长乐中路街道
610102,610102003,街道,中山门街道
610102,610102004,街道,韩森寨街道
610102,610102005,街道,解放门街道
610102,610102006,街道,自强路街道
610102,610102007,街道,太华路街道
610102,610102008,街道,长乐西路街道
610102,610102009,街道,胡家庙街道
610103,610103001,街道,南院门街道
610103,610103002,街道,柏树林街道
610103,610103003,街道,长乐坊街道
610103,610103004,街道,东关南街街道
610103,610103005,街道,太乙路街道
610103,610103006,街道,文艺路街道
610103,610103007,街道,长安路街道
610103,610103008,街道,张家村街道
610104,610104001,街道,青年路街道
610104,610104002,街道,北院门街道
610104,610104003,街道,北关街道
610104,610104004,街道,红庙坡街道
610104,610104005,街道,环城西路街道
610104,610104006,街道,西关街道
610104,610104007,街道,土门街道
610104,610104008,街道,桃园路街道
610104,610104009,街道,枣园街道
610111,610111001,街道,纺织城街道
610111,610111002,街道,十里铺街道
610111,610111003,街道,红旗街道
610111,610111004,街道,席王街道
610111,610111005,街道,洪庆街道
610111,610111006,街道,狄寨街道
610111,610111007,街道,灞桥街道
610111,610111008,街道,新筑街道
610111,610111009,街道,新合街道
610112,610112001,街道,张家堡街道
610112,610112002,街道,三桥街道
610112,610112003,街道,辛家庙街道
610112,610112004,街道,徐家湾街道
610112,610112005,街道,大明宫街道
610112,610112006,街道,谭家街道
610112,610112007,街道,草滩街道
610112,610112008,街道,六村堡街道
610112,610112009,街道,未央宫街道
610112,610112010,街道,汉城街道
610112,610112011,街道,建章路街道
610112,610112012,街道,未央湖街道
610113,610113001,街道,小寨路街道
610113,610113002,街道,大雁塔街道
610113,610113003,街道,长延堡街道
610113,610113004,街道,电子城街道
610113,610113005,街道,等驾坡街道
610113,610113006,街道,鱼化寨街道
610113,610113007,街道,丈八街道
610113,610113008,街道,曲江街道
610113,610113009,街道,杜城街道
610113,610113010,街道,漳浒寨街道
610114,610114001,街道,凤凰路街道
610114,610114002,街道,新华路街道
610114,610114003,街道,振兴街道
610114,610114004,街道,新兴街道
610114,610114005,街道,北屯街道
610114,610114006,街道,武屯街道
610114,610114007,街道,关山街道
610115,610115001,街道,骊山街道
610115,610115002,街道,秦陵街道
610115,610115003,街道,新丰街道
610115,610115004,街道,代王街道
610115,610115005,街道,斜口街道
610115,610115006,街道,行者街道
610115,610115007,街道,马额街道
610115,610115008,街道,零口街道
610115,610115009,街道,雨金街道
610115,610115010,街道,栎阳街道
610115,610115011,街道,相桥街道
610115,610115012,街道,徐杨街道
610115,610115013,街道,西泉街道
610115,610115014,街道,新市街道
610115,610115015,街道,交口街道
610115,610115016,街道,北田街道
610115,610115017,街道,油槐街道
610115,610115018,街道,何寨街道
610115,610115019,街道,铁炉街道
610115,610115020,街道,任留街道
610115,610115021,街道,穆寨街道
610115,610115022,街道,小金街道
610115,610115023,街道,仁宗街道
610116,610116001,街道,韦曲街道
610116,610116002,街道,郭杜街道
610116,610116003,街道,马王街道
610116,610116004,街道,滦镇街道
610116,610116005,街道,子午街道
610116,610116006,街道,太乙宫街道
610116,610116007,街道,引镇街道
610116,610116008,街道,斗门街道
610116,610116009,街道,王寺街道
610116,610116010,街道,东大街道
610116,610116011,街道,王曲街道
610116,610116012,街道,杜曲街道
610116,610116013,街道,鸣犊街道
610116,610116014,街道,细柳街道
610116,610116015,街道,黄良街道
610116,610116016,街道,兴隆街道
610116,610116017,街道,大兆街道
610116,610116018,街道,高桥街道
610116,610116019,街道,五台街道
610116,610116020,街道,王莽街道
610116,610116021,街道,灵沼街道
610116,610116022,街道,五星街道
610116,610116023,街道,杨庄街道
610116,610116024,街道,砲里街道
610116,610116025,街道,魏寨街道
610117,610117001,街道,鹿苑街道
610117,610117002,街道,泾渭街道
610117,610117003,街道,崇皇街道
610117,610117004,街道,姬家街道
610117,610117005,街道,通远街道
610117,610117006,街道,耿镇街道
610117,610117007,街道,张卜街道
610117,610117603,镇,榆楚镇
610118,610118001,街道,甘亭街道
610118,610118002,街道,余下街道
610118,610118003,街道,五竹街道
610118,610118004,街道,玉蝉街道
610118,610118005,街道,秦渡街道
610118,610118006,街道,草堂街道
610118,610118007,街道,庞光街道
610118,610118008,街道,大王街道
610118,610118009,街道,祖庵街道
610118,610118010,街道,渭丰街道
610118,610118011,街道,涝店街道
610118,610118012,街道,甘河街道
610118,610118013,街道,蒋村街道
610118,610118014,街道,石井街道
610118,610118613,镇,天桥镇
610122,610122001,街道,蓝关街道
610122,610122101,镇,洩湖镇
610122,610122102,镇,华胥镇
610122,610122103,镇,前卫镇
610122,610122104,镇,汤峪镇
610122,610122105,镇,焦岱镇
610122,610122106,镇,玉山镇
610122,610122107,镇,三里镇
610122,610122108,镇,普化镇
610122,610122109,镇,葛牌镇
610122,610122111,镇,蓝桥镇
610122,610122112,镇,辋川镇
610122,610122113,镇,灞源镇
610122,610122114,镇,孟村镇
610122,610122115,镇,安村镇
610122,610122117,镇,小寨镇
610122,610122118,镇,三官庙镇
610122,610122120,镇,九间房镇
610122,610122121,镇,厚镇
610124,610124001,街道,二曲街道
610124,610124101,镇,哑柏镇
610124,610124102,镇,终南镇
610124,610124103,镇,马召镇
610124,610124104,镇,集贤镇
610124,610124105,镇,楼观镇
610124,610124106,镇,尚村镇
610124,610124107,镇,广济镇
610124,610124108,镇,厚畛子镇
610124,610124109,镇,四屯镇
610124,610124111,镇,竹峪镇
610124,610124112,镇,青化镇
610124,610124113,镇,翠峰镇
610124,610124114,镇,九峰镇
610124,610124115,镇,富仁镇
610124,610124116,镇,司竹镇
610124,610124118,镇,骆峪镇
610124,610124119,镇,陈河镇
610124,610124120,镇,板房子镇
610124,610124121,镇,王家河镇
610202,610202001,街道,七一路街道
610202,610202002,街道,红旗街街道
610202,610202003,街道,桃园街道
610202,610202004,街道,青年路街道
610202,610202005,街道,王家河街道
610202,610202006,街道,王益街道
610202,610202100,镇,黄堡镇
610203,610203001,街道,城关街道
610203,610203002,街道,三里洞街道
610203,610203003,街道,王石凹街道
610203,610203004,街道,印台街道
610203,610203100,镇,陈炉镇
610203,610203101,镇,红土镇
610203,610203102,镇,广阳镇
610203,610203104,镇,金锁关镇
610203,610203106,镇,阿庄镇
610204,610204001,街道,天宝路街道
610204,610204002,街道,永安路街道
610204,610204003,街道,咸丰路街道
610204,610204004,街道,正阳路街道
610204,610204005,街道,锦阳路街道
610204,610204006,街道,坡头街道
610204,610204101,镇,董家河镇
610204,610204102,镇,庙湾镇
610204,610204103,镇,瑶曲镇
610204,610204104,镇,照金镇
610204,610204107,镇,小丘镇
610204,610204108,镇,孙塬镇
610204,610204109,镇,关庄镇
610204,610204113,镇,石柱镇
610222,610222001,街道,宜阳街道
610222,610222101,镇,彭镇
610222,610222102,镇,五里镇
610222,610222103,镇,太安镇
610222,610222104,镇,棋盘镇
610222,610222105,镇,尧生镇
610222,610222106,镇,哭泉镇
610222,610222201,乡,云梦乡
610302,610302001,街道,金陵街道
610302,610302002,街道,经二路街道
610302,610302003,街道,清姜街道
610302,610302004,街道,姜谭路街道
610302,610302005,街道,桥南街道
610302,610302100,镇,马营镇
610302,610302101,镇,石鼓镇
610302,610302102,镇,神农镇
610302,610302103,镇,高家镇
610302,610302105,镇,八鱼镇
610303,610303001,街道,中山东路街道
610303,610303002,街道,西关街道
610303,610303003,街道,中山西路街道
610303,610303004,街道,群众路街道
610303,610303006,街道,东风路街道
610303,610303007,街道,十里铺街道
610303,610303008,街道,卧龙寺街道
610303,610303100,镇,陈仓镇
610303,610303101,镇,蟠龙镇
610303,610303102,镇,金河镇
610303,610303103,镇,硖石镇
610304,610304001,街道,虢镇街道
610304,610304002,街道,东关街道
610304,610304003,街道,千渭街道
610304,610304101,镇,阳平镇
610304,610304102,镇,千河镇
610304,610304103,镇,磻溪镇
610304,610304104,镇,天王镇
610304,610304105,镇,慕仪镇
610304,610304106,镇,周原镇
610304,610304107,镇,贾村镇
610304,610304109,镇,县功镇
610304,610304110,镇,新街镇
610304,610304111,镇,坪头镇
610304,610304112,镇,香泉镇
610304,610304113,镇,赤沙镇
610304,610304114,镇,拓石镇
610304,610304115,镇,凤阁岭镇
610304,610304116,镇,钓渭镇
610305,610305100,镇,城关镇
610305,610305101,镇,虢王镇
610305,610305102,镇,彪角镇
610305,610305103,镇,横水镇
610305,610305104,镇,田家庄镇
610305,610305105,镇,糜杆桥镇
610305,610305107,镇,南指挥镇
610305,610305108,镇,陈村镇
610305,610305109,镇,长青镇
610305,610305110,镇,柳林镇
610305,610305111,镇,姚家沟镇
610305,610305112,镇,范家寨镇
610323,610323103,镇,益店镇
610323,610323104,镇,蒲村镇
610323,610323106,镇,青化镇
610323,610323107,镇,枣林镇
610323,610323108,镇,雍川镇
610323,610323111,镇,凤鸣镇
610323,610323112,镇,蔡家坡镇
610323,610323113,镇,京当镇
610323,610323114,镇,故郡镇
610324,610324001,街道,城关街道
610324,610324101,镇,天度镇
610324,610324102,镇,午井镇
610324,610324103,镇,绛帐镇
610324,610324104,镇,段家镇
610324,610324105,镇,杏林镇
610324,610324106,镇,召公镇
610324,610324107,镇,法门镇
610326,610326001,街道,首善街道
610326,610326101,镇,横渠镇
610326,610326102,镇,槐芽镇
610326,610326103,镇,汤峪镇
610326,610326104,镇,常兴镇
610326,610326105,镇,金渠镇
610326,610326106,镇,营头镇
610326,610326107,镇,齐镇
610327,610327100,镇,城关镇
610327,610327101,镇,东风镇
610327,610327102,镇,八渡镇
610327,610327106,镇,温水镇
610327,610327107,镇,天成镇
610327,610327108,镇,曹家湾镇
610327,610327109,镇,固关镇
610327,610327111,镇,东南镇
610327,610327112,镇,河北镇
610327,610327114,镇,新集川镇
610328,610328100,镇,城关镇
610328,610328101,镇,崔家头镇
610328,610328102,镇,南寨镇
610328,610328103,镇,张家塬镇
610328,610328104,镇,水沟镇
610328,610328105,镇,草碧镇
610328,610328107,镇,高崖镇
610329,610329100,镇,九成宫镇
610329,610329101,镇,崔木镇
610329,610329102,镇,招贤镇
610329,610329103,镇,两亭镇
610329,610329104,镇,常丰镇
610329,610329105,镇,丈八镇
610329,610329106,镇,酒房镇
610330,610330100,镇,双石铺镇
610330,610330101,镇,凤州镇
610330,610330102,镇,黄牛铺镇
610330,610330103,镇,红花铺镇
610330,610330104,镇,河口镇
610330,610330105,镇,唐藏镇
610330,610330106,镇,平木镇
610330,610330107,镇,坪坎镇
610330,610330111,镇,留凤关镇
610331,610331100,镇,嘴头镇
610331,610331101,镇,桃川镇
610331,610331103,镇,靖口镇
610331,610331104,镇,太白河镇
610331,610331105,镇,鹦鸽镇
610331,610331106,镇,王家堎镇
610331,610331107,镇,黄柏塬镇
610402,610402001,街道,人民路街道
610402,610402002,街道,西兰路街道
610402,610402003,街道,吴家堡街道
610402,610402004,街道,渭阳西路街道
610402,610402005,街道,陈杨寨街道
610402,610402006,街道,古渡街道
610402,610402007,街道,上林街道
610402,610402008,街道,钓台街道
610402,610402009,街道,马泉街道
610402,610402010,街道,渭滨街道
610402,610402011,街道,双照街道
610402,610402012,街道,马庄街道
610403,610403001,街道,杨陵街道
610403,610403002,街道,李台街道
610403,610403003,街道,大寨街道
610403,610403100,镇,五泉镇
610403,610403102,镇,揉谷镇
610404,610404001,街道,中山街街道
610404,610404002,街道,文汇路街道
610404,610404003,街道,新兴路街道
610404,610404004,街道,渭阳街道
610404,610404005,街道,渭城街道
610404,610404006,街道,窑店街道
610404,610404007,街道,正阳街道
610404,610404008,街道,周陵街道
610404,610404009,街道,底张街道
610404,610404010,街道,北杜街道
610422,610422001,街道,城关街道
610422,610422102,镇,陂西镇
610422,610422103,镇,独李镇
610422,610422104,镇,大程镇
610422,610422105,镇,西阳镇
610422,610422106,镇,鲁桥镇
610422,610422107,镇,陵前镇
610422,610422109,镇,新兴镇
610422,610422110,镇,嵯峨镇
610422,610422111,镇,渠岸镇
610422,610422601,镇,安乐镇
610423,610423001,街道,泾干街道
610423,610423101,镇,永乐镇
610423,610423102,镇,云阳镇
610423,610423103,镇,桥底镇
610423,610423104,镇,王桥镇
610423,610423105,镇,口镇
610423,610423107,镇,三渠镇
610423,610423108,镇,高庄镇
610423,610423111,镇,太平镇
610423,610423112,镇,崇文镇
610423,610423114,镇,安吴镇
610423,610423115,镇,中张镇
610423,610423116,镇,兴隆镇
610424,610424001,街道,城关街道
610424,610424101,镇,薛录镇
610424,610424102,镇,梁村镇
610424,610424103,镇,临平镇
610424,610424104,镇,姜村镇
610424,610424105,镇,王村镇
610424,610424106,镇,马连镇
610424,610424107,镇,阳峪镇
610424,610424108,镇,峰阳镇
610424,610424109,镇,注泔镇
610424,610424110,镇,灵源镇
610424,610424111,镇,阳洪镇
610424,610424112,镇,梁山镇
610424,610424113,镇,周城镇
610424,610424114,镇,新阳镇
610424,610424115,镇,大杨镇
610425,610425001,街道,城关街道
610425,610425101,镇,史德镇
610425,610425102,镇,西张堡镇
610425,610425103,镇,阡东镇
610425,610425104,镇,烽火镇
610425,610425105,镇,烟霞镇
610425,610425106,镇,赵镇
610425,610425107,镇,昭陵镇
610425,610425108,镇,叱干镇
610425,610425109,镇,南坊镇
610425,610425110,镇,石潭镇
610425,610425111,镇,骏马镇
610426,610426001,街道,监军街道
610426,610426101,镇,店头镇
610426,610426102,镇,常宁镇
610426,610426104,镇,甘井镇
610426,610426105,镇,马坊镇
610426,610426107,镇,渠子镇
610426,610426110,镇,永平镇
610426,610426603,镇,仪井镇
610426,610426606,镇,窦家镇
610426,610426608,镇,御驾宫镇
610426,610426609,镇,永太镇
610428,610428001,街道,昭仁街道
610428,610428101,镇,相公镇
610428,610428102,镇,巨家镇
610428,610428103,镇,丁家镇
610428,610428104,镇,洪家镇
610428,610428105,镇,亭口镇
610428,610428106,镇,彭公镇
610428,610428108,镇,枣园镇
610428,610428607,镇,地掌镇
610429,610429001,街道,城关街道
610429,610429101,镇,土桥镇
610429,610429102,镇,职田镇
610429,610429103,镇,张洪镇
610429,610429104,镇,太村镇
610429,610429105,镇,郑家镇
610429,610429106,镇,湫坡头镇
610429,610429107,镇,底庙镇
610429,610429109,镇,马栏镇
610429,610429110,镇,清塬镇
610429,610429608,镇,丈八寺镇
610430,610430001,街道,城关街道
610430,610430101,镇,官庄镇
610430,610430103,镇,方里镇
610430,610430104,镇,润镇
610430,610430105,镇,车坞镇
610430,610430106,镇,铁王镇
610430,610430107,镇,石桥镇
610430,610430109,镇,十里塬镇
610430,610430602,镇,马家镇
610430,610430608,镇,胡家庙镇
610430,610430610,镇,卜家镇
610430,610430611,镇,固贤镇
610431,610431001,街道,普集街道
610431,610431101,镇,苏坊镇
610431,610431102,镇,武功镇
610431,610431103,镇,游凤镇
610431,610431104,镇,贞元镇
610431,610431105,镇,长宁镇
610431,610431106,镇,小村镇
610431,610431107,镇,大庄镇
610481,610481001,街道,东城街道
610481,610481002,街道,西城街道
610481,610481003,街道,店张街道
610481,610481004,街道,马嵬街道
610481,610481005,街道,西吴街道
610481,610481101,镇,赵村镇
610481,610481102,镇,桑镇
610481,610481104,镇,南市镇
610481,610481105,镇,庄头镇
610481,610481106,镇,南位镇
610481,610481107,镇,汤坊镇
610481,610481108,镇,丰仪镇
610481,610481109,镇,阜寨镇
610482,610482001,街道,城关街道
610482,610482002,街道,豳风街道
610482,610482100,镇,北极镇
610482,610482101,镇,新民镇
610482,610482102,镇,龙高镇
610482,610482103,镇,永乐镇
610482,610482104,镇,义门镇
610482,610482105,镇,水口镇
610482,610482106,镇,韩家镇
610482,610482107,镇,太峪镇
610502,610502001,街道,杜桥街道
610502,610502002,街道,人民街道
610502,610502003,街道,解放街道
610502,610502004,街道,向阳街道
610502,610502005,街道,站南街道
610502,610502006,街道,双王街道
610502,610502007,街道,崇业路街道
610502,610502008,街道,良田街道
610502,610502009,街道,辛市街道
610502,610502010,街道,龙背街道
610502,610502011,街道,阳曲街道
610502,610502012,街道,信义街道
610502,610502013,街道,白杨街道
610502,610502100,镇,桥南镇
610502,610502101,镇,阳郭镇
610502,610502102,镇,故市镇
610502,610502103,镇,下邽镇
610502,610502104,镇,三张镇
610502,610502105,镇,交斜镇
610502,610502107,镇,崇凝镇
610502,610502108,镇,孝义镇
610502,610502109,镇,蔺店镇
610502,610502111,镇,官底镇
610502,610502112,镇,官路镇
610502,610502113,镇,丰原镇
610502,610502114,镇,阎村镇
610502,610502116,镇,官道镇
610503,610503001,街道,华州街道
610503,610503100,镇,杏林镇
610503,610503101,镇,赤水镇
610503,610503102,镇,高塘镇
610503,610503103,镇,大明镇
610503,610503104,镇,瓜坡镇
610503,610503105,镇,莲花寺镇
610503,610503106,镇,柳枝镇
610503,610503107,镇,下庙镇
610503,610503108,镇,金堆镇
610522,610522001,街道,城关街道
610522,610522100,镇,桐峪镇
610522,610522101,镇,太要镇
610522,610522103,镇,秦东镇
610522,610522104,镇,代字营镇
610522,610522605,镇,安乐镇
610523,610523001,街道,城关街道
610523,610523104,镇,两宜镇
610523,610523107,镇,冯村镇
610523,610523108,镇,双泉镇
610523,610523112,镇,范家镇
610523,610523113,镇,官池镇
610523,610523114,镇,韦林镇
610523,610523115,镇,羌白镇
610523,610523116,镇,下寨镇
610523,610523117,镇,安仁镇
610523,610523118,镇,许庄镇
610523,610523119,镇,朝邑镇
610523,610523120,镇,埝桥镇
610523,610523121,镇,段家镇
610523,610523122,镇,苏村镇
610523,610523125,镇,赵渡镇
610523,610523624,镇,平民镇
610524,610524001,街道,城关街道
610524,610524101,镇,甘井镇
610524,610524102,镇,坊镇
610524,610524103,镇,洽川镇
610524,610524104,镇,新池镇
610524,610524105,镇,黑池镇
610524,610524106,镇,路井镇
610524,610524107,镇,和家庄镇
610524,610524108,镇,王村镇
610524,610524110,镇,同家庄镇
610524,610524111,镇,百良镇
610524,610524112,镇,金峪镇
610525,610525001,街道,城关街道
610525,610525101,镇,冯原镇
610525,610525102,镇,王庄镇
610525,610525103,镇,尧头镇
610525,610525104,镇,赵庄镇
610525,610525105,镇,交道镇
610525,610525106,镇,寺前镇
610525,610525107,镇,韦庄镇
610525,610525108,镇,安里镇
610525,610525109,镇,庄头镇
610526,610526001,街道,城关街道
610526,610526101,镇,罕井镇
610526,610526102,镇,孙镇
610526,610526103,镇,兴镇
610526,610526104,镇,党睦镇
610526,610526105,镇,高阳镇
610526,610526106,镇,永丰镇
610526,610526107,镇,荆姚镇
610526,610526108,镇,苏坊镇
610526,610526109,镇,龙阳镇
610526,610526112,镇,洛滨镇
610526,610526113,镇,陈庄镇
610526,610526116,镇,龙池镇
610526,610526117,镇,椿林镇
610526,610526118,镇,桥陵镇
610526,610526119,镇,尧山镇
610527,610527001,街道,城关街道
610527,610527102,镇,尧禾镇
610527,610527103,镇,杜康镇
610527,610527104,镇,西固镇
610527,610527106,镇,林皋镇
610527,610527107,镇,史官镇
610527,610527108,镇,北塬镇
610527,610527110,镇,雷牙镇
610527,610527609,镇,云台镇
610528,610528001,街道,城关街道
610528,610528101,镇,庄里镇
610528,610528102,镇,张桥镇
610528,610528103,镇,美原镇
610528,610528105,镇,淡村镇
610528,610528107,镇,留古镇
610528,610528108,镇,老庙镇
610528,610528109,镇,薛镇
610528,610528111,镇,曹村镇
610528,610528112,镇,宫里镇
610528,610528113,镇,梅家坪镇
610528,610528114,镇,刘集镇
610528,610528115,镇,齐村镇
610528,610528118,镇,到贤镇
610528,610528119,镇,流曲镇
610528,610528616,镇,小惠镇
610581,610581001,街道,新城街道
610581,610581002,街道,金城街道
610581,610581100,镇,龙门镇
610581,610581101,镇,桑树坪镇
610581,610581103,镇,芝川镇
610581,610581104,镇,西庄镇
610581,610581106,镇,芝阳镇
610581,610581108,镇,板桥镇
610582,610582001,街道,太华路街道
610582,610582002,街道,岳庙街道
610582,610582100,镇,孟塬镇
610582,610582103,镇,华西镇
610582,610582104,镇,华山镇
610582,610582105,镇,罗敷镇
610602,610602001,街道,宝塔山街道
610602,610602002,街道,南市街道
610602,610602003,街道,凤凰山街道
610602,610602004,街道,桥沟街道
610602,610602005,街道,枣园街道
610602,610602006,街道,新城街道
610602,610602007,街道,肤施街道
610602,610602102,镇,河庄坪镇
610602,610602103,镇,李渠镇
610602,610602105,镇,青化砭镇
610602,610602107,镇,柳林镇
610602,610602110,镇,甘谷驿镇
610602,610602111,镇,临镇
610602,610602112,镇,蟠龙镇
610602,610602113,镇,姚店镇
610602,610602114,镇,南泥湾镇
610602,610602115,镇,川口镇
610602,610602116,镇,麻洞川镇
610602,610602117,镇,万花山镇
610602,610602202,乡,冯庄乡
610602,610602604,乡,梁村乡
610603,610603001,街道,真武洞街道
610603,610603002,街道,金明街道
610603,610603003,街道,白坪街道
610603,610603101,镇,砖窑湾镇
610603,610603102,镇,沿河湾镇
610603,610603104,镇,化子坪镇
610603,610603106,镇,建华镇
610603,610603107,镇,招安镇
610603,610603108,镇,高桥镇
610603,610603109,镇,坪桥镇
610603,610603110,镇,镰刀湾镇
610621,610621001,街道,七里村街道
610621,610621101,镇,黑家堡镇
610621,610621102,镇,郑庄镇
610621,610621103,镇,张家滩镇
610621,610621104,镇,交口镇
610621,610621106,镇,罗子山镇
610621,610621107,镇,雷赤镇
610621,610621108,镇,安沟镇
610621,610621600,乡,郭旗乡
610622,610622001,街道,大禹街道
610622,610622101,镇,永坪镇
610622,610622102,镇,延水关镇
610622,610622103,镇,文安驿镇
610622,610622104,镇,杨家圪坮镇
610622,610622105,镇,贾家坪镇
610622,610622107,镇,关庄镇
610622,610622108,镇,乾坤湾镇
610625,610625001,街道,保安街道
610625,610625103,镇,旦八镇
610625,610625104,镇,金鼎镇
610625,610625105,镇,永宁镇
610625,610625106,镇,杏河镇
610625,610625107,镇,顺宁镇
610625,610625108,镇,义正镇
610625,610625109,镇,双河镇
610626,610626001,街道,吴起街道
610626,610626102,镇,周湾镇
610626,610626103,镇,白豹镇
610626,610626104,镇,长官庙镇
610626,610626105,镇,长城镇
610626,610626108,镇,铁边城镇
610626,610626109,镇,吴仓堡镇
610626,610626110,镇,庙沟镇
610626,610626111,镇,五谷城镇
610627,610627001,街道,美水街道
610627,610627101,镇,下寺湾镇
610627,610627102,镇,道镇
610627,610627103,镇,石门镇
610627,610627200,乡,桥镇乡
610627,610627203,乡,劳山乡
610627,610627600,镇,城关镇
610628,610628001,街道,茶坊街道
610628,610628102,镇,张村驿镇
610628,610628103,镇,张家湾镇
610628,610628104,镇,直罗镇
610628,610628106,镇,牛武镇
610628,610628110,镇,寺仙镇
610628,610628111,镇,羊泉镇
610628,610628204,乡,北道德乡
610628,610628607,镇,交道镇
610628,610628608,镇,吉子现镇
610629,610629001,街道,凤栖街道
610629,610629101,镇,旧县镇
610629,610629102,镇,交口河镇
610629,610629103,镇,老庙镇
610629,610629104,镇,土基镇
610629,610629105,镇,石头镇
610629,610629106,镇,槐柏镇
610629,610629107,镇,永乡镇
610629,610629108,镇,菩提镇
610629,610629601,乡,黄章乡
610629,610629604,乡,杨舒乡
610629,610629608,乡,朱牛乡
610630,610630001,街道,丹州街道
610630,610630101,镇,秋林镇
610630,610630104,镇,集义镇
610630,610630105,镇,云岩镇
610630,610630106,镇,壶口镇
610630,610630200,乡,英旺乡
610630,610630201,乡,交里乡
610631,610631100,镇,石堡镇
610631,610631101,镇,白马滩镇
610631,610631102,镇,瓦子街镇
610631,610631104,镇,界头庙镇
610631,610631105,镇,三岔镇
610631,610631205,乡,圪台乡
610631,610631206,乡,崾崄乡
610632,610632001,街道,桥山街道
610632,610632101,镇,店头镇
610632,610632102,镇,隆坊镇
610632,610632103,镇,田庄镇
610632,610632104,镇,阿党镇
610632,610632105,镇,双龙镇
610681,610681001,街道,瓦窑堡街道
610681,610681002,街道,秀延街道
610681,610681003,街道,栾家坪街道
610681,610681102,镇,玉家湾镇
610681,610681103,镇,安定镇
610681,610681104,镇,马家砭镇
610681,610681105,镇,南沟岔镇
610681,610681106,镇,涧峪岔镇
610681,610681107,镇,李家岔镇
610681,610681108,镇,杨家园则镇
610681,610681109,镇,余家坪镇
610702,610702001,街道,北关街道
610702,610702002,街道,东大街街道
610702,610702003,街道,汉中路街道
610702,610702004,街道,中山街街道
610702,610702005,街道,东关街道
610702,610702006,街道,龙江街道
610702,610702007,街道,鑫源街道
610702,610702008,街道,七里街道
610702,610702100,镇,铺镇
610702,610702101,镇,武乡镇
610702,610702102,镇,河东店镇
610702,610702104,镇,宗营镇
610702,610702105,镇,老君镇
610702,610702106,镇,汉王镇
610702,610702107,镇,徐望镇
610703,610703001,街道,汉山街道
610703,610703002,街道,中所营街道
610703,610703101,镇,圣水镇
610703,610703102,镇,大河坎镇
610703,610703103,镇,协税镇
610703,610703104,镇,梁山镇
610703,610703105,镇,阳春镇
610703,610703106,镇,高台镇
610703,610703107,镇,新集镇
610703,610703108,镇,濂水镇
610703,610703109,镇,黄官镇
610703,610703110,镇,青树镇
610703,610703111,镇,红庙镇
610703,610703112,镇,牟家坝镇
610703,610703113,镇,法镇
610703,610703114,镇,湘水镇
610703,610703115,镇,小南海镇
610703,610703116,镇,碑坝镇
610703,610703117,镇,黎坪镇
610703,610703118,镇,福成镇
610703,610703119,镇,两河镇
610703,610703120,镇,胡家营镇
610722,610722001,街道,莲花街道
610722,610722002,街道,博望街道
610722,610722101,镇,龙头镇
610722,610722102,镇,沙河营镇
610722,610722103,镇,文川镇
610722,610722104,镇,柳林镇
610722,610722105,镇,老庄镇
610722,610722107,镇,桔园镇
610722,610722108,镇,原公镇
610722,610722109,镇,上元观镇
610722,610722110,镇,天明镇
610722,610722111,镇,二里镇
610722,610722112,镇,五堵镇
610722,610722114,镇,双溪镇
610722,610722116,镇,小河镇
610722,610722118,镇,三合镇
610722,610722119,镇,董家营镇
610723,610723001,街道,洋州街道
610723,610723002,街道,戚氏街道
610723,610723003,街道,纸坊街道
610723,610723103,镇,龙亭镇
610723,610723104,镇,谢村镇
610723,610723105,镇,马畅镇
610723,610723107,镇,溢水镇
610723,610723108,镇,磨子桥镇
610723,610723109,镇,黄家营镇
610723,610723110,镇,黄安镇
610723,610723111,镇,黄金峡镇
610723,610723112,镇,槐树关镇
610723,610723113,镇,金水镇
610723,610723114,镇,华阳镇
610723,610723115,镇,茅坪镇
610723,610723119,镇,关帝镇
610723,610723120,镇,桑溪镇
610723,610723121,镇,八里关镇
610723,610723616,镇,白石镇
610723,610723617,镇,长溪镇
610723,610723618,镇,四郎镇
610724,610724001,街道,城北街道
610724,610724002,街道,城南街道
610724,610724101,镇,杨河镇
610724,610724102,镇,柳树镇
610724,610724103,镇,沙河镇
610724,610724104,镇,私渡镇
610724,610724105,镇,桑园镇
610724,610724106,镇,白龙塘镇
610724,610724108,镇,峡口镇
610724,610724109,镇,堰口镇
610724,610724110,镇,茶镇
610724,610724111,镇,高川镇
610724,610724112,镇,两河口镇
610724,610724114,镇,大河镇
610724,610724116,镇,骆家坝镇
610724,610724117,镇,子午镇
610724,610724118,镇,白勉峡镇
610725,610725001,街道,勉阳街道
610725,610725101,镇,武侯镇
610725,610725102,镇,周家山镇
610725,610725103,镇,同沟寺镇
610725,610725105,镇,新街子镇
610725,610725106,镇,老道寺镇
610725,610725107,镇,褒城镇
610725,610725109,镇,金泉镇
610725,610725110,镇,定军山镇
610725,610725111,镇,温泉镇
610725,610725112,镇,元墩镇
610725,610725113,镇,阜川镇
610725,610725114,镇,新铺镇
610725,610725116,镇,茶店镇
610725,610725117,镇,镇川镇
610725,610725118,镇,长沟河镇
610725,610725119,镇,张家河镇
610725,610725120,镇,漆树坝镇
610726,610726001,街道,高寨子街道
610726,610726002,街道,汉源街道
610726,610726102,镇,大安镇
610726,610726103,镇,代家坝镇
610726,610726104,镇,阳平关镇
610726,610726105,镇,燕子砭镇
610726,610726106,镇,广坪镇
610726,610726107,镇,青木川镇
610726,610726108,镇,毛坝河镇
610726,610726109,镇,铁锁关镇
610726,610726110,镇,胡家坝镇
610726,610726111,镇,巴山镇
610726,610726112,镇,巨亭镇
610726,610726113,镇,舒家坝镇
610726,610726116,镇,太阳岭镇
610726,610726118,镇,安乐河镇
610726,610726119,镇,禅家岩镇
610726,610726120,镇,二郎坝镇
610727,610727001,街道,兴州街道
610727,610727002,街道,横现河街道
610727,610727101,镇,接官亭镇
610727,610727103,镇,两河口镇
610727,610727104,镇,金家河镇
610727,610727105,镇,徐家坪镇
610727,610727106,镇,白水江镇
610727,610727107,镇,硖口驿镇
610727,610727109,镇,乐素河镇
610727,610727110,镇,郭镇
610727,610727111,镇,黑河镇
610727,610727112,镇,白雀寺镇
610727,610727113,镇,西淮坝镇
610727,610727114,镇,五龙洞镇
610727,610727115,镇,观音寺镇
610727,610727116,镇,马蹄湾镇
610727,610727117,镇,仙台坝镇
610727,610727600,镇,城关镇
610727,610727608,镇,何家岩镇
610728,610728001,街道,泾洋街道
610728,610728101,镇,渔渡镇
610728,610728102,镇,盐场镇
610728,610728103,镇,观音镇
610728,610728104,镇,巴庙镇
610728,610728105,镇,兴隆镇
610728,610728106,镇,长岭镇
610728,610728107,镇,三元镇
610728,610728108,镇,简池镇
610728,610728109,镇,碾子镇
610728,610728110,镇,小洋镇
610728,610728111,镇,青水镇
610728,610728112,镇,永乐镇
610728,610728114,镇,杨家河镇
610728,610728115,镇,赤南镇
610728,610728116,镇,巴山镇
610728,610728117,镇,大池镇
610728,610728118,镇,平安镇
610728,610728119,镇,仁村镇
610728,610728120,镇,黎坝镇
610729,610729001,街道,紫柏街道
610729,610729101,镇,马道镇
610729,610729102,镇,武关驿镇
610729,610729103,镇,留侯镇
610729,610729104,镇,江口镇
610729,610729105,镇,青桥驿镇
610729,610729106,镇,火烧店镇
610729,610729107,镇,玉皇庙镇
610729,610729600,镇,城关镇
610730,610730001,街道,袁家庄街道
610730,610730101,镇,陈家坝镇
610730,610730102,镇,大河坝镇
610730,610730103,镇,西岔河镇
610730,610730104,镇,长角坝镇
610730,610730106,镇,石墩河镇
610730,610730107,镇,岳坝镇
610802,610802001,街道,鼓楼街道
610802,610802002,街道,青山路街道
610802,610802003,街道,上郡路街道
610802,610802004,街道,新明楼街道
610802,610802005,街道,航宇路街道
610802,610802006,街道,崇文路街道
610802,610802007,街道,驼峰路街道
610802,610802008,街道,长城路街道
610802,610802009,街道,金沙路街道
610802,610802010,街道,朝阳路街道
610802,610802011,街道,沙河路街道
610802,610802012,街道,明珠路街道
610802,610802100,镇,鱼河镇
610802,610802101,镇,上盐湾镇
610802,610802102,镇,镇川镇
610802,610802105,镇,麻黄梁镇
610802,610802106,镇,牛家梁镇
610802,610802107,镇,金鸡滩镇
610802,610802108,镇,马合镇
610802,610802109,镇,巴拉素镇
610802,610802111,镇,鱼河峁镇
610802,610802112,镇,大河塔镇
610802,610802113,镇,古塔镇
610802,610802114,镇,青云镇
610802,610802118,镇,小纪汗镇
610802,610802119,镇,芹河镇
610802,610802205,乡,孟家湾乡
610802,610802206,乡,小壕兔乡
610802,610802207,乡,岔河则乡
610802,610802208,乡,补浪河乡
610802,610802209,乡,红石桥乡
610803,610803001,街道,城关街道
610803,610803002,街道,怀远街道
610803,610803003,街道,夏州街道
610803,610803004,街道,怀仁路街道
610803,610803005,街道,崇德路街道
610803,610803101,镇,石湾镇
610803,610803102,镇,高镇
610803,610803103,镇,武镇
610803,610803104,镇,党岔镇
610803,610803105,镇,响水镇
610803,610803106,镇,波罗镇
610803,610803107,镇,殿市镇
610803,610803108,镇,塔湾镇
610803,610803109,镇,赵石畔镇
610803,610803110,镇,韩岔镇
610803,610803111,镇,魏家楼镇
610803,610803112,镇,雷龙湾镇
610803,610803113,镇,白界镇
610803,610803600,镇,横山镇
610822,610822100,镇,府谷镇
610822,610822101,镇,黄甫镇
610822,610822103,镇,哈镇
610822,610822104,镇,庙沟门镇
610822,610822105,镇,新民镇
610822,610822106,镇,孤山镇
610822,610822108,镇,清水镇
610822,610822109,镇,古城镇
610822,610822110,镇,三道沟镇
610822,610822112,镇,大昌汗镇
610822,610822113,镇,老高川镇
610822,610822114,镇,武家庄镇
610822,610822115,镇,木瓜镇
610822,610822116,镇,田家寨镇
610824,610824001,街道,张家畔街道
610824,610824101,镇,东坑镇
610824,610824102,镇,青阳岔镇
610824,610824103,镇,宁条梁镇
610824,610824104,镇,周河镇
610824,610824105,镇,红墩界镇
610824,610824106,镇,杨桥畔镇
610824,610824107,镇,王渠则镇
610824,610824108,镇,中山涧镇
610824,610824109,镇,杨米涧镇
610824,610824110,镇,天赐湾镇
610824,610824111,镇,龙洲镇
610824,610824112,镇,海则滩镇
610824,610824113,镇,黄蒿界镇
610824,610824114,镇,席麻湾镇
610824,610824115,镇,小河镇
610824,610824116,镇,镇靖镇
610825,610825001,街道,定边街道
610825,610825101,镇,贺圈镇
610825,610825102,镇,红柳沟镇
610825,610825103,镇,砖井镇
610825,610825104,镇,白泥井镇
610825,610825105,镇,安边镇
610825,610825106,镇,堆子梁镇
610825,610825107,镇,白湾子镇
610825,610825108,镇,姬塬镇
610825,610825109,镇,杨井镇
610825,610825110,镇,新安边镇
610825,610825111,镇,张崾先镇
610825,610825112,镇,樊学镇
610825,610825113,镇,盐场堡镇
610825,610825114,镇,郝滩镇
610825,610825115,镇,石洞沟镇
610825,610825116,镇,冯地坑镇
610825,610825204,乡,油房庄乡
610825,610825210,乡,学庄乡
610825,610825605,乡,纪畔乡
610826,610826101,镇,薛家峁镇
610826,610826102,镇,崔家湾镇
610826,610826103,镇,定仙墕镇
610826,610826104,镇,枣林坪镇
610826,610826105,镇,义合镇
610826,610826106,镇,吉镇镇
610826,610826107,镇,薛家河镇
610826,610826109,镇,石家湾镇
610826,610826110,镇,田庄镇
610826,610826112,镇,中角镇
610826,610826113,镇,四十里铺镇
610826,610826114,镇,名州镇
610826,610826115,镇,张家砭镇
610826,610826116,镇,白家硷镇
610826,610826117,镇,满堂川镇
610826,610826606,乡,韭园沟乡
610827,610827001,街道,银州街道
610827,610827101,镇,桃镇
610827,610827102,镇,龙镇
610827,610827103,镇,杨家沟镇
610827,610827104,镇,杜家石沟镇
610827,610827105,镇,沙家店镇
610827,610827106,镇,印斗镇
610827,610827107,镇,郭兴庄镇
610827,610827108,镇,城郊镇
610827,610827601,乡,桥河岔乡
610827,610827604,乡,十里铺乡
610828,610828001,街道,佳州街道
610828,610828101,镇,坑镇
610828,610828102,镇,店镇
610828,610828103,镇,乌镇
610828,610828104,镇,金明寺镇
610828,610828105,镇,通镇
610828,610828106,镇,王家砭镇
610828,610828107,镇,方塌镇
610828,610828108,镇,朱官寨镇
610828,610828109,镇,朱家坬镇
610828,610828110,镇,螅镇
610828,610828111,镇,刘国具镇
610828,610828112,镇,木头峪镇
610829,610829001,街道,宋家川街道
610829,610829101,镇,辛家沟镇
610829,610829102,镇,郭家沟镇
610829,610829103,镇,寇家塬镇
610829,610829104,镇,岔上镇
610829,610829105,镇,张家山镇
610830,610830100,镇,宽州镇
610830,610830101,镇,石咀驿镇
610830,610830102,镇,折家坪镇
610830,610830103,镇,玉家河镇
610830,610830104,镇,高杰村镇
610830,610830105,镇,李家塔镇
610830,610830106,镇,店则沟镇
610830,610830107,镇,解家沟镇
610830,610830108,镇,下廿里铺镇
610831,610831001,街道,双湖峪街道
610831,610831101,镇,何家集镇
610831,610831102,镇,老君殿镇
610831,610831103,镇,裴家湾镇
610831,610831104,镇,苗家坪镇
610831,610831105,镇,三川口镇
610831,610831106,镇,马蹄沟镇
610831,610831107,镇,周家硷镇
610831,610831108,镇,电市镇
610831,610831109,镇,砖庙镇
610831,610831110,镇,淮宁湾镇
610831,610831111,镇,马岔镇
610831,610831200,乡,驼耳巷乡
610831,610831605,乡,槐树岔乡
610881,610881001,街道,滨河新区街道
610881,610881002,街道,西沙街道
610881,610881003,街道,麟州街道
610881,610881004,街道,迎宾路街道
610881,610881005,街道,永兴街道
610881,610881006,街道,西沟街道
610881,610881101,镇,高家堡镇
610881,610881102,镇,店塔镇
610881,610881103,镇,孙家岔镇
610881,610881104,镇,大柳塔镇
610881,610881105,镇,花石崖镇
610881,610881106,镇,中鸡镇
610881,610881107,镇,贺家川镇
610881,610881108,镇,尔林兔镇
610881,610881109,镇,万镇
610881,610881110,镇,大保当镇
610881,610881111,镇,马镇
610881,610881112,镇,栏杆堡镇
610881,610881113,镇,沙峁镇
610881,610881114,镇,锦界镇
610881,610881600,镇,神木镇
610902,610902001,街道,老城街道
610902,610902002,街道,新城街道
610902,610902003,街道,江北街道
610902,610902004,街道,建民街道
610902,610902100,镇,关庙镇
610902,610902101,镇,张滩镇
610902,610902102,镇,瀛湖镇
610902,610902104,镇,五里镇
610902,610902107,镇,恒口镇
610902,610902109,镇,吉河镇
610902,610902110,镇,流水镇
610902,610902111,镇,大竹园镇
610902,610902112,镇,洪山镇
610902,610902114,镇,茨沟镇
610902,610902115,镇,大河镇
610902,610902116,镇,沈坝镇
610902,610902117,镇,双龙镇
610902,610902118,镇,叶坪镇
610902,610902119,镇,中原镇
610902,610902120,镇,早阳镇
610902,610902122,镇,石梯镇
610902,610902123,镇,关家镇
610902,610902124,镇,县河镇
610902,610902126,镇,晏坝镇
610902,610902128,镇,谭坝镇
610902,610902129,镇,坝河镇
610902,610902131,镇,牛蹄镇
610902,610902132,镇,紫荆镇
610921,610921100,镇,城关镇
610921,610921101,镇,涧池镇
610921,610921102,镇,蒲溪镇
610921,610921103,镇,平梁镇
610921,610921104,镇,双乳镇
610921,610921105,镇,铁佛寺镇
610921,610921107,镇,漩涡镇
610921,610921108,镇,汉阳镇
610921,610921110,镇,双河口镇
610921,610921112,镇,观音河镇
610922,610922100,镇,城关镇
610922,610922101,镇,饶峰镇
610922,610922102,镇,两河镇
610922,610922103,镇,迎丰镇
610922,610922104,镇,池河镇
610922,610922105,镇,后柳镇
610922,610922106,镇,喜河镇
610922,610922107,镇,熨斗镇
610922,610922108,镇,云雾山镇
610922,610922109,镇,曾溪镇
610922,610922110,镇,中池镇
610923,610923100,镇,城关镇
610923,610923101,镇,四亩地镇
610923,610923102,镇,江口回族镇
610923,610923104,镇,广货街镇
610923,610923105,镇,龙王镇
610923,610923106,镇,筒车湾镇
610923,610923108,镇,金川镇
610923,610923109,镇,皇冠镇
610923,610923111,镇,梅子镇
610923,610923112,镇,新场镇
610923,610923113,镇,太山庙镇
610924,610924100,镇,城关镇
610924,610924101,镇,蒿坪镇
610924,610924102,镇,汉王镇
610924,610924103,镇,焕古镇
610924,610924104,镇,向阳镇
610924,610924105,镇,洞河镇
610924,610924106,镇,洄水镇
610924,610924108,镇,双桥镇
610924,610924109,镇,高桥镇
610924,610924110,镇,红椿镇
610924,610924111,镇,高滩镇
610924,610924112,镇,毛坝镇
610924,610924113,镇,瓦庙镇
610924,610924114,镇,麻柳镇
610924,610924115,镇,双安镇
610924,610924116,镇,东木镇
610924,610924122,镇,界岭镇
610925,610925100,镇,城关镇
610925,610925101,镇,佐龙镇
610925,610925103,镇,滔河镇
610925,610925104,镇,官元镇
610925,610925105,镇,石门镇
610925,610925106,镇,民主镇
610925,610925107,镇,大道河镇
610925,610925108,镇,蔺河镇
610925,610925110,镇,四季镇
610925,610925111,镇,孟石岭镇
610925,610925113,镇,堰门镇
610925,610925115,镇,南宫山镇
610926,610926100,镇,城关镇
610926,610926101,镇,兴隆镇
610926,610926102,镇,老县镇
610926,610926103,镇,大贵镇
610926,610926104,镇,三阳镇
610926,610926105,镇,洛河镇
610926,610926106,镇,广佛镇
610926,610926107,镇,八仙镇
610926,610926108,镇,长安镇
610926,610926109,镇,西河镇
610926,610926110,镇,正阳镇
610927,610927100,镇,城关镇
610927,610927101,镇,曾家镇
610927,610927102,镇,牛头店镇
610927,610927103,镇,钟宝镇
610927,610927105,镇,上竹镇
610927,610927106,镇,曙坪镇
610927,610927108,镇,华坪镇
610929,610929100,镇,城关镇
610929,610929101,镇,中厂镇
610929,610929102,镇,构朳镇
610929,610929103,镇,卡子镇
610929,610929104,镇,茅坪镇
610929,610929105,镇,宋家镇
610929,610929106,镇,西营镇
610929,610929107,镇,仓上镇
610929,610929109,镇,双丰镇
610929,610929111,镇,麻虎镇
610929,610929112,镇,冷水镇
610981,610981100,镇,城关镇
610981,610981101,镇,棕溪镇
610981,610981102,镇,关口镇
610981,610981103,镇,蜀河镇
610981,610981104,镇,双河镇
610981,610981105,镇,小河镇
610981,610981106,镇,赵湾镇
610981,610981107,镇,麻坪镇
610981,610981108,镇,甘溪镇
610981,610981109,镇,白柳镇
610981,610981110,镇,吕河镇
610981,610981111,镇,神河镇
610981,610981112,镇,铜钱关镇
610981,610981113,镇,段家河镇
610981,610981114,镇,金寨镇
610981,610981115,镇,桐木镇
610981,610981116,镇,仙河镇
610981,610981117,镇,构元镇
610981,610981118,镇,石门镇
610981,610981119,镇,红军镇
610981,610981120,镇,仁河口镇
611002,611002001,街道,城关街道
611002,611002002,街道,大赵峪街道
611002,611002003,街道,陈塬街道
611002,611002004,街道,刘湾街道
611002,611002101,镇,夜村镇
611002,611002104,镇,沙河子镇
611002,611002105,镇,杨峪河镇
611002,611002106,镇,金陵寺镇
611002,611002107,镇,黑山镇
611002,611002108,镇,杨斜镇
611002,611002109,镇,麻街镇
611002,611002111,镇,牧护关镇
611002,611002112,镇,大荆镇
611002,611002113,镇,腰市镇
611002,611002114,镇,板桥镇
611002,611002115,镇,北宽坪镇
611002,611002119,镇,三岔河镇
611002,611002121,镇,闫村镇
611021,611021001,街道,城关街道
611021,611021002,街道,四皓街道
611021,611021101,镇,景村镇
611021,611021102,镇,古城镇
611021,611021103,镇,三要镇
611021,611021104,镇,灵口镇
611021,611021106,镇,寺耳镇
611021,611021107,镇,巡检镇
611021,611021108,镇,石坡镇
611021,611021109,镇,石门镇
611021,611021110,镇,麻坪镇
611021,611021111,镇,洛源镇
611021,611021112,镇,保安镇
611021,611021114,镇,永丰镇
611021,611021115,镇,高耀镇
611021,611021116,镇,柏峪寺镇
611022,611022001,街道,龙驹寨街道
611022,611022101,镇,庾岭镇
611022,611022102,镇,蔡川镇
611022,611022103,镇,峦庄镇
611022,611022104,镇,铁峪铺镇
611022,611022105,镇,武关镇
611022,611022106,镇,竹林关镇
611022,611022107,镇,土门镇
611022,611022108,镇,寺坪镇
611022,611022109,镇,商镇
611022,611022110,镇,棣花镇
611022,611022114,镇,花瓶子镇
611023,611023001,街道,城关街道
611023,611023101,镇,富水镇
611023,611023102,镇,湘河镇
611023,611023104,镇,赵川镇
611023,611023106,镇,金丝峡镇
611023,611023107,镇,过风楼镇
611023,611023108,镇,试马镇
611023,611023109,镇,清油河镇
611023,611023110,镇,十里坪镇
611023,611023111,镇,青山镇
611024,611024001,街道,城关街道
611024,611024002,街道,十里铺街道
611024,611024101,镇,高坝店镇
611024,611024102,镇,天竺山镇
611024,611024103,镇,中村镇
611024,611024104,镇,银花镇
611024,611024105,镇,西照川镇
611024,611024106,镇,漫川关镇
611024,611024107,镇,南宽坪镇
611024,611024108,镇,户家塬镇
611024,611024109,镇,杨地镇
611024,611024111,镇,小河口镇
611024,611024112,镇,色河铺镇
611024,611024113,镇,板岩镇
611024,611024116,镇,延坪镇
611024,611024118,镇,两岭镇
611024,611024119,镇,王阎镇
611024,611024122,镇,法官镇
611025,611025001,街道,永乐街道
611025,611025101,镇,回龙镇
611025,611025102,镇,铁厂镇
611025,611025103,镇,大坪镇
611025,611025104,镇,米粮镇
611025,611025105,镇,茅坪回族镇
611025,611025106,镇,西口回族镇
611025,611025107,镇,高峰镇
611025,611025108,镇,青铜关镇
611025,611025109,镇,柴坪镇
611025,611025110,镇,达仁镇
611025,611025111,镇,木王镇
611025,611025113,镇,云盖寺镇
611025,611025114,镇,庙沟镇
611025,611025117,镇,月河镇
611025,611025612,镇,东川镇
611025,611025616,镇,灵龙镇
611026,611026001,街道,乾佑街道
611026,611026101,镇,营盘镇
611026,611026102,镇,下梁镇
611026,611026104,镇,小岭镇
611026,611026105,镇,凤凰镇
611026,611026106,镇,红岩寺镇
611026,611026107,镇,曹坪镇
611026,611026109,镇,杏坪镇
611026,611026110,镇,瓦房口镇
620102,620102001,街道,酒泉路街道
620102,620102002,街道,张掖路街道
620102,620102003,街道,雁南街道
620102,620102004,街道,临夏路街道
620102,620102005,街道,雁北街道
620102,620102006,街道,五泉街道
620102,620102007,街道,白银路街道
620102,620102008,街道,皋兰路街道
620102,620102009,街道,广武门街道
620102,620102010,街道,伏龙坪街道
620102,620102011,街道,靖远路街道
620102,620102012,街道,草场街街道
620102,620102013,街道,火车站街道
620102,620102014,街道,拱星墩街道
620102,620102015,街道,东岗街道
620102,620102016,街道,团结新村街道
620102,620102017,街道,东岗西路街道
620102,620102018,街道,铁路东村街道
620102,620102019,街道,铁路西村街道
620102,620102020,街道,渭源路街道
620102,620102021,街道,盐场路街道
620102,620102022,街道,嘉峪关路街道
620102,620102023,街道,焦家湾街道
620102,620102024,街道,青白石街道
620102,620102025,街道,高新区街道
620102,620102026,街道,雁园街道
620103,620103001,街道,秀川街道
620103,620103002,街道,西园街道
620103,620103003,街道,西湖街道
620103,620103004,街道,建兰路街道
620103,620103005,街道,敦煌路街道
620103,620103006,街道,西站街道
620103,620103007,街道,晏家坪街道
620103,620103008,街道,龚家湾街道
620103,620103009,街道,土门墩街道
620103,620103100,镇,阿干镇
620103,620103101,镇,八里镇
620103,620103102,镇,彭家坪镇
620103,620103103,镇,西果园镇
620103,620103104,镇,黄峪镇
620103,620103201,乡,魏岭乡
620104,620104001,街道,陈坪街道
620104,620104002,街道,先锋路街道
620104,620104003,街道,福利路街道
620104,620104004,街道,西固城街道
620104,620104005,街道,临洮街街道
620104,620104006,街道,西柳沟街道
620104,620104007,街道,四季青街道
620104,620104100,镇,新城镇
620104,620104101,镇,东川镇
620104,620104102,镇,河口镇
620104,620104103,镇,达川镇
620104,620104104,镇,柳泉镇
620104,620104203,乡,金沟乡
620105,620105001,街道,培黎街道
620105,620105002,街道,安宁西路街道
620105,620105003,街道,沙井驿街道
620105,620105004,街道,十里店街道
620105,620105005,街道,孔家崖街道
620105,620105006,街道,银滩路街道
620105,620105007,街道,刘家堡街道
620105,620105008,街道,安宁堡街道
620105,620105100,镇,忠和镇
620105,620105101,镇,九合镇
620111,620111001,街道,窑街街道
620111,620111002,街道,下窑街道
620111,620111003,街道,矿区街道
620111,620111004,街道,华龙街道
620111,620111100,镇,海石湾镇
620111,620111101,镇,花庄镇
620111,620111102,镇,平安镇
620111,620111103,镇,红古镇
620121,620121100,镇,城关镇
620121,620121101,镇,红城镇
620121,620121102,镇,中堡镇
620121,620121103,镇,武胜驿镇
620121,620121104,镇,河桥镇
620121,620121105,镇,连城镇
620121,620121106,镇,苦水镇
620121,620121109,镇,大同镇
620121,620121110,镇,龙泉寺镇
620121,620121111,镇,树屏镇
620121,620121113,镇,柳树镇
620121,620121114,镇,通远镇
620121,620121203,乡,坪城乡
620121,620121205,乡,民乐乡
620121,620121208,乡,七山乡
620122,620122101,镇,西岔镇
620122,620122103,镇,什川镇
620122,620122104,镇,石洞镇
620122,620122106,镇,水阜镇
620122,620122107,镇,黑石镇
620122,620122108,镇,中川镇
620122,620122109,镇,秦川镇
620122,620122110,镇,上川镇
620123,620123100,镇,城关镇
620123,620123101,镇,夏官营镇
620123,620123102,镇,高崖镇
620123,620123103,镇,金崖镇
620123,620123104,镇,和平镇
620123,620123105,镇,甘草店镇
620123,620123106,镇,青城镇
620123,620123107,镇,定远镇
620123,620123108,镇,连搭镇
620123,620123109,镇,新营镇
620123,620123110,镇,贡井镇
620123,620123200,乡,小康营乡
620123,620123202,乡,马坡乡
620123,620123204,乡,清水驿乡
620123,620123205,乡,龙泉乡
620123,620123206,乡,韦营乡
620123,620123207,乡,中连川乡
620123,620123209,乡,园子岔乡
620123,620123210,乡,上花岔乡
620123,620123211,乡,哈岘乡
620200,620200001,街道,第一街道
620200,620200002,街道,雄关街道
620200,620200003,街道,钢城街道
620200,620200100,镇,峪泉镇
620200,620200101,镇,新城镇
620200,620200102,镇,文殊镇
620302,620302001,街道,滨河路街道
620302,620302002,街道,桂林路街道
620302,620302003,街道,北京路街道
620302,620302004,街道,金川路街道
620302,620302005,街道,新华路街道
620302,620302006,街道,广州路街道
620302,620302100,镇,宁远堡镇
620302,620302101,镇,双湾镇
620321,620321100,镇,城关镇
620321,620321101,镇,河西堡镇
620321,620321102,镇,新城子镇
620321,620321103,镇,朱王堡镇
620321,620321104,镇,东寨镇
620321,620321105,镇,水源镇
620321,620321106,镇,红山窑镇
620321,620321107,镇,焦家庄镇
620321,620321108,镇,六坝镇
620321,620321203,乡,南坝乡
620402,620402001,街道,人民路街道
620402,620402002,街道,公园路街道
620402,620402003,街道,四龙路街道
620402,620402004,街道,工农路街道
620402,620402005,街道,纺织路街道
620402,620402100,镇,水川镇
620402,620402101,镇,四龙镇
620402,620402102,镇,王岘镇
620402,620402201,乡,强湾乡
620402,620402202,乡,武川乡
620403,620403001,街道,长征街道
620403,620403002,街道,电力路街道
620403,620403003,街道,红会路街道
620403,620403004,街道,兴平路街道
620403,620403100,镇,王家山镇
620403,620403101,镇,水泉镇
620403,620403102,镇,共和镇
620403,620403103,镇,宝积镇
620403,620403104,镇,黄峤镇
620403,620403204,乡,种田乡
620403,620403205,乡,复兴乡
620421,620421100,镇,乌兰镇
620421,620421101,镇,北湾镇
620421,620421102,镇,东湾镇
620421,620421103,镇,刘川镇
620421,620421104,镇,北滩镇
620421,620421105,镇,平堡镇
620421,620421106,镇,糜滩镇
620421,620421107,镇,三滩镇
620421,620421108,镇,大芦镇
620421,620421109,镇,双龙镇
620421,620421110,镇,东升镇
620421,620421111,镇,高湾镇
620421,620421112,镇,五合镇
620421,620421206,乡,兴隆乡
620421,620421208,乡,石门乡
620421,620421211,乡,靖安乡
620421,620421215,乡,永新乡
620421,620421216,乡,若笠乡
620422,620422100,镇,会师镇
620422,620422101,镇,郭城驿镇
620422,620422102,镇,河畔镇
620422,620422103,镇,头寨子镇
620422,620422104,镇,太平店镇
620422,620422105,镇,甘沟驿镇
620422,620422106,镇,柴家门镇
620422,620422107,镇,侯家川镇
620422,620422108,镇,中川镇
620422,620422109,镇,汉家岔镇
620422,620422110,镇,刘家寨子镇
620422,620422111,镇,白草塬镇
620422,620422112,镇,大沟镇
620422,620422113,镇,四房吴镇
620422,620422114,镇,老君坡镇
620422,620422115,镇,平头川镇
620422,620422116,镇,杨崖集镇
620422,620422117,镇,丁家沟镇
620422,620422118,镇,翟家所镇
620422,620422119,镇,韩家集镇
620422,620422120,镇,土门岘镇
620422,620422121,镇,新塬镇
620422,620422122,镇,草滩镇
620422,620422123,镇,新庄镇
620422,620422202,民族乡,新添堡回族乡
620422,620422204,乡,党家岘乡
620422,620422213,乡,八里湾乡
620422,620422225,乡,土高山乡
620423,620423100,镇,一条山镇
620423,620423101,镇,芦阳镇
620423,620423102,镇,上沙沃镇
620423,620423103,镇,喜泉镇
620423,620423104,镇,草窝滩镇
620423,620423105,镇,红水镇
620423,620423106,镇,正路镇
620423,620423107,镇,中泉镇
620423,620423108,镇,寺滩镇
620423,620423205,乡,五佛乡
620423,620423207,乡,漫水滩乡
620502,620502001,街道,大城街道
620502,620502002,街道,七里墩街道
620502,620502003,街道,东关街道
620502,620502004,街道,中城街道
620502,620502005,街道,西关街道
620502,620502006,街道,石马坪街道
620502,620502007,街道,天水郡街道
620502,620502100,镇,玉泉镇
620502,620502101,镇,皂郊镇
620502,620502102,镇,太京镇
620502,620502103,镇,藉口镇
620502,620502104,镇,关子镇
620502,620502105,镇,牡丹镇
620502,620502106,镇,天水镇
620502,620502107,镇,平南镇
620502,620502108,镇,娘娘坝镇
620502,620502109,镇,汪川镇
620502,620502110,镇,中梁镇
620502,620502111,镇,大门镇
620502,620502112,镇,杨家寺镇
620502,620502113,镇,齐寿镇
620502,620502114,镇,秦岭镇
620502,620502115,镇,华岐镇
620503,620503001,街道,道北街道
620503,620503002,街道,北道埠街道
620503,620503003,街道,桥南街道
620503,620503100,镇,社棠镇
620503,620503101,镇,马跑泉镇
620503,620503102,镇,花牛镇
620503,620503103,镇,渭南镇
620503,620503104,镇,中滩镇
620503,620503105,镇,新阳镇
620503,620503106,镇,元龙镇
620503,620503107,镇,伯阳镇
620503,620503108,镇,甘泉镇
620503,620503109,镇,麦积镇
620503,620503110,镇,东岔镇
620503,620503111,镇,石佛镇
620503,620503112,镇,三岔镇
620503,620503113,镇,利桥镇
620503,620503114,镇,琥珀镇
620503,620503115,镇,五龙镇
620503,620503116,镇,党川镇
620521,620521100,镇,永清镇
620521,620521101,镇,红堡镇
620521,620521102,镇,白驼镇
620521,620521103,镇,金集镇
620521,620521104,镇,秦亭镇
620521,620521105,镇,山门镇
620521,620521106,镇,白沙镇
620521,620521107,镇,王河镇
620521,620521108,镇,郭川镇
620521,620521109,镇,黄门镇
620521,620521110,镇,松树镇
620521,620521111,镇,远门镇
620521,620521112,镇,土门镇
620521,620521113,镇,草川铺镇
620521,620521114,镇,陇东镇
620521,620521206,乡,贾川乡
620521,620521207,乡,丰望乡
620521,620521211,乡,新城乡
620522,620522100,镇,兴国镇
620522,620522101,镇,陇城镇
620522,620522102,镇,莲花镇
620522,620522103,镇,郭嘉镇
620522,620522104,镇,西川镇
620522,620522105,镇,五营镇
620522,620522106,镇,叶堡镇
620522,620522107,镇,魏店镇
620522,620522108,镇,千户镇
620522,620522109,镇,兴丰镇
620522,620522110,镇,安伏镇
620522,620522111,镇,王尹镇
620522,620522112,镇,刘坪镇
620522,620522113,镇,王窑镇
620522,620522114,镇,中山镇
620522,620522115,镇,王铺镇
620522,620522116,镇,云山镇
620523,620523100,镇,大像山镇
620523,620523101,镇,新兴镇
620523,620523102,镇,磐安镇
620523,620523103,镇,六峰镇
620523,620523104,镇,安远镇
620523,620523105,镇,金山镇
620523,620523106,镇,大石镇
620523,620523107,镇,礼辛镇
620523,620523108,镇,武家河镇
620523,620523109,镇,大庄镇
620523,620523110,镇,古坡镇
620523,620523111,镇,八里湾镇
620523,620523112,镇,西坪镇
620523,620523200,乡,谢家湾乡
620523,620523207,乡,白家湾乡
620524,620524100,镇,城关镇
620524,620524101,镇,鸳鸯镇
620524,620524102,镇,洛门镇
620524,620524103,镇,马力镇
620524,620524104,镇,滩歌镇
620524,620524105,镇,四门镇
620524,620524106,镇,山丹镇
620524,620524107,镇,温泉镇
620524,620524108,镇,龙台镇
620524,620524109,镇,桦林镇
620524,620524110,镇,榆盘镇
620524,620524111,镇,高楼镇
620524,620524112,镇,杨河镇
620524,620524206,乡,嘴头乡
620524,620524208,乡,沿安乡
620525,620525100,镇,张家川镇
620525,620525101,镇,龙山镇
620525,620525102,镇,恭门镇
620525,620525103,镇,马鹿镇
620525,620525104,镇,马关镇
620525,620525105,镇,梁山镇
620525,620525106,镇,刘堡镇
620525,620525107,镇,胡川镇
620525,620525108,镇,大阳镇
620525,620525109,镇,川王镇
620525,620525202,乡,张棉驿乡
620525,620525204,乡,木河乡
620525,620525205,乡,阎家乡
620525,620525209,乡,连五乡
620525,620525211,乡,平安乡
620602,620602001,街道,东大街街道
620602,620602002,街道,西大街街道
620602,620602003,街道,东关街街道
620602,620602004,街道,西关街街道
620602,620602005,街道,火车站街街道
620602,620602006,街道,地质新村街街道
620602,620602007,街道,荣华街道
620602,620602008,街道,黄羊河街道
620602,620602009,街道,宣武街街道
620602,620602100,镇,黄羊镇
620602,620602101,镇,武南镇
620602,620602102,镇,清源镇
620602,620602103,镇,永昌镇
620602,620602104,镇,双城镇
620602,620602105,镇,丰乐镇
620602,620602106,镇,高坝镇
620602,620602107,镇,金羊镇
620602,620602108,镇,和平镇
620602,620602109,镇,羊下坝镇
620602,620602110,镇,中坝镇
620602,620602111,镇,永丰镇
620602,620602112,镇,古城镇
620602,620602113,镇,张义镇
620602,620602114,镇,发放镇
620602,620602115,镇,西营镇
620602,620602116,镇,四坝镇
620602,620602117,镇,洪祥镇
620602,620602118,镇,谢河镇
620602,620602119,镇,金沙镇
620602,620602120,镇,怀安镇
620602,620602121,镇,河东镇
620602,620602122,镇,松树镇
620602,620602123,镇,清水镇
620602,620602124,镇,下双镇
620602,620602125,镇,五和镇
620602,620602126,镇,长城镇
620602,620602127,镇,吴家井镇
620602,620602128,镇,金河镇
620602,620602129,镇,新华镇
620602,620602130,镇,金塔镇
620602,620602131,镇,大柳镇
620602,620602132,镇,康宁镇
620602,620602133,镇,九墩镇
620602,620602134,镇,柏树镇
620602,620602135,镇,韩佐镇
620602,620602136,镇,金山镇
620621,620621101,镇,东坝镇
620621,620621102,镇,泉山镇
620621,620621103,镇,西渠镇
620621,620621104,镇,东湖镇
620621,620621105,镇,三雷镇
620621,620621106,镇,红砂岗镇
620621,620621107,镇,昌宁镇
620621,620621108,镇,重兴镇
620621,620621109,镇,薛百镇
620621,620621110,镇,大坝镇
620621,620621111,镇,苏武镇
620621,620621112,镇,大滩镇
620621,620621113,镇,双茨科镇
620621,620621114,镇,红沙梁镇
620621,620621115,镇,蔡旗镇
620621,620621116,镇,收成镇
620621,620621117,镇,夹河镇
620621,620621118,镇,南湖镇
620622,620622100,镇,古浪镇
620622,620622101,镇,泗水镇
620622,620622102,镇,土门镇
620622,620622103,镇,大靖镇
620622,620622104,镇,裴家营镇
620622,620622105,镇,海子滩镇
620622,620622106,镇,定宁镇
620622,620622107,镇,黄羊川镇
620622,620622108,镇,黑松驿镇
620622,620622109,镇,永丰滩镇
620622,620622110,镇,黄花滩镇
620622,620622111,镇,西靖镇
620622,620622112,镇,民权镇
620622,620622113,镇,直滩镇
620622,620622114,镇,古丰镇
620622,620622115,镇,新堡镇
620622,620622116,镇,干城镇
620622,620622117,镇,横梁镇
620622,620622215,乡,十八里堡乡
620623,620623100,镇,华藏寺镇
620623,620623101,镇,打柴沟镇
620623,620623102,镇,安远镇
620623,620623103,镇,炭山岭镇
620623,620623104,镇,哈溪镇
620623,620623105,镇,松山镇
620623,620623106,镇,赛什斯镇
620623,620623107,镇,石门镇
620623,620623108,镇,天堂镇
620623,620623109,镇,朵什镇
620623,620623110,镇,西大滩镇
620623,620623120,镇,大红沟镇
620623,620623130,镇,抓喜秀龙镇
620623,620623140,镇,祁连镇
620623,620623203,乡,东坪乡
620623,620623205,乡,赛拉隆乡
620623,620623206,乡,东大滩乡
620623,620623213,乡,旦马乡
620623,620623214,乡,毛藏乡
620702,620702001,街道,东街街道
620702,620702002,街道,南街街道
620702,620702003,街道,西街街道
620702,620702004,街道,北街街道
620702,620702005,街道,火车站街道
620702,620702100,镇,梁家墩镇
620702,620702101,镇,上秦镇
620702,620702102,镇,大满镇
620702,620702103,镇,沙井镇
620702,620702104,镇,乌江镇
620702,620702105,镇,甘浚镇
620702,620702106,镇,新墩镇
620702,620702107,镇,党寨镇
620702,620702108,镇,碱滩镇
620702,620702109,镇,三闸镇
620702,620702110,镇,小满镇
620702,620702111,镇,长安镇
620702,620702112,镇,明永镇
620702,620702201,民族乡,平山湖蒙古族乡
620702,620702202,乡,龙渠乡
620702,620702203,乡,安阳乡
620702,620702204,乡,花寨乡
620702,620702207,乡,靖安乡
620721,620721100,镇,红湾寺镇
620721,620721101,镇,皇城镇
620721,620721102,镇,康乐镇
620721,620721103,镇,明花镇
620721,620721200,民族乡,马蹄藏族乡
620721,620721202,民族乡,白银蒙古族乡
620721,620721203,乡,大河乡
620721,620721205,民族乡,祁丰藏族乡
620722,620722101,镇,洪水镇
620722,620722102,镇,六坝镇
620722,620722103,镇,新天镇
620722,620722104,镇,南古镇
620722,620722105,镇,永固镇
620722,620722106,镇,三堡镇
620722,620722107,镇,南丰镇
620722,620722108,镇,民联镇
620722,620722109,镇,顺化镇
620722,620722110,镇,丰乐镇
620723,620723101,镇,沙河镇
620723,620723102,镇,新华镇
620723,620723103,镇,蓼泉镇
620723,620723104,镇,平川镇
620723,620723105,镇,板桥镇
620723,620723106,镇,鸭暖镇
620723,620723107,镇,倪家营镇
620724,620724100,镇,城关镇
620724,620724101,镇,宣化镇
620724,620724102,镇,南华镇
620724,620724103,镇,巷道镇
620724,620724104,镇,新坝镇
620724,620724105,镇,骆驼城镇
620724,620724106,镇,合黎镇
620724,620724107,镇,黑泉镇
620724,620724108,镇,罗城镇
620725,620725101,镇,清泉镇
620725,620725102,镇,位奇镇
620725,620725103,镇,霍城镇
620725,620725104,镇,陈户镇
620725,620725105,镇,大马营镇
620725,620725106,镇,东乐镇
620725,620725203,乡,老军乡
620725,620725204,乡,李桥乡
620802,620802001,街道,东关街道
620802,620802002,街道,中街街道
620802,620802003,街道,西郊街道
620802,620802100,镇,四十里铺镇
620802,620802101,镇,崆峒镇
620802,620802102,镇,草峰镇
620802,620802103,镇,白水镇
620802,620802104,镇,安国镇
620802,620802105,镇,柳湖镇
620802,620802106,镇,花所镇
620802,620802206,乡,索罗乡
620802,620802208,民族乡,西阳回族乡
620802,620802209,民族乡,大秦回族乡
620802,620802210,民族乡,白庙回族乡
620802,620802211,民族乡,寨河回族乡
620802,620802212,乡,香莲乡
620802,620802214,乡,麻武乡
620802,620802216,民族乡,峡门回族乡
620802,620802217,民族乡,上杨回族乡
620802,620802219,民族乡,大寨回族乡
620821,620821100,镇,城关镇
620821,620821101,镇,玉都镇
620821,620821102,镇,高平镇
620821,620821103,镇,荔堡镇
620821,620821104,镇,王村镇
620821,620821105,镇,窑店镇
620821,620821106,镇,党原镇
620821,620821107,镇,丰台镇
620821,620821108,镇,飞云镇
620821,620821109,镇,汭丰镇
620821,620821110,镇,太平镇
620821,620821204,乡,罗汉洞乡
620821,620821205,乡,泾明乡
620821,620821206,乡,红河乡
620822,620822100,镇,中台镇
620822,620822101,镇,什字镇
620822,620822102,镇,朝那镇
620822,620822103,镇,邵寨镇
620822,620822104,镇,独店镇
620822,620822105,镇,西屯镇
620822,620822106,镇,上良镇
620822,620822107,镇,百里镇
620822,620822108,镇,蒲窝镇
620822,620822206,乡,新开乡
620822,620822207,乡,梁原乡
620822,620822208,乡,龙门乡
620822,620822210,乡,星火乡
620823,620823100,镇,锦屏镇
620823,620823101,镇,新窑镇
620823,620823102,镇,柏树镇
620823,620823103,镇,黄寨镇
620823,620823205,乡,黄花乡
620823,620823207,乡,木林乡
620825,620825100,镇,水洛镇
620825,620825101,镇,南湖镇
620825,620825102,镇,朱店镇
620825,620825103,镇,万泉镇
620825,620825104,镇,韩店镇
620825,620825105,镇,卧龙镇
620825,620825106,镇,阳川镇
620825,620825107,镇,盘安镇
620825,620825108,镇,通化镇
620825,620825109,镇,大庄镇
620825,620825110,镇,永宁镇
620825,620825111,镇,良邑镇
620825,620825112,镇,岳堡镇
620825,620825113,镇,柳梁镇
620825,620825114,镇,南坪镇
620825,620825201,乡,杨河乡
620825,620825202,乡,赵墩乡
620825,620825215,乡,郑河乡
620826,620826100,镇,城关镇
620826,620826101,镇,威戎镇
620826,620826102,镇,界石铺镇
620826,620826103,镇,李店镇
620826,620826104,镇,八里镇
620826,620826105,镇,甘沟镇
620826,620826106,镇,古城镇
620826,620826107,镇,仁大镇
620826,620826108,镇,城川镇
620826,620826109,镇,曹务镇
620826,620826110,镇,雷大镇
620826,620826111,镇,四河镇
620826,620826112,镇,细巷镇
620826,620826113,镇,治平镇
620826,620826114,镇,原安镇
620826,620826115,镇,红寺镇
620826,620826116,镇,双岘镇
620826,620826202,乡,司桥乡
620826,620826209,乡,余湾乡
620826,620826212,乡,贾河乡
620826,620826214,乡,深沟乡
620826,620826216,乡,新店乡
620826,620826224,乡,三合乡
620826,620826226,乡,灵芝乡
620881,620881100,镇,东华镇
620881,620881101,镇,安口镇
620881,620881102,镇,西华镇
620881,620881103,镇,马峡镇
620881,620881104,镇,策底镇
620881,620881105,镇,上关镇
620881,620881106,镇,河西镇
620881,620881200,民族乡,神峪回族乡
620881,620881201,民族乡,山寨回族乡
620881,620881202,乡,砚峡乡
620902,620902001,街道,东北街道
620902,620902002,街道,东南街道
620902,620902003,街道,工业园街道
620902,620902004,街道,西北街道
620902,620902005,街道,西南街道
620902,620902006,街道,新城街道
620902,620902007,街道,玉门油田生活基地街道
620902,620902100,镇,西洞镇
620902,620902102,镇,总寨镇
620902,620902103,镇,金佛寺镇
620902,620902105,镇,三墩镇
620902,620902106,镇,上坝镇
620902,620902107,镇,清水镇
620902,620902108,镇,银达镇
620902,620902109,镇,泉湖镇
620902,620902110,镇,果园镇
620902,620902111,镇,西峰镇
620902,620902112,镇,铧尖镇
620902,620902113,镇,东洞镇
620902,620902114,镇,丰乐镇
620902,620902115,镇,下河清镇
620902,620902207,民族乡,黄泥堡裕固族乡
620921,620921100,镇,中东镇
620921,620921101,镇,鼎新镇
620921,620921102,镇,金塔镇
620921,620921103,镇,东坝镇
620921,620921105,镇,航天镇
620921,620921106,镇,大庄子镇
620921,620921107,镇,西坝镇
620921,620921204,乡,古城乡
620921,620921209,乡,羊井子湾乡
620922,620922100,镇,渊泉镇
620922,620922101,镇,柳园镇
620922,620922102,镇,三道沟镇
620922,620922103,镇,南岔镇
620922,620922104,镇,锁阳城镇
620922,620922105,镇,西湖镇
620922,620922106,镇,河东镇
620922,620922107,镇,腰站子东乡族镇
620922,620922108,镇,双塔镇
620922,620922109,镇,瓜州镇
620922,620922201,乡,布隆吉乡
620922,620922206,民族乡,七墩回族东乡族乡
620922,620922207,民族乡,广至藏族乡
620922,620922208,乡,梁湖乡
620922,620922209,民族乡,沙河回族乡
620923,620923101,镇,马鬃山镇
620923,620923102,镇,党城湾镇
620923,620923202,乡,石包城乡
620923,620923203,乡,盐池湾乡
620924,620924100,镇,红柳湾镇
620924,620924205,乡,阿克旗乡
620924,620924206,乡,阿勒腾乡
620924,620924207,乡,阿伊纳乡
620981,620981001,街道,新市区街道
620981,620981101,镇,玉门镇
620981,620981102,镇,赤金镇
620981,620981103,镇,花海镇
620981,620981104,镇,老君庙镇
620981,620981105,镇,柳河镇
620981,620981106,镇,黄闸湾镇
620981,620981107,镇,下西号镇
620981,620981108,镇,柳湖镇
620981,620981109,镇,昌马镇
620981,620981110,镇,六墩镇
620981,620981206,民族乡,小金湾东乡族乡
620981,620981208,民族乡,独山子东乡族乡
620982,620982100,镇,沙州镇
620982,620982101,镇,七里镇
620982,620982102,镇,肃州镇
620982,620982103,镇,莫高镇
620982,620982104,镇,转渠口镇
620982,620982105,镇,阳关镇
620982,620982106,镇,月牙泉镇
620982,620982107,镇,郭家堡镇
620982,620982108,镇,黄渠镇
621002,621002001,街道,北街街道
621002,621002002,街道,南街街道
621002,621002003,街道,西街街道
621002,621002100,镇,肖金镇
621002,621002101,镇,董志镇
621002,621002102,镇,后官寨镇
621002,621002103,镇,温泉镇
621002,621002104,镇,彭原镇
621002,621002205,乡,什社乡
621002,621002207,乡,显胜乡
621021,621021100,镇,驿马镇
621021,621021101,镇,三十里铺镇
621021,621021102,镇,马岭镇
621021,621021103,镇,庆城镇
621021,621021104,镇,玄马镇
621021,621021105,镇,白马铺镇
621021,621021106,镇,桐川镇
621021,621021107,镇,赤城镇
621021,621021108,镇,高楼镇
621021,621021205,乡,太白梁乡
621021,621021207,乡,土桥乡
621021,621021208,乡,蔡口集乡
621021,621021210,乡,南庄乡
621021,621021212,乡,翟家河乡
621021,621021213,乡,蔡家庙乡
621022,621022100,镇,环城镇
621022,621022101,镇,曲子镇
621022,621022102,镇,甜水镇
621022,621022103,镇,木钵镇
621022,621022104,镇,洪德镇
621022,621022105,镇,合道镇
621022,621022106,镇,樊家川镇
621022,621022107,镇,虎洞镇
621022,621022108,镇,毛井镇
621022,621022109,镇,车道镇
621022,621022200,乡,天池乡
621022,621022202,乡,演武乡
621022,621022208,乡,八珠乡
621022,621022211,乡,耿湾乡
621022,621022213,乡,秦团庄乡
621022,621022214,乡,山城乡
621022,621022215,乡,南湫乡
621022,621022216,乡,罗山川乡
621022,621022218,乡,小南沟乡
621022,621022221,乡,芦家湾乡
621023,621023100,镇,悦乐镇
621023,621023101,镇,柔远镇
621023,621023102,镇,元城镇
621023,621023103,镇,南梁镇
621023,621023104,镇,城壕镇
621023,621023105,镇,五蛟镇
621023,621023205,乡,上里塬乡
621023,621023206,乡,王咀子乡
621023,621023208,乡,白马乡
621023,621023209,乡,怀安乡
621023,621023210,乡,乔川乡
621023,621023211,乡,乔河乡
621023,621023213,乡,山庄乡
621023,621023215,乡,林镇乡
621023,621023216,乡,紫坊畔乡
621024,621024100,镇,西华池镇
621024,621024101,镇,老城镇
621024,621024102,镇,太白镇
621024,621024103,镇,板桥镇
621024,621024104,镇,何家畔镇
621024,621024105,镇,吉岘镇
621024,621024106,镇,肖咀镇
621024,621024107,镇,固城镇
621024,621024202,乡,段家集乡
621024,621024204,乡,太莪乡
621024,621024205,乡,店子乡
621024,621024211,乡,蒿咀铺乡
621025,621025100,镇,山河镇
621025,621025101,镇,榆林子镇
621025,621025102,镇,宫河镇
621025,621025103,镇,永和镇
621025,621025104,镇,永正镇
621025,621025105,镇,周家镇
621025,621025106,镇,湫头镇
621025,621025107,镇,西坡镇
621025,621025207,民族乡,五顷塬回族乡
621025,621025208,乡,三嘉乡
621026,621026100,镇,新宁镇
621026,621026101,镇,平子镇
621026,621026102,镇,早胜镇
621026,621026103,镇,长庆桥镇
621026,621026104,镇,和盛镇
621026,621026105,镇,湘乐镇
621026,621026107,镇,新庄镇
621026,621026108,镇,盘克镇
621026,621026109,镇,焦村镇
621026,621026110,镇,中村镇
621026,621026111,镇,米桥镇
621026,621026112,镇,良平镇
621026,621026113,镇,太昌镇
621026,621026114,镇,春荣镇
621026,621026208,乡,南义乡
621026,621026210,乡,瓦斜乡
621026,621026213,乡,金村乡
621026,621026214,乡,九岘乡
621027,621027100,镇,城关镇
621027,621027101,镇,屯字镇
621027,621027102,镇,孟坝镇
621027,621027103,镇,三岔镇
621027,621027104,镇,平泉镇
621027,621027105,镇,太平镇
621027,621027106,镇,开边镇
621027,621027107,镇,临泾镇
621027,621027108,镇,新城镇
621027,621027109,镇,上肖镇
621027,621027110,镇,新集镇
621027,621027111,镇,马渠镇
621027,621027112,镇,庙渠镇
621027,621027201,乡,南川乡
621027,621027208,乡,方山乡
621027,621027209,乡,殷家城乡
621027,621027213,乡,武沟乡
621027,621027214,乡,郭原乡
621027,621027216,乡,中原乡
621102,621102001,街道,永定路街道
621102,621102002,街道,中华路街道
621102,621102003,街道,福台路街道
621102,621102101,镇,凤翔镇
621102,621102102,镇,内官营镇
621102,621102103,镇,巉口镇
621102,621102104,镇,称钩驿镇
621102,621102105,镇,鲁家沟镇
621102,621102106,镇,西巩驿镇
621102,621102107,镇,宁远镇
621102,621102108,镇,李家堡镇
621102,621102109,镇,团结镇
621102,621102110,镇,葛家岔镇
621102,621102111,镇,符家川镇
621102,621102112,镇,香泉镇
621102,621102201,乡,白碌乡
621102,621102202,乡,石峡湾乡
621102,621102203,乡,新集乡
621102,621102204,乡,青岚山乡
621102,621102205,乡,高峰乡
621102,621102206,乡,石泉乡
621102,621102207,乡,杏园乡
621121,621121101,镇,平襄镇
621121,621121102,镇,马营镇
621121,621121103,镇,鸡川镇
621121,621121104,镇,榜罗镇
621121,621121105,镇,常家河镇
621121,621121106,镇,义岗川镇
621121,621121115,镇,华家岭镇
621121,621121116,镇,陇山镇
621121,621121117,镇,陇川镇
621121,621121118,镇,碧玉镇
621121,621121119,镇,陇阳镇
621121,621121120,镇,襄南镇
621121,621121121,镇,北城铺镇
621121,621121122,镇,什川镇
621121,621121203,乡,新景乡
621121,621121207,乡,李家店乡
621121,621121209,乡,寺子川乡
621121,621121212,乡,第三铺乡
621122,621122100,镇,巩昌镇
621122,621122101,镇,文峰镇
621122,621122103,镇,首阳镇
621122,621122104,镇,菜子镇
621122,621122105,镇,云田镇
621122,621122106,镇,通安驿镇
621122,621122109,镇,碧岩镇
621122,621122110,镇,福星镇
621122,621122112,镇,马河镇
621122,621122113,镇,柯寨镇
621122,621122114,镇,双泉镇
621122,621122115,镇,权家湾镇
621122,621122201,乡,永吉乡
621122,621122202,乡,和平乡
621122,621122203,乡,渭阳乡
621122,621122205,乡,宏伟乡
621122,621122207,乡,德兴乡
621123,621123100,镇,清源镇
621123,621123101,镇,莲峰镇
621123,621123102,镇,会川镇
621123,621123103,镇,五竹镇
621123,621123104,镇,路园镇
621123,621123105,镇,北寨镇
621123,621123106,镇,麻家集镇
621123,621123107,镇,新寨镇
621123,621123108,镇,庆坪镇
621123,621123109,镇,祁家庙镇
621123,621123110,镇,上湾镇
621123,621123111,镇,锹峪镇
621123,621123203,乡,大安乡
621123,621123204,乡,秦祁乡
621123,621123210,乡,峡城乡
621123,621123211,乡,田家河乡
621124,621124101,镇,洮阳镇
621124,621124102,镇,八里铺镇
621124,621124103,镇,新添镇
621124,621124104,镇,辛店镇
621124,621124105,镇,太石镇
621124,621124106,镇,中铺镇
621124,621124107,镇,峡口镇
621124,621124108,镇,龙门镇
621124,621124109,镇,窑店镇
621124,621124110,镇,玉井镇
621124,621124111,镇,衙下集镇
621124,621124112,镇,南屏镇
621124,621124201,乡,红旗乡
621124,621124202,乡,上营乡
621124,621124203,乡,康家集乡
621124,621124204,乡,站滩乡
621124,621124205,乡,连儿湾乡
621124,621124206,乡,漫洼乡
621125,621125101,镇,武阳镇
621125,621125102,镇,三岔镇
621125,621125103,镇,新寺镇
621125,621125104,镇,金钟镇
621125,621125105,镇,盐井镇
621125,621125106,镇,殪虎桥镇
621125,621125107,镇,大草滩镇
621125,621125108,镇,四族镇
621125,621125109,镇,石川镇
621125,621125110,镇,贵清山镇
621125,621125204,乡,马泉乡
621125,621125208,乡,武当乡
621125,621125209,乡,东泉乡
621126,621126101,镇,岷阳镇
621126,621126102,镇,西寨镇
621126,621126103,镇,梅川镇
621126,621126104,镇,西江镇
621126,621126105,镇,闾井镇
621126,621126106,镇,十里镇
621126,621126107,镇,茶埠镇
621126,621126108,镇,中寨镇
621126,621126109,镇,蒲麻镇
621126,621126110,镇,马坞镇
621126,621126111,镇,清水镇
621126,621126112,镇,寺沟镇
621126,621126113,镇,麻子川镇
621126,621126114,镇,禾驮镇
621126,621126115,镇,维新镇
621126,621126204,乡,秦许乡
621126,621126207,乡,申都乡
621126,621126208,乡,锁龙乡
621202,621202001,街道,钟楼街道
621202,621202002,街道,吉石坝街道
621202,621202003,街道,江北街道
621202,621202004,街道,江南街道
621202,621202100,镇,城关镇
621202,621202101,镇,安化镇
621202,621202102,镇,东江镇
621202,621202103,镇,两水镇
621202,621202104,镇,汉王镇
621202,621202105,镇,洛塘镇
621202,621202106,镇,三河镇
621202,621202107,镇,角弓镇
621202,621202108,镇,马街镇
621202,621202109,镇,鱼龙镇
621202,621202110,镇,甘泉镇
621202,621202111,镇,琵琶镇
621202,621202112,镇,外纳镇
621202,621202113,镇,马营镇
621202,621202114,镇,柏林镇
621202,621202115,镇,姚寨镇
621202,621202116,镇,佛崖镇
621202,621202117,镇,石门镇
621202,621202118,镇,五马镇
621202,621202119,镇,裕河镇
621202,621202120,镇,汉林镇
621202,621202121,镇,桔柑镇
621202,621202122,镇,隆兴镇
621202,621202123,镇,黄坪镇
621202,621202124,镇,五库镇
621202,621202125,镇,三仓镇
621202,621202201,民族乡,坪垭藏族乡
621202,621202203,乡,蒲池乡
621202,621202211,乡,池坝乡
621202,621202218,乡,龙坝乡
621202,621202219,乡,龙凤乡
621202,621202221,民族乡,磨坝藏族乡
621202,621202225,乡,玉皇乡
621202,621202226,乡,郭河乡
621202,621202229,乡,枫相乡
621202,621202233,乡,月照乡
621221,621221100,镇,城关镇
621221,621221101,镇,黄渚镇
621221,621221102,镇,红川镇
621221,621221103,镇,小川镇
621221,621221104,镇,纸坊镇
621221,621221105,镇,抛沙镇
621221,621221106,镇,黄陈镇
621221,621221107,镇,陈院镇
621221,621221108,镇,鸡峰镇
621221,621221109,镇,王磨镇
621221,621221110,镇,店村镇
621221,621221111,镇,沙坝镇
621221,621221112,镇,索池镇
621221,621221113,镇,苏元镇
621221,621221203,乡,宋坪乡
621221,621221206,乡,二郎乡
621221,621221213,乡,镡河乡
621222,621222100,镇,城关镇
621222,621222101,镇,碧口镇
621222,621222102,镇,尚德镇
621222,621222103,镇,中寨镇
621222,621222104,镇,桥头镇
621222,621222105,镇,临江镇
621222,621222106,镇,梨坪镇
621222,621222107,镇,天池镇
621222,621222108,镇,堡子坝镇
621222,621222109,镇,石坊镇
621222,621222110,镇,石鸡坝镇
621222,621222111,镇,丹堡镇
621222,621222112,镇,中庙镇
621222,621222113,镇,范坝镇
621222,621222200,民族乡,铁楼藏族乡
621222,621222205,乡,刘家坪乡
621222,621222206,乡,玉垒乡
621222,621222211,乡,口头坝乡
621222,621222212,乡,尖山乡
621222,621222215,乡,舍书乡
621223,621223100,镇,城关镇
621223,621223101,镇,哈达铺镇
621223,621223102,镇,理川镇
621223,621223103,镇,南阳镇
621223,621223104,镇,官亭镇
621223,621223105,镇,沙湾镇
621223,621223106,镇,阿坞镇
621223,621223107,镇,南河镇
621223,621223108,镇,八力镇
621223,621223109,镇,临江铺镇
621223,621223110,镇,两河口镇
621223,621223206,乡,木耳乡
621223,621223207,乡,庞家乡
621223,621223209,乡,何家堡乡
621223,621223211,乡,贾河乡
621223,621223212,乡,将台乡
621223,621223213,乡,车拉乡
621223,621223214,民族乡,新城子藏族乡
621223,621223216,乡,好梯乡
621223,621223217,乡,韩院乡
621223,621223218,乡,竹院乡
621223,621223219,乡,兴化乡
621223,621223220,乡,甘江头乡
621223,621223223,乡,新寨乡
621223,621223224,乡,狮子乡
621224,621224100,镇,城关镇
621224,621224101,镇,平洛镇
621224,621224102,镇,大堡镇
621224,621224103,镇,岸门口镇
621224,621224104,镇,两河镇
621224,621224105,镇,长坝镇
621224,621224106,镇,云台镇
621224,621224107,镇,阳坝镇
621224,621224108,镇,周家坝镇
621224,621224109,镇,望关镇
621224,621224110,镇,王坝镇
621224,621224111,镇,大南峪镇
621224,621224112,镇,碾坝镇
621224,621224113,镇,豆坝镇
621224,621224114,镇,铜钱镇
621224,621224115,镇,三河坝镇
621224,621224116,镇,白杨镇
621224,621224117,镇,寺台镇
621224,621224204,乡,迷坝乡
621224,621224209,乡,店子乡
621224,621224214,乡,太石乡
621225,621225100,镇,汉源镇
621225,621225101,镇,长道镇
621225,621225102,镇,姜席镇
621225,621225103,镇,石峡镇
621225,621225104,镇,何坝镇
621225,621225105,镇,洛峪镇
621225,621225106,镇,马元镇
621225,621225107,镇,大桥镇
621225,621225108,镇,西峪镇
621225,621225109,镇,十里镇
621225,621225110,镇,石堡镇
621225,621225111,镇,兴隆镇
621225,621225112,镇,苏合镇
621225,621225113,镇,稍峪镇
621225,621225114,镇,卢河镇
621225,621225115,镇,西高山镇
621225,621225206,乡,晒经乡
621225,621225208,乡,六巷乡
621225,621225209,乡,太石河乡
621225,621225210,乡,蒿林乡
621226,621226100,镇,城关镇
621226,621226101,镇,盐官镇
621226,621226102,镇,石桥镇
621226,621226103,镇,白河镇
621226,621226104,镇,红河镇
621226,621226105,镇,宽川镇
621226,621226106,镇,祁山镇
621226,621226107,镇,永兴镇
621226,621226108,镇,永坪镇
621226,621226109,镇,中坝镇
621226,621226110,镇,雷坝镇
621226,621226111,镇,罗坝镇
621226,621226112,镇,崖城镇
621226,621226113,镇,洮坪镇
621226,621226114,镇,龙林镇
621226,621226115,镇,固城镇
621226,621226116,镇,湫山镇
621226,621226117,镇,江口镇
621226,621226118,镇,白关镇
621226,621226119,镇,王坝镇
621226,621226120,镇,滩坪镇
621226,621226121,镇,桥头镇
621226,621226203,乡,马河乡
621226,621226215,乡,上坪乡
621226,621226219,乡,雷王乡
621226,621226224,乡,沙金乡
621226,621226228,乡,草坪乡
621226,621226231,乡,肖良乡
621226,621226232,乡,三峪乡
621227,621227100,镇,城关镇
621227,621227101,镇,伏家镇
621227,621227102,镇,江洛镇
621227,621227103,镇,泥阳镇
621227,621227104,镇,柳林镇
621227,621227105,镇,嘉陵镇
621227,621227106,镇,永宁镇
621227,621227107,镇,银杏树镇
621227,621227108,镇,水阳镇
621227,621227109,镇,栗川镇
621227,621227110,镇,麻沿河镇
621227,621227111,镇,大河店镇
621227,621227112,镇,高桥镇
621227,621227208,乡,榆树乡
621227,621227211,乡,虞关乡
621228,621228100,镇,城关镇
621228,621228101,镇,站儿巷镇
621228,621228102,镇,西坡镇
621228,621228103,镇,杨店镇
621228,621228104,镇,显龙镇
621228,621228105,镇,云屏镇
621228,621228201,乡,左家乡
621228,621228203,乡,鱼池乡
621228,621228204,乡,兴化乡
621228,621228205,乡,张家乡
621228,621228207,乡,泰山乡
621228,621228208,乡,金洞乡
622901,622901001,街道,城南街道
622901,622901002,街道,城北街道
622901,622901003,街道,东关街道
622901,622901004,街道,西关街道
622901,622901005,街道,八坊街道
622901,622901006,街道,红园街道
622901,622901007,街道,东区街道
622901,622901100,镇,城郊镇
622901,622901101,镇,枹罕镇
622901,622901102,镇,南龙镇
622901,622901103,镇,折桥镇
622921,622921100,镇,韩集镇
622921,622921101,镇,土桥镇
622921,622921103,镇,马集镇
622921,622921106,镇,尹集镇
622921,622921119,镇,莲花镇
622921,622921121,镇,新集镇
622921,622921122,镇,黄泥湾镇
622921,622921123,镇,刁祁镇
622921,622921124,镇,北塬镇
622921,622921200,乡,营滩乡
622921,622921201,乡,掌子沟乡
622921,622921202,乡,麻尼寺沟乡
622921,622921204,乡,漠泥沟乡
622921,622921208,乡,漫路乡
622921,622921209,乡,榆林乡
622921,622921210,民族乡,井沟东乡族乡
622921,622921213,乡,坡头乡
622921,622921214,乡,桥寺乡
622921,622921215,乡,先锋乡
622921,622921216,乡,河西乡
622921,622921217,民族乡,安家坡东乡族乡
622921,622921218,乡,南塬乡
622921,622921220,乡,红台乡
622921,622921223,乡,路盘乡
622921,622921224,乡,民主乡
622922,622922100,镇,附城镇
622922,622922101,镇,苏集镇
622922,622922108,镇,胭脂镇
622922,622922112,镇,景古镇
622922,622922113,镇,莲麓镇
622922,622922200,乡,康丰乡
622922,622922201,乡,虎关乡
622922,622922202,乡,流川乡
622922,622922203,乡,白王乡
622922,622922204,乡,八松乡
622922,622922205,乡,鸣鹿乡
622922,622922206,乡,八丹乡
622922,622922207,乡,上湾乡
622922,622922210,乡,草滩乡
622922,622922211,乡,五户乡
622923,622923100,镇,刘家峡镇
622923,622923101,镇,盐锅峡镇
622923,622923102,镇,太极镇
622923,622923103,镇,西河镇
622923,622923104,镇,三塬镇
622923,622923105,镇,岘塬镇
622923,622923106,镇,陈井镇
622923,622923107,镇,川城镇
622923,622923108,镇,王台镇
622923,622923109,镇,红泉镇
622923,622923200,乡,关山乡
622923,622923201,乡,徐顶乡
622923,622923202,乡,三条岘乡
622923,622923203,乡,坪沟乡
622923,622923206,乡,新寺乡
622923,622923207,乡,小岭乡
622923,622923208,乡,杨塔乡
622924,622924100,镇,城关镇
622924,622924101,镇,三甲集镇
622924,622924102,镇,祁家集镇
622924,622924103,镇,庄窠集镇
622924,622924104,镇,买家巷镇
622924,622924105,镇,齐家镇
622924,622924202,乡,水泉乡
622924,622924203,乡,官坊乡
622924,622924204,民族乡,阿力麻土东乡族乡
622925,622925100,镇,城关镇
622925,622925101,镇,三合镇
622925,622925102,镇,三十里铺镇
622925,622925103,镇,马家堡镇
622925,622925105,镇,买家集镇
622925,622925106,镇,松鸣镇
622925,622925107,镇,陈家集镇
622925,622925108,镇,新营镇
622925,622925109,镇,罗家集镇
622925,622925200,民族乡,梁家寺东乡族乡
622925,622925203,乡,卜家庄乡
622925,622925207,乡,新庄乡
622925,622925209,乡,达浪乡
622926,622926100,镇,锁南镇
622926,622926101,镇,达板镇
622926,622926103,镇,河滩镇
622926,622926107,镇,那勒寺镇
622926,622926118,镇,唐汪镇
622926,622926119,镇,果园镇
622926,622926120,镇,汪集镇
622926,622926121,镇,龙泉镇
622926,622926200,乡,春台乡
622926,622926201,乡,柳树乡
622926,622926202,乡,东塬乡
622926,622926204,乡,坪庄乡
622926,622926205,乡,百和乡
622926,622926206,乡,关卜乡
622926,622926208,乡,赵家乡
622926,622926209,乡,五家乡
622926,622926212,乡,沿岭乡
622926,622926214,乡,凤山乡
622926,622926215,乡,车家湾乡
622926,622926219,乡,大树乡
622926,622926220,乡,北岭乡
622926,622926222,乡,考勒乡
622926,622926223,乡,董岭乡
622927,622927100,镇,吹麻滩镇
622927,622927101,镇,大河家镇
622927,622927108,镇,居集镇
622927,622927113,镇,癿藏镇
622927,622927114,镇,石塬镇
622927,622927115,镇,安集镇
622927,622927116,镇,银川镇
622927,622927201,乡,刘集乡
622927,622927203,乡,柳沟乡
622927,622927204,乡,关家川乡
622927,622927205,乡,胡林家乡
622927,622927207,乡,寨子沟乡
622927,622927209,乡,郭干乡
622927,622927210,乡,徐扈家乡
622927,622927211,乡,中咀岭乡
622927,622927212,乡,小关乡
622927,622927214,乡,铺川乡
623001,623001001,街道,当周街道
623001,623001002,街道,伊合昂街道
623001,623001003,街道,坚木克尔街道
623001,623001004,街道,通钦街道
623001,623001100,镇,佐盖曼玛镇
623001,623001101,镇,那吾镇
623001,623001102,镇,勒秀镇
623001,623001200,乡,卡加曼乡
623001,623001201,乡,卡加道乡
623001,623001202,乡,佐盖多玛乡
623021,623021101,镇,城关镇
623021,623021102,镇,新城镇
623021,623021103,镇,冶力关镇
623021,623021104,镇,羊永镇
623021,623021105,镇,王旗镇
623021,623021106,镇,古战镇
623021,623021107,镇,洮滨镇
623021,623021108,镇,八角镇
623021,623021109,镇,流顺镇
623021,623021110,镇,店子镇
623021,623021111,镇,羊沙镇
623021,623021201,乡,术布乡
623021,623021203,民族乡,卓洛回族乡
623021,623021204,民族乡,长川回族乡
623021,623021209,乡,三岔乡
623021,623021211,乡,石门乡
623022,623022100,镇,柳林镇
623022,623022101,镇,木耳镇
623022,623022102,镇,扎古录镇
623022,623022103,镇,喀尔钦镇
623022,623022104,镇,藏巴哇镇
623022,623022105,镇,纳浪镇
623022,623022106,镇,洮砚镇
623022,623022107,镇,阿子滩镇
623022,623022108,镇,申藏镇
623022,623022109,镇,完冒镇
623022,623022110,镇,尼巴镇
623022,623022204,乡,刀告乡
623022,623022208,乡,恰盖乡
623022,623022209,乡,康多乡
623022,623022210,民族乡,杓哇土族乡
623023,623023100,镇,城关镇
623023,623023101,镇,大川镇
623023,623023102,镇,峰迭镇
623023,623023103,镇,立节镇
623023,623023104,镇,东山镇
623023,623023105,镇,曲告纳镇
623023,623023106,镇,博峪镇
623023,623023107,镇,巴藏镇
623023,623023108,镇,憨班镇
623023,623023109,镇,坪定镇
623023,623023110,镇,果耶镇
623023,623023111,镇,武坪镇
623023,623023112,镇,大峪镇
623023,623023113,镇,江盘镇
623023,623023114,镇,拱坝镇
623023,623023200,乡,曲瓦乡
623023,623023209,乡,南峪乡
623023,623023211,乡,八楞乡
623023,623023213,乡,插岗乡
623024,623024101,镇,电尕镇
623024,623024102,镇,益哇镇
623024,623024103,镇,旺藏镇
623024,623024104,镇,腊子口镇
623024,623024105,镇,洛大镇
623024,623024201,乡,卡坝乡
623024,623024202,乡,达拉乡
623024,623024203,乡,桑坝乡
623024,623024204,乡,尼傲乡
623024,623024206,乡,阿夏乡
623024,623024207,乡,多儿乡
623025,623025101,镇,尼玛镇
623025,623025102,镇,阿万仓镇
623025,623025103,镇,齐哈玛镇
623025,623025104,镇,曼日玛镇
623025,623025105,镇,欧拉镇
623025,623025106,镇,采日玛镇
623025,623025202,乡,欧拉秀玛乡
623025,623025204,乡,木西合乡
623026,623026101,镇,郎木寺镇
623026,623026102,镇,玛艾镇
623026,623026103,镇,尕海镇
623026,623026104,镇,西仓镇
623026,623026105,镇,双岔镇
623026,623026203,乡,拉仁关乡
623026,623026205,乡,阿拉乡
623027,623027100,镇,拉卜楞镇
623027,623027101,镇,王格尔塘镇
623027,623027102,镇,阿木去乎镇
623027,623027103,镇,桑科镇
623027,623027104,镇,甘加镇
623027,623027105,镇,麻当镇
623027,623027106,镇,博拉镇
623027,623027107,镇,科才镇
623027,623027203,乡,达麦乡
623027,623027205,乡,曲奥乡
623027,623027206,乡,唐尕昂乡
623027,623027207,乡,扎油乡
623027,623027208,乡,吉仓乡
630102,630102001,街道,东关大街街道
630102,630102002,街道,清真巷街道
630102,630102003,街道,大众街街道
630102,630102004,街道,周家泉街道
630102,630102005,街道,火车站街道
630102,630102006,街道,八一路街道
630102,630102007,街道,林家崖街道
630102,630102100,镇,乐家湾镇
630102,630102101,镇,韵家口镇
630103,630103001,街道,人民街街道
630103,630103002,街道,南滩街道
630103,630103003,街道,仓门街街道
630103,630103004,街道,礼让街街道
630103,630103005,街道,饮马街街道
630103,630103006,街道,南川东路街道
630103,630103007,街道,南川西路街道
630103,630103100,镇,总寨镇
630104,630104001,街道,西关大街街道
630104,630104002,街道,古城台街道
630104,630104003,街道,虎台街道
630104,630104004,街道,胜利路街道
630104,630104005,街道,兴海路街道
630104,630104006,街道,文汇路街道
630104,630104007,街道,通海路街道
630104,630104100,镇,彭家寨镇
630105,630105001,街道,朝阳街道
630105,630105002,街道,小桥大街街道
630105,630105003,街道,马坊街道
630105,630105004,街道,火车西站街道
630105,630105100,镇,大堡子镇
630105,630105101,镇,二十里铺镇
630106,630106001,街道,康川街道
630106,630106100,镇,田家寨镇
630106,630106101,镇,上新庄镇
630106,630106102,镇,鲁沙尔镇
630106,630106103,镇,甘河滩镇
630106,630106104,镇,共和镇
630106,630106105,镇,多巴镇
630106,630106106,镇,拦隆口镇
630106,630106107,镇,上五庄镇
630106,630106108,镇,李家山镇
630106,630106109,镇,西堡镇
630106,630106200,民族乡,群加藏族乡
630106,630106201,乡,土门关乡
630106,630106202,民族乡,汉东回族乡
630106,630106203,民族乡,大才回族乡
630106,630106204,乡,海子沟乡
630121,630121100,镇,桥头镇
630121,630121101,镇,城关镇
630121,630121102,镇,塔尔镇
630121,630121103,镇,东峡镇
630121,630121104,镇,黄家寨镇
630121,630121105,镇,长宁镇
630121,630121106,镇,景阳镇
630121,630121107,镇,多林镇
630121,630121108,镇,新庄镇
630121,630121200,乡,青林乡
630121,630121201,乡,青山乡
630121,630121202,乡,逊让乡
630121,630121203,乡,极乐乡
630121,630121205,乡,宝库乡
630121,630121206,乡,斜沟乡
630121,630121207,乡,良教乡
630121,630121208,民族乡,向化藏族乡
630121,630121209,乡,桦林乡
630121,630121210,民族乡,朔北藏族乡
630121,630121212,乡,石山乡
630123,630123100,镇,城关镇
630123,630123101,镇,大华镇
630123,630123201,乡,东峡乡
630123,630123202,民族乡,日月藏族乡
630123,630123203,乡,和平乡
630123,630123204,乡,波航乡
630123,630123205,乡,申中乡
630123,630123207,乡,巴燕乡
630123,630123208,乡,寺寨乡
630202,630202001,街道,碾伯街道
630202,630202002,街道,岗沟街道
630202,630202100,镇,碾伯镇
630202,630202101,镇,高庙镇
630202,630202102,镇,瞿昙镇
630202,630202103,镇,洪水镇
630202,630202104,镇,雨润镇
630202,630202105,镇,高店镇
630202,630202106,镇,寿乐镇
630202,630202200,民族乡,下营藏族乡
630202,630202201,乡,城台乡
630202,630202202,乡,峰堆乡
630202,630202203,民族乡,达拉土族乡
630202,630202204,乡,共和乡
630202,630202205,乡,中岭乡
630202,630202206,乡,李家乡
630202,630202207,乡,芦花乡
630202,630202208,乡,马营乡
630202,630202209,乡,马厂乡
630202,630202210,民族乡,中坝藏族乡
630202,630202211,乡,蒲台乡
630203,630203001,街道,平安街道
630203,630203002,街道,小峡街道
630203,630203102,镇,三合镇
630203,630203200,民族乡,洪水泉回族乡
630203,630203201,民族乡,石灰窑回族乡
630203,630203202,民族乡,古城回族乡
630203,630203203,民族乡,沙沟回族乡
630203,630203204,民族乡,巴藏沟回族乡
630222,630222100,镇,川口镇
630222,630222101,镇,古鄯镇
630222,630222102,镇,马营镇
630222,630222103,镇,官亭镇
630222,630222104,镇,巴州镇
630222,630222105,镇,满坪镇
630222,630222106,镇,李二堡镇
630222,630222107,镇,峡门镇
630222,630222200,乡,马场垣乡
630222,630222201,乡,北山乡
630222,630222202,乡,西沟乡
630222,630222203,乡,总堡乡
630222,630222204,乡,隆治乡
630222,630222205,乡,大庄乡
630222,630222206,乡,转导乡
630222,630222207,乡,前河乡
630222,630222208,乡,甘沟乡
630222,630222209,乡,中川乡
630222,630222210,民族乡,杏儿藏族乡
630222,630222211,乡,核桃庄乡
630222,630222212,乡,新民乡
630222,630222213,乡,松树乡
630223,630223001,街道,高寨街道
630223,630223100,镇,威远镇
630223,630223101,镇,丹麻镇
630223,630223103,镇,南门峡镇
630223,630223104,镇,加定镇
630223,630223105,镇,塘川镇
630223,630223106,镇,五十镇
630223,630223107,镇,五峰镇
630223,630223200,乡,红崖子沟乡
630223,630223201,乡,哈拉直沟乡
630223,630223202,民族乡,松多藏族乡
630223,630223203,乡,东山乡
630223,630223204,乡,东和乡
630223,630223205,乡,东沟乡
630223,630223206,乡,林川乡
630223,630223207,乡,台子乡
630223,630223208,乡,西山乡
630223,630223209,乡,蔡家堡乡
630223,630223210,民族乡,巴扎藏族乡
630224,630224100,镇,巴燕镇
630224,630224101,镇,群科镇
630224,630224102,镇,牙什尕镇
630224,630224103,镇,甘都镇
630224,630224104,镇,扎巴镇
630224,630224105,镇,昂思多镇
630224,630224200,民族乡,雄先藏族乡
630224,630224201,民族乡,查甫藏族乡
630224,630224202,乡,二塘乡
630224,630224203,乡,谢家滩乡
630224,630224204,乡,德恒隆乡
630224,630224205,乡,沙连堡乡
630224,630224206,乡,阿什努乡
630224,630224207,乡,石大仓乡
630224,630224208,乡,初麻乡
630224,630224209,民族乡,金源藏族乡
630224,630224210,民族乡,塔加藏族乡
630225,630225100,镇,积石镇
630225,630225101,镇,白庄镇
630225,630225102,镇,街子镇
630225,630225200,民族乡,道帏藏族乡
630225,630225201,乡,清水乡
630225,630225202,乡,查汗都斯乡
630225,630225203,民族乡,文都藏族乡
630225,630225204,民族乡,尕楞藏族乡
630225,630225205,民族乡,岗察藏族乡
632221,632221100,镇,浩门镇
632221,632221101,镇,青石嘴镇
632221,632221102,镇,泉口镇
632221,632221103,镇,东川镇
632221,632221200,民族乡,皇城蒙古族乡
632221,632221201,乡,苏吉滩乡
632221,632221202,乡,北山乡
632221,632221203,乡,西滩乡
632221,632221204,乡,麻莲乡
632221,632221205,乡,阴田乡
632221,632221206,乡,仙米乡
632221,632221207,乡,珠固乡
632222,632222100,镇,八宝镇
632222,632222101,镇,峨堡镇
632222,632222102,镇,默勒镇
632222,632222200,乡,扎麻什乡
632222,632222201,乡,阿柔乡
632222,632222202,乡,野牛沟乡
632222,632222203,乡,央隆乡
632223,632223100,镇,三角城镇
632223,632223101,镇,西海镇
632223,632223200,乡,金滩乡
632223,632223201,民族乡,哈勒景蒙古族乡
632223,632223202,乡,青海湖乡
632223,632223203,乡,甘子河乡
632224,632224100,镇,沙柳河镇
632224,632224101,镇,哈尔盖镇
632224,632224201,乡,伊克乌兰乡
632224,632224202,乡,泉吉乡
632224,632224203,乡,吉尔孟乡
632301,632301100,镇,隆务镇
632301,632301101,镇,保安镇
632301,632301102,镇,多哇镇
632301,632301200,乡,兰采乡
632301,632301201,乡,双朋西乡
632301,632301202,乡,扎毛乡
632301,632301203,乡,黄乃亥乡
632301,632301204,乡,曲库乎乡
632301,632301205,乡,年都乎乡
632301,632301206,乡,瓜什则乡
632301,632301207,乡,加吾乡
632322,632322100,镇,马克唐镇
632322,632322101,镇,康杨镇
632322,632322102,镇,坎布拉镇
632322,632322200,乡,贾加乡
632322,632322201,乡,措周乡
632322,632322202,乡,昂拉乡
632322,632322203,乡,能科乡
632322,632322204,乡,当顺乡
632322,632322205,乡,尖扎滩乡
632323,632323100,镇,泽曲镇
632323,632323102,镇,和日镇
632323,632323105,镇,麦秀镇
632323,632323106,镇,宁秀镇
632323,632323203,乡,王家乡
632323,632323206,乡,西卜沙乡
632323,632323207,乡,多禾茂乡
632324,632324100,镇,优干宁镇
632324,632324101,镇,宁木特镇
632324,632324202,乡,赛尔龙乡
632324,632324203,乡,柯生乡
632324,632324204,乡,多松乡
632324,632324205,乡,托叶玛乡
632521,632521100,镇,恰卜恰镇
632521,632521101,镇,塘格木镇
632521,632521102,镇,倒淌河镇
632521,632521103,镇,龙羊峡镇
632521,632521104,镇,江西沟镇
632521,632521105,镇,黑马河镇
632521,632521106,镇,石乃亥镇
632521,632521201,乡,廿地乡
632521,632521202,乡,沙珠玉乡
632521,632521204,乡,铁盖乡
632521,632521211,乡,切吉乡
632522,632522100,镇,尕巴松多镇
632522,632522101,镇,唐谷镇
632522,632522200,乡,巴沟乡
632522,632522203,乡,秀麻乡
632522,632522204,乡,河北乡
632523,632523101,镇,河阴镇
632523,632523102,镇,河西镇
632523,632523103,镇,拉西瓦镇
632523,632523104,镇,常牧镇
632523,632523201,乡,河东乡
632523,632523203,乡,尕让乡
632523,632523204,民族乡,新街回族乡
632524,632524100,镇,子科滩镇
632524,632524101,镇,河卡镇
632524,632524102,镇,曲什安镇
632524,632524200,乡,唐乃亥乡
632524,632524202,乡,中铁乡
632524,632524204,乡,龙藏乡
632524,632524205,乡,温泉乡
632525,632525100,镇,茫曲镇
632525,632525101,镇,过马营镇
632525,632525102,镇,森多镇
632525,632525200,乡,沙沟乡
632525,632525202,乡,茫拉乡
632525,632525203,乡,塔秀乡
632621,632621100,镇,大武镇
632621,632621101,镇,拉加镇
632621,632621200,乡,大武乡
632621,632621201,乡,东倾沟乡
632621,632621202,乡,雪山乡
632621,632621203,乡,下大武乡
632621,632621204,乡,当洛乡
632621,632621205,乡,优云乡
632622,632622100,镇,赛来塘镇
632622,632622200,乡,多贡麻乡
632622,632622201,乡,马可河乡
632622,632622202,乡,吉卡乡
632622,632622203,乡,达卡乡
632622,632622204,乡,知钦乡
632622,632622205,乡,江日堂乡
632622,632622206,乡,亚尔堂乡
632622,632622207,乡,灯塔乡
632623,632623100,镇,柯曲镇
632623,632623200,乡,上贡麻乡
632623,632623201,乡,下贡麻乡
632623,632623202,乡,岗龙乡
632623,632623203,乡,江千乡
632623,632623204,乡,青珍乡
632623,632623205,乡,下藏科乡
632624,632624100,镇,吉迈镇
632624,632624200,乡,下红科乡
632624,632624201,乡,上红科乡
632624,632624202,乡,莫坝乡
632624,632624203,乡,桑日麻乡
632624,632624204,乡,特合土乡
632624,632624205,乡,建设乡
632624,632624206,乡,窝赛乡
632624,632624207,乡,德昂乡
632624,632624208,乡,满掌乡
632625,632625100,镇,智青松多镇
632625,632625200,乡,白玉乡
632625,632625201,乡,哇尔依乡
632625,632625202,乡,哇赛乡
632625,632625203,乡,索乎日麻乡
632625,632625204,乡,门堂乡
632626,632626100,镇,玛查理镇
632626,632626101,镇,花石峡镇
632626,632626200,乡,黄河乡
632626,632626201,乡,扎陵湖乡
632701,632701001,街道,结古街道
632701,632701002,街道,西杭街道
632701,632701003,街道,扎西科街道
632701,632701004,街道,新寨街道
632701,632701101,镇,隆宝镇
632701,632701102,镇,下拉秀镇
632701,632701200,乡,仲达乡
632701,632701201,乡,巴塘乡
632701,632701202,乡,小苏莽乡
632701,632701203,乡,上拉秀乡
632701,632701204,乡,安冲乡
632722,632722100,镇,萨呼腾镇
632722,632722200,乡,查旦乡
632722,632722201,乡,昂赛乡
632722,632722202,乡,结多乡
632722,632722203,乡,阿多乡
632722,632722204,乡,苏鲁乡
632722,632722206,乡,莫云乡
632722,632722207,乡,扎青乡
632723,632723100,镇,称文镇
632723,632723101,镇,歇武镇
632723,632723102,镇,扎朵镇
632723,632723103,镇,清水河镇
632723,632723104,镇,珍秦镇
632723,632723200,乡,尕朵乡
632723,632723201,乡,拉布乡
632724,632724100,镇,加吉博洛镇
632724,632724200,乡,索加乡
632724,632724201,乡,扎河乡
632724,632724202,乡,多彩乡
632724,632724203,乡,治渠乡
632724,632724205,乡,立新乡
632725,632725100,镇,香达镇
632725,632725201,乡,白扎乡
632725,632725202,乡,娘拉乡
632725,632725203,乡,毛庄乡
632725,632725204,乡,觉拉乡
632725,632725205,乡,东坝乡
632725,632725206,乡,吉曲乡
632725,632725207,乡,尕羊乡
632725,632725208,乡,吉尼赛乡
632725,632725209,乡,着晓乡
632726,632726100,镇,约改镇
632726,632726200,乡,巴干乡
632726,632726202,乡,秋智乡
632726,632726203,乡,叶格乡
632726,632726204,乡,麻多乡
632726,632726205,乡,曲麻河乡
632801,632801001,街道,昆仑路街道
632801,632801002,街道,金峰路街道
632801,632801003,街道,河西街道
632801,632801004,街道,黄河路街道
632801,632801005,街道,西藏路街道
632801,632801100,镇,郭勒木德镇
632801,632801101,镇,唐古拉山镇
632801,632801200,乡,大格勒乡
632801,632801201,乡,乌图美仁乡
632802,632802001,街道,火车站街道
632802,632802002,街道,河东街道
632802,632802003,街道,河西街道
632802,632802100,镇,尕海镇
632802,632802101,镇,怀头他拉镇
632802,632802102,镇,柯鲁柯镇
632802,632802200,乡,蓄集乡
632803,632803100,镇,茫崖镇
632803,632803101,镇,花土沟镇
632803,632803102,镇,冷湖镇
632821,632821100,镇,希里沟镇
632821,632821101,镇,茶卡镇
632821,632821102,镇,柯柯镇
632821,632821103,镇,铜普镇
632822,632822100,镇,察汗乌苏镇
632822,632822101,镇,香日德镇
632822,632822102,镇,夏日哈镇
632822,632822103,镇,宗加镇
632822,632822200,乡,热水乡
632822,632822201,乡,香加乡
632822,632822202,乡,沟里乡
632822,632822203,乡,巴隆乡
632823,632823100,镇,新源镇
632823,632823101,镇,江河镇
632823,632823102,镇,木里镇
632823,632823200,乡,阳康乡
632823,632823201,乡,织合玛乡
632823,632823202,乡,龙门乡
632823,632823203,乡,快尔玛乡
632823,632823204,乡,苏里乡
632823,632823205,乡,生格乡
632823,632823206,乡,舟群乡
640104,640104001,街道,凤凰北街街道
640104,640104002,街道,解放西街街道
640104,640104003,街道,文化街街道
640104,640104004,街道,富宁街街道
640104,640104005,街道,新华街街道
640104,640104006,街道,玉皇阁北街街道
640104,640104007,街道,前进街街道
640104,640104008,街道,中山南街街道
640104,640104009,街道,银古路街道
640104,640104010,街道,胜利街街道
640104,640104011,街道,丽景街街道
640104,640104012,街道,星河街街道
640104,640104100,镇,掌政镇
640104,640104101,镇,大新镇
640104,640104200,乡,通贵乡
640104,640104201,乡,月牙湖乡
640105,640105001,街道,西花园路街道
640105,640105002,街道,北京西路街道
640105,640105003,街道,文昌路街道
640105,640105004,街道,朔方路街道
640105,640105005,街道,宁华路街道
640105,640105006,街道,贺兰山西路街道
640105,640105007,街道,怀远路街道
640105,640105100,镇,兴泾镇
640105,640105101,镇,镇北堡镇
640106,640106001,街道,满城北街街道
640106,640106002,街道,黄河东路街道
640106,640106003,街道,长城中路街道
640106,640106004,街道,北京中路街道
640106,640106005,街道,上海西路街道
640106,640106006,街道,贺兰山中路街道
640106,640106100,镇,良田镇
640106,640106101,镇,丰登镇
640121,640121001,街道,团结西路街道
640121,640121100,镇,杨和镇
640121,640121101,镇,李俊镇
640121,640121102,镇,望远镇
640121,640121103,镇,望洪镇
640121,640121104,镇,闽宁镇
640121,640121200,乡,胜利乡
640122,640122001,街道,富兴街街道
640122,640122100,镇,习岗镇
640122,640122101,镇,金贵镇
640122,640122102,镇,立岗镇
640122,640122103,镇,洪广镇
640122,640122200,乡,常信乡
640181,640181001,街道,城区街道
640181,640181100,镇,东塔镇
640181,640181101,镇,郝家桥镇
640181,640181102,镇,崇兴镇
640181,640181103,镇,宁东镇
640181,640181104,镇,马家滩镇
640181,640181105,镇,临河镇
640181,640181200,乡,梧桐树乡
640181,640181201,乡,白土岗乡
640202,640202001,街道,长胜街道
640202,640202002,街道,朝阳街道
640202,640202003,街道,人民路街道
640202,640202004,街道,长城街道
640202,640202005,街道,青山街道
640202,640202006,街道,石炭井街道
640202,640202007,街道,白芨沟街道
640202,640202008,街道,沟口街道
640202,640202010,街道,长兴街道
640202,640202011,街道,锦林街道
640202,640202100,镇,星海镇
640205,640205001,街道,育才路街道
640205,640205002,街道,南街街道
640205,640205003,街道,中街街道
640205,640205004,街道,北街街道
640205,640205005,街道,河滨街街道
640205,640205006,街道,火车站街道
640205,640205100,镇,红果子镇
640205,640205101,镇,尾闸镇
640205,640205102,镇,园艺镇
640205,640205200,乡,庙台乡
640205,640205201,乡,礼和乡
640205,640205202,乡,燕子墩乡
640221,640221100,镇,城关镇
640221,640221101,镇,黄渠桥镇
640221,640221102,镇,宝丰镇
640221,640221103,镇,头闸镇
640221,640221104,镇,姚伏镇
640221,640221105,镇,崇岗镇
640221,640221106,镇,陶乐镇
640221,640221200,乡,高庄乡
640221,640221201,乡,灵沙乡
640221,640221202,乡,渠口乡
640221,640221203,乡,通伏乡
640221,640221204,乡,高仁乡
640221,640221205,乡,红崖子乡
640302,640302100,镇,金积镇
640302,640302101,镇,金银滩镇
640302,640302102,镇,高闸镇
640302,640302103,镇,扁担沟镇
640302,640302104,镇,上桥镇
640302,640302105,镇,古城镇
640302,640302106,镇,金星镇
640302,640302107,镇,胜利镇
640302,640302200,乡,东塔寺乡
640302,640302201,乡,板桥乡
640302,640302202,乡,马莲渠乡
640302,640302203,乡,郭家桥乡
640303,640303001,街道,新民街道
640303,640303100,镇,红寺堡镇
640303,640303101,镇,太阳山镇
640303,640303200,乡,大河乡
640303,640303201,乡,新庄集乡
640303,640303202,乡,柳泉乡
640323,640323001,街道,盐州路街道
640323,640323100,镇,花马池镇
640323,640323101,镇,大水坑镇
640323,640323102,镇,惠安堡镇
640323,640323103,镇,高沙窝镇
640323,640323200,乡,王乐井乡
640323,640323201,乡,冯记沟乡
640323,640323202,乡,青山乡
640323,640323203,乡,麻黄山乡
640324,640324100,镇,豫海镇
640324,640324101,镇,河西镇
640324,640324102,镇,韦州镇
640324,640324103,镇,下马关镇
640324,640324104,镇,预旺镇
640324,640324105,镇,王团镇
640324,640324106,镇,丁塘镇
640324,640324201,乡,田老庄乡
640324,640324202,乡,马高庄乡
640324,640324203,乡,张家塬乡
640324,640324204,乡,兴隆乡
640381,640381001,街道,裕民街道
640381,640381100,镇,小坝镇
640381,640381101,镇,大坝镇
640381,640381102,镇,青铜峡镇
640381,640381103,镇,叶盛镇
640381,640381104,镇,瞿靖镇
640381,640381105,镇,峡口镇
640381,640381106,镇,邵岗镇
640381,640381107,镇,陈袁滩镇
640402,640402001,街道,南关街道
640402,640402002,街道,古雁街道
640402,640402003,街道,北塬街道
640402,640402100,镇,三营镇
640402,640402103,镇,官厅镇
640402,640402104,镇,开城镇
640402,640402105,镇,张易镇
640402,640402106,镇,彭堡镇
640402,640402107,镇,头营镇
640402,640402108,镇,黄铎堡镇
640402,640402200,乡,中河乡
640402,640402201,乡,河川乡
640402,640402204,乡,炭山乡
640402,640402205,乡,寨科乡
640422,640422100,镇,吉强镇
640422,640422101,镇,兴隆镇
640422,640422102,镇,平峰镇
640422,640422103,镇,将台堡镇
640422,640422200,乡,新营乡
640422,640422201,乡,红耀乡
640422,640422202,乡,田坪乡
640422,640422203,乡,马建乡
640422,640422204,乡,震湖乡
640422,640422205,乡,兴平乡
640422,640422206,乡,西滩乡
640422,640422207,乡,王民乡
640422,640422208,乡,什字乡
640422,640422209,乡,马莲乡
640422,640422211,乡,硝河乡
640422,640422212,乡,偏城乡
640422,640422213,乡,沙沟乡
640422,640422214,乡,白崖乡
640422,640422215,乡,火石寨乡
640423,640423100,镇,城关镇
640423,640423101,镇,沙塘镇
640423,640423102,镇,联财镇
640423,640423200,乡,陈靳乡
640423,640423201,乡,好水乡
640423,640423202,乡,观庄乡
640423,640423203,乡,杨河乡
640423,640423204,乡,神林乡
640423,640423205,乡,张程乡
640423,640423206,乡,凤岭乡
640423,640423207,乡,山河乡
640423,640423208,乡,温堡乡
640423,640423209,乡,奠安乡
640424,640424100,镇,香水镇
640424,640424101,镇,泾河源镇
640424,640424102,镇,六盘山镇
640424,640424200,乡,新民乡
640424,640424201,乡,兴盛乡
640424,640424202,乡,黄花乡
640424,640424203,乡,大湾乡
640425,640425100,镇,白阳镇
640425,640425101,镇,王洼镇
640425,640425102,镇,古城镇
640425,640425103,镇,红河镇
640425,640425200,乡,新集乡
640425,640425201,乡,城阳乡
640425,640425203,乡,冯庄乡
640425,640425204,乡,小岔乡
640425,640425205,乡,孟塬乡
640425,640425206,乡,罗洼乡
640425,640425207,乡,交岔乡
640425,640425208,乡,草庙乡
640502,640502100,镇,滨河镇
640502,640502101,镇,文昌镇
640502,640502102,镇,东园镇
640502,640502103,镇,柔远镇
640502,640502104,镇,镇罗镇
640502,640502105,镇,宣和镇
640502,640502106,镇,永康镇
640502,640502107,镇,常乐镇
640502,640502108,镇,迎水桥镇
640502,640502109,镇,兴仁镇
640502,640502200,乡,香山乡
640521,640521100,镇,宁安镇
640521,640521101,镇,鸣沙镇
640521,640521102,镇,石空镇
640521,640521103,镇,新堡镇
640521,640521104,镇,恩和镇
640521,640521105,镇,大战场镇
640521,640521200,乡,舟塔乡
640521,640521201,乡,白马乡
640521,640521202,乡,余丁乡
640521,640521204,乡,喊叫水乡
640521,640521205,乡,徐套乡
640521,640521206,乡,太阳梁乡
640522,640522100,镇,海城镇
640522,640522101,镇,李旺镇
640522,640522103,镇,西安镇
640522,640522104,镇,三河镇
640522,640522105,镇,七营镇
640522,640522200,乡,史店乡
640522,640522201,乡,树台乡
640522,640522202,乡,关桥乡
640522,640522206,乡,高崖乡
640522,640522207,乡,郑旗乡
640522,640522208,乡,贾塘乡
640522,640522209,乡,曹洼乡
640522,640522210,乡,九彩乡
640522,640522211,乡,李俊乡
640522,640522212,乡,红羊乡
640522,640522213,乡,关庄乡
640522,640522214,乡,甘城乡
650102,650102002,街道,燕儿窝街道
650102,650102003,街道,胜利路街道
650102,650102004,街道,团结路街道
650102,650102005,街道,解放南路街道
650102,650102006,街道,新华南路街道
650102,650102007,街道,和平路街道
650102,650102008,街道,解放北路街道
650102,650102009,街道,幸福路街道
650102,650102010,街道,东门街道
650102,650102011,街道,新华北路街道
650102,650102012,街道,青年路街道
650102,650102013,街道,碱泉街道
650102,650102014,街道,延安路街道
650102,650102015,街道,红雁街道
650102,650102016,街道,南草滩街道
650102,650102017,街道,东泉路街道
650102,650102018,街道,黑甲山街道
650102,650102019,街道,二道桥街道
650102,650102020,街道,大湾街道
650102,650102021,街道,赛马场街道
650102,650102022,街道,南湾街街道
650103,650103001,街道,长江路街道
650103,650103002,街道,和田街街道
650103,650103003,街道,扬子江路街道
650103,650103004,街道,友好南路街道
650103,650103005,街道,友好北路街道
650103,650103006,街道,八一街道
650103,650103007,街道,炉院街街道
650103,650103008,街道,西山街道
650103,650103009,街道,雅玛里克山街道
650103,650103010,街道,红庙子街道
650103,650103012,街道,平顶山街道
650103,650103013,街道,长胜东街道
650103,650103016,街道,骑马山街道
650103,650103017,街道,环卫路街道
650103,650103018,街道,仓房沟街道
650103,650103100,镇,永丰镇
650103,650103611,街道,水泥厂街街道
650104,650104001,街道,北京路街道
650104,650104002,街道,二工街道
650104,650104003,街道,三工街道
650104,650104004,街道,石油新村街道
650104,650104005,街道,迎宾路街道
650104,650104006,街道,喀什东路街道
650104,650104009,街道,南纬路街道
650104,650104010,街道,杭州路街道
650104,650104011,街道,天津路街道
650104,650104012,街道,银川路街道
650104,650104013,街道,高新街街道
650104,650104014,街道,长春中路街道
650104,650104017,街道,友谊路街道
650104,650104019,街道,百园路街道
650104,650104021,街道,正扬路街道
650104,650104022,街道,鲤鱼山街道
650104,650104023,街道,天山机场街道
650104,650104100,镇,安宁渠镇
650104,650104200,乡,二工乡
650104,650104201,乡,地窝堡乡
650104,650104202,乡,六十户乡
650104,650104203,乡,青格达湖乡
650105,650105001,街道,水磨沟街道
650105,650105002,街道,六道湾街道
650105,650105003,街道,苇湖梁街道
650105,650105004,街道,八道湾街道
650105,650105005,街道,新民路街道
650105,650105006,街道,南湖南路街道
650105,650105007,街道,南湖北路街道
650105,650105008,街道,七道湾街道
650105,650105009,街道,榆树沟街道
650105,650105010,街道,石人子沟街道
650105,650105011,街道,振安街街道
650105,650105012,街道,华光街街道
650105,650105013,街道,水塔山街道
650105,650105014,街道,龙盛街街道
650105,650105015,街道,河马泉街道
650106,650106001,街道,头屯河街道
650106,650106002,街道,火车西站街道
650106,650106003,街道,王家沟街道
650106,650106005,街道,北站西路街道
650106,650106016,街道,中亚南路街道
650106,650106017,街道,中亚北路街道
650106,650106018,街道,北站东路街道
650106,650106019,街道,嵩山街街道
650106,650106020,街道,高铁街道
650106,650106021,街道,白鸟湖街道
650106,650106022,街道,西湖街道
650107,650107001,街道,乌拉泊街道
650107,650107002,街道,艾维尔沟街道
650107,650107003,街道,盐湖街道
650107,650107004,街道,柴窝堡街道
650107,650107100,镇,达坂城镇
650107,650107200,乡,东沟乡
650107,650107201,乡,西沟乡
650107,650107202,乡,阿克苏乡
650109,650109001,街道,石化街道
650109,650109002,街道,地磅街道
650109,650109003,街道,卡子湾街道
650109,650109004,街道,古牧地东路街道
650109,650109005,街道,古牧地西路街道
650109,650109006,街道,米东南路街道
650109,650109007,街道,永祥街街道
650109,650109008,街道,广兴街街道
650109,650109100,镇,古牧地镇
650109,650109101,镇,铁厂沟镇
650109,650109102,镇,长山子镇
650109,650109103,镇,羊毛工镇
650109,650109104,镇,三道坝镇
650109,650109200,乡,芦草沟乡
650109,650109300,民族乡,柏杨河哈萨克族乡
650121,650121100,镇,水西沟镇
650121,650121102,镇,板房沟镇
650121,650121207,乡,萨尔达坂乡
650121,650121208,乡,甘沟乡
650121,650121213,乡,托里乡
650202,650202001,街道,金山路街道
650202,650202002,街道,西宁路街道
650202,650202003,街道,新北区街道
650203,650203001,街道,天山路街道
650203,650203002,街道,胜利路街道
650203,650203003,街道,昆仑路街道
650203,650203004,街道,银河路街道
650203,650203007,街道,迎宾街道
650203,650203008,街道,古海街道
650203,650203200,乡,小拐乡
650204,650204001,街道,中兴路街道
650204,650204002,街道,三平路街道
650204,650204003,街道,金龙镇街道
650205,650205001,街道,柳树街街道
650205,650205100,镇,乌尔禾镇
650402,650402001,街道,老城路街道
650402,650402002,街道,高昌路街道
650402,650402003,街道,葡萄沟街道
650402,650402100,镇,七泉湖镇
650402,650402101,镇,大河沿镇
650402,650402102,镇,亚尔镇
650402,650402103,镇,葡萄镇
650402,650402104,镇,艾丁湖镇
650402,650402105,镇,火焰山镇
650402,650402202,乡,恰特喀勒乡
650402,650402204,乡,三堡乡
650402,650402205,乡,胜金乡
650421,650421100,镇,鄯善镇
650421,650421101,镇,七克台镇
650421,650421102,镇,鄯善火车站镇
650421,650421103,镇,连木沁镇
650421,650421104,镇,鲁克沁镇
650421,650421105,镇,迪坎镇
650421,650421106,镇,辟展镇
650421,650421201,民族乡,东巴扎回族乡
650421,650421202,乡,吐峪沟乡
650421,650421203,乡,达朗坎乡
650422,650422100,镇,托克逊镇
650422,650422101,镇,库米什镇
650422,650422102,镇,克尔碱镇
650422,650422103,镇,阿乐惠镇
650422,650422104,镇,伊拉湖镇
650422,650422105,镇,夏镇
650422,650422106,镇,博斯坦镇
650422,650422107,镇,石泉镇
650422,650422201,乡,郭勒布依乡
650502,650502001,街道,东河街道
650502,650502002,街道,西河街道
650502,650502003,街道,城北街道
650502,650502004,街道,丽园街道
650502,650502005,街道,石油新城街道
650502,650502100,镇,雅满苏镇
650502,650502101,镇,七角井镇
650502,650502102,镇,星星峡镇
650502,650502103,镇,二堡镇
650502,650502104,镇,五堡镇
650502,650502105,镇,陶家宫镇
650502,650502106,镇,三道岭镇
650502,650502200,乡,沁城乡
650502,650502201,民族乡,乌拉台哈萨克族乡
650502,650502202,乡,双井子乡
650502,650502203,乡,大泉湾乡
650502,650502205,乡,回城乡
650502,650502206,乡,花园乡
650502,650502207,乡,南湖乡
650502,650502209,民族乡,德外里都如克哈萨克族乡
650502,650502210,乡,西山乡
650502,650502211,乡,天山乡
650502,650502212,乡,白石头乡
650502,650502214,乡,柳树沟乡
650521,650521100,镇,巴里坤镇
650521,650521101,镇,博尔羌吉镇
650521,650521102,镇,大河镇
650521,650521103,镇,奎苏镇
650521,650521104,镇,三塘湖镇
650521,650521200,乡,萨尔乔克乡
650521,650521201,乡,海子沿乡
650521,650521202,乡,下涝坝乡
650521,650521205,乡,石人子乡
650521,650521206,乡,花园乡
650521,650521208,乡,大红柳峡乡
650521,650521209,乡,八墙子乡
650522,650522100,镇,伊吾镇
650522,650522101,镇,淖毛湖镇
650522,650522102,镇,盐池镇
650522,650522201,乡,苇子峡乡
650522,650522202,乡,下马崖乡
650522,650522204,乡,吐葫芦乡
650522,650522205,民族乡,前山哈萨克族乡
652301,652301001,街道,宁边路街道
652301,652301002,街道,延安北路街道
652301,652301003,街道,北京南路街道
652301,652301004,街道,绿洲路街道
652301,652301005,街道,中山路街道
652301,652301016,街道,建国路街道
652301,652301101,镇,硫磺沟镇
652301,652301102,镇,三工镇
652301,652301103,镇,榆树沟镇
652301,652301104,镇,六工镇
652301,652301105,镇,二六工镇
652301,652301106,镇,大西渠镇
652301,652301107,镇,滨湖镇
652301,652301108,镇,佃坝镇
652301,652301204,乡,庙尔沟乡
652301,652301205,民族乡,阿什里哈萨克族乡
652302,652302001,街道,博峰街道
652302,652302002,街道,阜新街道
652302,652302004,街道,准东街道
652302,652302005,街道,石油基地街道
652302,652302100,镇,甘河子镇
652302,652302101,镇,城关镇
652302,652302102,镇,九运街镇
652302,652302103,镇,滋泥泉子镇
652302,652302200,民族乡,三工河哈萨克族乡
652302,652302201,民族乡,上户沟哈萨克族乡
652302,652302202,乡,水磨沟乡
652323,652323100,镇,呼图壁镇
652323,652323101,镇,大丰镇
652323,652323102,镇,雀尔沟镇
652323,652323103,镇,二十里店镇
652323,652323104,镇,园户村镇
652323,652323105,镇,五工台镇
652323,652323201,民族乡,石梯子哈萨克族乡
652324,652324100,镇,玛纳斯镇
652324,652324101,镇,乐土驿镇
652324,652324102,镇,包家店镇
652324,652324103,镇,凉州户镇
652324,652324104,镇,北五岔镇
652324,652324105,镇,六户地镇
652324,652324106,镇,兰州湾镇
652324,652324201,乡,广东地乡
652324,652324202,民族乡,清水河哈萨克族乡
652324,652324203,民族乡,塔西河哈萨克族乡
652324,652324204,民族乡,旱卡子滩哈萨克族乡
652325,652325100,镇,奇台镇
652325,652325101,镇,老奇台镇
652325,652325102,镇,半截沟镇
652325,652325103,镇,吉布库镇
652325,652325104,镇,东湾镇
652325,652325105,镇,西地镇
652325,652325106,镇,碧流河镇
652325,652325107,镇,三个庄子镇
652325,652325108,镇,西北湾镇
652325,652325109,镇,芨芨湖镇
652325,652325202,乡,坎尔孜乡
652325,652325203,民族乡,五马场哈萨克族乡
652325,652325204,乡,古城乡
652325,652325205,民族乡,乔仁哈萨克族乡
652325,652325206,乡,七户乡
652325,652325208,民族乡,大泉塔塔尔族乡
652327,652327100,镇,吉木萨尔镇
652327,652327101,镇,三台镇
652327,652327102,镇,泉子街镇
652327,652327103,镇,北庭镇
652327,652327104,镇,二工镇
652327,652327105,镇,大有镇
652327,652327106,镇,五彩湾镇
652327,652327202,乡,庆阳湖乡
652327,652327203,乡,老台乡
652327,652327205,乡,新地乡
652328,652328100,镇,木垒镇
652328,652328103,镇,西吉尔镇
652328,652328104,镇,东城镇
652328,652328105,镇,新户镇
652328,652328200,乡,英格堡乡
652328,652328205,乡,照壁山乡
652328,652328209,民族乡,大南沟乌孜别克族乡
652328,652328210,乡,雀仁乡
652328,652328211,乡,白杨河乡
652328,652328212,乡,大石头乡
652328,652328213,乡,博斯坦乡
652701,652701001,街道,青得里街道
652701,652701002,街道,顾里木图街道
652701,652701005,街道,南城区街道
652701,652701006,街道,克尔根卓街道
652701,652701007,街道,青达拉街道
652701,652701100,镇,小营盘镇
652701,652701101,镇,达勒特镇
652701,652701102,镇,乌图布拉格镇
652701,652701103,镇,青得里镇
652701,652701201,乡,贝林哈日莫墩乡
652702,652702002,街道,阿拉套街道
652702,652702100,镇,艾比湖镇
652722,652722100,镇,精河镇
652722,652722101,镇,大河沿子镇
652722,652722102,镇,托里镇
652722,652722103,镇,托托镇
652722,652722200,乡,茫丁乡
652723,652723100,镇,博格达尔镇
652723,652723101,镇,哈日布呼镇
652723,652723102,镇,安格里格镇
652723,652723201,乡,查干屯格乡
652723,652723202,乡,扎勒木特乡
652723,652723203,乡,塔秀乡
652801,652801001,街道,团结街道
652801,652801002,街道,萨依巴格街道
652801,652801003,街道,天山街道
652801,652801004,街道,新城街道
652801,652801005,街道,建设街道
652801,652801006,街道,梨香街道
652801,652801007,街道,朝阳街道
652801,652801008,街道,思源街道
652801,652801009,街道,文华街道
652801,652801010,街道,康都街道
652801,652801011,街道,鸿雁街道
652801,652801012,街道,丝路街道
652801,652801013,街道,腾飞街道
652801,652801014,街道,永乐街道
652801,652801100,镇,塔什店镇
652801,652801101,镇,上户镇
652801,652801102,镇,西尼尔镇
652801,652801103,镇,哈拉玉宫镇
652801,652801104,镇,渠犁镇
652801,652801200,乡,铁克其乡
652801,652801201,乡,恰尔巴格乡
652801,652801202,乡,英下乡
652801,652801203,乡,兰干乡
652801,652801204,乡,和什力克乡
652801,652801206,乡,阿瓦提乡
652801,652801207,乡,托布力其乡
652801,652801208,乡,普惠乡
652822,652822100,镇,轮台镇
652822,652822101,镇,轮南镇
652822,652822102,镇,群巴克镇
652822,652822103,镇,阳霞镇
652822,652822201,乡,哈尔巴克乡
652822,652822202,乡,野云沟乡
652822,652822203,乡,阿克萨来乡
652822,652822204,乡,塔尔拉克乡
652822,652822205,乡,草湖乡
652822,652822206,乡,铁热克巴扎乡
652822,652822207,乡,策大雅乡
652823,652823100,镇,尉犁镇
652823,652823101,镇,团结镇
652823,652823102,镇,兴平镇
652823,652823200,乡,塔里木乡
652823,652823203,乡,墩阔坦乡
652823,652823204,乡,喀尔曲尕乡
652823,652823205,乡,阿克苏甫乡
652823,652823206,乡,古勒巴格乡
652824,652824100,镇,若羌镇
652824,652824101,镇,依吞布拉克镇
652824,652824102,镇,罗布泊镇
652824,652824103,镇,瓦石峡镇
652824,652824104,镇,铁干里克镇
652824,652824201,乡,吾塔木乡
652824,652824203,乡,铁木里克乡
652824,652824204,乡,祁曼塔格乡
652825,652825100,镇,且末镇
652825,652825101,镇,奥依亚依拉克镇
652825,652825102,镇,塔提让镇
652825,652825103,镇,塔中镇
652825,652825104,镇,阿羌镇
652825,652825105,镇,阿热勒镇
652825,652825201,乡,琼库勒乡
652825,652825202,乡,托格拉克勒克乡
652825,652825203,乡,巴格艾日克乡
652825,652825204,乡,英吾斯塘乡
652825,652825205,乡,阿克提坎墩乡
652825,652825206,乡,阔什萨特玛乡
652825,652825209,乡,库拉木勒克乡
652826,652826100,镇,焉耆镇
652826,652826101,镇,七个星镇
652826,652826102,镇,永宁镇
652826,652826103,镇,四十里城子镇
652826,652826200,乡,北大渠乡
652826,652826201,乡,五号渠乡
652826,652826203,乡,查汗采开乡
652826,652826204,乡,包尔海乡
652827,652827100,镇,和静镇
652827,652827101,镇,巴仑台镇
652827,652827102,镇,巴润哈尔莫墩镇
652827,652827103,镇,哈尔莫墩镇
652827,652827104,镇,巴音布鲁克镇
652827,652827105,镇,巩乃斯镇
652827,652827106,镇,乃门莫敦镇
652827,652827107,镇,协比乃尔布呼镇
652827,652827203,乡,克尔古提乡
652827,652827204,乡,阿拉沟乡
652827,652827205,乡,额勒再特乌鲁乡
652827,652827206,乡,巴音郭楞乡
652828,652828100,镇,特吾里克镇
652828,652828101,镇,塔哈其镇
652828,652828102,镇,曲惠镇
652828,652828200,民族乡,乌什塔拉回族乡
652828,652828203,乡,苏哈特乡
652828,652828204,乡,乃仁克尔乡
652828,652828205,乡,新塔热乡
652829,652829100,镇,博湖镇
652829,652829101,镇,本布图镇
652829,652829102,镇,乌兰再格森镇
652829,652829200,乡,塔温觉肯乡
652829,652829203,乡,才坎诺尔乡
652829,652829204,乡,查干诺尔乡
652829,652829205,乡,博斯腾湖乡
652901,652901001,街道,兰干街道
652901,652901002,街道,英巴扎街道
652901,652901003,街道,红桥街道
652901,652901004,街道,新城街道
652901,652901005,街道,南城街道
652901,652901006,街道,柯柯牙街道
652901,652901007,街道,多浪街道
652901,652901100,镇,喀拉塔勒镇
652901,652901101,镇,阿依库勒镇
652901,652901102,镇,依干其镇
652901,652901103,镇,柳源镇
652901,652901201,乡,拜什吐格曼乡
652901,652901202,乡,托普鲁克乡
652901,652901203,乡,库木巴什乡
652902,652902001,街道,热斯坦街道
652902,652902002,街道,萨克萨克街道
652902,652902003,街道,新城街道
652902,652902004,街道,东城街道
652902,652902005,街道,城南街道
652902,652902006,街道,兴化街道
652902,652902100,镇,乌恰镇
652902,652902101,镇,阿拉哈格镇
652902,652902102,镇,齐满镇
652902,652902103,镇,墩阔坦镇
652902,652902104,镇,牙哈镇
652902,652902105,镇,乌尊镇
652902,652902106,镇,伊西哈拉镇
652902,652902107,镇,二八台镇
652902,652902108,镇,塔里木镇
652902,652902200,乡,玉奇吾斯塘乡
652902,652902201,乡,比西巴格乡
652902,652902202,乡,哈尼喀塔木乡
652902,652902203,乡,阿克吾斯塘乡
652902,652902204,乡,阿格乡
652922,652922100,镇,温宿镇
652922,652922101,镇,吐木秀克镇
652922,652922102,镇,克孜勒镇
652922,652922103,镇,阿热勒镇
652922,652922104,镇,佳木镇
652922,652922200,乡,托乎拉乡
652922,652922202,乡,恰格拉克乡
652922,652922204,乡,依希来木其乡
652922,652922206,乡,古勒阿瓦提乡
652922,652922207,民族乡,博孜墩柯尔克孜族乡
652924,652924100,镇,沙雅镇
652924,652924101,镇,托依堡勒迪镇
652924,652924102,镇,红旗镇
652924,652924103,镇,英买力镇
652924,652924104,镇,哈德墩镇
652924,652924105,镇,古勒巴格镇
652924,652924106,镇,海楼镇
652924,652924107,镇,塔兴镇
652924,652924205,乡,努尔巴格乡
652924,652924206,乡,塔里木乡
652924,652924207,乡,盖孜库木乡
652924,652924208,乡,央塔克协海尔乡
652925,652925100,镇,新和镇
652925,652925101,镇,尤鲁都斯巴格镇
652925,652925102,镇,依其艾日克镇
652925,652925103,镇,塔什艾日克镇
652925,652925104,镇,排先拜巴扎镇
652925,652925105,镇,玉奇喀特镇
652925,652925106,镇,永和镇
652925,652925203,乡,渭干乡
652925,652925205,乡,塔木托格拉克乡
652926,652926100,镇,拜城镇
652926,652926101,镇,铁热克镇
652926,652926102,镇,察尔齐镇
652926,652926103,镇,赛里木镇
652926,652926104,镇,康其镇
652926,652926200,乡,黑英山乡
652926,652926201,乡,克孜尔乡
652926,652926203,乡,托克逊乡
652926,652926204,乡,亚吐尔乡
652926,652926206,乡,布隆乡
652926,652926207,乡,米吉克乡
652926,652926208,乡,温巴什乡
652926,652926209,乡,大桥乡
652926,652926210,乡,老虎台乡
652927,652927100,镇,乌什镇
652927,652927101,镇,阿合雅镇
652927,652927102,镇,前进镇
652927,652927103,镇,阿克托海镇
652927,652927201,乡,亚科瑞克乡
652927,652927202,乡,阿恰塔格乡
652927,652927205,乡,英阿瓦提乡
652927,652927206,民族乡,亚曼苏柯尔克孜族乡
652927,652927207,乡,奥特贝希乡
652928,652928100,镇,阿瓦提镇
652928,652928101,镇,乌鲁却勒镇
652928,652928102,镇,拜什艾日克镇
652928,652928103,镇,塔木托格拉克镇
652928,652928104,镇,英艾日克镇
652928,652928105,镇,阿依巴格镇
652928,652928106,镇,三河镇
652928,652928203,乡,多浪乡
652928,652928204,乡,巴格托格拉克乡
652929,652929100,镇,柯坪镇
652929,652929101,镇,盖孜力克镇
652929,652929102,镇,阿恰勒镇
652929,652929201,乡,玉尔其乡
652929,652929203,乡,启浪乡
653001,653001001,街道,幸福街道
653001,653001002,街道,光明街道
653001,653001003,街道,新城街道
653001,653001100,镇,上阿图什镇
653001,653001101,镇,松他克镇
653001,653001102,镇,阿扎克镇
653001,653001202,乡,阿湖乡
653001,653001204,乡,格达良乡
653001,653001205,乡,哈拉峻乡
653001,653001206,乡,吐古买提乡
653022,653022100,镇,阿克陶镇
653022,653022101,镇,奥依塔克镇
653022,653022102,镇,克孜勒陶镇
653022,653022103,镇,恰尔隆镇
653022,653022104,镇,玉麦镇
653022,653022201,乡,皮拉勒乡
653022,653022202,乡,巴仁乡
653022,653022203,乡,喀热开其克乡
653022,653022204,乡,加马铁热克乡
653022,653022205,乡,木吉乡
653022,653022206,乡,布伦口乡
653022,653022210,民族乡,塔尔塔吉克族乡
653022,653022609,乡,库斯拉甫乡
653023,653023100,镇,阿合奇镇
653023,653023200,乡,库兰萨日克乡
653023,653023201,乡,色帕巴依乡
653023,653023202,乡,苏木塔什乡
653023,653023203,乡,哈拉奇乡
653023,653023204,乡,哈拉布拉克乡
653024,653024100,镇,乌恰镇
653024,653024101,镇,康苏镇
653024,653024102,镇,巴音库鲁提镇
653024,653024200,乡,乌鲁克恰提乡
653024,653024201,乡,吾合沙鲁乡
653024,653024202,乡,膘尔托阔依乡
653024,653024203,乡,黑孜苇乡
653024,653024204,乡,托云乡
653024,653024205,乡,铁列克乡
653024,653024207,乡,波斯坦铁列克乡
653024,653024208,乡,吉根乡
653101,653101001,街道,恰萨街道
653101,653101002,街道,亚瓦格街道
653101,653101003,街道,吾斯塘博依街道
653101,653101005,街道,库木代尔瓦扎街道
653101,653101006,街道,东湖街道
653101,653101007,街道,西域大道街道
653101,653101008,街道,西公园街道
653101,653101009,街道,迎宾大道街道
653101,653101010,街道,和谐街道
653101,653101011,街道,学府街道
653101,653101100,镇,夏马勒巴格镇
653101,653101101,镇,乃则尔巴格镇
653101,653101102,镇,兰干镇
653101,653101202,乡,多来特巴格乡
653101,653101203,乡,浩罕乡
653101,653101204,乡,色满乡
653101,653101205,乡,荒地乡
653101,653101206,乡,帕哈太克里乡
653101,653101207,乡,伯什克然木乡
653101,653101208,乡,阿瓦提乡
653101,653101209,乡,英吾斯坦乡
653101,653101210,乡,阿克喀什乡
653101,653101211,乡,红河乡
653101,653101212,乡,太平乡
653101,653101213,乡,广济乡
653121,653121100,镇,托克扎克镇
653121,653121102,镇,吾库萨克镇
653121,653121103,镇,乌帕尔镇
653121,653121104,镇,石园镇
653121,653121105,镇,辽园镇
653121,653121201,乡,塔什米里克乡
653121,653121202,乡,铁日木乡
653121,653121203,乡,布拉克苏乡
653121,653121211,乡,木什乡
653122,653122100,镇,疏勒镇
653122,653122101,镇,罕南力克镇
653122,653122102,镇,牙甫泉镇
653122,653122103,镇,锦安镇
653122,653122203,乡,巴合齐乡
653122,653122205,乡,英尔力克乡
653122,653122206,乡,库木西力克乡
653122,653122207,乡,塔尕尔其乡
653122,653122208,乡,艾尔木东乡
653122,653122209,乡,阿拉力乡
653122,653122210,乡,阿拉甫乡
653122,653122211,乡,英阿瓦提乡
653123,653123100,镇,英吉沙镇
653123,653123101,镇,乌恰镇
653123,653123102,镇,芒辛镇
653123,653123103,镇,萨罕镇
653123,653123200,乡,城关乡
653123,653123201,乡,乔勒潘乡
653123,653123202,乡,龙甫乡
653123,653123204,乡,色提力乡
653123,653123206,乡,英也尔乡
653123,653123207,乡,克孜勒乡
653123,653123208,乡,托普鲁克乡
653123,653123209,乡,苏盖提乡
653123,653123211,乡,艾古斯乡
653123,653123212,乡,依格孜也尔乡
653124,653124100,镇,泽普镇
653124,653124101,镇,奎依巴格镇
653124,653124200,乡,波斯喀木乡
653124,653124201,乡,依玛乡
653124,653124202,乡,古勒巴格乡
653124,653124203,乡,赛力乡
653124,653124204,乡,依克苏乡
653124,653124205,乡,图呼其乡
653124,653124206,乡,奎依巴格乡
653124,653124207,乡,阿克塔木乡
653124,653124208,乡,阿依库勒乡
653124,653124209,民族乡,布依鲁克塔吉克族乡
653124,653124210,乡,桐安乡
653125,653125001,街道,叶尔羌街道
653125,653125002,街道,城中街道
653125,653125003,街道,城东街道
653125,653125004,街道,城西街道
653125,653125005,街道,城北街道
653125,653125100,镇,莎车镇
653125,653125101,镇,恰热克镇
653125,653125102,镇,艾力西湖镇
653125,653125103,镇,荒地镇
653125,653125104,镇,阿瓦提镇
653125,653125105,镇,白什坎特镇
653125,653125106,镇,依盖尔其镇
653125,653125107,镇,古勒巴格镇
653125,653125108,镇,米夏镇
653125,653125109,镇,托木吾斯塘镇
653125,653125110,镇,塔尕尔其镇
653125,653125111,镇,乌达力克镇
653125,653125112,镇,阿拉买提镇
653125,653125113,镇,阿扎特巴格镇
653125,653125114,镇,广安镇
653125,653125201,乡,阿热勒乡
653125,653125202,乡,恰尔巴格乡
653125,653125204,乡,英吾斯塘乡
653125,653125206,乡,阿尔斯兰巴格乡
653125,653125207,民族乡,孜热甫夏提塔吉克族乡
653125,653125208,乡,亚喀艾日克乡
653125,653125209,乡,喀群乡
653125,653125210,乡,霍什拉甫乡
653125,653125211,乡,达木斯乡
653125,653125213,乡,伊什库力乡
653125,653125214,乡,拍克其乡
653125,653125216,乡,阔什艾日克乡
653125,653125217,乡,墩巴格乡
653125,653125220,乡,巴格阿瓦提乡
653125,653125221,乡,喀拉苏乡
653126,653126100,镇,喀格勒克镇
653126,653126101,镇,恰尔巴格镇
653126,653126102,镇,乌夏克巴什镇
653126,653126103,镇,阿克塔什镇
653126,653126104,镇,金果镇
653126,653126105,镇,依提木孔镇
653126,653126106,镇,白杨镇
653126,653126107,镇,伯西热克镇
653126,653126108,镇,河园镇
653126,653126109,镇,新华镇
653126,653126110,镇,宝玉镇
653126,653126111,镇,永康镇
653126,653126112,镇,玉叶镇
653126,653126200,乡,洛克乡
653126,653126202,乡,铁提乡
653126,653126204,乡,吐古其乡
653126,653126205,乡,江格勒斯乡
653126,653126207,乡,巴仁乡
653126,653126208,乡,乌吉热克乡
653126,653126209,乡,夏合甫乡
653126,653126210,乡,依力克其乡
653126,653126212,乡,宗朗乡
653126,653126213,乡,柯克亚乡
653126,653126215,乡,棋盘乡
653127,653127100,镇,麦盖提镇
653127,653127101,镇,巴扎结米镇
653127,653127201,乡,希依提墩乡
653127,653127202,乡,央塔克乡
653127,653127203,乡,吐曼塔勒乡
653127,653127204,乡,尕孜库勒乡
653127,653127205,乡,克孜勒阿瓦提乡
653127,653127206,乡,库木库萨尔乡
653127,653127207,乡,昂格特勒克乡
653127,653127208,乡,库尔玛乡
653128,653128100,镇,岳普湖镇
653128,653128101,镇,艾西曼镇
653128,653128102,镇,铁热木镇
653128,653128103,镇,也克先拜巴扎镇
653128,653128200,乡,岳普湖乡
653128,653128203,乡,阿其克乡
653128,653128204,乡,色也克乡
653128,653128206,乡,巴依阿瓦提乡
653128,653128207,乡,阿洪鲁库木乡
653129,653129100,镇,巴仁镇
653129,653129101,镇,西克尔库勒镇
653129,653129102,镇,夏普吐勒镇
653129,653129103,镇,卧里托格拉克镇
653129,653129104,镇,克孜勒博依镇
653129,653129105,镇,和夏阿瓦提镇
653129,653129106,镇,英买里镇
653129,653129107,镇,居仁镇
653129,653129200,乡,铁日木乡
653129,653129205,乡,米夏乡
653129,653129208,乡,克孜勒苏乡
653129,653129209,乡,古勒鲁克乡
653129,653129210,乡,玉代克力克乡
653130,653130100,镇,巴楚镇
653130,653130101,镇,色力布亚镇
653130,653130102,镇,阿瓦提镇
653130,653130103,镇,三岔口镇
653130,653130200,乡,恰尔巴格乡
653130,653130201,乡,多来提巴格乡
653130,653130202,乡,阿纳库勒乡
653130,653130203,乡,夏玛勒乡
653130,653130204,乡,阿克萨克马热勒乡
653130,653130205,乡,阿拉格尔乡
653130,653130206,乡,琼库尔恰克乡
653130,653130207,乡,英吾斯塘乡
653131,653131100,镇,塔什库尔干镇
653131,653131101,镇,塔吉克阿巴提镇
653131,653131200,乡,塔什库尔干乡
653131,653131201,乡,塔合曼乡
653131,653131202,民族乡,科克亚尔柯尔克孜族乡
653131,653131203,乡,提孜那甫乡
653131,653131204,乡,达布达尔乡
653131,653131205,乡,马尔洋乡
653131,653131206,乡,瓦恰乡
653131,653131207,乡,班迪尔乡
653131,653131208,乡,库科西鲁格乡
653131,653131210,乡,大同乡
653201,653201001,街道,奴尔巴格街道
653201,653201002,街道,古江巴格街道
653201,653201003,街道,古勒巴格街道
653201,653201004,街道,纳尔巴格街道
653201,653201005,街道,玉河街道
653201,653201100,镇,拉斯奎镇
653201,653201101,镇,玉龙喀什镇
653201,653201102,镇,吐沙拉镇
653201,653201200,乡,肖尔巴格乡
653201,653201201,乡,伊里其乡
653201,653201202,乡,古江巴格乡
653201,653201204,乡,吉亚乡
653201,653201205,乡,阿克恰勒乡
653221,653221100,镇,巴格其镇
653221,653221101,镇,罕艾日克镇
653221,653221103,镇,百和镇
653221,653221202,乡,英阿瓦提乡
653221,653221203,乡,英艾日克乡
653221,653221204,乡,布扎克乡
653221,653221205,乡,拉依喀乡
653221,653221206,乡,朗如乡
653221,653221207,乡,塔瓦库勒乡
653221,653221208,乡,伊斯拉木阿瓦提乡
653221,653221209,乡,色格孜库勒乡
653221,653221210,乡,喀什塔什乡
653221,653221211,乡,吾宗肖乡
653222,653222100,镇,喀拉喀什镇
653222,653222101,镇,扎瓦镇
653222,653222102,镇,奎牙镇
653222,653222103,镇,喀尔赛镇
653222,653222104,镇,普恰克其镇
653222,653222203,乡,阿克萨拉依乡
653222,653222204,乡,乌尔其乡
653222,653222205,乡,托胡拉乡
653222,653222206,乡,萨依巴格乡
653222,653222207,乡,加汗巴格乡
653222,653222209,乡,芒来乡
653222,653222210,乡,阔依其乡
653222,653222211,乡,雅瓦乡
653222,653222212,乡,吐外特乡
653222,653222213,乡,英也尔乡
653222,653222214,乡,喀瓦克乡
653223,653223100,镇,固玛镇
653223,653223101,镇,杜瓦镇
653223,653223103,镇,木吉镇
653223,653223104,镇,阔什塔格镇
653223,653223105,镇,桑株镇
653223,653223106,镇,科克铁热克镇
653223,653223201,乡,克里阳乡
653223,653223205,乡,乔达乡
653223,653223206,乡,木奎拉乡
653223,653223207,乡,藏桂乡
653223,653223208,乡,皮亚勒玛乡
653223,653223209,乡,皮西那乡
653223,653223210,乡,巴什兰干乡
653223,653223211,民族乡,垴阿巴提塔吉克族乡
653223,653223212,民族乡,康克尔柯尔克孜族乡
653224,653224100,镇,洛浦镇
653224,653224101,镇,山普鲁镇
653224,653224102,镇,杭桂镇
653224,653224103,镇,恰尔巴格镇
653224,653224104,镇,多鲁镇
653224,653224201,乡,布亚乡
653224,653224206,乡,纳瓦乡
653224,653224207,乡,拜什托格拉克乡
653224,653224208,乡,阿其克乡
653225,653225100,镇,策勒镇
653225,653225101,镇,固拉合玛镇
653225,653225200,乡,策勒乡
653225,653225202,乡,达玛沟乡
653225,653225203,乡,恰哈乡
653225,653225204,乡,乌鲁克萨依乡
653225,653225205,乡,奴尔乡
653225,653225206,乡,博斯坦乡
653226,653226100,镇,木尕拉镇
653226,653226101,镇,先拜巴扎镇
653226,653226200,乡,加依乡
653226,653226201,乡,科克亚乡
653226,653226202,乡,阿热勒乡
653226,653226203,乡,阿日希乡
653226,653226204,乡,兰干乡
653226,653226205,乡,斯也克乡
653226,653226206,乡,托格日尕孜乡
653226,653226207,乡,喀拉克尔乡
653226,653226208,乡,奥依托格拉克乡
653226,653226209,乡,阿羌乡
653226,653226210,乡,英巴格乡
653226,653226211,乡,希吾勒乡
653226,653226212,乡,达里雅布依乡
653227,653227100,镇,尼雅镇
653227,653227200,乡,尼雅乡
653227,653227201,乡,若克雅乡
653227,653227202,乡,萨勒吾则克乡
653227,653227203,乡,叶亦克乡
653227,653227204,乡,安迪尔乡
653227,653227205,乡,亚瓦通古孜乡
653228,653228100,镇,昆岭镇
653228,653228101,镇,吉良镇
653229,653229100,镇,红柳镇
653229,653229101,镇,甜水海镇
654002,654002001,街道,萨依布依街道
654002,654002002,街道,墩买里街道
654002,654002003,街道,伊犁河路街道
654002,654002004,街道,喀赞其街道
654002,654002005,街道,都来提巴格街道
654002,654002006,街道,琼科瑞克街道
654002,654002007,街道,艾兰木巴格街道
654002,654002008,街道,解放路街道
654002,654002009,街道,北京路街道
654002,654002010,街道,上海路街道
654002,654002011,街道,重庆路街道
654002,654002012,街道,宁远街道
654002,654002013,街道,伊水街道
654002,654002100,镇,巴彦岱镇
654002,654002101,镇,潘津镇
654002,654002102,镇,英也尔镇
654002,654002103,镇,达达木图镇
654002,654002104,镇,胡地亚于孜镇
654002,654002105,镇,阿热吾斯塘镇
654002,654002201,乡,汉宾乡
654002,654002202,乡,塔什库勒克乡
654002,654002203,乡,喀尔墩乡
654002,654002204,乡,托格拉克乡
654002,654002205,乡,克伯克于孜乡
654003,654003001,街道,团结路街道
654003,654003002,街道,乌鲁木齐东路街道
654003,654003003,街道,北京路街道
654003,654003004,街道,乌鲁木齐西路街道
654003,654003005,街道,火车站街道
654003,654003006,街道,北京西路街道
654003,654003200,乡,开干齐乡
654004,654004001,街道,卡拉苏街道
654004,654004002,街道,亚欧西路街道
654004,654004003,街道,亚欧东路街道
654004,654004004,街道,工业园区街道
654004,654004005,街道,兴城街道
654004,654004200,民族乡,伊车嘎善锡伯族乡
654021,654021100,镇,吉里于孜镇
654021,654021101,镇,墩麻扎镇
654021,654021102,镇,英塔木镇
654021,654021104,镇,巴依托海镇
654021,654021106,镇,萨木于孜镇
654021,654021107,镇,喀什镇
654021,654021108,镇,维吾尔玉其温镇
654021,654021109,镇,温亚尔镇
654021,654021201,乡,吐鲁番于孜乡
654021,654021202,乡,喀拉亚尕奇乡
654021,654021205,民族乡,愉群翁回族乡
654021,654021212,乡,麻扎乡
654021,654021214,乡,阿乌利亚乡
654021,654021215,乡,曲鲁海乡
654021,654021216,乡,武功乡
654021,654021217,乡,萨地克于孜乡
654022,654022100,镇,察布查尔镇
654022,654022101,镇,爱新色里镇
654022,654022102,镇,孙扎齐牛录镇
654022,654022103,镇,加尕斯台镇
654022,654022104,镇,琼博拉镇
654022,654022105,镇,绰霍尔镇
654022,654022106,镇,海努克镇
654022,654022200,乡,堆齐牛录乡
654022,654022203,乡,纳达齐牛录乡
654022,654022204,乡,扎库齐牛录乡
654022,654022205,民族乡,米粮泉回族乡
654022,654022206,乡,坎乡
654022,654022207,乡,阔洪奇乡
654023,654023100,镇,水定镇
654023,654023101,镇,清水河镇
654023,654023102,镇,芦草沟镇
654023,654023103,镇,惠远镇
654023,654023104,镇,萨尔布拉克镇
654023,654023105,镇,兰干镇
654023,654023106,镇,大西沟镇
654023,654023201,乡,三道河乡
654023,654023204,民族乡,三宫回族乡
654024,654024100,镇,巩留镇
654024,654024101,镇,阿克吐别克镇
654024,654024102,镇,库尔德宁镇
654024,654024103,镇,阿尕尔森镇
654024,654024104,镇,东买里镇
654024,654024105,镇,提克阿热克镇
654024,654024201,乡,吉尔格郎乡
654024,654024204,乡,塔斯托别乡
654025,654025100,镇,新源镇
654025,654025102,镇,阿热勒托别镇
654025,654025103,镇,塔勒德镇
654025,654025104,镇,那拉提镇
654025,654025105,镇,肖尔布拉克镇
654025,654025106,镇,喀拉布拉镇
654025,654025107,镇,阿勒玛勒镇
654025,654025108,镇,坎苏镇
654025,654025204,乡,吐尔根乡
654026,654026100,镇,昭苏镇
654026,654026101,镇,喀夏加尔镇
654026,654026102,镇,阿克达拉镇
654026,654026103,镇,喀拉苏镇
654026,654026104,镇,洪纳海镇
654026,654026105,镇,乌尊布拉克镇
654026,654026106,镇,萨尔阔布镇
654026,654026206,民族乡,察汗乌苏蒙古族乡
654026,654026207,民族乡,夏特柯尔克孜族乡
654026,654026208,民族乡,胡松图喀尔逊蒙古族乡
654027,654027100,镇,特克斯镇
654027,654027101,镇,乔拉克铁热克镇
654027,654027102,镇,喀拉达拉镇
654027,654027103,镇,齐勒乌泽克镇
654027,654027104,镇,喀拉托海镇
654027,654027105,镇,科克苏镇
654027,654027200,民族乡,呼吉尔特蒙古族乡
654027,654027203,民族乡,阔克铁热克柯尔克孜族乡
654028,654028100,镇,尼勒克镇
654028,654028101,镇,木斯镇
654028,654028102,镇,乌拉斯台镇
654028,654028103,镇,乌赞镇
654028,654028104,镇,克令镇
654028,654028200,乡,苏布台乡
654028,654028201,乡,喀拉苏乡
654028,654028202,乡,加哈乌拉斯台乡
654028,654028204,民族乡,科克浩特浩尔蒙古族乡
654028,654028207,乡,喀拉托别乡
654028,654028208,乡,胡吉尔台乡
654201,654201001,街道,和平街道
654201,654201002,街道,杜别克街道
654201,654201003,街道,新城街道
654201,654201100,镇,二工镇
654201,654201101,镇,恰夏镇
654201,654201102,镇,博孜达克镇
654201,654201200,乡,喀拉哈巴克乡
654201,654201202,民族乡,阿西尔达斡尔族乡
654201,654201203,乡,阿不都拉乡
654201,654201204,乡,也门勒乡
654202,654202001,街道,新市区街道
654202,654202002,街道,南苑街道
654202,654202003,街道,西城区街道
654202,654202004,街道,虹桥街道
654202,654202005,街道,奎河街道
654202,654202100,镇,白杨沟镇
654202,654202101,镇,哈图布呼镇
654202,654202102,镇,皇宫镇
654202,654202103,镇,车排子镇
654202,654202104,镇,甘河子镇
654202,654202105,镇,百泉镇
654202,654202106,镇,四棵树镇
654202,654202107,镇,古尔图镇
654202,654202108,镇,西湖镇
654202,654202109,镇,西大沟镇
654202,654202200,乡,八十四户乡
654202,654202201,乡,夹河子乡
654202,654202202,乡,九间楼乡
654202,654202203,乡,石桥乡
654202,654202204,乡,头台乡
654202,654202205,民族乡,吉尔格勒特郭楞蒙古族乡
654202,654202206,民族乡,塔布勒合特蒙古族乡
654203,654203001,街道,桃园街道
654203,654203002,街道,团结街道
654203,654203003,街道,书香街道
654203,654203004,街道,凯旋街道
654203,654203101,镇,四道河子镇
654203,654203102,镇,老沙湾镇
654203,654203103,镇,乌兰乌苏镇
654203,654203104,镇,安集海镇
654203,654203105,镇,东湾镇
654203,654203106,镇,西戈壁镇
654203,654203107,镇,柳毛湾镇
654203,654203108,镇,金沟河镇
654203,654203109,镇,三道河子镇
654203,654203200,乡,商户地乡
654203,654203201,乡,大泉乡
654203,654203202,乡,博尔通古乡
654221,654221100,镇,额敏镇
654221,654221101,镇,玉什喀拉苏镇
654221,654221102,镇,杰勒阿尕什镇
654221,654221103,镇,上户镇
654221,654221104,镇,玛热勒苏镇
654221,654221105,镇,喀拉也木勒镇
654221,654221200,乡,郊区乡
654221,654221202,民族乡,额玛勒郭楞蒙古族乡
654221,654221207,乡,喇嘛昭乡
654221,654221208,民族乡,霍吉尔特蒙古族乡
654221,654221209,乡,二道桥乡
654224,654224100,镇,托里镇
654224,654224101,镇,铁厂沟镇
654224,654224102,镇,庙尔沟镇
654224,654224103,镇,哈图镇
654224,654224201,乡,多拉特乡
654224,654224202,乡,乌雪特乡
654224,654224203,乡,库普乡
654224,654224204,乡,阿克别里斗乡
654225,654225100,镇,哈拉布拉镇
654225,654225101,镇,吉也克镇
654225,654225200,乡,哈拉布拉乡
654225,654225201,乡,新地乡
654225,654225202,乡,阿勒腾也木勒乡
654225,654225204,乡,江格斯乡
654226,654226100,镇,和布克赛尔镇
654226,654226101,镇,和什托洛盖镇
654226,654226200,乡,夏孜盖乡
654226,654226201,乡,铁布肯乌散乡
654226,654226202,乡,查干库勒乡
654226,654226203,乡,巴音敖瓦乡
654226,654226204,乡,莫特格乡
654226,654226205,乡,查和特乡
654301,654301001,街道,金山路街道
654301,654301002,街道,解放路街道
654301,654301003,街道,团结路街道
654301,654301004,街道,恰秀路街道
654301,654301100,镇,北屯镇
654301,654301101,镇,阿苇滩镇
654301,654301102,镇,红墩镇
654301,654301103,镇,切木尔切克镇
654301,654301104,镇,阿拉哈克镇
654301,654301202,民族乡,汗德尕特蒙古族乡
654301,654301203,乡,拉斯特乡
654301,654301204,乡,喀拉希力克乡
654301,654301205,乡,萨尔胡松乡
654301,654301206,乡,巴里巴盖乡
654301,654301207,乡,切尔克齐乡
654321,654321100,镇,布尔津镇
654321,654321101,镇,冲乎尔镇
654321,654321102,镇,窝依莫克镇
654321,654321103,镇,阔斯特克镇
654321,654321201,乡,杜来提乡
654321,654321204,乡,也格孜托别乡
654321,654321205,民族乡,禾木喀纳斯蒙古族乡
654322,654322100,镇,库额尔齐斯镇
654322,654322101,镇,可可托海镇
654322,654322102,镇,恰库尔图镇
654322,654322103,镇,喀拉通克镇
654322,654322104,镇,杜热镇
654322,654322200,乡,吐尔洪乡
654322,654322202,乡,库尔特乡
654322,654322203,乡,克孜勒希力克乡
654322,654322204,乡,铁买克乡
654322,654322205,乡,喀拉布勒根乡
654323,654323100,镇,福海镇
654323,654323101,镇,喀拉玛盖镇
654323,654323102,镇,解特阿热勒镇
654323,654323201,乡,阔克阿尕什乡
654323,654323202,乡,齐干吉迭乡
654323,654323204,乡,阿尔达乡
654324,654324100,镇,阿克齐镇
654324,654324101,镇,萨尔布拉克镇
654324,654324102,镇,齐巴尔镇
654324,654324103,镇,库勒拜镇
654324,654324200,乡,萨尔塔木乡
654324,654324201,乡,加依勒玛乡
654324,654324204,乡,铁热克提乡
654325,654325100,镇,青河镇
654325,654325101,镇,塔克什肯镇
654325,654325102,镇,阿热勒托别镇
654325,654325103,镇,阿热勒镇
654325,654325104,镇,阿格达拉镇
654325,654325202,乡,萨尔托海乡
654325,654325203,乡,查干郭勒乡
654325,654325204,乡,阿尕什敖包乡
654326,654326100,镇,托普铁热克镇
654326,654326101,镇,吉木乃镇
654326,654326102,镇,喀尔交镇
654326,654326103,镇,乌拉斯特镇
654326,654326201,乡,托斯特乡
654326,654326202,乡,恰勒什海乡
654326,654326204,乡,别斯铁热克乡
659001,659001001,街道,新城街道
659001,659001002,街道,向阳街道
659001,659001003,街道,红山街道
659001,659001004,街道,老街街道
659001,659001005,街道,东城街道
659001,659001100,镇,石总场北泉镇
659001,659001101,镇,石河子镇
659001,659001400,团,一二一团
659001,659001401,团,一三三团
659001,659001402,团,一三四团
659001,659001403,团,一三六团
659001,659001404,团,一四一团
659001,659001405,团,一四二团
659001,659001406,团,一四三团
659001,659001407,团,一四四团
659001,659001408,团,一四七团
659001,659001409,团,一四八团
659001,659001410,团,一四九团
659001,659001411,团,一五〇团
659001,659001412,团,一五二团
659002,659002001,街道,幸福路街道
659002,659002002,街道,金银川路街道
659002,659002003,街道,青松路街道
659002,659002004,街道,南口街道
659002,659002100,镇,一团金银川镇
659002,659002101,镇,六团双城镇
659002,659002102,镇,五团沙河镇
659002,659002103,镇,四团永宁镇
659002,659002104,镇,二团新井子镇
659002,659002105,镇,三团甘泉镇
659002,659002106,镇,十一团花桥镇
659002,659002107,镇,十三团幸福镇
659002,659002108,镇,十四团金杨镇
659002,659002109,镇,七团玛滩镇
659002,659002110,镇,八团塔门镇
659002,659002111,镇,九团梨花镇
659002,659002112,镇,十团昌安镇
659002,659002113,镇,十二团塔南镇
659002,659002114,镇,十六团新开岭镇
659002,659002201,乡,托喀依乡
659003,659003001,街道,锦绣街道
659003,659003002,街道,前海街道
659003,659003003,街道,永安坝街道
659003,659003100,镇,四十一团草湖镇
659003,659003101,镇,四十二团龙口镇
659003,659003102,镇,四十五团前海镇
659003,659003103,镇,四十六团永兴镇
659003,659003104,镇,五十四团兴安镇
659003,659003105,镇,伽师总场嘉和镇
659003,659003106,镇,四十八团河东镇
659003,659003107,镇,五十团夏河镇
659003,659003108,镇,四十四团永安镇
659003,659003109,镇,四十九团海安镇
659003,659003110,镇,五十一团唐驿镇
659003,659003111,镇,五十三团金胡杨镇
659003,659003112,镇,东风农场东风镇
659003,659003113,镇,叶城二牧场杏花镇
659003,659003114,镇,托云牧场兴边镇
659003,659003115,镇,红旗农场红石榴镇
659004,659004001,街道,军垦路街道
659004,659004002,街道,青湖路街道
659004,659004003,街道,人民路街道
659004,659004100,镇,一〇二团梧桐镇
659004,659004101,镇,一〇三团蔡家湖镇
659004,659004102,镇,一〇一团青湖镇
659004,659004400,团,一〇五团
659004,659004401,团,一〇六团
659004,659004402,牧场,北塔山牧场
659004,659004403,农场,新湖农场
659004,659004404,农场,六运湖农场
659004,659004405,农场,芳草湖农场
659004,659004406,农场,奇台农场
659004,659004407,农场,红旗农场
659004,659004408,农场,土墩子农场
659004,659004409,农场,军户农场
659004,659004410,农场,共青团农场
659005,659005001,街道,天骄街道
659005,659005002,街道,龙疆街道
659005,659005003,街道,军垦街道
659005,659005100,镇,一八三团双渠镇
659005,659005101,镇,一八七团丰庆镇
659005,659005102,镇,一八八团海川镇
659005,659005400,团,一八一团
659005,659005401,团,一八二团
659005,659005402,团,一八四团
659005,659005403,团,一八五团
659005,659005404,团,一八六团
659006,659006001,街道,迎宾街道
659006,659006100,镇,二十九团博古其镇
659006,659006101,镇,三十团双丰镇
659006,659006102,镇,二十二团河畔镇
659006,659006103,镇,二十四团高桥镇
659006,659006104,镇,二十七团天湖镇
659006,659006105,镇,二二三团开泽镇
659006,659006106,镇,三十六团米兰镇
659006,659006107,镇,三十七团金山镇
659006,659006108,镇,三十八团南屯镇
659006,659006109,镇,二十一团开来镇
659006,659006110,镇,二十五团西海镇
659006,659006111,镇,三十一团罗杨镇
659006,659006112,镇,三十三团营盘镇
659006,659006113,镇,三十四团蒲昌镇
659007,659007001,街道,明珠街道
659007,659007100,镇,八十一团双桥镇
659007,659007101,镇,八十四团石峪镇
659007,659007102,镇,八十六团博河镇
659007,659007103,镇,九十团双乐镇
659007,659007104,镇,八十九团友谊镇
659007,659007400,团,八十三团
659007,659007401,团,八十七团
659007,659007402,团,八十八团
659007,659007403,团,九十一团
659008,659008001,街道,金山街道
659008,659008002,街道,花城街道
659008,659008100,镇,六十三团榆树庄镇
659008,659008101,镇,六十四团苇湖镇
659008,659008102,镇,六十八团长丰镇
659008,659008103,镇,六十六团金梁镇
659008,659008104,镇,六十七团金屯镇
659008,659008400,团,六十一团
659008,659008401,团,六十二团
659008,659008402,团,六十九团
659008,659008403,团,七十团
659008,659008404,团,七十一团
659008,659008405,团,七十二团
659008,659008406,团,七十三团
659008,659008407,团,七十四团
659008,659008408,团,七十五团
659008,659008409,团,七十六团
659008,659008410,团,七十七团
659008,659008411,团,七十八团
659008,659008412,团,七十九团
659009,659009001,街道,玉都街道
659009,659009100,镇,四十七团老兵镇
659009,659009101,镇,皮山农场昆泉镇
659009,659009102,镇,一牧场昆牧镇
659009,659009103,镇,二二五团玉泉镇
659009,659009104,镇,二二四团玉园镇
659010,659010001,街道,胡杨街道
659010,659010100,镇,一三〇团共青镇
659010,659010400,团,一二三团
659010,659010401,团,一二四团
659010,659010402,团,一二五团
659010,659010403,团,一二六团
659010,659010404,团,一二七团
659010,659010405,团,一二八团
659010,659010406,团,一二九团
659010,659010407,团,一三一团
659010,659010408,团,一三七团
659010,659010409,农场,奎东农场
659011,659011100,镇,红星一场二道湖镇
659011,659011101,镇,红星四场骆驿镇
659011,659011102,镇,黄田农场黄田镇
659011,659011400,农场,红星二场
659011,659011401,农场,红山农场
659011,659011402,农场,淖毛湖农场
659011,659011403,农场,火箭农场
659011,659011404,农场,柳树泉农场
659012,659012100,镇,一六一团小白杨镇
659012,659012101,镇,一六三团富兴镇
659012,659012102,镇,一六四团金玉镇
659012,659012103,镇,一六五团锦绣镇
659012,659012401,团,一六二团
659012,659012405,团,一六六团
659012,659012406,团,一六七团
659012,659012407,团,一六八团
659012,659012408,团,一七〇团
659012,659012409,农场,团结农场
